invoiceKey,import,partNumberFinal,notes,companyType,companyInvoiceCount,companyActivityCount,companyDominantPartNumber,companyDominantShare,companyCadenceShare,companyAmountTrend,recommendedAction,confidence,matchMode,source,sourceId,invoiceNumber,organization,issueDate,currency,amountContract,amountLocal,milestone,proposedPartNumber,partNumberTemplate,partNumberValues,catalogStatus,partNumberCandidates,trackerRow,trackerExpectedDate,dateGapDays,proposedContractRef,invoiceServiceText,lineMatches,reason
accounting:BT.BIT 367,no,RED-VA-I-B-100,,SMALL,2,1,RED-VA-I-B-100,1.000,0.000,MIXED/UNKNOWN,REVIEW,MEDIUM,PROFILE,ron,cms689mz200vrrt359p2lprh3,BT.BIT 367,123FORMBUILDER S.R.L.,2022-07-12,RON,700.00,3460.10,avans,RED-VA-I-B-100,RED-VA-I-B-<limit>,"{""limit"":""100""}",UNIQUE,RED-VA-I-B-100,168,2022-07-12,0,1/11.07.2022,SERV. CONF. CONTRACT NR.1/11.07.2022 | avans 700 euro+TVA la cursul BNR | SERV. CONF. CONTRACT NR.1/11.07.2022 | avans 700 euro+TVA la cursul BNR,,"PROFILE; date:0d, amount:0.0%, milestone:avans; company=SMALL; dominant=RED-VA-I-B-100 (100%)"
accounting:BT.BIT 396,no,RED-VA-I-B-100,,SMALL,2,1,RED-VA-I-B-100,1.000,0.000,MIXED/UNKNOWN,REVIEW,HIGH,STORNO_REFERENCE,ron,cms689n6000yhrt35sy2aj721,BT.BIT 396,123FORMBUILDER S.R.L.,2022-09-14,RON,700.00,5122.95,storno,RED-VA-I-B-100,RED-VA-I-B-<limit>,"{""limit"":""100""}",UNIQUE,RED-VA-I-B-100,168,2022-07-12,64,1/11.07.2022,"SERV. CONF. CONTRACT NR.1/11.07.2022 | stornare factura 367 din 12.07.2022, avans 700 euro+TVA la cursul BNR | SERV. CONF. CONTRACT NR.1/11.07.2022 | stornare factura 367 din 12.07.2022, avans 700 euro+TVA la cursul BNR | SERV. CONF. CONTRA",,Storno mapped to BT.BIT 367; contract=true; amount=true; gap=64d
accounting:BT.BIT 386,no,RED-PEN-B-I-B-30,,SMALL,4,2,RED-PEN-B-I-B-30,1.000,0.000,MIXED/UNKNOWN,ACCEPT_CANDIDATE,HIGH,CONTRACT,ron,cms689n3s00xfrt35h53s6xxh,BT.BIT 386,ACCESA IT SYSTEMS SRL,2022-08-16,RON,1700.00,8314.53,avans,RED-PEN-B-I-B-30,RED-PEN-B-I-B-<limit>,"{""limit"":""30""}",UNIQUE,RED-PEN-B-I-B-30,153,2022-08-16,0,230/18.07.2022,SERVICII CONFORM CONTRACT 230/18.07.2022 | avans 1.700 euro+TVA la cursul BNR | SERVICII CONFORM CONTRACT 230/18.07.2022 | avans 1.700 euro+TVA la cursul BNR,,"CONTRACT; contract, date:0d, amount:0.0%, milestone:avans; company=SMALL; dominant=RED-PEN-B-I-B-30 (100%)"
accounting:BT.BIT 402,no,RED-PEN-B-I-B-30,,SMALL,4,2,RED-PEN-B-I-B-30,1.000,0.000,MIXED/UNKNOWN,REVIEW,HIGH,STORNO_REFERENCE,ron,cms689n7f00z0rt35e81e189g,BT.BIT 402,ACCESA IT SYSTEMS SRL,2022-10-03,RON,1700.00,12714.47,storno,RED-PEN-B-I-B-30,RED-PEN-B-I-B-<limit>,"{""limit"":""30""}",UNIQUE,RED-PEN-B-I-B-30,153,2022-08-16,48,230/18.07.2022,SERVICII CONFORM CONTRACT 230/18.07.2022 | Stornare factura 386/16.08.2022(avans 1.700 euro+TVA la cursul BNR | SERVICII CONFORM CONTRACT 230/18.07.2022 | Stornare factura 386/16.08.2022(avans 1.700 euro+TVA la cursul BNR | SERVICII CONFORM,,Storno mapped to BT.BIT 386; contract=true; amount=true; gap=48d
accounting:BT.BIT 561,no,RED-PEN-B-I-B-30,,SMALL,4,2,RED-PEN-B-I-B-30,1.000,0.000,MIXED/UNKNOWN,ACCEPT_CANDIDATE,HIGH,CONTRACT,ron,cms689o7n01d0rt35ffci942r,BT.BIT 561,ACCESA IT SYSTEMS SRL,2023-11-20,RON,3300.00,16404.63,avans,RED-PEN-B-I-B-30,RED-PEN-B-I-B-<limit>,"{""limit"":""30""}",UNIQUE,RED-PEN-B-I-B-30,880,2023-11-20,0,230/18.07.2022,SERVICII CONFORM ACT ACT ADITIONAL 1/08.11.2023 LA CONTRACT | nr.230/18.07.2022(avans 3.300 euro+TVA la cursul BNR) | SERVICII CONFORM ACT ACT ADITIONAL 1/08.11.2023 LA CONTRACT | nr.230/18.07.2022(avans 3.300 euro+TVA la cursul BNR),,"CONTRACT; contract, date:0d, amount:0.0%, milestone:avans; company=SMALL; dominant=RED-PEN-B-I-B-30 (100%)"
accounting:BT.BIT 565,no,RED-PEN-B-I-B-30,,SMALL,4,2,RED-PEN-B-I-B-30,1.000,0.000,MIXED/UNKNOWN,REVIEW,HIGH,STORNO_REFERENCE,ron,cms689o8g01dcrt35fehyc4kr,BT.BIT 565,ACCESA IT SYSTEMS SRL,2023-12-07,RON,3300.00,24580.55,storno,RED-PEN-B-I-B-30,RED-PEN-B-I-B-<limit>,"{""limit"":""30""}",UNIQUE,RED-PEN-B-I-B-30,880,2023-11-20,17,230/18.07.2022,SERVICII CONFORM ACT ACT ADITIONAL 1/08.11.2023 LA CONTRACT | nr.230/18.07.2022(avans 3.300 euro+TVA la cursul BNR) Stornare factura 561/20.11.2023 | SERVICII CONFORM ACT ACT ADITIONAL 1/08.11.2023 LA CONTRACT | nr.230/18.07.2022(avans 3.30,,Storno mapped to BT.BIT 561; contract=true; amount=true; gap=17d
accounting:BT.BIT 527,no,RED-NIS-C-PEN-100,,SMALL,3,2,RED-NIS-C-PEN-100,0.500,0.000,MIXED/UNKNOWN,REVIEW,LOW,SCORED,ron,cms689o00019vrt35b16triit,BT.BIT 527,ADM ROMANIA LOGISTICS S.R.L.,2023-09-05,RON,6000.00,29679.00,avans,RED-NIS-C-PEN-100,RED-NIS-C-PEN-<limit>,"{""limit"":""100""}",UNIQUE,RED-NIS-C-PEN-100 | RED-NIS-C-AUDIT-100,866,2023-09-05,0,272/28.08.2023,SERVICII CONFORM ART 3.9.1 DIN CONTRACT | 6.000 euro+TVA la cursul BNR reprezentand 40% avans | SERVICII CONFORM ART 3.9.1 DIN CONTRACT | 6.000 euro+TVA la cursul BNR reprezentand 40% avans,,"SCORED; date:0d, milestone:avans; company=SMALL; dominant=RED-NIS-C-PEN-100 (50%)"
accounting:BT.BIT 547,no,,,SMALL,3,2,RED-NIS-C-PEN-100,0.500,0.000,MIXED/UNKNOWN,SKIP_NO_MATCH,NONE,NONE,ron,cms689o4e01bkrt35s6cqvsj7,BT.BIT 547,ADM ROMANIA LOGISTICS S.R.L.,2023-10-10,RON,4500.00,22345.20,,,,,EMPTY,,,,,,SERVICII CONFORM ART 3.9.2 DIN CONTRACT | 4.500 euro+TVA la cursul BNR reprezentand 30% din total | SERVICII CONFORM ART 3.9.2 DIN CONTRACT | 4.500 euro+TVA la cursul BNR reprezentand 30% din total,,No accounting-to-tracker activity match met the conservative threshold.
accounting:BT.BIT 560,no,,,SMALL,3,2,RED-NIS-C-PEN-100,0.500,0.000,MIXED/UNKNOWN,SKIP_NO_MATCH,NONE,NONE,ron,cms689o7f01cvrt35ztrvz91p,BT.BIT 560,ADM ROMANIA LOGISTICS S.R.L.,2023-11-17,RON,15500.00,25027.85,storno,,,,EMPTY,,,,,,SERVICII DE AUDIT NIS STORNO FACTURA AVANS BT BIT 527/05.09.2023 STORNO FACTURA BT.BIT 547/10.10.2023 | 15.500 euro+TVA la cursul BNR conform articolul 3.9.2 | SERVICII DE AUDIT NIS | 15.500 euro+TVA la cursul BNR conform articolul 3.9.2 | ,,Storno: no sufficiently similar original invoice found.
accounting:BT.BIT 269,no,,,UNMATCHED,,,,,,,SKIP_NO_MATCH,NONE,NONE,ron,cms689mb300n3rt35f3ssep2t,BT.BIT 269,AIMS TIMISOARA S.R.L.,2021-05-17,RON,1500.00,7388.40,,,,,EMPTY,,,,,,SERVICII CONFORM CONTRACT 190/06.05.2021 | 1500 euro+TVA la cursul BNR | SERVICII CONFORM CONTRACT 190/06.05.2021 | 1500 euro+TVA la cursul BNR,,Organization not found in tracker.
accounting:434,no,RED-NIS-C-PEN-100,,SMALL,1,2,RED-NIS-C-PEN-100,0.500,0.000,MIXED/UNKNOWN,REVIEW,LOW,SCORED,ron,cms689nef011lrt354v03jnw1,434,ALLIANCE HEALTHCARE ROMANIA S.R.L.,2022-12-20,RON,,68846.40,,RED-NIS-C-PEN-100,RED-NIS-C-PEN-<limit>,"{""limit"":""100""}",UNIQUE,RED-NIS-C-PEN-100 | RED-NIS-C-AUDIT-100,129,2022-12-20,0,NR. 239/23.11.2022,"AUDIT NIS | Bon comanda PO53642, Cod TCB -F129, Cod CCB-104-13-10, | AUDIT NIS | Bon comanda PO53642, Cod TCB -F129, Cod CCB-104-13-10,",,SCORED; date:0d; company=SMALL; dominant=RED-NIS-C-PEN-100 (50%)
accounting:BT.BIT 596,no,RED-NIS-C-AUDIT-100,,SMALL,1,1,RED-NIS-C-AUDIT-100,1.000,0.000,MIXED/UNKNOWN,REVIEW,HIGH,CONTRACT,ron,cms689ofl01g0rt35r7ux5s0i,BT.BIT 596,ALLOGA LOGISTICS ROMANIA SRL,2024-01-31,RON,1000.00,4975.90,,RED-NIS-C-AUDIT-100,RED-NIS-C-AUDIT-<limit>,"{""limit"":""100""}",UNIQUE,RED-NIS-C-AUDIT-100,131,2024-01-09,22,NR.275/02.11.2023,SERVICII CONFORM Articolului 3.9.1 din contractul | NR.275/02.11.2023 (1.000 euro+TVA la cursul BNR) | SERVICII CONFORM Articolului 3.9.1 din contractul | NR.275/02.11.2023 (1.000 euro+TVA la cursul BNR),,"CONTRACT; contract, date:22d, amount:0.0%; company=SMALL; dominant=RED-NIS-C-AUDIT-100 (100%)"
accounting:BT.BIT 288,no,PHISH-P-L-MM-F-4000-12,,RECURRENT,12,12,PHISH-P-L-MM-F-4000-12,1.000,1.000,STABLE,ACCEPT_CANDIDATE,HIGH,CONTRACT,ron,cms689mfz00owrt359n6miv47,BT.BIT 288,ALTEX ROMANIA SRL,2021-09-01,RON,2500.00,12336.25,,PHISH-P-L-MM-F-4000-12,PHISH-P-L-MM-F-<limit1>-<limit2>,"{""limit1"":""4000"",""limit2"":""12""}",UNIQUE,PHISH-P-L-MM-F-4000-12,18,2021-09-01,0,CONTRACT NR. 21785 din 06.08.2021 198/30.07.2021,SERVICII CONFORM CONTRACT NR. 21785 comanda nr.1 | 2500 euro+TVA la cursul BNR | SERVICII CONFORM CONTRACT NR. 21785 comanda nr.1 | 2500 euro+TVA la cursul BNR,,"CONTRACT; contract, date:0d, trend-adjusted-amount:1.000:0.0%, company-profile:100%; company=RECURRENT; dominant=PHISH-P-L-MM-F-4000-12 (100%)"
accounting:BT.BIT 295,no,PHISH-P-L-MM-F-4000-12,,RECURRENT,12,12,PHISH-P-L-MM-F-4000-12,1.000,1.000,STABLE,ACCEPT_CANDIDATE,HIGH,CONTRACT,ron,cms689mhp00pkrt35h6dtcr1a,BT.BIT 295,ALTEX ROMANIA SRL,2021-10-04,RON,2500.00,12367.25,,PHISH-P-L-MM-F-4000-12,PHISH-P-L-MM-F-<limit1>-<limit2>,"{""limit1"":""4000"",""limit2"":""12""}",UNIQUE,PHISH-P-L-MM-F-4000-12,19,2021-10-04,0,CONTRACT NR. 21785 din 06.08.2021 198/30.07.2021,SERVICII CONFORM CONTRACT NR. 21785 comanda nr.2 | 2500 euro+TVA la cursul BNR | SERVICII CONFORM CONTRACT NR. 21785 comanda nr.2 | 2500 euro+TVA la cursul BNR,,"CONTRACT; contract, date:0d, trend-adjusted-amount:1.000:0.0%, company-profile:100%; company=RECURRENT; dominant=PHISH-P-L-MM-F-4000-12 (100%)"
accounting:BT.BIT 302,no,PHISH-P-L-MM-F-4000-12,,RECURRENT,12,12,PHISH-P-L-MM-F-4000-12,1.000,1.000,STABLE,ACCEPT_CANDIDATE,HIGH,CONTRACT,ron,cms689mjg00qbrt357q0ulumj,BT.BIT 302,ALTEX ROMANIA SRL,2021-11-01,RON,2500.00,12372.00,,PHISH-P-L-MM-F-4000-12,PHISH-P-L-MM-F-<limit1>-<limit2>,"{""limit1"":""4000"",""limit2"":""12""}",UNIQUE,PHISH-P-L-MM-F-4000-12,20,2021-11-01,0,CONTRACT NR. 21785 din 06.08.2021 198/30.07.2021,SERVICII CONFORM CONTRACT NR. 21785 comanda nr.3 | 2500 euro+TVA la cursul BNR | SERVICII CONFORM CONTRACT NR. 21785 comanda nr.3 | 2500 euro+TVA la cursul BNR,,"CONTRACT; contract, date:0d, trend-adjusted-amount:1.000:0.0%, company-profile:100%; company=RECURRENT; dominant=PHISH-P-L-MM-F-4000-12 (100%)"
accounting:BT.BIT 307,no,PHISH-P-L-MM-F-4000-12,,RECURRENT,12,12,PHISH-P-L-MM-F-4000-12,1.000,1.000,STABLE,ACCEPT_CANDIDATE,HIGH,CONTRACT,ron,cms689mkl00qqrt35kgdrp99s,BT.BIT 307,ALTEX ROMANIA SRL,2021-12-02,RON,2500.00,12372.50,,PHISH-P-L-MM-F-4000-12,PHISH-P-L-MM-F-<limit1>-<limit2>,"{""limit1"":""4000"",""limit2"":""12""}",UNIQUE,PHISH-P-L-MM-F-4000-12,21,2021-12-02,0,CONTRACT NR. 21785 din 06.08.2021 198/30.07.2021,SERVICII CONFORM CONTRACT NR. 21785 comanda nr.1 | 2500 euro+TVA la cursul BNR | SERVICII CONFORM CONTRACT NR. 21785 comanda nr.1 | 2500 euro+TVA la cursul BNR,,"CONTRACT; contract, date:0d, trend-adjusted-amount:1.000:0.0%, company-profile:100%; company=RECURRENT; dominant=PHISH-P-L-MM-F-4000-12 (100%)"
accounting:BT.BIT 317,no,PHISH-P-L-MM-F-4000-12,,RECURRENT,12,12,PHISH-P-L-MM-F-4000-12,1.000,1.000,STABLE,ACCEPT_CANDIDATE,HIGH,CONTRACT,ron,cms689mmz00rkrt3559q52k2o,BT.BIT 317,ALTEX ROMANIA SRL,2022-01-04,RON,2500.00,12366.00,,PHISH-P-L-MM-F-4000-12,PHISH-P-L-MM-F-<limit1>-<limit2>,"{""limit1"":""4000"",""limit2"":""12""}",UNIQUE,PHISH-P-L-MM-F-4000-12,22,2022-01-04,0,CONTRACT NR. 21785 din 06.08.2021 198/30.07.2021,SERVICII CONFORM CONTRACT NR. 21785 comanda nr.1 | 2500 euro+TVA la cursul BNR | SERVICII CONFORM CONTRACT NR. 21785 comanda nr.1 | 2500 euro+TVA la cursul BNR,,"CONTRACT; contract, date:0d, trend-adjusted-amount:1.000:0.0%, company-profile:100%; company=RECURRENT; dominant=PHISH-P-L-MM-F-4000-12 (100%)"
accounting:BT.BIT 323,no,PHISH-P-L-MM-F-4000-12,,RECURRENT,12,12,PHISH-P-L-MM-F-4000-12,1.000,1.000,STABLE,ACCEPT_CANDIDATE,HIGH,CONTRACT,ron,cms689moj00s2rt35a6wtngnp,BT.BIT 323,ALTEX ROMANIA SRL,2022-02-03,RON,2500.00,12364.25,,PHISH-P-L-MM-F-4000-12,PHISH-P-L-MM-F-<limit1>-<limit2>,"{""limit1"":""4000"",""limit2"":""12""}",UNIQUE,PHISH-P-L-MM-F-4000-12,23,2022-02-03,0,CONTRACT NR. 21785 din 06.08.2021 198/30.07.2021,SERVICII CONFORM CONTRACT NR. 21785 comanda nr.1 | 2500 euro+TVA la cursul BNR | SERVICII CONFORM CONTRACT NR. 21785 comanda nr.1 | 2500 euro+TVA la cursul BNR,,"CONTRACT; contract, date:0d, trend-adjusted-amount:1.000:0.0%, company-profile:100%; company=RECURRENT; dominant=PHISH-P-L-MM-F-4000-12 (100%)"
accounting:BT.BIT 327,no,PHISH-P-L-MM-F-4000-12,,RECURRENT,12,12,PHISH-P-L-MM-F-4000-12,1.000,1.000,STABLE,ACCEPT_CANDIDATE,HIGH,CONTRACT,ron,cms689mph00sert35agm4z287,BT.BIT 327,ALTEX ROMANIA SRL,2022-03-03,RON,2500.00,12372.25,,PHISH-P-L-MM-F-4000-12,PHISH-P-L-MM-F-<limit1>-<limit2>,"{""limit1"":""4000"",""limit2"":""12""}",UNIQUE,PHISH-P-L-MM-F-4000-12,24,2022-03-03,0,CONTRACT NR. 21785 din 06.08.2021 198/30.07.2021,SERVICII CONFORM CONTRACT NR. 21785 comanda nr.1 | 2500 euro+TVA la cursul BNR | SERVICII CONFORM CONTRACT NR. 21785 comanda nr.1 | 2500 euro+TVA la cursul BNR,,"CONTRACT; contract, date:0d, trend-adjusted-amount:1.000:0.0%, company-profile:100%; company=RECURRENT; dominant=PHISH-P-L-MM-F-4000-12 (100%)"
accounting:BT.BIT 339,no,PHISH-P-L-MM-F-4000-12,,RECURRENT,12,12,PHISH-P-L-MM-F-4000-12,1.000,1.000,STABLE,ACCEPT_CANDIDATE,HIGH,CONTRACT,ron,cms689ms400tfrt35iqbd9ild,BT.BIT 339,ALTEX ROMANIA SRL,2022-04-06,RON,2500.00,12357.75,,PHISH-P-L-MM-F-4000-12,PHISH-P-L-MM-F-<limit1>-<limit2>,"{""limit1"":""4000"",""limit2"":""12""}",UNIQUE,PHISH-P-L-MM-F-4000-12,25,2022-04-06,0,CONTRACT NR. 21785 din 06.08.2021 198/30.07.2021,SERVICII CONFORM CONTRACT NR. 21785 comanda nr.1 | 2500 euro+TVA la cursul BNR | SERVICII CONFORM CONTRACT NR. 21785 comanda nr.1 | 2500 euro+TVA la cursul BNR,,"CONTRACT; contract, date:0d, trend-adjusted-amount:1.000:0.0%, company-profile:100%; company=RECURRENT; dominant=PHISH-P-L-MM-F-4000-12 (100%)"
accounting:BT.BIT 345,no,PHISH-P-L-MM-F-4000-12,,RECURRENT,12,12,PHISH-P-L-MM-F-4000-12,1.000,1.000,STABLE,ACCEPT_CANDIDATE,HIGH,CONTRACT,ron,cms689mtc00txrt35dn0duzfz,BT.BIT 345,ALTEX ROMANIA SRL,2022-05-09,RON,2500.00,12367.25,,PHISH-P-L-MM-F-4000-12,PHISH-P-L-MM-F-<limit1>-<limit2>,"{""limit1"":""4000"",""limit2"":""12""}",UNIQUE,PHISH-P-L-MM-F-4000-12,26,2022-05-09,0,CONTRACT NR. 21785 din 06.08.2021 198/30.07.2021,SERVICII CONFORM CONTRACT NR. 21785 comanda nr.1 | 2500 euro+TVA la cursul BNR | SERVICII CONFORM CONTRACT NR. 21785 comanda nr.1 | 2500 euro+TVA la cursul BNR,,"CONTRACT; contract, date:0d, trend-adjusted-amount:1.000:0.0%, company-profile:100%; company=RECURRENT; dominant=PHISH-P-L-MM-F-4000-12 (100%)"
accounting:BT.BIT 359,no,PHISH-P-L-MM-F-4000-12,,RECURRENT,12,12,PHISH-P-L-MM-F-4000-12,1.000,1.000,STABLE,ACCEPT_CANDIDATE,HIGH,CONTRACT,ron,cms689mx400v3rt35lvcy38tu,BT.BIT 359,ALTEX ROMANIA SRL,2022-06-09,RON,2500.00,12364.00,,PHISH-P-L-MM-F-4000-12,PHISH-P-L-MM-F-<limit1>-<limit2>,"{""limit1"":""4000"",""limit2"":""12""}",UNIQUE,PHISH-P-L-MM-F-4000-12,27,2022-06-09,0,CONTRACT NR. 21785 din 06.08.2021 198/30.07.2021,SERVICII CONFORM CONTRACT NR. 21785 comanda nr.1 | 2.500 euro+TVA la cursul BNR | SERVICII CONFORM CONTRACT NR. 21785 comanda nr.1 | 2.500 euro+TVA la cursul BNR,,"CONTRACT; contract, date:0d, trend-adjusted-amount:1.000:0.0%, company-profile:100%; company=RECURRENT; dominant=PHISH-P-L-MM-F-4000-12 (100%)"
accounting:BT.BIT 370,no,PHISH-P-L-MM-F-4000-12,,RECURRENT,12,12,PHISH-P-L-MM-F-4000-12,1.000,1.000,STABLE,ACCEPT_CANDIDATE,HIGH,CONTRACT,ron,cms689mzq00w0rt354a9elq0j,BT.BIT 370,ALTEX ROMANIA SRL,2022-07-12,RON,2500.00,12357.50,,PHISH-P-L-MM-F-4000-12,PHISH-P-L-MM-F-<limit1>-<limit2>,"{""limit1"":""4000"",""limit2"":""12""}",UNIQUE,PHISH-P-L-MM-F-4000-12,28,2022-07-12,0,CONTRACT NR. 21785 din 06.08.2021 198/30.07.2021,SERVICII CONFORM CONTRACT NR. 21785 comanda nr.1 | 2.500 euro+TVA la cursul BNR | SERVICII CONFORM CONTRACT NR. 21785 comanda nr.1 | 2.500 euro+TVA la cursul BNR,,"CONTRACT; contract, date:0d, trend-adjusted-amount:1.000:0.0%, company-profile:100%; company=RECURRENT; dominant=PHISH-P-L-MM-F-4000-12 (100%)"
accounting:BT.BIT 382,no,PHISH-P-L-MM-F-4000-12,,RECURRENT,12,12,PHISH-P-L-MM-F-4000-12,1.000,1.000,STABLE,ACCEPT_CANDIDATE,HIGH,CONTRACT,ron,cms689n2p00x3rt35eacay642,BT.BIT 382,ALTEX ROMANIA SRL,2022-08-08,RON,2500.00,12302.50,,PHISH-P-L-MM-F-4000-12,PHISH-P-L-MM-F-<limit1>-<limit2>,"{""limit1"":""4000"",""limit2"":""12""}",UNIQUE,PHISH-P-L-MM-F-4000-12,29,2022-08-08,0,CONTRACT NR. 21785 din 06.08.2021 198/30.07.2021,SERVICII CONFORM CONTRACT NR. 21785 comanda nr.1 | 2.500 euro+TVA la cursul BNR | SERVICII CONFORM CONTRACT NR. 21785 comanda nr.1 | 2.500 euro+TVA la cursul BNR,,"CONTRACT; contract, date:0d, trend-adjusted-amount:1.000:0.0%, company-profile:100%; company=RECURRENT; dominant=PHISH-P-L-MM-F-4000-12 (100%)"
accounting:BT.BIT 508,no,RED-PEN-B-E-B-15,,SMALL,2,1,RED-PEN-B-E-B-15,1.000,0.000,MIXED/UNKNOWN,ACCEPT_CANDIDATE,HIGH,CONTRACT,ron,cms689nvf0186rt357xwfwhz5,BT.BIT 508,AMBER STUDIO S.A.,2023-07-12,RON,3300.00,16335.33,avans,RED-PEN-B-E-B-15,RED-PEN-B-E-B-<limit>,"{""limit"":""15""}",UNIQUE,RED-PEN-B-E-B-15,864,2023-07-12,0,269/05.07.2023,SERVICII CONFORM CONTRACT 269 DIN 05.07.2023 | 3.300 euro+TVA la cursul BNR reprezentand avans 40% | SERVICII CONFORM CONTRACT 269 DIN 05.07.2023 | 3.300 euro+TVA la cursul BNR reprezentand avans 40%,,"CONTRACT; contract, date:0d, amount:0.0%, milestone:avans; company=SMALL; dominant=RED-PEN-B-E-B-15 (100%)"
accounting:BT.BIT 535,no,RED-PEN-B-E-B-15,,SMALL,2,1,RED-PEN-B-E-B-15,1.000,0.000,MIXED/UNKNOWN,REVIEW,HIGH,STORNO_REFERENCE,ron,cms689o1p01ajrt35wmi5v6e0,BT.BIT 535,AMBER STUDIO S.A.,2023-09-15,RON,3300.00,24658.92,storno,RED-PEN-B-E-B-15,RED-PEN-B-E-B-<limit>,"{""limit"":""15""}",UNIQUE,RED-PEN-B-E-B-15,864,2023-07-12,65,269/05.07.2023,SERVICII CONFORM CONTRACT 269 DIN 05.07.2023 | Stornare factura 508/12.07.2023 (3.300 euro+TVA la cursul BNR reprezentand avans 40% ) | SERVICII CONFORM CONTRACT 269 DIN 05.07.2023 | Stornare factura 508/12.07.2023 (3.300 euro+TVA la cursul,,Storno mapped to BT.BIT 508; contract=true; amount=true; gap=65d
accounting:426,no,RED-NIS-C-PEN-200,,SMALL,1,2,RED-NIS-C-PEN-200,1.000,0.000,MIXED/UNKNOWN,ACCEPT_CANDIDATE,HIGH,CONTRACT,ron,cms689ncg010wrt356l4x2x5p,426,AMETHYST RADIOTERAPIA ALBA IULIA S.A.,2022-12-14,RON,2950.00,14528.16,,RED-NIS-C-PEN-200,RED-NIS-C-PEN-<limit>,"{""limit"":""200""}",UNIQUE,RED-NIS-C-PEN-200,119,2022-12-14,0,150/28.11.2022,SERVICII CONFORM CONTRACT 150/28.11.2022 | 2.950 euro+TVA la cursul BNR | SERVICII CONFORM CONTRACT 150/28.11.2022 | 2.950 euro+TVA la cursul BNR,,"CONTRACT; contract, date:0d; company=SMALL; dominant=RED-NIS-C-PEN-200 (100%)"
accounting:B.CYB 30,no,,,UNMATCHED,,,,,,,SKIP_NO_MATCH,NONE,NONE,ron,cms68criy00dxpj389p1tuxvh,B.CYB 30,ANTONIO-DAN MACOVEI,2026-05-18,RON,189.76,988.40,,,,,EMPTY,,,,,,SERVICII | SERVICII,,Organization not found in tracker.
accounting:BT.BIT 710,no,RED-NIS-C-PEN-10,,SMALL,1,2,RED-NIS-C-PEN-10,0.500,0.000,MIXED/UNKNOWN,REVIEW,MEDIUM,CONTRACT,ron,cms689p5b01q0rt35i126bejt,BT.BIT 710,APA SERVICE S.A.,2024-09-06,RON,,49760.00,,RED-NIS-C-PEN-10,RED-NIS-C-PEN-<limit>,"{""limit"":""10""}",UNIQUE,RED-NIS-C-PEN-10 | RED-NIS-C-AUDIT-100,1309,2024-09-06,0,NR. 299/17.6.2024,"CONTRACT PENTRU PRESTAREA DE SERVICII DE AUDIT CALIFICAT | DE SECURITATE CIBERNETICA SI TESTE DE PENETRARE _NR. 299/17.6.2024, Articolul 4.1 | CONTRACT PENTRU PRESTAREA DE SERVICII DE AUDIT CALIFICAT | DE SECURITATE CIBERNETICA SI TESTE DE ",,"CONTRACT; contract, date:0d; company=SMALL; dominant=RED-NIS-C-PEN-10 (50%)"
accounting:BT.BIT 621,no,RED-NIS-C-PEN-100,,SMALL,3,3,RED-NIS-C-PEN-100,0.333,0.000,MIXED/UNKNOWN,REVIEW,MEDIUM,CONTRACT,ron,cms689ol101i7rt357xmnakeq,BT.BIT 621,APAVITAL SA,2024-03-28,RON,,37314.70,,RED-NIS-C-PEN-100,RED-NIS-C-PEN-<limit>,"{""limit"":""100""}",UNIQUE,RED-NIS-C-PEN-100 | RED-NIS-C-AUDIT-100,987,2024-03-28,0,NR. 286/21.02.2024,SERVICII CONFORM articol 3.9 din Contract NR. 286/21.02.2024 | (numar de inregistrare 13352) | SERVICII CONFORM articol 3.9 din Contract NR. 286/21.02.2024 | (numar de inregistrare 13352),,"CONTRACT; contract, date:0d; company=SMALL; dominant=RED-NIS-C-PEN-100 (33%)"
accounting:BT.R.BIT 971,no,PHISH-P-L-YY-F-400-12,,SMALL,3,3,RED-NIS-C-PEN-100,0.333,0.000,MIXED/UNKNOWN,REVIEW,LOW,SCORED,ron,cms689riw02m2rt35llgpiret,BT.R.BIT 971,APAVITAL SA,2025-11-19,RON,5999.72,30514.00,,PHISH-P-L-YY-F-400-12,PHISH-P-L-YY-F-<limit1>-<limit2>,"{""limit1"":""400"",""limit2"":""12""}",UNIQUE,PHISH-P-L-YY-F-<400>-<12>,989,2025-11-19,0,Comanda nr. 1 din 4.11.2025,"Servicii de testare a gradului de constientizare in domeniul | securit. infor. conf. cerinte NIS2- 4campanii testare/an (1 campanie/trimestru)+instruire online pentru comportament la malware, ransomware, inginerie sociala si alte tehnici de",,"SCORED; date:0d, amount:0.0%; company=SMALL; dominant=RED-NIS-C-PEN-100 (33%)"
accounting:BT.BIT 590,no,RED-PEN-B-I-B-50,,SMALL,2,2,RED-PEN-B-I-B-50,0.500,0.000,MIXED/UNKNOWN,REVIEW,LOW,SCORED,ron,cms689oed01fhrt35fe0x0x5u,BT.BIT 590,AQUILA PART PROD COM S.A.,2024-01-16,RON,8910.00,44337.05,avans,RED-PEN-B-I-B-50,RED-PEN-B-I-B-<limit>,"{""limit"":""50""}",UNIQUE,RED-PEN-B-I-B-50 | RED-PEN-B-E-B-25,930,2024-01-17,1,contract cadru cu diverse servicii de securitate,SERVICII CONFORM CONTRACT CADRU Nr. 279/09.01.2024 | Avans 8.910 euro+TVA la cursul BNR | SERVICII CONFORM CONTRACT CADRU Nr. 279/09.01.2024 | Avans 8.910 euro+TVA la cursul BNR,,"SCORED; date:1d, milestone:avans; company=SMALL; dominant=RED-PEN-B-I-B-50 (50%)"
accounting:BT.BIT 599,no,RED-PEN-B-I-B-50,,SMALL,2,2,RED-PEN-B-I-B-50,0.500,0.000,MIXED/UNKNOWN,REVIEW,HIGH,STORNO_REFERENCE,ron,cms689og901g9rt3571u3fnms,BT.BIT 599,AQUILA PART PROD COM S.A.,2024-02-08,RON,8910.00,66512.26,storno,RED-PEN-B-I-B-50,RED-PEN-B-I-B-<limit>,"{""limit"":""50""}",UNIQUE,RED-PEN-B-I-B-50,930,2024-01-17,23,contract cadru cu diverse servicii de securitate,SERVICII CONFORM CONTRACT CADRU Nr. 279/09.01.2024 | Stornare factura 590/16.01.2024(Avans 8.910 euro+TVA la cursul BNR | SERVICII CONFORM CONTRACT CADRU Nr. 279/09.01.2024 | Stornare factura 590/16.01.2024(Avans 8.910 euro+TVA la cursul BN,,Storno mapped to BT.BIT 590; contract=true; amount=true; gap=23d
accounting:BT.BIT 873,no,BLUE-MDR-C-6,,RECURRENT,16,24,BLUE-MDR-C-6,1.000,0.867,STABLE,ACCEPT_CANDIDATE,HIGH,RECURRENT_DATE,ron,cms689q500245rt35e745havv,BT.BIT 873,ART & CRAFT DESIGN SRL,2025-04-30,RON,400.00,1990.96,,BLUE-MDR-C-6,BLUE-MDR-C-<limit>,"{""limit"":""6""}",UNIQUE,BLUE-MDR-C-6,1390,2025-04-30,0,Contract cadru de prestari servicii nr. 335 din 31.3.2025,Servicii recurente de securitate informatica | conform Anexa 1 la Contractul de prestari servicii nr. 335 din 31.3.2025 (Aprilie 2025) (400 euro+TVA la cursul BNR) | Servicii recurente de securitate informatica | conform Anexa 1 la Contract,,"RECURRENT_DATE; date:0d, trend-adjusted-amount:1.000:0.0%, company-profile:100%; company=RECURRENT; dominant=BLUE-MDR-C-6 (100%)"
accounting:BT.BIT 894,no,BLUE-MDR-C-6,,RECURRENT,16,24,BLUE-MDR-C-6,1.000,0.867,STABLE,REVIEW,HIGH,RECURRENT_DATE,ron,cms689q9n025wrt35n7sqrgik,BT.BIT 894,ART & CRAFT DESIGN SRL,2025-05-16,RON,400.00,2041.28,,BLUE-MDR-C-6,BLUE-MDR-C-<limit>,"{""limit"":""6""}",UNIQUE,BLUE-MDR-C-6,1391,2025-05-05,11,Contract cadru de prestari servicii nr. 335 din 31.3.2025,Servicii recurente de securitate informatica conform | Anexa 1 la Contractul de prestari servicii nr. 335 din 31.3.2025 (400 euro+TVA la cursul BNR) | Servicii recurente de securitate informatica conform | Anexa 1 la Contractul de prestari ,,"RECURRENT_DATE; date:11d, trend-adjusted-amount:1.000:0.0%, company-profile:100%; company=RECURRENT; dominant=BLUE-MDR-C-6 (100%)"
accounting:BT.BIT 918,no,BLUE-MDR-C-6,,RECURRENT,16,24,BLUE-MDR-C-6,1.000,0.867,STABLE,ACCEPT_CANDIDATE,HIGH,RECURRENT_DATE,ron,cms689qf10280rt35o0u5awxm,BT.BIT 918,ART & CRAFT DESIGN SRL,2025-06-16,RON,400.00,2012.80,,BLUE-MDR-C-6,BLUE-MDR-C-<limit>,"{""limit"":""6""}",UNIQUE,BLUE-MDR-C-6,1392,2025-06-16,0,Contract cadru de prestari servicii nr. 335 din 31.3.2025,Servicii recurente de securitate informatica conform | Anexa 1 la Contractul de prestari servicii nr. 335 din 31.3.2025 (400 euro+TVA la cursul BNR) | Servicii recurente de securitate informatica conform | Anexa 1 la Contractul de prestari ,,"RECURRENT_DATE; date:0d, trend-adjusted-amount:1.000:0.0%, company-profile:100%; company=RECURRENT; dominant=BLUE-MDR-C-6 (100%)"
accounting:BT.BIT 943,no,BLUE-MDR-C-6,,RECURRENT,16,24,BLUE-MDR-C-6,1.000,0.867,STABLE,REVIEW,HIGH,RECURRENT_DATE,ron,cms689qko02a3rt35pqmlkgnj,BT.BIT 943,ART & CRAFT DESIGN SRL,2025-07-02,RON,400.00,2030.88,,BLUE-MDR-C-6,BLUE-MDR-C-<limit>,"{""limit"":""6""}",UNIQUE,BLUE-MDR-C-6,1393,2025-07-10,8,Contract cadru de prestari servicii nr. 335 din 31.3.2025,Servicii recurente de securitate informatica conform | Anexa 1 la Contractul de prestari servicii nr. 335 din 31.3.2025 (400 euro+TVA la cursul BNR) | Servicii recurente de securitate informatica conform | Anexa 1 la Contractul de prestari ,,"RECURRENT_DATE; date:8d, trend-adjusted-amount:1.000:0.0%, company-profile:100%; company=RECURRENT; dominant=BLUE-MDR-C-6 (100%)"
accounting:BT.BIT 971,no,BLUE-MDR-C-6,,RECURRENT,16,24,BLUE-MDR-C-6,1.000,0.867,STABLE,ACCEPT_CANDIDATE,HIGH,RECURRENT_DATE,ron,cms689qrp02cfrt35gfg8dqv0,BT.BIT 971,ART & CRAFT DESIGN SRL,2025-08-04,RON,400.00,2030.80,,BLUE-MDR-C-6,BLUE-MDR-C-<limit>,"{""limit"":""6""}",UNIQUE,BLUE-MDR-C-6,1394,2025-08-04,0,Contract cadru de prestari servicii nr. 335 din 31.3.2025,Servicii recurente de securitate informatica conform | Anexa 1 la Contractul de prestari servicii nr. 335 din 31.3.2025 (400 euro+TVA la cursul BNR) | Servicii recurente de securitate informatica conform | Anexa 1 la Contractul de prestari ,,"RECURRENT_DATE; date:0d, trend-adjusted-amount:1.000:0.0%, company-profile:100%; company=RECURRENT; dominant=BLUE-MDR-C-6 (100%)"
accounting:BT.R.BIT 22,no,BLUE-MDR-C-6,,RECURRENT,16,24,BLUE-MDR-C-6,1.000,0.867,STABLE,ACCEPT_CANDIDATE,HIGH,RECURRENT_DATE,ron,cms689qy102errt35z36edf26,BT.R.BIT 22,ART & CRAFT DESIGN SRL,2025-09-02,RON,400.00,2029.00,,BLUE-MDR-C-6,BLUE-MDR-C-<limit>,"{""limit"":""6""}",UNIQUE,BLUE-MDR-C-6,1395,2025-09-05,3,Contract cadru de prestari servicii nr. 335 din 31.3.2025,"SERVICII RECURENTE DE SECURITATE INFORMATICA | Conform Anexa 1 la Contractul de prestari servicii nr. 335 din 31.3.2025, 400 EUR+TVA la cursul BNR 5.0725 | SERVICII RECURENTE DE SECURITATE INFORMATICA | Conform Anexa 1 la Contractul de pres",,"RECURRENT_DATE; date:3d, trend-adjusted-amount:1.000:0.0%, company-profile:100%; company=RECURRENT; dominant=BLUE-MDR-C-6 (100%)"
accounting:BT.R.BIT 49,no,BLUE-MDR-C-6,,RECURRENT,16,24,BLUE-MDR-C-6,1.000,0.867,STABLE,ACCEPT_CANDIDATE,HIGH,RECURRENT_DATE,ron,cms689rc302kgrt350jjjrq0q,BT.R.BIT 49,ART & CRAFT DESIGN SRL,2025-10-20,RON,400.00,2035.56,,BLUE-MDR-C-6,BLUE-MDR-C-<limit>,"{""limit"":""6""}",UNIQUE,BLUE-MDR-C-6,1396,2025-10-20,0,Contract cadru de prestari servicii nr. 335 din 31.3.2025,"SERVICII RECURENTE DE SECURITATE INFORMATICA | Conform Anexa 1 la Contractul de prestari servicii nr. 335 din 31.3.2025, 400 EUR+TVA la cursul BNR 5.0889 | SERVICII RECURENTE DE SECURITATE INFORMATICA | Conform Anexa 1 la Contractul de pres",,"RECURRENT_DATE; date:0d, trend-adjusted-amount:1.000:0.0%, company-profile:100%; company=RECURRENT; dominant=BLUE-MDR-C-6 (100%)"
accounting:BT.R.BIT 76,no,BLUE-MDR-C-6,,RECURRENT,16,24,BLUE-MDR-C-6,1.000,0.867,STABLE,ACCEPT_CANDIDATE,HIGH,RECURRENT_DATE,ron,cms689r6k02i8rt35inqemdyd,BT.R.BIT 76,ART & CRAFT DESIGN SRL,2025-11-26,RON,400.00,2035.60,,BLUE-MDR-C-6,BLUE-MDR-C-<limit>,"{""limit"":""6""}",UNIQUE,BLUE-MDR-C-6,1397,2025-11-26,0,Contract cadru de prestari servicii nr. 335 din 31.3.2025,"SERVICII RECURENTE DE SECURITATE INFORMATICA | Conform Anexa 1 la Contractul de prestari servicii nr. 335 din 31.3.2025, 400 EUR+TVA la cursul BNR 5.089 | SERVICII RECURENTE DE SECURITATE INFORMATICA | Conform Anexa 1 la Contractul de prest",,"RECURRENT_DATE; date:0d, trend-adjusted-amount:1.000:0.0%, company-profile:100%; company=RECURRENT; dominant=BLUE-MDR-C-6 (100%)"
accounting:BT.R.BIT 103,no,BLUE-MDR-C-6,,RECURRENT,16,24,BLUE-MDR-C-6,1.000,0.867,STABLE,ACCEPT_CANDIDATE,HIGH,RECURRENT_DATE,ron,cms689rux02p5rt35vy0zwz5f,BT.R.BIT 103,ART & CRAFT DESIGN SRL,2025-12-23,RON,400.00,2035.24,,BLUE-MDR-C-6,BLUE-MDR-C-<limit>,"{""limit"":""6""}",UNIQUE,BLUE-MDR-C-6,1398,2025-12-23,0,Contract cadru de prestari servicii nr. 335 din 31.3.2025,"SERVICII RECURENTE DE SECURITATE INFORMATICA | Conform Anexa 1 la Contractul de prestari servicii nr. 335 din 31.3.2025, 400 EUR+TVA la cursul BNR 5.0881 | SERVICII RECURENTE DE SECURITATE INFORMATICA | Conform Anexa 1 la Contractul de pres",,"RECURRENT_DATE; date:0d, trend-adjusted-amount:1.000:0.0%, company-profile:100%; company=RECURRENT; dominant=BLUE-MDR-C-6 (100%)"
accounting:BT.R.BIT 130,no,BLUE-MDR-C-6,,RECURRENT,16,24,BLUE-MDR-C-6,1.000,0.867,STABLE,ACCEPT_CANDIDATE,HIGH,RECURRENT_DATE,ron,cms689s1402rdrt35vlq5ex4n,BT.R.BIT 130,ART & CRAFT DESIGN SRL,2026-01-20,RON,400.00,2036.84,,BLUE-MDR-C-6,BLUE-MDR-C-<limit>,"{""limit"":""6""}",UNIQUE,BLUE-MDR-C-6,1399,2026-01-20,0,Contract cadru de prestari servicii nr. 335 din 31.3.2025,"SERVICII RECURENTE DE SECURITATE INFORMATICA | Conform Anexa 1 la Contractul de prestari servicii nr. 335 din 31.3.2025, 400 EUR+TVA la cursul BNR 5.0921 | SERVICII RECURENTE DE SECURITATE INFORMATICA | Conform Anexa 1 la Contractul de pres",,"RECURRENT_DATE; date:0d, trend-adjusted-amount:1.000:0.0%, company-profile:100%; company=RECURRENT; dominant=BLUE-MDR-C-6 (100%)"
accounting:BT.R.BIT 158,no,BLUE-MDR-C-6,,RECURRENT,16,24,BLUE-MDR-C-6,1.000,0.867,STABLE,ACCEPT_CANDIDATE,HIGH,RECURRENT_DATE,ron,cms689sen02v0rt35lvbsmc04,BT.R.BIT 158,ART & CRAFT DESIGN SRL,2026-02-13,RON,400.00,2037.36,,BLUE-MDR-C-6,BLUE-MDR-C-<limit>,"{""limit"":""6""}",UNIQUE,BLUE-MDR-C-6,1400,2026-02-13,0,Contract cadru de prestari servicii nr. 335 din 31.3.2025,"SERVICII RECURENTE DE SECURITATE INFORMATICA | Conform Anexa 1 la Contractul de prestari servicii nr. 335 din 31.3.2025, 400 EUR+TVA la cursul BNR 5.0934 | SERVICII RECURENTE DE SECURITATE INFORMATICA | Conform Anexa 1 la Contractul de pres",,"RECURRENT_DATE; date:0d, trend-adjusted-amount:1.000:0.0%, company-profile:100%; company=RECURRENT; dominant=BLUE-MDR-C-6 (100%)"
accounting:BT.R.BIT 165,no,BLUE-MDR-C-6,,RECURRENT,16,24,BLUE-MDR-C-6,1.000,0.867,STABLE,ACCEPT_CANDIDATE,HIGH,RECURRENT_DATE,ron,cms689slc02x3rt35dikrns0h,BT.R.BIT 165,ART & CRAFT DESIGN SRL,2026-03-20,RON,400.00,2038.36,,BLUE-MDR-C-6,BLUE-MDR-C-<limit>,"{""limit"":""6""}",UNIQUE,BLUE-MDR-C-6,1401,2026-03-20,0,Contract cadru de prestari servicii nr. 335 din 31.3.2025,"SERVICII RECURENTE DE SECURITATE INFORMATICA | Conform Anexa 1 la Contractul de prestari servicii nr. 335 din 31.3.2025, 400.00 EUR+TVA la cursul BNR 5.0959 | SERVICII RECURENTE DE SECURITATE INFORMATICA | Conform Anexa 1 la Contractul de p",,"RECURRENT_DATE; date:0d, trend-adjusted-amount:1.000:0.0%, company-profile:100%; company=RECURRENT; dominant=BLUE-MDR-C-6 (100%)"
accounting:BT.R.BIT 194,no,BLUE-MDR-C-6,,RECURRENT,16,24,BLUE-MDR-C-6,1.000,0.867,STABLE,ACCEPT_CANDIDATE,HIGH,RECURRENT_DATE,ron,cms689t0b0316rt3581nm0471,BT.R.BIT 194,ART & CRAFT DESIGN SRL,2026-04-29,RON,400.00,2037.48,,BLUE-MDR-C-6,BLUE-MDR-C-<limit>,"{""limit"":""6""}",UNIQUE,BLUE-MDR-C-6,1402,2026-04-29,0,Contract cadru de prestari servicii nr. 335 din 31.3.2025,"SERVICII RECURENTE DE SECURITATE INFORMATICA | Conform Anexa 1 la Contractul de prestari servicii nr. 335 din 31.3.2025, 400.00 EUR+TVA la cursul BNR 5.0937 | SERVICII RECURENTE DE SECURITATE INFORMATICA | Conform Anexa 1 la Contractul de p",,"RECURRENT_DATE; date:0d, trend-adjusted-amount:1.000:0.0%, company-profile:100%; company=RECURRENT; dominant=BLUE-MDR-C-6 (100%)"
accounting:BT.R.BIT 223,no,BLUE-MDR-C-6,,RECURRENT,16,24,BLUE-MDR-C-6,1.000,0.867,STABLE,ACCEPT_CANDIDATE,HIGH,RECURRENT_DATE,ron,cms689t9s033qrt35jxdy6f6n,BT.R.BIT 223,ART & CRAFT DESIGN SRL,2026-05-25,RON,400.00,2099.52,,BLUE-MDR-C-6,BLUE-MDR-C-<limit>,"{""limit"":""6""}",UNIQUE,BLUE-MDR-C-6,1403,2026-05-25,0,Contract cadru de prestari servicii nr. 335 din 31.3.2025,"SERVICII RECURENTE DE SECURITATE INFORMATICA | Conform Anexa 1 la Contractul de prestari servicii nr. 335 din 31.3.2025, 400.00 EUR+TVA la cursul BNR 5.2488 | SERVICII RECURENTE DE SECURITATE INFORMATICA | Conform Anexa 1 la Contractul de p",,"RECURRENT_DATE; date:0d, trend-adjusted-amount:1.000:0.0%, company-profile:100%; company=RECURRENT; dominant=BLUE-MDR-C-6 (100%)"
accounting:BT.R.BIT 252,no,BLUE-MDR-C-6,,RECURRENT,16,24,BLUE-MDR-C-6,1.000,0.867,STABLE,ACCEPT_CANDIDATE,HIGH,RECURRENT_DATE,ron,cms689tif036ert35m6tvech0,BT.R.BIT 252,ART & CRAFT DESIGN SRL,2026-06-17,RON,400.00,2092.40,,BLUE-MDR-C-6,BLUE-MDR-C-<limit>,"{""limit"":""6""}",UNIQUE,BLUE-MDR-C-6,1404,2026-06-19,2,Contract cadru de prestari servicii nr. 335 din 31.3.2025,"SERVICII RECURENTE DE SECURITATE INFORMATICA | Conform Anexa 1 la Contractul de prestari servicii nr. 335 din 31.3.2025, 400.00 EUR+TVA la cursul BNR 5.231 | SERVICII RECURENTE DE SECURITATE INFORMATICA | Conform Anexa 1 la Contractul de pr",,"RECURRENT_DATE; date:2d, trend-adjusted-amount:1.000:0.0%, company-profile:100%; company=RECURRENT; dominant=BLUE-MDR-C-6 (100%)"
accounting:BT.R.BIT 281,no,BLUE-MDR-C-6,,RECURRENT,16,24,BLUE-MDR-C-6,1.000,0.867,STABLE,REVIEW,HIGH,RECURRENT_DATE,ron,cms689tt40396rt35t95r82kk,BT.R.BIT 281,ART & CRAFT DESIGN SRL,2026-07-18,RON,400.00,2097.16,,BLUE-MDR-C-6,BLUE-MDR-C-<limit>,"{""limit"":""6""}",UNIQUE,BLUE-MDR-C-6,1405,2026-07-05,13,Contract cadru de prestari servicii nr. 335 din 31.3.2025,"SERVICII RECURENTE DE SECURITATE INFORMATICA | Conform Anexa 1 la Contractul de prestari servicii nr. 335 din 31.3.2025, 400.00 EUR+TVA la cursul BNR 5.2429 | SERVICII RECURENTE DE SECURITATE INFORMATICA | Conform Anexa 1 la Contractul de p",,"RECURRENT_DATE; date:13d, trend-adjusted-amount:1.000:0.0%, company-profile:100%; company=RECURRENT; dominant=BLUE-MDR-C-6 (100%)"
accounting:BT.BIT 106,no,RED-PEN-S-WB-1,,SMALL,1,1,RED-PEN-S-WB-1,1.000,0.000,MIXED/UNKNOWN,ACCEPT_CANDIDATE,HIGH,CONTRACT,valuta,cms68c22l0032pj381u9yg6lp,BT.BIT 106,ASSET TOKENIZATION SERVICES OU,2021-08-16,EUR,6187.50,30391.76,avans,RED-PEN-S-WB-1,RED-PEN-S-WB-<limit>,"{""limit"":""1""}",UNIQUE,RED-PEN-S-WB-1,30,2021-08-16,0,199/02.08.2021,Services under contract no.199 of 02.08.2021 | Avans 50% din anexa 1 la contract | Services under contract no.199 of 02.08.2021 | Avans 50% din anexa 1 la contract,,"CONTRACT; contract, date:0d, amount:0.0%, milestone:avans; company=SMALL; dominant=RED-PEN-S-WB-1 (100%)"
accounting:B.CYB 3,no,CYBEREDU-DEV-T-1,,SMALL,2,1,CYBEREDU-DEV-T-1,1.000,0.000,MIXED/UNKNOWN,ACCEPT_CANDIDATE,HIGH,CONTRACT,ron,cms68cdmz03bwrt35ook8ypuz,B.CYB 3,ASSIST SOFTWARE SRL,2022-04-05,RON,900.00,4448.79,avans,CYBEREDU-DEV-T-1,CYBEREDU-DEV-T-<limit>,"{""limit"":""1""}",UNIQUE,CYBEREDU-DEV-T-1,186,2022-04-05,0,107/22.03.2022,SERVICII CONFORM CONTRACT NR.107/22.03.2022 | 900 euro+TVA la cursul BNR reprezentand avans | SERVICII CONFORM CONTRACT NR.107/22.03.2022 | 900 euro+TVA la cursul BNR reprezentand avans,,"CONTRACT; contract, date:0d, amount:0.0%, milestone:avans; company=SMALL; dominant=CYBEREDU-DEV-T-1 (100%)"
accounting:B.CYB 9,no,,,SMALL,2,1,CYBEREDU-DEV-T-1,1.000,0.000,MIXED/UNKNOWN,SKIP_NO_MATCH,NONE,NONE,ron,cms68crd700bmpj38yqga6hzk,B.CYB 9,ASSIST SOFTWARE SRL,2023-02-10,RON,900.00,1436.61,storno,,,,EMPTY,,,,,,SERVICII CONFORM CONTRACT NR.107/22.03.2022 | stornare factura B.CYB 3 cu 900 euro+TVA la cursul BNR reprezentand avans | SERVICII CONFORM CONTRACT NR.107/22.03.2022 | stornare factura B.CYB 3 cu 900 euro+TVA la cursul BNR reprezentand avan,,Storno: no sufficiently similar original invoice found.
accounting:BT.BIT 202,no,,,SMALL,3,14,BLUE-IR-OC-6,1.000,0.000,MIXED/UNKNOWN,SKIP_NO_MATCH,NONE,SOURCE_REUSE_ANOMALY,valuta,cms689lvl00h8rt35vfl570xm,BT.BIT 202,ASTORMUELLER AG,2024-08-07,EUR,18920.00,94161.06,,,,,EMPTY,BLUE-IR-OC-6,,,48,,SERVICES AGREEMENT Supplier Onboarding fee (one time) Advance amount accordingly with ANNEX 1 | No. 290/24.04.2024 | SERVICES AGREEMENT | No. 290/24.04.2024 | Supplier Onboarding fee (one time) | Referinta proiect REF-recUMyKze2MqaQpnU-REF ,"[{""line"":1,""service"":""SERVICES AGREEMENT | No. 290/24.04.2024"",""partNumber"":""BLUE-IR-OC-6"",""confidence"":""HIGH"",""trackerRow"":1030},{""line"":2,""service"":""Supplier Onboarding fee (one time) | Referinta proiect  REF-recUMyKze2MqaQpnU-REF"",""partNumber"":""BLUE-IR-OC-6"",""confidence"":""HIGH"",""trackerRow"":1030},{""line"":3,""service"":""Advance amount accordingly with ANNEX 1 | - SPECIFIC CYBER SECURITY SERVICES to FRAMEWORK SERVICE AGREEMENT NO. 396/24.3.2026"",""partNumber"":""BLUE-IR-OC-6"",""confidence"":""HIGH"",""trackerRow"":1031}]",Quarantined: nr_iesire is reused by multiple organization/date/id_iesire headers inside the same source workbook; production lines may be contaminated.
accounting:BT.BIT 235,no,BLUE-IR-OC-6,,SMALL,3,14,BLUE-IR-OC-6,1.000,0.000,MIXED/UNKNOWN,ACCEPT_CANDIDATE,HIGH,CONTRACT,valuta,cms689m3d00k5rt35akbo74iw,BT.BIT 235,ASTORMUELLER AG,2025-05-07,EUR,16920.00,85239.58,,BLUE-IR-OC-6,BLUE-IR-OC-<limit>,"{""limit"":""6""}",UNIQUE,BLUE-IR-OC-6,1042,2025-05-06,1,No. 290/24.04.2024,Recurrent information security services | accordingly with APPENDIX 2 to Cyber Security Services Agreement No. 290/24.04.2024( 12 Monday x1410 euro) | Recurrent information security services | accordingly with APPENDIX 2 to Cyber Security S,,"CONTRACT; contract, date:1d, amount:0.0%, company-profile:100%; company=SMALL; dominant=BLUE-IR-OC-6 (100%)"
accounting:BT.BIT 70,no,,,UNMATCHED,,,,,,,SKIP_NO_MATCH,NONE,NONE,valuta,cms689kz6005xrt35qgqiphwk,BT.BIT 70,AURACHAIN AG,2020-06-18,EUR,2400.00,11604.00,,,,,EMPTY,,,,,,SERServices under contract no.163 of 16.06.2020 | SERServices under contract no.163 of 16.06.2020,,Organization not found in tracker.
accounting:BT.BIT 74,no,,,UNMATCHED,,,,,,,SKIP_NO_MATCH,NONE,NONE,valuta,cms689l0a0069rt359ggslsjd,BT.BIT 74,AURACHAIN AG,2020-07-27,EUR,9600.00,46416.00,storno,,,,EMPTY,,,,,,StornoServices under contract no.163 of 16.06.2020 Services under contract no.163 of 16.06.2020 | Invoice 70/18.06.2020 | StornoServices under contract no.163 of 16.06.2020 | Invoice 70/18.06.2020 | Services under contract no.163 of 16.06.2,,Organization not found in tracker.
accounting:BT.BIT 90,no,,,UNMATCHED,,,,,,,SKIP_NO_MATCH,NONE,NONE,valuta,cms689l56007prt35anmg0l0t,BT.BIT 90,AURACHAIN AG,2021-02-15,EUR,3600.00,17547.48,,,,,EMPTY,,,,,,INFORMATIONA SECURITY SERVICES APPENDIX 3 | Appendix 3-Contract no.163/16.06.2020( advance 3600 euro) | INFORMATIONA SECURITY SERVICES APPENDIX 3 | Appendix 3-Contract no.163/16.06.2020( advance 3600 euro),,Organization not found in tracker.
accounting:BT.BIT 98,no,,,UNMATCHED,,,,,,,SKIP_NO_MATCH,NONE,NONE,valuta,cms689l72008drt35wno93bmm,BT.BIT 98,AURACHAIN AG,2021-05-17,EUR,5400.00,26596.62,storno,,,,EMPTY,,,,,,STORNARE FACT.90/15.02.2020 INFORMATIONA SECURITY SERVICES APPENDIX 3 | STORNARE FACT.90/15.02.2020 | INFORMATIONA SECURITY SERVICES APPENDIX 3 | Appendix 3-Contract no.163/16.06.2020,,Organization not found in tracker.
accounting:BT.BIT 553,no,RED-PEN-S-B-11,,SMALL,3,3,RED-PEN-S-B-11,1.000,0.000,MIXED/UNKNOWN,REVIEW,LOW,PROFILE,ron,cms689o5r01c8rt35oot83nec,BT.BIT 553,BANCA COMERCIALA ROMANA SA,2023-11-02,RON,15664.00,77839.12,,RED-PEN-S-B-11,RED-PEN-S-B-<limit>,"{""limit"":""11""}",UNIQUE,RED-PEN-S-B-11,787,2023-11-02,0,4048766,Pen-tests conform contract 4048766 | Comanda aprovizionare 6000004980 /28.07.2023; Perioada de furnizare 04.05.2023 - 31.10.2023 ( 15.664 euro+TVA la cursul BNR) | Pen-tests conform contract 4048766 | Comanda aprovizionare 6000004980 /28.07,,"PROFILE; date:0d, amount:0.0%; company=SMALL; dominant=RED-PEN-S-B-11 (100%)"
accounting:BT.BIT 567,no,RED-PEN-S-B-11,,SMALL,3,3,RED-PEN-S-B-11,1.000,0.000,MIXED/UNKNOWN,REVIEW,LOW,PROFILE,ron,cms689o8u01djrt35f6fwa8mt,BT.BIT 567,BANCA COMERCIALA ROMANA SA,2023-12-11,RON,5500.00,27322.35,,RED-PEN-S-B-11,RED-PEN-S-B-<limit>,"{""limit"":""11""}",UNIQUE,RED-PEN-S-B-11,788,2023-12-12,1,4048766,Pen-tests conform contract 4048766 Comanda aprovizionare | 6000008141 /22.11.2023; Perioada de furnizare 04.05.2023 - 31.12.2023 ( 5.500 euro+TVA la cursul BNR) | Pen-tests conform contract 4048766 Comanda aprovizionare | 6000008141 /22.11.,,"PROFILE; date:1d, amount:0.0%; company=SMALL; dominant=RED-PEN-S-B-11 (100%)"
accounting:BT.BIT 649,no,RED-PEN-S-B-11,,SMALL,3,3,RED-PEN-S-B-11,1.000,0.000,MIXED/UNKNOWN,REVIEW,LOW,PROFILE,ron,cms689org01knrt35eowyv12i,BT.BIT 649,BANCA COMERCIALA ROMANA SA,2024-06-06,RON,24200.00,120426.46,,RED-PEN-S-B-11,RED-PEN-S-B-<limit>,"{""limit"":""11""}",UNIQUE,RED-PEN-S-B-11,789,2024-06-06,0,PO 6000010413,Pen-tests conform contract 4048766 | Comanda aprovizionare 6000010413/10 din 18.03.2024; Perioada de furnizare 29.03.2024 - 4.6.2024 ( 24.200 euro+TVA la cursul BNR) | Pen-tests conform contract 4048766 | Comanda aprovizionare 6000010413/10,,"PROFILE; date:0d, amount:0.0%; company=SMALL; dominant=RED-PEN-S-B-11 (100%)"
accounting:B.CYB 11,no,CYBEREDU-OP-U-5,,SMALL,3,1,CYBEREDU-OP-U-5,1.000,0.000,MIXED/UNKNOWN,ACCEPT_CANDIDATE,HIGH,CONTRACT,ron,cms68crdu00bwpj38b3y1w170,B.CYB 11,BIT SENTINEL SECURITY SRL,2023-07-31,RON,295100.00,1456170.95,,CYBEREDU-OP-U-5,CYBEREDU-OP-U-<limit>,"{""limit"":""5""}",UNIQUE,CYBEREDU-OP-U-5,868,2023-07-31,0,261/28.03.2023,SERVICII CONFORM CONTRACT NR. 261/28.03.2023 CyberEDU - Cyberrange access 1y and custom content | 295.100 euro la cursul BNR | SERVICII CONFORM CONTRACT NR. 261/28.03.2023 | 295.100 euro la cursul BNR | CyberEDU - Cyberrange access 1y and c,"[{""line"":1,""service"":""SERVICII CONFORM CONTRACT NR. 261/28.03.2023 | 295.100 euro la cursul  BNR"",""partNumber"":""CYBEREDU-OP-U-5"",""confidence"":""HIGH"",""trackerRow"":868},{""line"":2,""service"":""CyberEDU - Cyberrange access 1y and custom content | Nr Notificare C1222800; Nr PO PO00043995; Nr Receptie OPA_42812;( 59.280 euro+TVA la cursul BNR)"",""partNumber"":"""",""confidence"":""NONE"",""trackerRow"":null}]","CONTRACT; contract, date:0d, amount:0.0%; company=SMALL; dominant=CYBEREDU-OP-U-5 (100%)"
accounting:B.CYB 21,no,,,SMALL,3,1,CYBEREDU-OP-U-5,1.000,0.000,MIXED/UNKNOWN,SKIP_NO_MATCH,NONE,NONE,ron,cms68crgd00cxpj381vx1zrxk,B.CYB 21,BIT SENTINEL SECURITY SRL,2025-10-20,RON,80000.00,407112.00,,,,,EMPTY,,,,,,FURNIZARE SERVICII IT&C CONTRACT 130/30.07.2025 | 80.000 euro +TVA la cursul BNR | FURNIZARE SERVICII IT&C CONTRACT 130/30.07.2025 | 80.000 euro +TVA la cursul BNR,,No accounting-to-tracker activity match met the conservative threshold.
accounting:B.CYB 24,no,,,SMALL,3,1,CYBEREDU-OP-U-5,1.000,0.000,MIXED/UNKNOWN,SKIP_NO_MATCH,NONE,NONE,ron,cms68crh700d9pj3820b7h6fy,B.CYB 24,BIT SENTINEL SECURITY SRL,2025-10-31,RON,315000.00,1601964.00,,,,,EMPTY,,,,,,"SERVICII CONFORM CONTRACT Nr. 131/01.09.2025 | 315,000 euro +tva la cursul BNR | SERVICII CONFORM CONTRACT Nr. 131/01.09.2025 | 315,000 euro +tva la cursul BNR",,No accounting-to-tracker activity match met the conservative threshold.
accounting:BT.BIT 18,no,,,UNMATCHED,,,,,,,SKIP_NO_MATCH,NONE,NONE,valuta,cms689km2001jrt35u582hu8b,BT.BIT 18,BLOCKWORKS AG,2017-12-12,EUR,27500.00,127413.00,,,,,EMPTY,,,,,,Blockchain Development SCX-DESC Urgent Blockchain Development SCX-SEC | Blockchain Development SCX-DESC | Urgent Blockchain Development SCX-SEC,,Organization not found in tracker.
accounting:BT.BIT 4,no,,,UNMATCHED,,,,,,,SKIP_NO_MATCH,NONE,NONE,ron,cms689khz000art351857k68k,BT.BIT 4,BLUETEQ BUSINESS SRL,2015-12-03,RON,150.00,669.06,,,,,EMPTY,,,,,,"Servicii de mentenanta it | 150 euro la cursul BNR de 4,4604 lei din 02.12.2015 | Servicii de mentenanta it | 150 euro la cursul BNR de 4,4604 lei din 02.12.2015",,Organization not found in tracker.
accounting:BT.BIT 8,no,,,UNMATCHED,,,,,,,SKIP_NO_MATCH,NONE,NONE,valuta,cms689kj8000mrt35otthiacp,BT.BIT 8,BLUETEQ BUSINESS SRL,2016-02-29,EUR,386.00,1725.11,,,,,EMPTY,,,,,,SERVICII MENTENANTA IT | SERVICII MENTENANTA IT,,Organization not found in tracker.
accounting:BT.BIT 9,no,,,UNMATCHED,,,,,,,SKIP_NO_MATCH,NONE,NONE,valuta,cms689kji000prt354djgieom,BT.BIT 9,BLUETEQ BUSINESS SRL,2016-05-12,EUR,579.00,2600.29,,,,,EMPTY,,,,,,SERVICII MENTENANTA IT | SERVICII MENTENANTA IT,,Organization not found in tracker.
accounting:BT.BIT 343,no,RED-VA-E-B-100,,STANDARD,8,15,RED-VA-E-B-100,0.667,0.000,MIXED/UNKNOWN,REVIEW,HIGH,CONTRACT,ron,cms689msw00trrt35q3njl53i,BT.BIT 343,CAPITAL FINANCIAL SERVICES SA,2022-05-03,RON,450.00,2226.11,,RED-VA-E-B-100,RED-VA-E-B-<limit>,"{""limit"":""100""}",UNIQUE,RED-VA-E-B-100 | RED-PEN-B-I-B-100,468,0202-05-03,664742,222/03.05.2022,SERVICII IDENTIFICARE SI EVALUARE VULNERABILITATI CONFORM | CONTRACT 222/03.05.2022 ANEXA 4 (450 euro+TVA la cursul BNR) | SERVICII IDENTIFICARE SI EVALUARE VULNERABILITATI CONFORM | CONTRACT 222/03.05.2022 ANEXA 4 (450 euro+TVA la cursul B,,"CONTRACT; contract, amount:0.0%, description:0.13; company=STANDARD; dominant=RED-VA-E-B-100 (67%)"
accounting:BT.BIT 376,no,,,STANDARD,8,15,RED-VA-E-B-100,0.667,0.000,MIXED/UNKNOWN,SKIP_NO_MATCH,LOW,MULTI_LINE,ron,cms689n1d00wjrt35uvn5aic1,BT.BIT 376,CAPITAL FINANCIAL SERVICES SA,2022-08-03,RON,2000.00,47537.83,,,,,EMPTY,RED-VA-I-S-100 | RED-PEN-B-I-B-100 | RED-VA-E-B-100,,,,,SERVICII CONFORM CONTRACT NR. 222/03.05.2022 | 2.000 euro+TVA la cursul BNR conform anexa 2 | SERVICII CONFORM CONTRACT NR. 222/03.05.2022 | 2.000 euro+TVA la cursul BNR conform anexa 2 | SERVICII CONFORM CONTRACT NR. 222/03.05.2022 | 7.200,"[{""line"":1,""service"":""SERVICII CONFORM  CONTRACT  NR. 222/03.05.2022 | 2.000 euro+TVA la cursul BNR conform anexa 2"",""partNumber"":""RED-VA-I-S-100"",""confidence"":""HIGH"",""trackerRow"":466},{""line"":2,""service"":""SERVICII CONFORM  CONTRACT  NR. 222/03.05.2022 | 7.200 euro+TVA la cursul BNR anexa 3"",""partNumber"":""RED-PEN-B-I-B-100"",""confidence"":""HIGH"",""trackerRow"":467},{""line"":3,""service"":""SERVICII CONFORM  CONTRACT  NR. 222/03.05.2022 | 450 euro+TVA la cursul BNR conform anexa 4 (perioada mai- iunie)"",""partNumber"":""RED-VA-E-B-100"",""confidence"":""HIGH"",""trackerRow"":469}]",Invoice lines map to multiple part numbers: RED-VA-I-S-100 | RED-PEN-B-I-B-100 | RED-VA-E-B-100. Invoice schema stores only one; manual decision required.
accounting:415,no,RED-VA-E-B-100,,STANDARD,8,15,RED-VA-E-B-100,0.667,0.000,MIXED/UNKNOWN,ACCEPT_CANDIDATE,HIGH,CONTRACT,ron,cms689na100zyrt358vkuskbv,415,CAPITAL FINANCIAL SERVICES SA,2022-11-23,RON,450.00,4444.66,,RED-VA-E-B-100,RED-VA-E-B-<limit>,"{""limit"":""100""}",UNIQUE,RED-VA-E-B-100 | RED-VA-I-S-100,470,2022-11-23,0,222/03.05.2022,SERVICII CONFORM CONTRACT NR. 222/03.05.2022 | 450 euro+TVA la cursul BNR conform anexa 4 (perioada aug-sept) | SERVICII CONFORM CONTRACT NR. 222/03.05.2022 | 450 euro+TVA la cursul BNR conform anexa 4 (perioada aug-sept) | SERVICII CONFORM,"[{""line"":1,""service"":""SERVICII CONFORM CONTRACT NR. 222/03.05.2022 | 450 euro+TVA la cursul BNR conform anexa 4 (perioada aug-sept)"",""partNumber"":""RED-VA-E-B-100"",""confidence"":""HIGH"",""trackerRow"":470},{""line"":2,""service"":""SERVICII CONFORM CONTRACT NR. 222/03.05.2022 | 450 euro+TVA la cursul BNR conform anexa 4 (perioada noiembrie-decembrie)"",""partNumber"":""RED-VA-E-B-100"",""confidence"":""HIGH"",""trackerRow"":471}]","CONTRACT; contract, date:0d, amount:0.0%; company=STANDARD; dominant=RED-VA-E-B-100 (67%)"
accounting:BT.BIT 501,no,RED-VA-I-S-100,,STANDARD,8,15,RED-VA-E-B-100,0.667,0.000,MIXED/UNKNOWN,ACCEPT_CANDIDATE,HIGH,CONTRACT,ron,cms689nty017lrt35euxwa7g1,BT.BIT 501,CAPITAL FINANCIAL SERVICES SA,2023-07-04,RON,2000.00,9903.40,,RED-VA-I-S-100,RED-VA-I-S-<limit>,"{""limit"":""100""}",UNIQUE,RED-VA-I-S-100 | RED-VA-E-B-100 | RED-PEN-B-I-B-100,472,2023-07-04,0,262/05.04.2023,"ANEXA 2 - SERVICII DE EVALUARE VULNERABILITATI | RETEA INTERNA CONTRACT DE PRESTARI SERVICII, Nr. 262/05.04.2023. (2000 euro + tva la cursul BNR de 4,9517 lei din 03.07.2023) | ANEXA 2 - SERVICII DE EVALUARE VULNERABILITATI | RETEA INTERNA ",,"CONTRACT; contract, date:0d, amount:0.0%, description:0.24; company=STANDARD; dominant=RED-VA-E-B-100 (67%)"
accounting:BT.BIT 502,no,RED-PEN-B-I-B-100,,STANDARD,8,15,RED-VA-E-B-100,0.667,0.000,MIXED/UNKNOWN,ACCEPT_CANDIDATE,HIGH,CONTRACT,ron,cms689nu5017ort35ptjqj7fu,BT.BIT 502,CAPITAL FINANCIAL SERVICES SA,2023-07-04,RON,9700.00,48031.49,,RED-PEN-B-I-B-100,RED-PEN-B-I-B-<limit>,"{""limit"":""100""}",UNIQUE,RED-PEN-B-I-B-100 | RED-VA-I-S-100 | RED-VA-E-B-100,473,2023-07-04,0,262/05.04.2023,"ANEXA 3 - DESCRIERE SERVICII IDENTIFICARE SI EVALUARE | VULNERABILITATI CONTRACT DE PRESTARI SERVICII, Nr. 262/05.04.2023. (9700 euro + tva la cursul BNR de 4,9517 lei din 03.07.2023) | ANEXA 3 - DESCRIERE SERVICII IDENTIFICARE SI EVALUARE ",,"CONTRACT; contract, date:0d, amount:0.0%, description:0.22; company=STANDARD; dominant=RED-VA-E-B-100 (67%)"
accounting:BT.BIT 503,no,RED-VA-E-B-100,,STANDARD,8,15,RED-VA-E-B-100,0.667,0.000,MIXED/UNKNOWN,REVIEW,MEDIUM,CONTRACT,ron,cms689nud017rrt35istlzjvn,BT.BIT 503,CAPITAL FINANCIAL SERVICES SA,2023-07-04,RON,1200.00,5942.04,,RED-VA-E-B-100,RED-VA-E-B-<limit>,"{""limit"":""100""}",UNIQUE,RED-VA-I-S-100 | RED-VA-E-B-100 | RED-PEN-B-I-B-100,474,2023-07-04,0,262/05.04.2023,"ANEXA 4 - SERVICII DE EVALUARE VULNERABILITATI RETEA INTERNA | CONTRACT DE PRESTARI SERVICII, Nr. 262/05.04.2023 (perioada aprilie 2023) si (mai-iunie 2023) (1200 euro + tva la cursul BNR de 4,9517 lei din 03.07.2023) | ANEXA 4 - SERVICII D",,"CONTRACT; contract, date:0d, description:0.19; company=STANDARD; dominant=RED-VA-E-B-100 (67%)"
accounting:BT.BIT 552,no,RED-VA-E-B-100,,STANDARD,8,15,RED-VA-E-B-100,0.667,0.000,MIXED/UNKNOWN,ACCEPT_CANDIDATE,HIGH,CONTRACT,ron,cms689o5j01c5rt3546fk4on4,BT.BIT 552,CAPITAL FINANCIAL SERVICES SA,2023-11-01,RON,6800.00,33774.92,,RED-VA-E-B-100,RED-VA-E-B-<limit>,"{""limit"":""100""}",UNIQUE,RED-VA-E-B-100 | RED-VA-I-S-100 | RED-PEN-B-I-B-100,477,2023-11-01,0,262/05.04.2023,SERVICII DE SECURITATE CIBERNETICA ACT ADITIONAL NR.1 | LA CONTRACT NR.262 DIN 05.04.2023( 6.800 euro +TVA la cursul BNR) | SERVICII DE SECURITATE CIBERNETICA ACT ADITIONAL NR.1 | LA CONTRACT NR.262 DIN 05.04.2023( 6.800 euro +TVA la cursul,,"CONTRACT; contract, date:0d; company=STANDARD; dominant=RED-VA-E-B-100 (67%)"
accounting:BT.BIT 712,no,RED-VA-E-B-100,,STANDARD,8,15,RED-VA-E-B-100,0.667,0.000,MIXED/UNKNOWN,REVIEW,MEDIUM,CONTRACT,ron,cms689p5p01q7rt35clmujo5t,BT.BIT 712,CAPITAL FINANCIAL SERVICES SA,2024-09-16,RON,10000.00,49737.00,,RED-VA-E-B-100,RED-VA-E-B-<limit>,"{""limit"":""100""}",UNIQUE,RED-PEN-B-I-B-100 | RED-VA-E-B-100 | RED-VA-I-S-100,476,2023-09-01,381,262/05.04.2023,"ACT ADITIONAL 2 ? SERVICII DE SECURITATE CIBERNETICA | Contract Nr. 262/05.04.2023( 10.000 euro+TVA la cursul BNR de 4,9737 lei) | ACT ADITIONAL 2 ? SERVICII DE SECURITATE CIBERNETICA | Contract Nr. 262/05.04.2023( 10.000 euro+TVA la cursul",,CONTRACT; contract; company=STANDARD; dominant=RED-VA-E-B-100 (67%)
accounting:BT.R.BIT 86,no,RED-PEN-B-E-B-10,,SMALL,1,1,RED-PEN-B-E-B-10,1.000,0.000,MIXED/UNKNOWN,REVIEW,LOW,PROFILE,valuta,cms689rlu02mtrt353q2u4jl9,BT.R.BIT 86,CARMA,2026-01-13,EUR,4400.00,22394.24,,RED-PEN-B-E-B-10,RED-PEN-B-E-B-<limit>,"{""limit"":""10""}",UNIQUE,RED-PEN-B-E-B-10,1262,2026-01-13,0,13.01.2026,Test intrusion IDEAS X 1 piece Test intrusion Eboutique x 1 piece | **Commande d'achat N� **87726026 - FRD902 **date de la commande **13.01.2026 | Test intrusion IDEAS X 1 piece | **Commande d'achat N� **87726026 - FRD902 **date de la comma,"[{""line"":1,""service"":""Test intrusion IDEAS X 1 piece | **Commande d'achat N� **87726026 - FRD902 **date de la commande **13.01.2026"",""partNumber"":""RED-PEN-B-E-B-10"",""confidence"":""LOW"",""trackerRow"":1262},{""line"":2,""service"":""Test intrusion Eboutique x 1 piece | **Commande d'achat N� **87726026 - FRD902 **date de la commande **13.01.2026"",""partNumber"":"""",""confidence"":""NONE"",""trackerRow"":null}]",PROFILE; date:0d; company=SMALL; dominant=RED-PEN-B-E-B-10 (100%)
accounting:BT.BIT 231,no,RED-PEN-B-E-B-25,,SMALL,2,2,RED-PEN-B-E-B-25,0.500,0.000,MIXED/UNKNOWN,REVIEW,LOW,SCORED,valuta,cms689m2f00jtrt35hkml8tru,BT.BIT 231,CARREFOUR BANQUE,2025-04-03,EUR,11000.00,54751.40,,RED-PEN-B-E-B-25,RED-PEN-B-E-B-<limit>,"{""limit"":""25""}",UNIQUE,RED-PEN-B-E-B-25,1260,2025-04-03,0,3.4.2025,Test intrusion 4500034990 / 03.04.2025 | Test intrusion 4500034990 / 03.04.2025,,"SCORED; date:0d, amount:0.0%; company=SMALL; dominant=RED-PEN-B-E-B-25 (50%)"
accounting:BT.R.BIT 59,no,RED-PEN-B-E-B-30,,SMALL,1,1,RED-PEN-B-E-B-30,1.000,0.000,MIXED/UNKNOWN,REVIEW,LOW,PROFILE,valuta,cms689r3302gtrt35ahrjw5py,BT.R.BIT 59,CARREFOUR BELGIUM SA,2025-11-28,EUR,13200.00,67189.32,,RED-PEN-B-E-B-30,RED-PEN-B-E-B-<limit>,"{""limit"":""30""}",UNIQUE,RED-PEN-B-E-B-30,1554,2025-11-28,0,FRAMEWORK AGREEMENT for the provision of Services,Services according to Order No 4300097291 27.10.2025 | related to the FRAMEWORK AGREEMENT for the provision of Services signed on 13.10.2025 | Services according to Order No 4300097291 27.10.2025 | related to the FRAMEWORK AGREEMENT for the,,"PROFILE; date:0d, amount:0.0%; company=SMALL; dominant=RED-PEN-B-E-B-30 (100%)"
accounting:BT.R.BIT 262,no,RED-PEN-B-E-B-5,,SMALL,2,2,RED-PEN-B-E-B-5,0.500,0.000,MIXED/UNKNOWN,REVIEW,LOW,SCORED,valuta,cms689tmf0375rt35noshcv3c,BT.R.BIT 262,CARREFOUR GLOBAL SOURCING ASIA LIMITED,2025-11-24,EUR,2200.00,11196.02,,RED-PEN-B-E-B-5,RED-PEN-B-E-B-<limit>,"{""limit"":""5""}",UNIQUE,RED-PEN-B-E-B-5 | RED-PEN-B-E-B-2,1254,2025-11-24,0,5.11.2025,Penetration testing services accordingly | with SERVICE AGREEMENT from 7 October 2025 | Penetration testing services accordingly | with SERVICE AGREEMENT from 7 October 2025,,"SCORED; date:0d, amount:0.0%; company=SMALL; dominant=RED-PEN-B-E-B-5 (50%)"
accounting:429,no,RED-PEN-S-B-1,,STANDARD,12,12,RED-PEN-B-E-B-5,0.250,0.222,MIXED/UNKNOWN,REVIEW,MEDIUM,SCORED,ron,cms689nd50115rt3522gdp4z7,429,CARREFOUR ROMANIA SA,2022-12-15,RON,9000.00,44285.40,,RED-PEN-S-B-1,RED-PEN-S-B-<limit>,"{""limit"":""1""}",UNIQUE,RED-PEN-S-B-1,844,2022-12-15,0,1024CRF / 18.10.2022,SERVICII CONFORM COMANDA 92215 Numar bon CHDQ12911 | ID articol 96820 INTRET ECHIPAMENT INFORMATIC OPEX Securitate IT Servicii teste de penetrare aplicatie Portal Furnizori( 9.000 euro+TVA la cursul BNR) | SERVICII CONFORM COMANDA 92215 Num,,"SCORED; date:0d, amount:0.0%; company=STANDARD; dominant=RED-PEN-B-E-B-5 (25%)"
accounting:BT.BIT 548,no,RED-AUDIT-A-3,,STANDARD,12,12,RED-PEN-B-E-B-5,0.250,0.222,MIXED/UNKNOWN,REVIEW,MEDIUM,SCORED,ron,cms689o4l01bnrt35xcomta89,BT.BIT 548,CARREFOUR ROMANIA SA,2023-11-01,RON,,37260.75,,RED-AUDIT-A-3,RED-AUDIT-A-<limit>,"{""limit"":""3""}",UNIQUE,RED-AUDIT-A-3,845,2023-10-30,2,NR. 1 DIN 19.06.2023,Infrastructure and store audit services | Comanda de aprovizionare: 2110021828 ACT ADITIONAL NR.1 DIN 01.09.2023 LA CONTRACT 1024CFR/18.10.2022 | Infrastructure and store audit services | Comanda de aprovizionare: 2110021828 ACT ADITIONAL N,,SCORED; date:2d; company=STANDARD; dominant=RED-PEN-B-E-B-5 (25%)
accounting:BT.BIT 675,no,RED-PEN-B-I-B-20,,STANDARD,12,12,RED-PEN-B-E-B-5,0.250,0.222,MIXED/UNKNOWN,REVIEW,MEDIUM,SCORED,ron,cms689oxe01mwrt35b2ikx9ss,BT.BIT 675,CARREFOUR ROMANIA SA,2024-07-02,RON,6750.00,32700.00,,RED-PEN-B-I-B-20,RED-PEN-B-I-B-<limit>,"{""limit"":""20""}",UNIQUE,RED-PEN-B-I-B-20 | RED-PEN-B-E-B-5 | BLUE-IR-20 | RED-PEN-B-E-B-30,1248,2024-07-02,0,26.4.2024,"Servicii Pentest/audit informatic aplicatie noua | Price Checker - pilot Vulcan cf Oferta - 9 MD, 6750 EUR Comanda 9990006605 din 25.4.2024 CONTRACT DE PRESTARI SERVICII Nr. 1024CRF / 18.10.2022 | Servicii Pentest/audit informatic aplicatie",,"SCORED; date:0d, amount:0.0%; company=STANDARD; dominant=RED-PEN-B-E-B-5 (25%)"
accounting:BT.BIT 676,no,RED-PEN-B-E-B-5,,STANDARD,12,12,RED-PEN-B-E-B-5,0.250,0.222,MIXED/UNKNOWN,REVIEW,MEDIUM,SCORED,ron,cms689oxm01mzrt35ztojub33,BT.BIT 676,CARREFOUR ROMANIA SA,2024-07-02,RON,440.00,17520.00,,RED-PEN-B-E-B-5,RED-PEN-B-E-B-<limit>,"{""limit"":""5""}",UNIQUE,RED-PEN-B-I-B-20 | RED-PEN-B-E-B-5 | BLUE-IR-20 | RED-PEN-B-E-B-30,1250,2024-07-02,0,14.6.2024,Pentest aplicatie cf oferta 8MD 440 EUR | Comanda 9990010316 din 12.6.2024 CONTRACT DE PRESTARI SERVICII Nr. 1024CRF / 18.10.2022 | Pentest aplicatie cf oferta 8MD 440 EUR | Comanda 9990010316 din 12.6.2024 CONTRACT DE PRESTARI SERVICII Nr.,,SCORED; date:0d; company=STANDARD; dominant=RED-PEN-B-E-B-5 (25%)
accounting:BT.BIT 677,no,RED-PEN-B-E-B-5,,STANDARD,12,12,RED-PEN-B-E-B-5,0.250,0.222,MIXED/UNKNOWN,REVIEW,MEDIUM,SCORED,ron,cms689oxw01n2rt35koh9emxw,BT.BIT 677,CARREFOUR ROMANIA SA,2024-07-02,RON,,10948.75,,RED-PEN-B-E-B-5,RED-PEN-B-E-B-<limit>,"{""limit"":""5""}",UNIQUE,RED-PEN-B-I-B-20 | RED-PEN-B-E-B-5 | BLUE-IR-20 | RED-PEN-B-E-B-30,1251,2024-07-02,0,4.6.2024,Penetration Testing Comanda 2110103636 din 14.6.2024 | CONTRACT DE PRESTARI SERVICII Nr. 1024CRF / 18.10.2022 | Penetration Testing Comanda 2110103636 din 14.6.2024 | CONTRACT DE PRESTARI SERVICII Nr. 1024CRF / 18.10.2022,,SCORED; date:0d; company=STANDARD; dominant=RED-PEN-B-E-B-5 (25%)
accounting:BT.BIT 699,no,BLUE-IR-20,,STANDARD,12,12,RED-PEN-B-E-B-5,0.250,0.222,MIXED/UNKNOWN,REVIEW,MEDIUM,SCORED,ron,cms689p3901p3rt351ax2890h,BT.BIT 699,CARREFOUR ROMANIA SA,2024-09-02,RON,6600.00,27647.06,,BLUE-IR-20,BLUE-IR-<limit>,"{""limit"":""20""}",UNIQUE,BLUE-IR-20 | RED-PEN-B-I-B-20 | RED-PEN-B-E-B-30 | RED-PEN-B-E-B-5,1249,2024-09-02,0,21.5.2024,Comanda 9990010315 din 12.6.2024 | servicii securitate it de tip investigatie cf Oferta 15/zile/om = 6.600 Euro fara TVA . CONTRACT DE PRESTARI SERVICII Nr. 1024CRF / 18.10.2022 | Comanda 9990010315 din 12.6.2024 | servicii securitate it de,,"SCORED; date:0d, amount:0.0%; company=STANDARD; dominant=RED-PEN-B-E-B-5 (25%)"
accounting:BT.BIT 713,no,RED-PEN-B-E-B-30,,STANDARD,12,12,RED-PEN-B-E-B-5,0.250,0.222,MIXED/UNKNOWN,REVIEW,MEDIUM,SCORED,ron,cms689p5w01qart35g06khcad,BT.BIT 713,CARREFOUR ROMANIA SA,2024-09-27,RON,,22981.27,,RED-PEN-B-E-B-30,RED-PEN-B-E-B-<limit>,"{""limit"":""30""}",UNIQUE,RED-PEN-B-E-B-30 | BLUE-IR-20 | RED-PEN-B-E-B-5 | RED-PEN-B-I-B-20,1252,2024-09-18,9,17.09.2024,"Comanda 2110105682 din 17.9.2024 pentru Testare securitate | SCO-uri, conform oferta 1 Buc x 22.981,27RON, CONTRACT DE PRESTARI SERVICII Nr. 1024CRF / 18.10.2022 | Comanda 2110105682 din 17.9.2024 pentru Testare securitate | SCO-uri, confor",,SCORED; date:9d; company=STANDARD; dominant=RED-PEN-B-E-B-5 (25%)
accounting:BT.BIT 771,no,RED-PEN-B-E-B-5,,STANDARD,12,12,RED-PEN-B-E-B-5,0.250,0.222,MIXED/UNKNOWN,REVIEW,MEDIUM,SCORED,ron,cms689pic01vdrt35ghoxrhw4,BT.BIT 771,CARREFOUR ROMANIA SA,2024-12-10,RON,,6569.91,,RED-PEN-B-E-B-5,RED-PEN-B-E-B-<limit>,"{""limit"":""5""}",UNIQUE,RED-PEN-B-E-B-5 | RED-PEN-B-E-B-30 | BLUE-IR-20 | RED-PEN-B-E-B-3 | RED-PEN-B-I-B-20,1253,2024-12-10,0,30.8.2024,"Comanda 2110105275 din 30.8.2024 pentru Servicii Testare | de securitate 3 Buc x 2.189,97 RON +TVA per 1 BUC in baza CONTRACT DE PRESTARI SERVICII Nr. 1024CRF / 18.10.2022 | Comanda 2110105275 din 30.8.2024 pentru Servicii Testare | de secu",,SCORED; date:0d; company=STANDARD; dominant=RED-PEN-B-E-B-5 (25%)
accounting:BT.BIT 877,no,RED-PEN-B-E-B-3,,STANDARD,12,12,RED-PEN-B-E-B-5,0.250,0.222,MIXED/UNKNOWN,REVIEW,MEDIUM,SCORED,ron,cms689q5x024hrt35e5yi6ftd,BT.BIT 877,CARREFOUR ROMANIA SA,2025-05-12,RON,1321.22,6760.00,,RED-PEN-B-E-B-3,RED-PEN-B-E-B-<limit>,"{""limit"":""3""}",UNIQUE,RED-PEN-B-E-B-3 | RED-PEN-B-E-B-5 | RED-PEN-B-E-B-10 | RED-PEN-B-E-B-12,1263,2025-05-12,0,08.05.2025,"Servicii conform Comanda-consolidata | 9990023672-2025-4-8-11-22, audit securitate ecarrefour.ro | Servicii conform Comanda-consolidata | 9990023672-2025-4-8-11-22, audit securitate ecarrefour.ro",,"SCORED; date:0d, amount:0.1%; company=STANDARD; dominant=RED-PEN-B-E-B-5 (25%)"
accounting:BT.BIT 900,no,RED-PEN-B-E-B-10,,STANDARD,12,12,RED-PEN-B-E-B-5,0.250,0.222,MIXED/UNKNOWN,REVIEW,MEDIUM,SCORED,ron,cms689qb6026hrt35whgwqcr6,BT.BIT 900,CARREFOUR ROMANIA SA,2025-06-16,RON,4.42,22250.00,,RED-PEN-B-E-B-10,RED-PEN-B-E-B-<limit>,"{""limit"":""10""}",UNIQUE,RED-PEN-B-E-B-10 | RED-PEN-B-E-B-3 | RED-PEN-B-E-B-12,1264,2025-06-16,0,3.6.2025,Servicii conform comanda 9990024433 | Penetration Testing Services for Mobile Application (iOS) Penetration Testing Services for Mobile Application (Android) | Servicii conform comanda 9990024433 | Penetration Testing Services for Mobile Ap,,SCORED; date:0d; company=STANDARD; dominant=RED-PEN-B-E-B-5 (25%)
accounting:BT.R.BIT 961,no,RED-PEN-B-E-B-12,,STANDARD,12,12,RED-PEN-B-E-B-5,0.250,0.222,MIXED/UNKNOWN,REVIEW,MEDIUM,SCORED,ron,cms689r7002iert35s4emm0ml,BT.R.BIT 961,CARREFOUR ROMANIA SA,2025-10-08,RON,5280.00,26883.65,,RED-PEN-B-E-B-12,RED-PEN-B-E-B-<limit>,"{""limit"":""12""}",UNIQUE,RED-PEN-B-E-B-12 | RED-PEN-B-E-B-10 | RED-PEN-B-E-B-3,1265,2025-10-08,0,07.10.2025,"Servicii conform Comanda de aprovizionare: | 2110111307, Vulnerability Scanning, Vulnerability Assessment | Servicii conform Comanda de aprovizionare: | 2110111307, Vulnerability Scanning, Vulnerability Assessment",,"SCORED; date:0d, amount:0.0%; company=STANDARD; dominant=RED-PEN-B-E-B-5 (25%)"
accounting:BT.BIT 1061,no,RED-PEN-B-E-B-6,,STANDARD,12,12,RED-PEN-B-E-B-5,0.250,0.222,MIXED/UNKNOWN,REVIEW,MEDIUM,SCORED,ron,cms689syl030nrt35yu8mwqot,BT.BIT 1061,CARREFOUR ROMANIA SA,2026-04-14,RON,2640.63,13450.56,,RED-PEN-B-E-B-6,RED-PEN-B-E-B-<limit>,"{""limit"":""6""}",UNIQUE,RED-PEN-B-E-B-6,1266,2026-04-14,0,08.04.2026,"Servicii conform Comanda de aprovizionare: | 2110113760: Pentest API-uri integrare WOLT - 6 buc( 2,241,76 RON x 6 buc = 13,450,56 RON + TVA) | Servicii conform Comanda de aprovizionare: | 2110113760: Pentest API-uri integrare WOLT - 6 buc( ",,"SCORED; date:0d, amount:0.0%; company=STANDARD; dominant=RED-PEN-B-E-B-5 (25%)"
accounting:BT.BIT 233,no,RED-PEN-B-E-B-20,,SMALL,4,4,RED-PEN-B-E-B-20,0.500,0.333,MIXED/UNKNOWN,REVIEW,LOW,SCORED,valuta,cms689m2w00jzrt35gxizhde4,BT.BIT 233,CARREFOUR SYSTEMES D'INFORMATION 0552 MASSY,2025-04-09,EUR,8800.00,43799.36,,RED-PEN-B-E-B-20,RED-PEN-B-E-B-<limit>,"{""limit"":""20""}",UNIQUE,RED-PEN-B-E-B-20,1256,2025-04-08,1,23.1.2025,R�alisation Pentest Cybers�curit� - 2025 | BITSENTINEL Purchase Order: 6000529099 24.1.2025 | R�alisation Pentest Cybers�curit� - 2025 | BITSENTINEL Purchase Order: 6000529099 24.1.2025,,"SCORED; date:1d, amount:0.0%; company=SMALL; dominant=RED-PEN-B-E-B-20 (50%)"
accounting:BT.R.BIT 259,no,RED-PEN-B-E-B-12,,SMALL,4,4,RED-PEN-B-E-B-20,0.500,0.333,MIXED/UNKNOWN,REVIEW,LOW,SCORED,valuta,cms689tlu036zrt35p8het658,BT.R.BIT 259,CARREFOUR SYSTEMES D'INFORMATION 0552 MASSY,2025-10-23,EUR,5280.00,26838.77,,RED-PEN-B-E-B-12,RED-PEN-B-E-B-<limit>,"{""limit"":""12""}",UNIQUE,RED-PEN-B-E-B-12 | RED-PEN-B-E-B-4 | RED-PEN-B-E-B-20,1257,2025-10-23,0,22.10.2025,"R�alisation Pentest Cybers�curit� - 2025 | - 2025 - BITSENTINEL, Purchase order: 6000738692 22.10.2025 | R�alisation Pentest Cybers�curit� - 2025 | - 2025 - BITSENTINEL, Purchase order: 6000738692 22.10.2025",,"SCORED; date:0d, amount:0.0%; company=SMALL; dominant=RED-PEN-B-E-B-20 (50%)"
accounting:BT.BIT 32,no,,,UNMATCHED,,,,,,,SKIP_NO_MATCH,NONE,NONE,valuta,cms689kpk002prt35ybeyapx2,BT.BIT 32,CASHFREE NV,2018-08-27,EUR,41760.00,193670.35,,,,,EMPTY,,,,,,Services under contract no.129 of 13.08.2018 | Services under contract no.129 of 13.08.2018,,Organization not found in tracker.
accounting:BT.BIT 42,no,,,UNMATCHED,,,,,,,SKIP_NO_MATCH,NONE,NONE,valuta,cms689ks0003krt35rvg1e4y6,BT.BIT 42,CENTRYS INC,2019-01-28,EUR,6296.00,29999.18,,,,,EMPTY,,,,,,"Contract: 140 / 16.01.2019, appendix 1 - Wallets stage, | representing a 40% | Contract: 140 / 16.01.2019, appendix 1 - Wallets stage, | representing a 40%",,Organization not found in tracker.
accounting:BT.BIT 44,no,,,UNMATCHED,,,,,,,SKIP_NO_MATCH,NONE,NONE,valuta,cms689ksh003qrt3537ozh46p,BT.BIT 44,CENTRYS INC,2019-02-25,EUR,9444.00,44971.38,,,,,EMPTY,,,,,,"Contract: 140 / 16.01.2019, appendix 1 - Wallets stage | Contract: 140 / 16.01.2019, appendix 1 - Wallets stage",,Organization not found in tracker.
accounting:BT.BIT 50,no,,,UNMATCHED,,,,,,,SKIP_NO_MATCH,NONE,NONE,valuta,cms689ktz0045rt35d5w2zbf7,BT.BIT 50,CENTRYS INC,2019-06-03,EUR,7476.00,35273.26,,,,,EMPTY,,,,,,"Contract: 140 / 16.01.2019, appendix 3 - Wallets stage | Contract: 140 / 16.01.2019, appendix 3 - Wallets stage",,Organization not found in tracker.
accounting:BT.BIT 62,no,,,UNMATCHED,,,,,,,SKIP_NO_MATCH,NONE,NONE,valuta,cms689kwz0058rt35ifn53qvx,BT.BIT 62,CENTRYS INC,2019-12-17,EUR,3148.00,15041.46,,,,,EMPTY,,,,,,"SERVICII CONFORM CONTRACT 140 / 16.01.2019, Appendix 1 | SERVICII CONFORM CONTRACT 140 / 16.01.2019, Appendix 1",,Organization not found in tracker.
accounting:BT.BIT 260,no,RED-PEN-B-I-BP-150,,MANY,42,32,RED-PEN-M-G-1,0.281,0.346,MIXED/UNKNOWN,REVIEW,MEDIUM,SCORED,ron,cms689m8y00mert35z0vgfsiy,BT.BIT 260,CERTSIGN SA,2021-03-16,RON,1250.00,6107.62,,RED-PEN-B-I-BP-150,RED-PEN-B-I-BP-<limit>,"{""limit"":""150""}",UNIQUE,RED-PEN-B-I-BP-150 | RED-PEN-S-B-3 | CYBEREDU-RUN-EX-1 | RED-PEN-S-B-1,62,2021-02-22,22,1/20.01.2021,SERVICII DE SECURITATE INFORMATICA COMANDA 2/27.02.2021 | CONTRACT 178/19.01.2021/45B77B/21013C proces verbal de receptie 18/16.03.2021( 1.250 euro+TVA la cursul BNR) | SERVICII DE SECURITATE INFORMATICA COMANDA 2/27.02.2021 | CONTRACT 178/,,SCORED; date:22d; company=MANY; dominant=RED-PEN-M-G-1 (28%)
accounting:BT.BIT 283,no,RED-PEN-S-B-1,,MANY,42,32,RED-PEN-M-G-1,0.281,0.346,MIXED/UNKNOWN,REVIEW,MEDIUM,SCORED,ron,cms689meo00ofrt3573tu96lw,BT.BIT 283,CERTSIGN SA,2021-08-16,RON,1650.00,8104.45,,RED-PEN-S-B-1,RED-PEN-S-B-<limit>,"{""limit"":""1""}",UNIQUE,RED-PEN-S-B-1 | RED-PEN-S-B-3 | RED-PEN-B-I-BP-150,63,2021-08-16,0,2/27.02.2021,SERVICII CONFORM CONTRACT DE PRESTARI SERVICII | Nr. certSIGN 45/B77B/21013 C Nr Bit Sentinel 178/19.01.2021; Acceptanta: 21 / 05.08.2021; Livrabile servicii de securitate informatica in conf. cu Comanda 3/02.07.2021 ( 1.650 euro+TVA la cur,,"SCORED; date:0d, amount:0.0%; company=MANY; dominant=RED-PEN-M-G-1 (28%)"
accounting:BT.BIT 303,no,RED-PEN-S-B-3,,MANY,42,32,RED-PEN-M-G-1,0.281,0.346,MIXED/UNKNOWN,REVIEW,MEDIUM,SCORED,ron,cms689mjn00qert35rzwhbt1p,BT.BIT 303,CERTSIGN SA,2021-11-17,RON,3000.00,14846.10,,RED-PEN-S-B-3,RED-PEN-S-B-<limit>,"{""limit"":""3""}",UNIQUE,RED-PEN-S-B-3 | RED-PEN-S-B-1 | RED-PEN-B-I-BP-150,64,2021-11-17,0,4/9.07.2021,SERV. CONF. CONTRACT NR.certSIGN 45/B77B/21013 C/20.01.2021 | 3.000 euro+TVA la cursul BNR conform Comanda 4/ 09.07.2021 | SERV. CONF. CONTRACT NR.certSIGN 45/B77B/21013 C/20.01.2021 | 3.000 euro+TVA la cursul BNR conform Comanda 4/ 09.07.2,,"SCORED; date:0d, amount:0.0%; company=MANY; dominant=RED-PEN-M-G-1 (28%)"
accounting:BT.BIT 332,no,RED-PEN-B-I-BP-150,,MANY,42,32,RED-PEN-M-G-1,0.281,0.346,MIXED/UNKNOWN,REVIEW,MEDIUM,SCORED,ron,cms689mql00strt3551frzv4k,BT.BIT 332,CERTSIGN SA,2022-03-08,RON,,68051.50,,RED-PEN-B-I-BP-150,RED-PEN-B-I-BP-<limit>,"{""limit"":""150""}",UNIQUE,RED-PEN-B-I-BP-150 | RED-PEN-M-G-1 | RED-PEN-S-B-3,65,2022-03-08,0,1/19.01.2022,"SERVICII DE SECURITATE INFORMATICA COMANDA 1/19.01.2022 | Contract certSIGN 45/B77B/210120C, proces verbal acceptanta nr.23/14.02.2022. | SERVICII DE SECURITATE INFORMATICA COMANDA 1/19.01.2022 | Contract certSIGN 45/B77B/210120C, proces ve",,SCORED; date:0d; company=MANY; dominant=RED-PEN-M-G-1 (28%)
accounting:BT.BIT 364,no,RED-PEN-M-G-1,,MANY,42,32,RED-PEN-M-G-1,0.281,0.346,MIXED/UNKNOWN,REVIEW,MEDIUM,SCORED,ron,cms689mye00virt353rikm4le,BT.BIT 364,CERTSIGN SA,2022-06-21,RON,50.00,22251.60,,RED-PEN-M-G-1,RED-PEN-M-G-<limit>,"{""limit"":""1""}",UNIQUE,RED-PEN-M-G-1 | RED-PEN-B-I-BP-150 | RED-PEN-B-I-BP-30 | RED-PEN-B-I-BP-10,66,2022-06-21,0,2/08.04.2022,SERVICII PENETRATION TESTING SI EVALUAREA | VULNERABILITATILOR IN CONFORMITATE CU STANDARDELE GLOBALE DE SECURITATE INFORMATICA SI CU METODOLOGIA DIN CONTRACT CERTSIGN 45/B77B/21013 C/20.01.2021 (90*50 EURO=4.500 EURO+TVA LA CURSUL BNR) | S,,SCORED; date:0d; company=MANY; dominant=RED-PEN-M-G-1 (28%)
accounting:BT.BIT 372,no,RED-PEN-M-G-1,,MANY,42,32,RED-PEN-M-G-1,0.281,0.346,MIXED/UNKNOWN,REVIEW,MEDIUM,SCORED,ron,cms689n0g00w6rt35w13o1xus,BT.BIT 372,CERTSIGN SA,2022-07-14,RON,9300.00,45955.02,,RED-PEN-M-G-1,RED-PEN-M-G-<limit>,"{""limit"":""1""}",UNIQUE,RED-PEN-M-G-1 | RED-PEN-B-I-BP-150 | RED-PEN-B-I-BP-30 | RED-PEN-B-I-BP-10,67,2022-07-14,0,nr 2,"SERVICII DE PENETRATION TESTING | IN CONF.CU AA 1/24.05.2022, ACT ADITIONAL NT.2 LA CONTRACTUL NR.178/19.01.2021 NR. CERTSIGN 45/B77B/21013C, PROCES VERBAL DE ACCEPTANTA NR.24/14.07.2022( 9.300 EURO+TVA LA CURSUL BNR) | SERVICII DE PENETRAT",,"SCORED; date:0d, amount:0.0%; company=MANY; dominant=RED-PEN-M-G-1 (28%)"
accounting:422,no,RED-PEN-B-I-BP-30,,MANY,42,32,RED-PEN-M-G-1,0.281,0.346,MIXED/UNKNOWN,REVIEW,MEDIUM,SCORED,ron,cms689nbl010krt356nxm05gg,422,CERTSIGN SA,2022-12-14,RON,2100.00,10355.94,,RED-PEN-B-I-BP-30,RED-PEN-B-I-BP-<limit>,"{""limit"":""30""}",UNIQUE,RED-PEN-B-I-BP-30 | RED-PEN-B-I-BP-10 | RED-PEN-M-G-1 | RED-PEN-B-I-BP-130,68,2022-12-14,0,3,"Livrabile servicii de securitate informatica in conf. cu | Comanda 3/10.06.2022 la Contract prestari servicii Nr. certSIGN 45/B77B/21013 C/ 20.01.2021, CONTRACT DE PRESTARI SERVICII Nr Bit Sentinel 178/19.01.2021 (2.100 euro+TVA la cursul B",,"SCORED; date:0d, amount:0.0%; company=MANY; dominant=RED-PEN-M-G-1 (28%)"
accounting:423,no,RED-PEN-B-I-BP-10,,MANY,42,32,RED-PEN-M-G-1,0.281,0.346,MIXED/UNKNOWN,REVIEW,MEDIUM,SCORED,ron,cms689nbu010nrt354d41ci4y,423,CERTSIGN SA,2022-12-14,RON,1000.00,4931.40,,RED-PEN-B-I-BP-10,RED-PEN-B-I-BP-<limit>,"{""limit"":""10""}",UNIQUE,RED-PEN-B-I-BP-10 | RED-PEN-B-I-BP-30 | RED-PEN-M-G-1 | RED-PEN-B-I-BP-130,69,2022-12-14,0,4,"Livrabile servicii de securitate informatica in conf. cu | Comanda 4/03.08.2022 la Contract prestari servicii Nr. certSIGN 45/B77B/21013 C/ 20.01.2021, CONTRACT DE PRESTARI SERVICII Nr Bit Sentinel 178/19.01.2021 (1.000 euro+TVA la cursul B",,"SCORED; date:0d, amount:0.0%; company=MANY; dominant=RED-PEN-M-G-1 (28%)"
accounting:442,no,RED-PEN-B-I-BP-130,,MANY,42,32,RED-PEN-M-G-1,0.281,0.346,MIXED/UNKNOWN,REVIEW,MEDIUM,SCORED,ron,cms689nga0129rt35am4ggqde,442,CERTSIGN SA,2022-12-28,RON,12500.00,61597.50,,RED-PEN-B-I-BP-130,RED-PEN-B-I-BP-<limit>,"{""limit"":""130""}",UNIQUE,RED-PEN-B-I-BP-130 | RED-PEN-B-I-BP-30 | RED-PEN-B-I-BP-10 | RED-PEN-B-I-BP-150 | RED-PEN-M-G-1,70,2022-12-28,0,5,"SERVICII CONF.CONTR. Nr.certSIGN 45/B77B/21013 C/ 20.01.2021 | Nr Bit Sentinel 178/19.01.2021, Livrabile servicii de securitate informatica in conf. cu Comanda 5/21.10.2022( 12.500 euro+TVA la cursul BNR) | SERVICII CONF.CONTR. Nr.certSIGN ",,"SCORED; date:0d, amount:0.0%; company=MANY; dominant=RED-PEN-M-G-1 (28%)"
accounting:BT.BIT 575,no,RED-AUDIT-A-10,,MANY,42,32,RED-PEN-M-G-1,0.281,0.346,MIXED/UNKNOWN,REVIEW,MEDIUM,SCORED,ron,cms689oal01e7rt35e54z86mv,BT.BIT 575,CERTSIGN SA,2023-12-11,RON,15400.00,76502.58,,RED-AUDIT-A-10,RED-AUDIT-A-<limit>,"{""limit"":""10""}",UNIQUE,RED-PEN-M-G-1 | RED-AUDIT-A-10 | RED-PEN-B-I-BP-10 | RED-PEN-B-I-BP-130,72,2023-12-11,0,263,SERVICII CONFORM CONTRACT 263/13.04.2023 | 15.400 euro+TVA la cursul BNR | SERVICII CONFORM CONTRACT 263/13.04.2023 | 15.400 euro+TVA la cursul BNR,,SCORED; date:0d; company=MANY; dominant=RED-PEN-M-G-1 (28%)
accounting:BT.BIT 576,no,RED-PEN-M-G-1,,MANY,42,32,RED-PEN-M-G-1,0.281,0.346,MIXED/UNKNOWN,REVIEW,MEDIUM,SCORED,ron,cms689oav01eart358w893ajj,BT.BIT 576,CERTSIGN SA,2023-12-11,RON,2100.00,10432.17,,RED-PEN-M-G-1,RED-PEN-M-G-<limit>,"{""limit"":""1""}",UNIQUE,RED-PEN-M-G-1 | RED-AUDIT-A-10 | RED-PEN-B-I-BP-10 | RED-PEN-B-I-BP-30,71,2023-12-11,0,1,"Livrabile servicii de securitate informatica in conf. cu | Comanda 1/06.09.2023 la Contract prestari servicii Nr. certSIGN 45/B77B/21013 C/ 20.01.2021, CONTRACT DE PRESTARI SERVICII Nr Bit Sentinel 178/19.01.2021 (2.100 euro+TVA la cursul B",,"SCORED; date:0d, amount:0.0%; company=MANY; dominant=RED-PEN-M-G-1 (28%)"
accounting:BT.BIT 577,no,RED-PEN-M-G-1,,MANY,42,32,RED-PEN-M-G-1,0.281,0.346,MIXED/UNKNOWN,REVIEW,MEDIUM,SCORED,ron,cms689ob301edrt35vduagrsg,BT.BIT 577,CERTSIGN SA,2023-12-11,RON,1000.00,4967.70,,RED-PEN-M-G-1,RED-PEN-M-G-<limit>,"{""limit"":""1""}",UNIQUE,RED-PEN-M-G-1 | RED-AUDIT-A-10 | RED-PEN-B-I-BP-10,75,2023-12-11,0,2,"Livrabile servicii de securitate informatica in conf. cu | Comanda 2/05.10.2023 la Contract prestari servicii Nr. certSIGN 45/B77B/21013 C/ 20.01.2021, CONTRACT DE PRESTARI SERVICII Nr Bit Sentinel 178/19.01.2021 (1.000 euro+TVA la cursul B",,"SCORED; date:0d, amount:0.0%; company=MANY; dominant=RED-PEN-M-G-1 (28%)"
accounting:BT.BIT 592,no,RED-PEN-B-I-BP-130,,MANY,42,32,RED-PEN-M-G-1,0.281,0.346,MIXED/UNKNOWN,REVIEW,MEDIUM,SCORED,ron,cms689oes01fnrt35r3g9atdn,BT.BIT 592,CERTSIGN SA,2024-01-19,RON,13750.00,68432.38,,RED-PEN-B-I-BP-130,RED-PEN-B-I-BP-<limit>,"{""limit"":""130""}",UNIQUE,RED-PEN-B-I-BP-130 | RED-PEN-M-G-1 | RED-AUDIT-A-10 | RED-PEN-B-I-BP-10,74,2024-01-19,0,3,"Livrabile servicii de securitate informatica in conf. cu | Comanda 3/11.12.2023 la Contract prestari servicii Nr. certSIGN 45/B77B/21013 C/ 20.01.2021, CONTRACT DE PRESTARI SERVICII Nr Bit Sentinel 178/19.01.2021 (13.750 euro+TVA la cursul ",,"SCORED; date:0d, amount:0.0%; company=MANY; dominant=RED-PEN-M-G-1 (28%)"
accounting:BT.BIT 663,no,RED-PEN-M-G-1,,MANY,42,32,RED-PEN-M-G-1,0.281,0.346,MIXED/UNKNOWN,REVIEW,MEDIUM,SCORED,ron,cms689ouk01lwrt35f3h18r5v,BT.BIT 663,CERTSIGN SA,2024-06-18,RON,1100.00,5474.48,,RED-PEN-M-G-1,RED-PEN-M-G-<limit>,"{""limit"":""1""}",UNIQUE,RED-PEN-M-G-1 | RED-PEN-B-I-BP-130,76,2024-06-18,0,4,SERVICII CONFORM COMANDA 4/02.02.2024 | 1.100 euro+TVA la cursul BNR (22ore*50euro fara TVA | SERVICII CONFORM COMANDA 4/02.02.2024 | 1.100 euro+TVA la cursul BNR (22ore*50euro fara TVA,,"SCORED; date:0d, amount:0.0%; company=MANY; dominant=RED-PEN-M-G-1 (28%)"
accounting:BT.BIT 681,no,RED-PEN-M-G-1,,MANY,42,32,RED-PEN-M-G-1,0.281,0.346,MIXED/UNKNOWN,REVIEW,MEDIUM,SCORED,ron,cms689oyz01nfrt350aewj0e6,BT.BIT 681,CERTSIGN SA,2024-07-17,RON,50.00,7944.80,,RED-PEN-M-G-1,RED-PEN-M-G-<limit>,"{""limit"":""1""}",UNIQUE,RED-PEN-M-G-1 | RED-PEN-B-I-BP-130,77,2024-06-17,30,6,SERVICII DE PENETRATION TESTING SI EVALUAREA | VULNERABILIATILOR IN CONFORMITATE CU STANDARDELE GLOBALE DE SECURITATE CONFORM COMANDA 6/17.06.2024 LA CONTRACT NR. certSIGN 45/B77B/21013C/20.01.2021( 32*50 EURO= 1.600 EURO+TVA LA CURSUL BNR),,SCORED; date:30d; company=MANY; dominant=RED-PEN-M-G-1 (28%)
accounting:BT.BIT 783,no,RED-PEN-M-G-1,,MANY,42,32,RED-PEN-M-G-1,0.281,0.346,MIXED/UNKNOWN,REVIEW,MEDIUM,SCORED,ron,cms689pl201wdrt35t5wp5dqd,BT.BIT 783,CERTSIGN SA,2024-12-20,RON,3600.00,17909.64,,RED-PEN-M-G-1,RED-PEN-M-G-<limit>,"{""limit"":""1""}",UNIQUE,RED-PEN-M-G-1 | RED-PEN-B-I-BP-130,79,2024-12-20,0,8,Comanda 7 din 27.09.2024 | conform contract 178/19.01.2021 si 45/B77B/21013 C/20.01.2021( 3.600 euro+TVA la cursul BNR) | Comanda 7 din 27.09.2024 | conform contract 178/19.01.2021 si 45/B77B/21013 C/20.01.2021( 3.600 euro+TVA la cursul BNR,,"SCORED; date:0d, amount:12.5%; company=MANY; dominant=RED-PEN-M-G-1 (28%)"
accounting:BT.BIT 784,no,RED-PEN-M-G-1,,MANY,42,32,RED-PEN-M-G-1,0.281,0.346,MIXED/UNKNOWN,REVIEW,MEDIUM,SCORED,ron,cms689pl901wgrt35topiblhg,BT.BIT 784,CERTSIGN SA,2024-12-20,RON,1200.00,5969.88,,RED-PEN-M-G-1,RED-PEN-M-G-<limit>,"{""limit"":""1""}",UNIQUE,RED-PEN-M-G-1 | RED-PEN-B-I-BP-130,78,2024-12-20,0,7,Comanda 8 din 30.09.2024 | conform contract 178/19.01.2021 si 45/B77B/21013 C/20.01.2021(1.200 euro+TVA la cursul BNR) | Comanda 8 din 30.09.2024 | conform contract 178/19.01.2021 si 45/B77B/21013 C/20.01.2021(1.200 euro+TVA la cursul BNR),,"SCORED; date:0d, amount:0.0%; company=MANY; dominant=RED-PEN-M-G-1 (28%)"
accounting:BT.BIT 785,no,RED-PEN-B-I-BP-130,,MANY,42,32,RED-PEN-M-G-1,0.281,0.346,MIXED/UNKNOWN,REVIEW,MEDIUM,SCORED,ron,cms689plh01wjrt35gwofj0q7,BT.BIT 785,CERTSIGN SA,2024-12-20,RON,12500.00,62186.25,,RED-PEN-B-I-BP-130,RED-PEN-B-I-BP-<limit>,"{""limit"":""130""}",UNIQUE,RED-PEN-B-I-BP-130 | RED-PEN-M-G-1,80,2024-12-20,0,9,Comanda 9 din 29.11.2024 | conform contract 178/19.01.2021 si 45/B77B/21013 C/20.01.2021(12.500 euro+TVA la cursul BNR) | Comanda 9 din 29.11.2024 | conform contract 178/19.01.2021 si 45/B77B/21013 C/20.01.2021(12.500 euro+TVA la cursul BNR,,"SCORED; date:0d, amount:0.0%; company=MANY; dominant=RED-PEN-M-G-1 (28%)"
accounting:BT. BIT 984,no,,,MANY,42,32,RED-PEN-M-G-1,0.281,0.346,MIXED/UNKNOWN,SKIP_NO_MATCH,NONE,NONE,ron,cms689r0202fkrt357b8a0n92,BT. BIT 984,CERTSIGN SA,2025-09-16,RON,11082.00,56110.38,,,,,EMPTY,,,,,,Order 1 to the Contract nr.45/B77A/25075.02 dated 27.05.2025 | 11.082 euro+TVA la cursul BNR | Order 1 to the Contract nr.45/B77A/25075.02 dated 27.05.2025 | 11.082 euro+TVA la cursul BNR,,No accounting-to-tracker activity match met the conservative threshold.
accounting:B.CYB 25,no,,,MANY,42,32,RED-PEN-M-G-1,0.281,0.346,MIXED/UNKNOWN,SKIP_NO_MATCH,NONE,NONE,ron,cms68crhf00dcpj38zq5i5hld,B.CYB 25,CERTSIGN SA,2025-11-03,RON,31753.00,161467.18,,,,,EMPTY,,,,,,SERVICII CONFORM CONTRACT 45/B77A/2507.03C/22.10.2025 | 31.753 euro+TVA la cursul BNR | SERVICII CONFORM CONTRACT 45/B77A/2507.03C/22.10.2025 | 31.753 euro+TVA la cursul BNR,,No accounting-to-tracker activity match met the conservative threshold.
accounting:BT.BIT 1008,no,,,MANY,42,32,RED-PEN-M-G-1,0.281,0.346,MIXED/UNKNOWN,SKIP_NO_MATCH,NONE,NONE,ron,cms689rp602nkrt35h7qpicf5,BT.BIT 1008,CERTSIGN SA,2025-12-23,RON,9318.00,47410.92,,,,,EMPTY,,,,,,SERVICII CONFORM ctr 45/B77A/25075.02C din 27.05.2025 | si a comenzii nr 2 din 23.10.2025( 9318 euro + tva la cursul BNR) | SERVICII CONFORM ctr 45/B77A/25075.02C din 27.05.2025 | si a comenzii nr 2 din 23.10.2025( 9318 euro + tva la cursul,,No accounting-to-tracker activity match met the conservative threshold.
accounting:BT.BIT 1014,no,RED-PEN-B-I-BP-130,,MANY,42,32,RED-PEN-M-G-1,0.281,0.346,MIXED/UNKNOWN,REVIEW,MEDIUM,SCORED,ron,cms689s4702s5rt35dymfcz6v,BT.BIT 1014,CERTSIGN SA,2026-01-26,RON,12497.79,63667.50,,RED-PEN-B-I-BP-130,RED-PEN-B-I-BP-<limit>,"{""limit"":""130""}",UNIQUE,RED-PEN-B-I-BP-130 | RED-PEN-M-G-1 | CYBEREDU-MISC | BLUE-IR-30,81,2026-01-26,0,10,"Servicii penetration testing si evaluarea vulnerabilitatlor | informatice cu metodologia din contract, conform Comanda 1/28.11.2025 la Contract: CONTRACT DE PRESTARI SERVICII Nr. certSIGN 45/B77B/21013 C/20.01.2021Nr. Bit Sentinel Security ",,"SCORED; date:0d, amount:0.0%; company=MANY; dominant=RED-PEN-M-G-1 (28%)"
accounting:BT.BIT 1015,no,RED-PEN-M-G-1,,MANY,42,32,RED-PEN-M-G-1,0.281,0.346,MIXED/UNKNOWN,REVIEW,MEDIUM,SCORED,ron,cms689s4j02s8rt35yabavhzc,BT.BIT 1015,CERTSIGN SA,2026-01-26,RON,1200.00,6113.16,,RED-PEN-M-G-1,RED-PEN-M-G-<limit>,"{""limit"":""1""}",UNIQUE,RED-PEN-M-G-1 | RED-PEN-B-I-BP-130 | CYBEREDU-MISC | BLUE-IR-30,82,2026-01-26,0,11,"Servicii penetration testing si evaluarea vulnerabilitatlor | informatice cu metodologia din contract, conform Comanda 2/28.11.2025 la Contractul Nr. certSIGN 45/B77B/21013 C/20.01.2021 Nr. Bit Sentinel Security 178/19.01.2021 | Servicii pe",,"SCORED; date:0d, amount:0.0%; company=MANY; dominant=RED-PEN-M-G-1 (28%)"
accounting:B.CYB 28,no,CYBEREDU-MISC,,MANY,42,32,RED-PEN-M-G-1,0.281,0.346,MIXED/UNKNOWN,REVIEW,MEDIUM,SCORED,ron,cms68cri400dlpj385le4yaq6,B.CYB 28,CERTSIGN SA,2026-01-30,RON,6684.84,34063.94,,CYBEREDU-MISC,CYBEREDU-MISC,,UNIQUE,CYBEREDU-MISC | BLUE-IR-30 | RED-PEN-B-I-BP-130 | RED-PEN-M-G-1,196,2026-01-30,0,,"SERVICII CONFORM FORMULAR DE COMANDA | Nr. 2 la Contract Nr. 45/B77A/25075.03C/22.10.2025( 6.684,84 euro+TVA la cursul BNR) | SERVICII CONFORM FORMULAR DE COMANDA | Nr. 2 la Contract Nr. 45/B77A/25075.03C/22.10.2025( 6.684,84 euro+TVA la cu",,"SCORED; date:0d, amount:0.0%; company=MANY; dominant=RED-PEN-M-G-1 (28%)"
accounting:BT.BIT 1022,no,CYBEREDU-MISC,,MANY,42,32,RED-PEN-M-G-1,0.281,0.346,MIXED/UNKNOWN,REVIEW,MEDIUM,SCORED,ron,cms689s6g02strt3507f4zbk6,BT.BIT 1022,CERTSIGN SA,2026-01-30,RON,21712.00,110637.84,,CYBEREDU-MISC,CYBEREDU-MISC,,UNIQUE,CYBEREDU-MISC | BLUE-IR-30 | RED-PEN-B-I-BP-130 | RED-PEN-M-G-1,194,2026-01-30,0,,SERVICII CONFORM CONTRACT nr. 45/B77A/25075.02C din | 27.05.2025 si a comenzii nr 3 din 26.11.2025( 21712.00 euro + tva la cursul BNR) | SERVICII CONFORM CONTRACT nr. 45/B77A/25075.02C din | 27.05.2025 si a comenzii nr 3 din 26.11.2025( 217,,"SCORED; date:0d, amount:0.0%; company=MANY; dominant=RED-PEN-M-G-1 (28%)"
accounting:BT.BIT 1023,no,,,MANY,42,32,RED-PEN-M-G-1,0.281,0.346,MIXED/UNKNOWN,SKIP_NO_MATCH,NONE,NONE,ron,cms689s6r02swrt35js4as7b6,BT.BIT 1023,CERTSIGN SA,2026-01-30,RON,37872.00,192984.35,,,,,EMPTY,,,,,,4 traininguri conform ctr 45/B77A/25075.02C din 27.05.2025 | si a comenzii nr 2 din 23.10.2025( 37872 euro + tva la cursul BNR) | 4 traininguri conform ctr 45/B77A/25075.02C din 27.05.2025 | si a comenzii nr 2 din 23.10.2025( 37872 euro + t,,No accounting-to-tracker activity match met the conservative threshold.
accounting:BT.BIT 1024,no,BLUE-IR-30,,MANY,42,32,RED-PEN-M-G-1,0.281,0.346,MIXED/UNKNOWN,REVIEW,MEDIUM,SCORED,ron,cms689s7002szrt35pzwhyvdj,BT.BIT 1024,CERTSIGN SA,2026-02-02,RON,49776.00,253663.47,,BLUE-IR-30,BLUE-IR-<limit>,"{""limit"":""30""}",UNIQUE,BLUE-IR-30 | CYBEREDU-MISC | RED-PEN-B-I-BP-130 | RED-PEN-M-G-1,197,2026-02-02,0,,"Comanda 5 - Incident Management | Contract nr. 45/B77A/25075.02( 49,776.00 euro + tva la cursul BNR) | Comanda 5 - Incident Management | Contract nr. 45/B77A/25075.02( 49,776.00 euro + tva la cursul BNR)",,"SCORED; date:0d, amount:0.0%; company=MANY; dominant=RED-PEN-M-G-1 (28%)"
accounting:BT.BIT 1053,no,CONSULTANCY-MISC-20,,MANY,42,32,RED-PEN-M-G-1,0.281,0.346,MIXED/UNKNOWN,REVIEW,MEDIUM,SCORED,ron,cms689sva02zwrt3522ydidke,BT.BIT 1053,CERTSIGN SA,2026-03-31,RON,8868.00,45217.05,,CONSULTANCY-MISC-20,CONSULTANCY-MISC-<limit>,"{""limit"":""20""}",UNIQUE,CONSULTANCY-MISC-20 | CONSULTANCY-MISC-80 | CYBEREDU-MISC,198,2026-03-31,0,,1 training conform ctr 45/B77A/25075.02C din 27.05.2025 | si a comenzii nr 2 din 23.10.2025( 8868 euro + tva la cursul BNR) | 1 training conform ctr 45/B77A/25075.02C din 27.05.2025 | si a comenzii nr 2 din 23.10.2025( 8868 euro + tva la cu,,"SCORED; date:0d, amount:0.0%; company=MANY; dominant=RED-PEN-M-G-1 (28%)"
accounting:BT.BIT 1054,no,CONSULTANCY-MISC-80,,MANY,42,32,RED-PEN-M-G-1,0.281,0.346,MIXED/UNKNOWN,REVIEW,MEDIUM,SCORED,ron,cms689svm02zzrt35jqqktjbx,BT.BIT 1054,CERTSIGN SA,2026-03-31,RON,35472.00,180868.18,,CONSULTANCY-MISC-80,CONSULTANCY-MISC-<limit>,"{""limit"":""80""}",UNIQUE,CONSULTANCY-MISC-80 | CYBEREDU-MISC | CONSULTANCY-MISC-20,199,2026-03-31,0,,"4 trainguri conform Order 4 to the Contract nr. | 45/B77A/25075.02 dated 27.05.2025 Closed today 26.01.2026( 35,472.00 euro + tva la cursul BNR) | 4 trainguri conform Order 4 to the Contract nr. | 45/B77A/25075.02 dated 27.05.2025 Closed to",,"SCORED; date:0d, amount:0.0%; company=MANY; dominant=RED-PEN-M-G-1 (28%)"
accounting:BT.BIT 1055,no,CYBEREDU-MISC,,MANY,42,32,RED-PEN-M-G-1,0.281,0.346,MIXED/UNKNOWN,REVIEW,MEDIUM,SCORED,ron,cms689svx0302rt35aa5uc48q,BT.BIT 1055,CERTSIGN SA,2026-03-31,RON,35472.00,180868.18,,CYBEREDU-MISC,CYBEREDU-MISC,,UNIQUE,CONSULTANCY-MISC-80 | CYBEREDU-MISC | CONSULTANCY-MISC-20,195,2026-03-30,1,,"4 trainguri conform Order 4 to the Contract nr. | 45/B77A/25075.02 dated 27.05.2025 Closed today 26.01.2026( 35,472.00 euro + tva la cursul BNR) | 4 trainguri conform Order 4 to the Contract nr. | 45/B77A/25075.02 dated 27.05.2025 Closed to",,"SCORED; date:1d, amount:0.0%; company=MANY; dominant=RED-PEN-M-G-1 (28%)"
accounting:BT.BIT 1056,no,,,MANY,42,32,RED-PEN-M-G-1,0.281,0.346,MIXED/UNKNOWN,SKIP_NO_MATCH,LOW,MULTI_LINE,ron,cms689sw80305rt35su4j85qv,BT.BIT 1056,CERTSIGN SA,2026-03-31,RON,35472.00,185457.19,,,,,EMPTY,CONSULTANCY-MISC-80 | CYBEREDU-MISC | CONSULTANCY-MISC-20,,,,,"4 trainguri conform Order 4 to the Contract nr. TRANSPORT WS IASI | 45/B77A/25075.02 dated 27.05.2025 Closed today 26.01.2026( 35,472.00 euro + tva la cursul BNR) | 4 trainguri conform Order 4 to the Contract nr. | 45/B77A/25075.02 dated 27","[{""line"":1,""service"":""4 trainguri conform Order 4 to the Contract nr. | 45/B77A/25075.02 dated 27.05.2025 Closed today 26.01.2026( 35,472.00 euro + tva la cursul BNR)"",""partNumber"":""CONSULTANCY-MISC-20"",""confidence"":""MEDIUM"",""trackerRow"":198},{""line"":2,""service"":""TRANSPORT WS IASI | 900 euro+TVA la cursul BNR"",""partNumber"":""CONSULTANCY-MISC-80"",""confidence"":""MEDIUM"",""trackerRow"":199}]",Invoice lines map to multiple part numbers: CONSULTANCY-MISC-20 | CONSULTANCY-MISC-80. Invoice schema stores only one; manual decision required.
accounting:BT.BIT 1066,no,RED-PEN-B-E-B-7,,MANY,42,32,RED-PEN-M-G-1,0.281,0.346,MIXED/UNKNOWN,REVIEW,MEDIUM,SCORED,ron,cms689t020313rt350sx91rag,BT.BIT 1066,CERTSIGN SA,2026-04-28,RON,2800.00,14259.56,,RED-PEN-B-E-B-7,RED-PEN-B-E-B-<limit>,"{""limit"":""7""}",UNIQUE,RED-PEN-B-E-B-7 | BLUE-IR-OC-6 | CONSULTANCY-MISC-20 | CONSULTANCY-MISC-80,83,2026-04-28,0,12,Servicii penetration testing si evaluarea vulnerabilitatilor | cu metodologia din contract Componentele informatice acoperite de serviciile solicitate : Vezi oferta Commercial Proposal of Penetration Testing Services for Certsign (Arhivare),,"SCORED; date:0d, amount:0.0%; company=MANY; dominant=RED-PEN-M-G-1 (28%)"
accounting:BT.BIT 1074,no,BLUE-IR-OC-6,,MANY,42,32,RED-PEN-M-G-1,0.281,0.346,MIXED/UNKNOWN,REVIEW,LOW,SCORED,ron,cms689thj0365rt35nt2l6wzd,BT.BIT 1074,CERTSIGN SA,2026-06-17,RON,4440.00,23016.40,,BLUE-IR-OC-6,BLUE-IR-OC-<limit>,"{""limit"":""6""}",UNIQUE,BLUE-IR-OC-6 | RED-PEN-B-E-B-7 | CONSULTANCY-MISC-20,200,2026-04-01,77,,Order6 to the Contract nr.45/B77A/25075.02 dated 27.05.2026 | ( 4440 euro + tva la cursul BNR) Closed today 04.06.2026 | Order6 to the Contract nr.45/B77A/25075.02 dated 27.05.2026 | ( 4440 euro + tva la cursul BNR) Closed today 04.06.2026,,"SCORED; date:77d, amount:0.0%; company=MANY; dominant=RED-PEN-M-G-1 (28%)"
accounting:BT.BIT 1075,no,BLUE-IR-OC-6,,MANY,42,32,RED-PEN-M-G-1,0.281,0.346,MIXED/UNKNOWN,REVIEW,MEDIUM,SCORED,ron,cms689thz0368rt35ldnukqit,BT.BIT 1075,CERTSIGN SA,2026-06-17,RON,4440.00,23016.40,,BLUE-IR-OC-6,BLUE-IR-OC-<limit>,"{""limit"":""6""}",UNIQUE,BLUE-IR-OC-6 | RED-PEN-B-E-B-7 | CONSULTANCY-MISC-20,200,2026-06-17,0,,Order6 to the Contract nr.45/B77A/25075.02 dated 27.05.2026 | ( 4440 euro + tva la cursul BNR) Closed today 04.06.2026 | Order6 to the Contract nr.45/B77A/25075.02 dated 27.05.2026 | ( 4440 euro + tva la cursul BNR) Closed today 04.06.2026,,SCORED; date:0d; company=MANY; dominant=RED-PEN-M-G-1 (28%)
accounting:BT.BIT 1076,no,,,MANY,42,32,RED-PEN-M-G-1,0.281,0.346,MIXED/UNKNOWN,SKIP_NO_MATCH,NONE,NONE,ron,cms689ti7036brt35wrylokox,BT.BIT 1076,CERTSIGN SA,2026-06-17,RON,4440.00,23225.64,,,,,EMPTY,,,,,,Order6 to the Contract nr.45/B77A/25075.02 dated 27.05.2026 | ( 4440 euro + tva la cursul BNR) Closed today 04.06.2026 | Order6 to the Contract nr.45/B77A/25075.02 dated 27.05.2026 | ( 4440 euro + tva la cursul BNR) Closed today 04.06.2026,,No accounting-to-tracker activity match met the conservative threshold.
accounting:428,no,RED-NIS-C-PEN-58,,SMALL,1,2,RED-NIS-C-PEN-58,0.500,0.000,MIXED/UNKNOWN,REVIEW,LOW,SCORED,ron,cms689ncv0112rt35v7io7z24,428,CEZ VANZARE SA,2022-12-15,RON,7000.00,34444.20,,RED-NIS-C-PEN-58,RED-NIS-C-PEN-<limit>,"{""limit"":""58""}",UNIQUE,RED-NIS-C-PEN-58 | RED-NIS-C-AUDIT-58,85,2022-12-15,0,Nr. N26 din data de 22.09.2022,SERVICII CONFORM CONTRACT N26/22.09.2022 | 7.000 euro+TVA la cursul BNR | SERVICII CONFORM CONTRACT N26/22.09.2022 | 7.000 euro+TVA la cursul BNR,,SCORED; date:0d; company=SMALL; dominant=RED-NIS-C-PEN-58 (50%)
accounting:BT.BIT 39,no,RED-PEN-S-B-1,,STANDARD,8,8,RED-PEN-S-B-1,1.000,0.000,MIXED/UNKNOWN,ACCEPT_CANDIDATE,HIGH,CONTRACT,valuta,cms689krc003brt35eqavz0vm,BT.BIT 39,CODE WHALE INC,2018-12-18,EUR,4750.00,22111.25,,RED-PEN-S-B-1,RED-PEN-S-B-<limit>,"{""limit"":""1""}",UNIQUE,RED-PEN-S-B-1,132,2018-12-18,0,132/30.10.2018,SERVICII CONFORM CONTRACT 132/30.10.2018 | SERVICII CONFORM CONTRACT 132/30.10.2018,,"CONTRACT; contract, date:0d, amount:0.0%, company-profile:100%; company=STANDARD; dominant=RED-PEN-S-B-1 (100%)"
accounting:BT.BIT 63,no,RED-PEN-S-B-1,,STANDARD,8,8,RED-PEN-S-B-1,1.000,0.000,MIXED/UNKNOWN,ACCEPT_CANDIDATE,HIGH,CONTRACT,valuta,cms689kx9005brt35wp59cgoh,BT.BIT 63,CODE WHALE INC,2020-01-15,EUR,3800.00,18161.72,,RED-PEN-S-B-1,RED-PEN-S-B-<limit>,"{""limit"":""1""}",UNIQUE,RED-PEN-S-B-1,133,2020-01-15,0,149/25.11.2019,SERVICE UNDER CONTRACT NO.149/25.11.2019 | SERVICE UNDER CONTRACT NO.149/25.11.2019,,"CONTRACT; contract, date:0d, amount:0.0%, company-profile:100%; company=STANDARD; dominant=RED-PEN-S-B-1 (100%)"
accounting:BT.BIT 86,no,RED-PEN-S-B-1,,STANDARD,8,8,RED-PEN-S-B-1,1.000,0.000,MIXED/UNKNOWN,ACCEPT_CANDIDATE,HIGH,CONTRACT,valuta,cms689l46007drt35wmn9ejck,BT.BIT 86,CODE WHALE INC,2020-12-14,EUR,3800.00,18503.34,,RED-PEN-S-B-1,RED-PEN-S-B-<limit>,"{""limit"":""1""}",UNIQUE,RED-PEN-S-B-1,134,2020-12-14,0,149/25.11.2019,SERVICE UNDER CONTRACT NO.149/25.11.2019 | SERVICE UNDER CONTRACT NO.149/25.11.2019,,"CONTRACT; contract, date:0d, amount:0.0%, company-profile:100%; company=STANDARD; dominant=RED-PEN-S-B-1 (100%)"
accounting:BT.BIT 126,no,RED-PEN-S-B-1,,STANDARD,8,8,RED-PEN-S-B-1,1.000,0.000,MIXED/UNKNOWN,ACCEPT_CANDIDATE,HIGH,CONTRACT,valuta,cms689ldq00amrt35peb4ltxl,BT.BIT 126,CODE WHALE INC,2021-12-21,EUR,3800.00,18805.44,,RED-PEN-S-B-1,RED-PEN-S-B-<limit>,"{""limit"":""1""}",UNIQUE,RED-PEN-S-B-1,135,2021-12-21,0,149/25.11.2019,SERVICE UNDER CONTRACT NO.149/25.11.2019 | SERVICE UNDER CONTRACT NO.149/25.11.2019,,"CONTRACT; contract, date:0d, amount:0.0%, company-profile:100%; company=STANDARD; dominant=RED-PEN-S-B-1 (100%)"
accounting:BT.BIT 161.,no,RED-PEN-S-B-1,,STANDARD,8,8,RED-PEN-S-B-1,1.000,0.000,MIXED/UNKNOWN,ACCEPT_CANDIDATE,HIGH,CONTRACT,valuta,cms68c2jo0053pj38xzbiz21p,BT.BIT 161.,CODE WHALE INC,2023-01-01,EUR,3800.00,18628.74,,RED-PEN-S-B-1,RED-PEN-S-B-<limit>,"{""limit"":""1""}",UNIQUE,RED-PEN-S-B-1,136,2023-01-01,0,149/25.11.2019,SERVICE UNDER CONTRACT NO.149/25.11.2019 | SERVICE UNDER CONTRACT NO.149/25.11.2019,,"CONTRACT; contract, date:0d, amount:0.0%, company-profile:100%; company=STANDARD; dominant=RED-PEN-S-B-1 (100%)"
accounting:BT.BIT 183,no,RED-PEN-S-B-1,,STANDARD,8,8,RED-PEN-S-B-1,1.000,0.000,MIXED/UNKNOWN,ACCEPT_CANDIDATE,HIGH,CONTRACT,valuta,cms689lr000fkrt35payjjali,BT.BIT 183,CODE WHALE INC,2023-12-11,EUR,3800.00,18877.26,,RED-PEN-S-B-1,RED-PEN-S-B-<limit>,"{""limit"":""1""}",UNIQUE,RED-PEN-S-B-1,137,2023-12-10,1,149/25.11.2019,SERVICE UNDER CONTRACT NO.149/25.11.2019 | SERVICE UNDER CONTRACT NO.149/25.11.2019,,"CONTRACT; contract, date:1d, amount:0.0%, company-profile:100%; company=STANDARD; dominant=RED-PEN-S-B-1 (100%)"
accounting:BT.BIT 217,no,RED-PEN-S-B-1,,STANDARD,8,8,RED-PEN-S-B-1,1.000,0.000,MIXED/UNKNOWN,ACCEPT_CANDIDATE,HIGH,CONTRACT,valuta,cms689lz500ikrt3524y546op,BT.BIT 217,CODE WHALE INC,2024-12-16,EUR,4950.00,24617.34,,RED-PEN-S-B-1,RED-PEN-S-B-<limit>,"{""limit"":""1""}",UNIQUE,RED-PEN-S-B-1,138,2024-12-16,0,321/16.12.2024,Servicii conform CONTRACT-CADRU | DE PRESTARI SERVICII NR. 321/16.12.2024 | Servicii conform CONTRACT-CADRU | DE PRESTARI SERVICII NR. 321/16.12.2024,,"CONTRACT; contract, date:0d, amount:0.0%, company-profile:100%; company=STANDARD; dominant=RED-PEN-S-B-1 (100%)"
accounting:BT.R.BIT 61,no,RED-PEN-S-B-1,,STANDARD,8,8,RED-PEN-S-B-1,1.000,0.000,MIXED/UNKNOWN,REVIEW,HIGH,PROFILE,valuta,cms689r3h02gzrt35q7vtqux2,BT.R.BIT 61,CODE WHALE INC,2025-12-10,EUR,5445.00,27713.42,,RED-PEN-S-B-1,RED-PEN-S-B-<limit>,"{""limit"":""1""}",UNIQUE,RED-PEN-S-B-1,139,2025-12-10,0,ACT ADITIONAL NR. 1 DIN 10.11.2025 LA CONTRACTUL DE PRESTARI SERVICII Nr. 321/16.12.2024,Servicii conform Act Aditional nr. 1 | Servicii conform Act Aditional nr. 1,,"PROFILE; date:0d, amount:0.0%, company-profile:100%; company=STANDARD; dominant=RED-PEN-S-B-1 (100%)"
accounting:BT.BIT 549,no,,,UNMATCHED,,,,,,,SKIP_NO_MATCH,NONE,NONE,ron,cms689o4u01bqrt35puylc496,BT.BIT 549,COLUMBUS OPERATIONAL SRL,2023-11-01,RON,,39096.00,,,,,EMPTY,,,,,,Infrastructure and store audit services | Comanda de aprovizionare: 2110100232 CONTRACT NR.320 COL OP din 01.09.2023 | Infrastructure and store audit services | Comanda de aprovizionare: 2110100232 CONTRACT NR.320 COL OP din 01.09.2023,,Organization not found in tracker.
accounting:BT. BIT 982,no,RED-PEN-B-I-B-20,,SMALL,2,1,RED-PEN-B-I-B-20,1.000,0.000,MIXED/UNKNOWN,REVIEW,MEDIUM,CONTRACT,ron,cms689qzk02fcrt355qdgg2b5,BT. BIT 982,"COMPANIA NATIONALA DE INVESTITII ""C.N.I."" SA",2025-09-11,RON,9002.82,45674.00,avans,RED-PEN-B-I-B-20,RED-PEN-B-I-B-<limit>,"{""limit"":""20""}",UNIQUE,RED-PEN-B-I-B-20,1497,2025-09-11,0,CONTRACT-CADRU DE PRESTĂRI SERVICII Nr. 356/14.8.2025,"Servicii conform Anexa 1 | - Servicii punctuale de securitate informatica NR. CNI SA -704/26.08.2025, NR. 356/14.08.2025 - avans 40% din valoarea totala | Servicii conform Anexa 1 | - Servicii punctuale de securitate informatica NR. CNI SA ",,"CONTRACT; contract, date:0d, amount:1.4%, milestone:avans; company=SMALL; dominant=RED-PEN-B-I-B-20 (100%)"
accounting:BT. BIT 985,no,,,SMALL,2,1,RED-PEN-B-I-B-20,1.000,0.000,MIXED/UNKNOWN,SKIP_NO_MATCH,NONE,NONE,ron,cms689r0a02fnrt358fwqt4ii,BT. BIT 985,"COMPANIA NATIONALA DE INVESTITII ""C.N.I."" SA",2025-09-22,RON,13507.96,68511.00,avans,,,,EMPTY,,,,,,"Servicii conform Anexa 1 | - Servicii punctuale de securitate informatica NR. CNI SA -704/26.08.2025, NR. 356/14.08.2025 - Sornare avans 40% factura 982/11.09.2025 | Servicii conform Anexa 1 | - Servicii punctuale de securitate informatica ","[{""line"":1,""service"":""Servicii conform Anexa 1 | - Servicii punctuale de securitate informatica NR. CNI SA -704/26.08.2025, NR. 356/14.08.2025 - Sornare avans 40% factura 982/11.09.2025"",""partNumber"":"""",""confidence"":""NONE"",""trackerRow"":null},{""line"":2,""service"":""Servicii conform Anexa 1 | - Servicii punctuale de securitate informatica NR. CNI SA -704/26.08.2025, NR. 356/14.08.2025 - ( 40%=45674 lei ; 60% =68.511 lei) Total =114185 lei +TVA)"",""partNumber"":"""",""confidence"":""NONE"",""trackerRow"":null}]",No accounting-to-tracker activity match met the conservative threshold.
accounting:BT.BIT 870,no,RED-PEN-B-E-B-10,,SMALL,1,1,RED-PEN-B-E-B-10,1.000,0.000,MIXED/UNKNOWN,ACCEPT_CANDIDATE,HIGH,CONTRACT,ron,cms689q4c023vrt35snmbpxp9,BT.BIT 870,COMTIM ROMANIA S.R.L.,2025-04-30,RON,6580.00,32751.29,,RED-PEN-B-E-B-10,RED-PEN-B-E-B-<limit>,"{""limit"":""10""}",UNIQUE,RED-PEN-B-E-B-10,1465,2025-04-30,0,330/26.2.2025,Servicii conform Anexa 1 | Servicii punctuale de securitate informatica la Contractul Nr. 330/26.2.2025( 6.580 euro+TVA la cursul BNR) | Servicii conform Anexa 1 | Servicii punctuale de securitate informatica la Contractul Nr. 330/26.2.2025,,"CONTRACT; contract, date:0d, amount:0.0%; company=SMALL; dominant=RED-PEN-B-E-B-10 (100%)"
accounting:BT.BIT 7,no,,,UNMATCHED,,,,,,,SKIP_NO_MATCH,NONE,NONE,ron,cms689kix000jrt35q8q5qi0n,BT.BIT 7,CREATIVE MEDIA DEVELOPMENT SRL,2016-02-10,RON,8900.00,39918.28,,,,,EMPTY,,,,,,"PRESTARI SERVICII CONFORM CONTRACT NR.102 DIN 21.01.2016 | 8900 euro la cursul BNR de 4,4852 lei din 10.02.2016 | PRESTARI SERVICII CONFORM CONTRACT NR.102 DIN 21.01.2016 | 8900 euro la cursul BNR de 4,4852 lei din 10.02.2016",,Organization not found in tracker.
accounting:BT.BIT 270,no,,,UNMATCHED,,,,,,,SKIP_NO_MATCH,NONE,NONE,ron,cms689mbc00n6rt35tgfuhnpa,BT.BIT 270,CREATIVE MEDIA DEVELOPMENT SRL,2021-05-24,RON,9200.00,45326.56,,,,,EMPTY,,,,,,SERVICII CONFORM ACT ADITIONAL NR.4 DIN 15.02.2021 | LA CONTRACT 112 DIN 29.01.2018(9.200 euro+TVA la cursul BNR) | SERVICII CONFORM ACT ADITIONAL NR.4 DIN 15.02.2021 | LA CONTRACT 112 DIN 29.01.2018(9.200 euro+TVA la cursul BNR),,Organization not found in tracker.
accounting:BT.BIT 296,no,,,UNMATCHED,,,,,,,SKIP_NO_MATCH,NONE,NONE,ron,cms689mhz00pnrt357say022x,BT.BIT 296,CREATIVE MEDIA DEVELOPMENT SRL,2021-10-05,RON,450.00,2226.82,,,,,EMPTY,,,,,,SERVICI CONFORM CONTRACT NR.112 DIN 29.01.2018 | ACT ADITIONAL NR. 4 DIN 15.02.2021 ( 450 euro +TVA la cursul BNR) | SERVICI CONFORM CONTRACT NR.112 DIN 29.01.2018 | ACT ADITIONAL NR. 4 DIN 15.02.2021 ( 450 euro +TVA la cursul BNR),,Organization not found in tracker.
accounting:BT.BIT 309,no,,,UNMATCHED,,,,,,,SKIP_NO_MATCH,NONE,NONE,ron,cms689ml300qwrt35u7cyskdk,BT.BIT 309,CREATIVE MEDIA DEVELOPMENT SRL,2021-12-02,RON,450.00,2227.05,,,,,EMPTY,,,,,,SERVICI CONFORM CONTRACT NR.112 DIN 29.01.2018 | ACT ADITIONAL NR. 4 DIN 15.02.2021 ( 450 euro +TVA la cursul BNR) | SERVICI CONFORM CONTRACT NR.112 DIN 29.01.2018 | ACT ADITIONAL NR. 4 DIN 15.02.2021 ( 450 euro +TVA la cursul BNR),,Organization not found in tracker.
accounting:BT.BIT 197,no,,,SMALL,2,1,RED-PEN-B-E-B-5,1.000,0.000,MIXED/UNKNOWN,SKIP_NO_MATCH,NONE,SOURCE_REUSE_ANOMALY,valuta,cms689lu900grrt35y78a47ik,BT.BIT 197,CREATOPY.INC,2024-07-29,EUR,1750.00,8697.50,,,,,EMPTY,RED-PEN-B-E-B-5,,,1,,"FRAMEWORK SERVICE AGREEMENT NO. 303/9.07.2024 F121\_Demande RSSI Pintests 2026 | 50% of the total amount, i.e. | FRAMEWORK SERVICE AGREEMENT NO. 303/9.07.2024 | 50% of the total amount, i.e. | F121\_Demande RSSI Pintests 2026 | Commande: 45","[{""line"":1,""service"":""FRAMEWORK SERVICE AGREEMENT NO. 303/9.07.2024 | 50% of the total amount, i.e."",""partNumber"":""RED-PEN-B-E-B-5"",""confidence"":""HIGH"",""trackerRow"":1312},{""line"":2,""service"":""F121\\_Demande RSSI Pintests 2026 | Commande: 45000036157 17.03.2026, Livrasion: 31.12.2026"",""partNumber"":"""",""confidence"":""NONE"",""trackerRow"":null}]",Quarantined: nr_iesire is reused by multiple organization/date/id_iesire headers inside the same source workbook; production lines may be contaminated.
accounting:BT.BIT 204,no,RED-PEN-B-E-B-5,,SMALL,2,1,RED-PEN-B-E-B-5,1.000,0.000,MIXED/UNKNOWN,ACCEPT_CANDIDATE,HIGH,CONTRACT,valuta,cms689lw200hert352uc98aem,BT.BIT 204,CREATOPY.INC,2024-08-27,EUR,1750.00,7793.10,,RED-PEN-B-E-B-5,RED-PEN-B-E-B-<limit>,"{""limit"":""5""}",UNIQUE,RED-PEN-B-E-B-5,1312,2024-08-20,7,NR. 303/9.07.2024,"FRAMEWORK SERVICE AGREEMENT NO. 303/9.07.2024 | 50% of the total amount, i.e. | FRAMEWORK SERVICE AGREEMENT NO. 303/9.07.2024 | 50% of the total amount, i.e.",,"CONTRACT; contract, date:7d, amount:0.0%; company=SMALL; dominant=RED-PEN-B-E-B-5 (100%)"
accounting:BT.BIT 14,no,RED-PEN-S-WB-1,,MANY,22,13,RED-C-Q-QQ-12,0.846,0.111,MIXED/UNKNOWN,ACCEPT_CANDIDATE,HIGH,CONTRACT,valuta,cms689kkr0014rt3583ltf1to,BT.BIT 14,CROWNGEM LIMITED,2017-04-07,EUR,7400.00,33493.88,,RED-PEN-S-WB-1,RED-PEN-S-WB-<limit>,"{""limit"":""1""}",UNIQUE,RED-PEN-S-WB-1 | RED-C-Q-QQ-12,359,2017-04-07,0,103/07.04.2017,Services under Contract No. 103 / 07.04.2017. | Services under Contract No. 103 / 07.04.2017.,,"CONTRACT; contract, date:0d, amount:0.0%; company=MANY; dominant=RED-C-Q-QQ-12 (85%)"
accounting:BT.BIT 15,no,RED-C-Q-QQ-12,,MANY,22,13,RED-C-Q-QQ-12,0.846,0.111,MIXED/UNKNOWN,ACCEPT_CANDIDATE,HIGH,CONTRACT,valuta,cms689kl10017rt35anwg0zi6,BT.BIT 15,CROWNGEM LIMITED,2017-08-02,EUR,960.00,4375.39,,RED-C-Q-QQ-12,RED-C-Q-QQ-<limit>,"{""limit"":""12""}",UNIQUE,RED-C-Q-QQ-12,360,2017-08-02,0,103/07.04.2017,Services under Contract No. 103 / 07.04.2017. | Services under Contract No. 103 / 07.04.2017.,,"CONTRACT; contract, date:0d, amount:0.0%, company-profile:85%; company=MANY; dominant=RED-C-Q-QQ-12 (85%)"
accounting:BT.BIT 17,no,RED-C-Q-QQ-12,,MANY,22,13,RED-C-Q-QQ-12,0.846,0.111,MIXED/UNKNOWN,ACCEPT_CANDIDATE,HIGH,CONTRACT,valuta,cms689klt001grt358ijtbn11,BT.BIT 17,CROWNGEM LIMITED,2017-11-29,EUR,1600.00,7426.56,,RED-C-Q-QQ-12,RED-C-Q-QQ-<limit>,"{""limit"":""12""}",UNIQUE,RED-C-Q-QQ-12 | RED-MISC-10,361,2017-11-29,0,103/07.04.2017,Services under Contract No. 103 / 07.04.2017. | Services under Contract No. 103 / 07.04.2017.,,"CONTRACT; contract, date:0d, amount:0.0%, company-profile:85%; company=MANY; dominant=RED-C-Q-QQ-12 (85%)"
accounting:BT.BIT 19,no,RED-MISC-10,,MANY,22,13,RED-C-Q-QQ-12,0.846,0.111,MIXED/UNKNOWN,ACCEPT_CANDIDATE,HIGH,CONTRACT,valuta,cms689kmb001mrt35fyofiat4,BT.BIT 19,CROWNGEM LIMITED,2017-12-18,EUR,4100.00,19001.86,,RED-MISC-10,RED-MISC-<limit>,"{""limit"":""10""}",UNIQUE,RED-MISC-10 | RED-C-Q-QQ-12,371,2017-12-18,0,103/07.04.2017,Services under Contract No. 103 / 07.04.2017. | security audit services 90 hours according to Annex 4 to the contract | Services under Contract No. 103 / 07.04.2017. | security audit services 90 hours according to Annex 4 to the contract,,"CONTRACT; contract, date:0d, amount:0.0%; company=MANY; dominant=RED-C-Q-QQ-12 (85%)"
accounting:BT.BIT 22,no,RED-C-Q-QQ-12,,MANY,22,13,RED-C-Q-QQ-12,0.846,0.111,MIXED/UNKNOWN,ACCEPT_CANDIDATE,HIGH,CONTRACT,valuta,cms689kn4001vrt35u0vaoa6b,BT.BIT 22,CROWNGEM LIMITED,2018-03-15,EUR,960.00,4475.71,,RED-C-Q-QQ-12,RED-C-Q-QQ-<limit>,"{""limit"":""12""}",UNIQUE,RED-C-Q-QQ-12,362,2018-03-15,0,103/07.04.2017,Services under Contract No. 103 / 07.04.2017. | Services under Contract No. 103 / 07.04.2017.,,"CONTRACT; contract, date:0d, amount:0.0%, company-profile:85%; company=MANY; dominant=RED-C-Q-QQ-12 (85%)"
accounting:BT.BIT 30,no,RED-C-Q-QQ-12,,MANY,22,13,RED-C-Q-QQ-12,0.846,0.111,MIXED/UNKNOWN,ACCEPT_CANDIDATE,HIGH,CONTRACT,valuta,cms689kp2002jrt35apgzv7dp,BT.BIT 30,CROWNGEM LIMITED,2018-07-24,EUR,960.00,4465.15,,RED-C-Q-QQ-12,RED-C-Q-QQ-<limit>,"{""limit"":""12""}",UNIQUE,RED-C-Q-QQ-12,363,2018-07-24,0,103/07.04.2017,Services under Contract No. 103 / 07.04.2017 | Services under Contract No. 103 / 07.04.2017,,"CONTRACT; contract, date:0d, amount:0.0%, company-profile:85%; company=MANY; dominant=RED-C-Q-QQ-12 (85%)"
accounting:BT.BIT 35,no,RED-C-Q-QQ-12,,MANY,22,13,RED-C-Q-QQ-12,0.846,0.111,MIXED/UNKNOWN,ACCEPT_CANDIDATE,HIGH,CONTRACT,valuta,cms689kqd002yrt35byxr6eta,BT.BIT 35,CROWNGEM LIMITED,2018-10-02,EUR,960.00,4473.22,,RED-C-Q-QQ-12,RED-C-Q-QQ-<limit>,"{""limit"":""12""}",UNIQUE,RED-C-Q-QQ-12,364,2018-10-02,0,103/07.04.2017,Services under Contract No. 103 / 07.04.2017 | Services under Contract No. 103 / 07.04.2017,,"CONTRACT; contract, date:0d, amount:0.0%, company-profile:85%; company=MANY; dominant=RED-C-Q-QQ-12 (85%)"
accounting:BT.BIT 37,no,RED-C-Q-QQ-12,,MANY,22,13,RED-C-Q-QQ-12,0.846,0.111,MIXED/UNKNOWN,ACCEPT_CANDIDATE,HIGH,CONTRACT,valuta,cms689kqv0034rt35lco5mb66,BT.BIT 37,CROWNGEM LIMITED,2018-12-11,EUR,960.00,4463.52,,RED-C-Q-QQ-12,RED-C-Q-QQ-<limit>,"{""limit"":""12""}",UNIQUE,RED-C-Q-QQ-12,365,2018-12-11,0,103/07.04.2017,Services under Contract No. 103 / 07.04.2017 | Services under Contract No. 103 / 07.04.2017,,"CONTRACT; contract, date:0d, amount:0.0%, company-profile:85%; company=MANY; dominant=RED-C-Q-QQ-12 (85%)"
accounting:BT.BIT 48,no,RED-C-Q-QQ-12,,MANY,22,13,RED-C-Q-QQ-12,0.846,0.111,MIXED/UNKNOWN,REVIEW,HIGH,CONTRACT,valuta,cms689kti003zrt35wjlxj55h,BT.BIT 48,CROWNGEM LIMITED,2019-03-19,EUR,960.00,4562.40,,RED-C-Q-QQ-12,RED-C-Q-QQ-<limit>,"{""limit"":""12""}",UNIQUE,RED-C-Q-QQ-12,366,2018-03-19,365,103/07.04.2017,Services under Contract No. 103 / 07.04.2017 | Services under Contract No. 103 / 07.04.2017,,"CONTRACT; contract, amount:0.0%, company-profile:85%; company=MANY; dominant=RED-C-Q-QQ-12 (85%)"
accounting:BT.BIT 51,no,RED-C-Q-QQ-12,,MANY,22,13,RED-C-Q-QQ-12,0.846,0.111,MIXED/UNKNOWN,ACCEPT_CANDIDATE,HIGH,CONTRACT,valuta,cms689ku70048rt35bgizus67,BT.BIT 51,CROWNGEM LIMITED,2019-06-05,EUR,960.00,4545.41,,RED-C-Q-QQ-12,RED-C-Q-QQ-<limit>,"{""limit"":""12""}",UNIQUE,RED-C-Q-QQ-12,367,2019-06-05,0,103/07.04.2017,Services under Contract No. 103 / 07.04.2017 | Services under Contract No. 103 / 07.04.2017,,"CONTRACT; contract, date:0d, amount:0.0%, company-profile:85%; company=MANY; dominant=RED-C-Q-QQ-12 (85%)"
accounting:BT.BIT 55,no,RED-C-Q-QQ-12,,MANY,22,13,RED-C-Q-QQ-12,0.846,0.111,MIXED/UNKNOWN,ACCEPT_CANDIDATE,HIGH,CONTRACT,valuta,cms689kv5004krt35brw289h2,BT.BIT 55,CROWNGEM LIMITED,2019-10-07,EUR,960.00,4558.37,,RED-C-Q-QQ-12,RED-C-Q-QQ-<limit>,"{""limit"":""12""}",UNIQUE,RED-C-Q-QQ-12,368,2019-10-07,0,103/07.04.2017,SERVICE UNDER CONTRACT NO.103/07.04.2017 | SERVICE UNDER CONTRACT NO.103/07.04.2017,,"CONTRACT; contract, date:0d, amount:0.0%, company-profile:85%; company=MANY; dominant=RED-C-Q-QQ-12 (85%)"
accounting:BT.BIT 56,no,RED-C-Q-QQ-12,,MANY,22,13,RED-C-Q-QQ-12,0.846,0.111,MIXED/UNKNOWN,ACCEPT_CANDIDATE,HIGH,CONTRACT,valuta,cms689kvh004nrt35t438lmj0,BT.BIT 56,CROWNGEM LIMITED,2019-12-09,EUR,960.00,4587.36,,RED-C-Q-QQ-12,RED-C-Q-QQ-<limit>,"{""limit"":""12""}",UNIQUE,RED-C-Q-QQ-12,369,2019-12-09,0,103/07.04.2017,SERVICE UNDER CONTRACT NO.103/07.04.2017 | SERVICE UNDER CONTRACT NO.103/07.04.2017,,"CONTRACT; contract, date:0d, amount:0.0%, company-profile:85%; company=MANY; dominant=RED-C-Q-QQ-12 (85%)"
accounting:BT.BIT 57,no,RED-C-Q-QQ-12,,MANY,22,13,RED-C-Q-QQ-12,0.846,0.111,MIXED/UNKNOWN,REVIEW,HIGH,STORNO_REFERENCE,valuta,cms689kvp004qrt35psq4xzfv,BT.BIT 57,CROWNGEM LIMITED,2019-12-11,EUR,960.00,4558.37,storno,RED-C-Q-QQ-12,RED-C-Q-QQ-<limit>,"{""limit"":""12""}",UNIQUE,RED-C-Q-QQ-12,370,2019-12-11,0,103/07.04.2017,SERVICE UNDER CONTRACT NO.103/07.04.2017 | stornare factura 55/07/10/2019 | SERVICE UNDER CONTRACT NO.103/07.04.2017 | stornare factura 55/07/10/2019,,Storno mapped to BT.BIT 59; contract=true; amount=true; gap=0d
accounting:BT.BIT 58,no,RED-C-Q-QQ-12,,MANY,22,13,RED-C-Q-QQ-12,0.846,0.111,MIXED/UNKNOWN,REVIEW,HIGH,STORNO_REFERENCE,valuta,cms689kvy004trt35flhcghim,BT.BIT 58,CROWNGEM LIMITED,2019-12-11,EUR,960.00,4587.36,storno,RED-C-Q-QQ-12,RED-C-Q-QQ-<limit>,"{""limit"":""12""}",UNIQUE,RED-C-Q-QQ-12,370,2019-12-11,0,103/07.04.2017,SERVICE UNDER CONTRACT NO.103/07.04.2017 | stornare factura 56 din 09.12.2019 | SERVICE UNDER CONTRACT NO.103/07.04.2017 | stornare factura 56 din 09.12.2019,,Storno mapped to BT.BIT 59; contract=true; amount=true; gap=0d
accounting:BT.BIT 59,no,RED-C-Q-QQ-12,,MANY,22,13,RED-C-Q-QQ-12,0.846,0.111,MIXED/UNKNOWN,ACCEPT_CANDIDATE,HIGH,CONTRACT,valuta,cms689kw7004xrt35qksekjwk,BT.BIT 59,CROWNGEM   LIMITED,2019-12-11,EUR,960.00,4587.55,,RED-C-Q-QQ-12,RED-C-Q-QQ-<limit>,"{""limit"":""12""}",UNIQUE,RED-C-Q-QQ-12,370,2019-12-11,0,103/07.04.2017,SERVICE UNDER CONTRACT NO.103/07.04.2017 | SERVICE UNDER CONTRACT NO.103/07.04.2017,,"CONTRACT; contract, date:0d, amount:0.0%, company-profile:85%; company=MANY; dominant=RED-C-Q-QQ-12 (85%)"
accounting:BT.BIT 60,no,RED-C-Q-QQ-12,,MANY,22,13,RED-C-Q-QQ-12,0.846,0.111,MIXED/UNKNOWN,REVIEW,HIGH,HISTORICAL_PATTERN,valuta,cms689kwg0050rt358hbqyvxk,BT.BIT 60,CROWNGEM   LIMITED,2019-12-11,EUR,960.00,4587.55,,RED-C-Q-QQ-12,RED-C-Q-QQ-<limit>,"{""limit"":""12""}",UNIQUE,RED-C-Q-QQ-12,370,,0,103/07.04.2017,SERVICE UNDER CONTRACT NO.103/07.04.2017 | SERVICE UNDER CONTRACT NO.103/07.04.2017,,Historical recurring pattern: 10/10 similar issued invoices map to RED-C-Q-QQ-12 (100%); nearest=0d; amount intentionally ignored.
accounting:BT.BIT 67,no,RED-C-Q-QQ-12,,MANY,22,13,RED-C-Q-QQ-12,0.846,0.111,MIXED/UNKNOWN,REVIEW,MEDIUM,HISTORICAL_PATTERN,valuta,cms689kyc005nrt35ol1koinx,BT.BIT 67,CROWNGEM   LIMITED,2020-04-06,EUR,960.00,4635.46,,RED-C-Q-QQ-12,RED-C-Q-QQ-<limit>,"{""limit"":""12""}",UNIQUE,RED-C-Q-QQ-12,370,,117,103/07.04.2017,SERVICE UNDER CONTRACT NO.103/07.04.2017 | SERVICE UNDER CONTRACT NO.103/07.04.2017,,Historical recurring pattern: 9/9 similar issued invoices map to RED-C-Q-QQ-12 (100%); nearest=117d; amount intentionally ignored.
accounting:BT.BIT 68,no,RED-C-Q-QQ-12,,MANY,22,13,RED-C-Q-QQ-12,0.846,0.111,MIXED/UNKNOWN,REVIEW,MEDIUM,HISTORICAL_PATTERN,valuta,cms689kyl005qrt35mcg23x2o,BT.BIT 68,CROWNGEM   LIMITED,2020-05-13,EUR,960.00,4636.51,,RED-C-Q-QQ-12,RED-C-Q-QQ-<limit>,"{""limit"":""12""}",UNIQUE,RED-C-Q-QQ-12,370,,154,103/07.04.2017,SERVICE UNDER CONTRACT NO.103/07.04.2017 | SERVICE UNDER CONTRACT NO.103/07.04.2017,,Historical recurring pattern: 9/9 similar issued invoices map to RED-C-Q-QQ-12 (100%); nearest=154d; amount intentionally ignored.
accounting:BT.BIT 85,no,RED-C-Q-QQ-12,,MANY,22,13,RED-C-Q-QQ-12,0.846,0.111,MIXED/UNKNOWN,REVIEW,MEDIUM,HISTORICAL_PATTERN,valuta,cms689l3y007art358uymz6gb,BT.BIT 85,CROWNGEM   LIMITED,2020-12-07,EUR,1920.00,9355.20,,RED-C-Q-QQ-12,RED-C-Q-QQ-<limit>,"{""limit"":""12""}",UNIQUE,RED-C-Q-QQ-12,370,,362,103/07.04.2017,SERVICE UNDER CONTRACT NO.103/07.04.2017 | SERVICE UNDER CONTRACT NO.103/07.04.2017 | SERVICE UNDER CONTRACT NO.103/07.04.2017,"[{""line"":1,""service"":""SERVICE UNDER CONTRACT NO.103/07.04.2017"",""partNumber"":"""",""confidence"":""NONE"",""trackerRow"":null},{""line"":2,""service"":""SERVICE UNDER CONTRACT NO.103/07.04.2017"",""partNumber"":"""",""confidence"":""NONE"",""trackerRow"":null}]",Historical recurring pattern: 7/7 similar issued invoices map to RED-C-Q-QQ-12 (100%); nearest=362d; amount intentionally ignored.
accounting:BT.BIT 92,no,,,MANY,22,13,RED-C-Q-QQ-12,0.846,0.111,MIXED/UNKNOWN,SKIP_NO_MATCH,NONE,NONE,valuta,cms689l5m007vrt35nyoayf3j,BT.BIT 92,CROWNGEM   LIMITED,2021-01-20,EUR,1920.00,9358.46,,,,,EMPTY,,,,,,SERVICII | SERVICII,,No accounting-to-tracker activity match met the conservative threshold.
accounting:BT.BIT 114,no,,,MANY,22,13,RED-C-Q-QQ-12,0.846,0.111,MIXED/UNKNOWN,SKIP_NO_MATCH,NONE,NONE,valuta,cms689lap009krt35sq36749s,BT.BIT 114,CROWNGEM   LIMITED,2021-10-04,EUR,3840.00,18999.94,,,,,EMPTY,,,,,,SERVICII conform contract NO.103/07.04.2017 | SERVICII conform contract NO.103/07.04.2017,,No accounting-to-tracker activity match met the conservative threshold.
accounting:BT.BIT 124,no,,,MANY,22,13,RED-C-Q-QQ-12,0.846,0.111,MIXED/UNKNOWN,SKIP_NO_MATCH,NONE,NONE,valuta,cms689ld800agrt35ghmrqfxh,BT.BIT 124,CROWNGEM   LIMITED,2021-12-14,EUR,3840.00,18999.94,,,,,EMPTY,,,,,,SERVICII conform contract NO.103/07.04.2017 | SERVICII conform contract NO.103/07.04.2017,,No accounting-to-tracker activity match met the conservative threshold.
accounting:BT.BIT 268,no,RED-PEN-S-WB-1,,STANDARD,10,5,RED-PEN-S-WB-1,0.800,0.167,MIXED/UNKNOWN,ACCEPT_CANDIDATE,HIGH,CONTRACT,ron,cms689mav00n0rt356lv3gu6r,BT.BIT 268,CUSTIFY SRL,2021-05-17,RON,1840.00,9062.55,avans,RED-PEN-S-WB-1,RED-PEN-S-WB-<limit>,"{""limit"":""1""}",UNIQUE,RED-PEN-S-WB-1,205,2021-05-17,0,191/17.05.2021,AVANS 40% SERVICII CONFORM CONTRACT 191/17.05.2021 | 1840 euro+TVA la cursul BNR | AVANS 40% SERVICII CONFORM CONTRACT 191/17.05.2021 | 1840 euro+TVA la cursul BNR,,"CONTRACT; contract, date:0d, amount:0.0%, milestone:avans, company-profile:80%; company=STANDARD; dominant=RED-PEN-S-WB-1 (80%)"
accounting:BT.BIT 272,no,RED-PEN-S-WB-1,,STANDARD,10,5,RED-PEN-S-WB-1,0.800,0.167,MIXED/UNKNOWN,REVIEW,HIGH,STORNO_REFERENCE,ron,cms689mbs00ncrt35m4rloejd,BT.BIT 272,CUSTIFY SRL,2021-06-04,RON,1840.00,13582.33,storno,RED-PEN-S-WB-1,RED-PEN-S-WB-<limit>,"{""limit"":""1""}",UNIQUE,RED-PEN-S-WB-1,205,2021-05-17,18,191/17.05.2021,STORNARE AVANS 40% SERVICII CONFORM CONTRACT 191/17.05.2021 SERVICII CONFORM CONTRACT 191/17.05.2021 | Factura 268/17.05.2021(1840 euro+TVA la cursul BNR | STORNARE AVANS 40% SERVICII CONFORM CONTRACT 191/17.05.2021 | Factura 268/17.05.2021,,Storno mapped to BT.BIT 268; contract=true; amount=true; gap=18d
accounting:BT.BIT 352,no,RED-PEN-S-WB-1,,STANDARD,10,5,RED-PEN-S-WB-1,0.800,0.167,MIXED/UNKNOWN,REVIEW,HIGH,CONTRACT,ron,cms689mv900uirt356hf7rgly,BT.BIT 352,CUSTIFY SRL,2022-05-30,RON,1840.00,9096.59,,RED-PEN-S-WB-1,RED-PEN-S-WB-<limit>,"{""limit"":""1""}",UNIQUE,RED-PEN-S-WB-1,206,2021-05-30,365,223/17.05.2022,SERVICII CONFORM CONTRACT 223/17.05.2022 | 1.840 euro+TVA la cursul BNR | SERVICII CONFORM CONTRACT 223/17.05.2022 | 1.840 euro+TVA la cursul BNR,,"CONTRACT; contract, amount:0.0%, company-profile:80%; company=STANDARD; dominant=RED-PEN-S-WB-1 (80%)"
accounting:BT.BIT 377,no,RED-PEN-S-WB-1,,STANDARD,10,5,RED-PEN-S-WB-1,0.800,0.167,MIXED/UNKNOWN,ACCEPT_CANDIDATE,HIGH,CONTRACT,ron,cms689n1l00wort35a149vomr,BT.BIT 377,CUSTIFY SRL,2022-08-03,RON,2760.00,13596.31,,RED-PEN-S-WB-1,RED-PEN-S-WB-<limit>,"{""limit"":""1""}",UNIQUE,RED-PEN-S-WB-1 | RED-PEN-B-E-B-14,206,2022-08-03,0,223/17.05.2022,SERVICII CONFORM CONTRACT 223/17.05.2022 | 2.760 euro+TVA la cursul BNR | SERVICII CONFORM CONTRACT 223/17.05.2022 | 2.760 euro+TVA la cursul BNR,,"CONTRACT; contract, date:0d, amount:0.0%, company-profile:80%; company=STANDARD; dominant=RED-PEN-S-WB-1 (80%)"
accounting:BT.BIT 512,no,RED-PEN-S-WB-1,,STANDARD,10,5,RED-PEN-S-WB-1,0.800,0.167,MIXED/UNKNOWN,ACCEPT_CANDIDATE,HIGH,CONTRACT,ron,cms689nwk018mrt35fnseeqd2,BT.BIT 512,CUSTIFY SRL,2023-08-07,RON,2024.00,10016.77,,RED-PEN-S-WB-1,RED-PEN-S-WB-<limit>,"{""limit"":""1""}",UNIQUE,RED-PEN-S-WB-1,207,2023-08-07,0,223/17.05.2022,SERVICII CONFORM ACT ADITIONAL NR. 1 DIN 02.08.2023 | LA CONTRACTUL NR.223/17.05.2022( 2.024 euro+TVA la cursul BNR | SERVICII CONFORM ACT ADITIONAL NR. 1 DIN 02.08.2023 | LA CONTRACTUL NR.223/17.05.2022( 2.024 euro+TVA la cursul BNR,,"CONTRACT; contract, date:0d, amount:0.0%, company-profile:80%; company=STANDARD; dominant=RED-PEN-S-WB-1 (80%)"
accounting:BT.BIT 536,no,RED-PEN-S-WB-1,,STANDARD,10,5,RED-PEN-S-WB-1,0.800,0.167,MIXED/UNKNOWN,ACCEPT_CANDIDATE,HIGH,CONTRACT,ron,cms689o1w01anrt35dvq93nz1,BT.BIT 536,CUSTIFY SRL,2023-09-22,RON,3036.00,15081.33,,RED-PEN-S-WB-1,RED-PEN-S-WB-<limit>,"{""limit"":""1""}",UNIQUE,RED-PEN-S-WB-1,207,2023-09-22,0,223/17.05.2022,SERVICII CONFORM CONTRACT 223/17.05.2022 | 3.036 euro+TVA la cursul BNR conform anexei nr.1 din 02.08.2023 | SERVICII CONFORM CONTRACT 223/17.05.2022 | 3.036 euro+TVA la cursul BNR conform anexei nr.1 din 02.08.2023,,"CONTRACT; contract, date:0d, amount:0.0%, company-profile:80%; company=STANDARD; dominant=RED-PEN-S-WB-1 (80%)"
accounting:BT.BIT 697,no,RED-PEN-S-WB-1,,STANDARD,10,5,RED-PEN-S-WB-1,0.800,0.167,MIXED/UNKNOWN,ACCEPT_CANDIDATE,HIGH,CONTRACT,ron,cms689p2g01orrt354w0sq62w,BT.BIT 697,CUSTIFY SRL,2024-08-21,RON,2200.00,10949.18,avans,RED-PEN-S-WB-1,RED-PEN-S-WB-<limit>,"{""limit"":""1""}",UNIQUE,RED-PEN-S-WB-1 | RED-PEN-B-E-B-14,208,2024-08-21,0,223/17.05.2022,"Avans, conform Act aditional nr. 2 din 2.07.2024 | la contractul 223/17.05.2022(2200 Euro + TVA la cursul BNR de 4,9769 lei; Referinta proiect REF-rec1E4IGlUwBFkjnP-REF | Avans, conform Act aditional nr. 2 din 2.07.2024 | la contractul 223/",,"CONTRACT; contract, date:0d, amount:0.0%, milestone:avans, company-profile:80%; company=STANDARD; dominant=RED-PEN-S-WB-1 (80%)"
accounting:BT.BIT 711,no,RED-PEN-S-WB-1,,STANDARD,10,5,RED-PEN-S-WB-1,0.800,0.167,MIXED/UNKNOWN,REVIEW,HIGH,STORNO_REFERENCE,ron,cms689p5i01q3rt35m3o5zihl,BT.BIT 711,CUSTIFY SRL,2024-09-13,RON,2200.00,16401.92,storno,RED-PEN-S-WB-1,RED-PEN-S-WB-<limit>,"{""limit"":""1""}",UNIQUE,RED-PEN-S-WB-1,208,2024-08-21,23,223/17.05.2022,"STORNARE Avans, conform Act aditional nr. 2 din 2.07.2024 Suma finala conform Act aditional nr. 2 din 2.07.2024 la | la contractul 223/17.05.2022(2200 Euro + TVA la cursul BNR de 4,9769 lei; sTORNARE FACTURA AVANS 697/21.08.2024 | STORNARE ",,Storno mapped to BT.BIT 697; contract=true; amount=true; gap=23d
accounting:BT. BIT 981,no,RED-PEN-B-E-B-14,,STANDARD,10,5,RED-PEN-S-WB-1,0.800,0.167,MIXED/UNKNOWN,ACCEPT_CANDIDATE,HIGH,CONTRACT,ron,cms689qzc02f9rt357titcplh,BT. BIT 981,CUSTIFY SRL,2025-09-10,RON,2720.00,13800.46,avans,RED-PEN-B-E-B-14,RED-PEN-B-E-B-<limit>,"{""limit"":""14""}",UNIQUE,RED-PEN-B-E-B-14 | RED-PEN-S-WB-1,209,2025-09-10,0,223/17.05.2022,Avans conform Act aditional nr. 3 din 7.07.2025 | la contractul 223/17.05.2022 | Avans conform Act aditional nr. 3 din 7.07.2025 | la contractul 223/17.05.2022,,"CONTRACT; contract, date:0d, amount:0.0%, milestone:avans; company=STANDARD; dominant=RED-PEN-S-WB-1 (80%)"
accounting:BT. BIT 990,no,RED-PEN-B-E-B-14,,STANDARD,10,5,RED-PEN-S-WB-1,0.800,0.167,MIXED/UNKNOWN,REVIEW,HIGH,STORNO_REFERENCE,ron,cms689r1b02g3rt35155l5pzy,BT. BIT 990,CUSTIFY SRL,2025-09-30,RON,2720.00,20700.70,storno,RED-PEN-B-E-B-14,RED-PEN-B-E-B-<limit>,"{""limit"":""14""}",UNIQUE,RED-PEN-B-E-B-14,209,2025-09-10,20,223/17.05.2022,Avans conform Act aditional nr. 3 din 7.07.2025 Valoare finala conform Act Aditional nr. 3 | la contractul 223/17.05.2022 Stornare factura 981/10.09.2025 in valoare de 2.720 euro +TVA la cursul BNR) | Avans conform Act aditional nr. 3 din 7,,Storno mapped to BT. BIT 981; contract=true; amount=true; gap=20d
accounting:BT.BIT 1,no,,,UNMATCHED,,,,,,,SKIP_NO_MATCH,NONE,NONE,ron,cms689kg40001rt35hiwox7jg,BT.BIT 1,CYBERGHOST SRL,2015-08-27,RON,100.00,443.75,,,,,EMPTY,,,,,,"consultanta securitate informatica. | 100 euro la cursul BNR din 26.08.2015 de 4,4376 lei | consultanta securitate informatica. | 100 euro la cursul BNR din 26.08.2015 de 4,4376 lei",,Organization not found in tracker.
accounting:BT.BIT 977,no,,,UNMATCHED,,,,,,,SKIP_NO_MATCH,NONE,NONE,ron,cms689qsz02cxrt35melgougg,BT.BIT 977,DECO CENTER SRL,2025-08-29,RON,425.00,2153.56,,,,,EMPTY,,,,,,Servicii de instalare conform ANEXA 1 | ? SERVICII RECURENTE DE SECURITATE ? SERVICII RECURENTE DE SECURITATE( 425 euro+TVA la cursul BNR) | Servicii de instalare conform ANEXA 1 | ? SERVICII RECURENTE DE SECURITATE ? SERVICII RECURENTE DE ,,Organization not found in tracker.
accounting:BT.R.BIT 24,no,,,UNMATCHED,,,,,,,SKIP_NO_MATCH,NONE,NONE,ron,cms689qyh02exrt3593rc7s26,BT.R.BIT 24,DECO CENTER SRL,2025-09-02,RON,344.25,1746.21,,,,,EMPTY,,,,,,"SERVICII RECURENTE CONFORM ANEXA 1 | SERVICII RECURENTE DE SECURITATE INFORMATICA la contractul NR. 880/13.08.2025 / NR. 353/13.08.2025, 344.25 EUR+TVA la cursul BNR 5.0725 | SERVICII RECURENTE CONFORM ANEXA 1 | SERVICII RECURENTE DE SECURI",,Organization not found in tracker.
accounting:BT.R.BIT 51,no,,,UNMATCHED,,,,,,,SKIP_NO_MATCH,NONE,NONE,ron,cms689rea02kmrt35dnfqr75p,BT.R.BIT 51,DECO CENTER SRL,2025-10-20,RON,344.25,1751.85,,,,,EMPTY,,,,,,"SERVICII RECURENTE CONFORM ANEXA 1 | SERVICII RECURENTE DE SECURITATE INFORMATICA la contractul NR. 880/13.08.2025 / NR. 353/13.08.2025, 344.25 EUR+TVA la cursul BNR 5.0889 | SERVICII RECURENTE CONFORM ANEXA 1 | SERVICII RECURENTE DE SECURI",,Organization not found in tracker.
accounting:BT.R.BIT 78,no,,,UNMATCHED,,,,,,,SKIP_NO_MATCH,NONE,NONE,ron,cms689rj702m5rt35diwqw9gk,BT.R.BIT 78,DECO CENTER SRL,2025-11-26,RON,344.25,1751.89,,,,,EMPTY,,,,,,"SERVICII RECURENTE CONFORM ANEXA 1 | SERVICII RECURENTE DE SECURITATE INFORMATICA la contractul NR. 880/13.08.2025 / NR. 353/13.08.2025, 344.25 EUR+TVA la cursul BNR 5.089 | SERVICII RECURENTE CONFORM ANEXA 1 | SERVICII RECURENTE DE SECURIT",,Organization not found in tracker.
accounting:BT.R.BIT 105,no,,,UNMATCHED,,,,,,,SKIP_NO_MATCH,NONE,NONE,ron,cms689rvh02pbrt35zc3wcndk,BT.R.BIT 105,DECO CENTER SRL,2025-12-23,RON,344.25,1751.58,,,,,EMPTY,,,,,,"SERVICII RECURENTE CONFORM ANEXA 1 | SERVICII RECURENTE DE SECURITATE INFORMATICA la contractul NR. 880/13.08.2025 / NR. 353/13.08.2025, 344.25 EUR+TVA la cursul BNR 5.0881 | SERVICII RECURENTE CONFORM ANEXA 1 | SERVICII RECURENTE DE SECURI",,Organization not found in tracker.
accounting:BT.R.BIT 132,no,,,UNMATCHED,,,,,,,SKIP_NO_MATCH,NONE,NONE,ron,cms689s1k02rjrt3543x1kwk2,BT.R.BIT 132,DECO CENTER SRL,2026-01-20,RON,344.25,1752.96,,,,,EMPTY,,,,,,"SERVICII RECURENTE CONFORM ANEXA 1 | SERVICII RECURENTE DE SECURITATE INFORMATICA la contractul NR. 880/13.08.2025 / NR. 353/13.08.2025, 344.25 EUR+TVA la cursul BNR 5.0921 | SERVICII RECURENTE CONFORM ANEXA 1 | SERVICII RECURENTE DE SECURI",,Organization not found in tracker.
accounting:BT.R.BIT 160,no,,,UNMATCHED,,,,,,,SKIP_NO_MATCH,NONE,NONE,ron,cms689sf702v6rt354cm0wide,BT.R.BIT 160,DECO CENTER SRL,2026-02-13,RON,344.25,1753.40,,,,,EMPTY,,,,,,"SERVICII RECURENTE CONFORM ANEXA 1 | SERVICII RECURENTE DE SECURITATE INFORMATICA la contractul NR. 880/13.08.2025 / NR. 353/13.08.2025, 344.25 EUR+TVA la cursul BNR 5.0934 | SERVICII RECURENTE CONFORM ANEXA 1 | SERVICII RECURENTE DE SECURI",,Organization not found in tracker.
accounting:BT.R.BIT 166,no,,,UNMATCHED,,,,,,,SKIP_NO_MATCH,NONE,NONE,ron,cms689slk02x6rt35cbfcxrlg,BT.R.BIT 166,DECO CENTER SRL,2026-03-20,RON,344.25,1754.26,,,,,EMPTY,,,,,,"SERVICII RECURENTE CONFORM ANEXA 1 | SERVICII RECURENTE DE SECURITATE INFORMATICA la contractul NR. 880/13.08.2025 / NR. 353/13.08.2025, 344.25 EUR+TVA la cursul BNR 5.0959 | SERVICII RECURENTE CONFORM ANEXA 1 | SERVICII RECURENTE DE SECURI",,Organization not found in tracker.
accounting:BT.R.BIT 195,no,,,UNMATCHED,,,,,,,SKIP_NO_MATCH,NONE,NONE,ron,cms689t0m0319rt35cw55qlkx,BT.R.BIT 195,DECO CENTER SRL,2026-04-29,RON,344.25,1753.51,,,,,EMPTY,,,,,,"SERVICII RECURENTE CONFORM ANEXA 1 | SERVICII RECURENTE DE SECURITATE INFORMATICA la contractul NR. 880/13.08.2025 / NR. 353/13.08.2025, 344.25 EUR+TVA la cursul BNR 5.0937 | SERVICII RECURENTE CONFORM ANEXA 1 | SERVICII RECURENTE DE SECURI",,Organization not found in tracker.
accounting:BT.R.BIT 224,no,,,UNMATCHED,,,,,,,SKIP_NO_MATCH,NONE,NONE,ron,cms689ta0033trt354yycq006,BT.R.BIT 224,DECO CENTER SRL,2026-05-25,RON,344.25,1806.90,,,,,EMPTY,,,,,,"SERVICII RECURENTE CONFORM ANEXA 1 | SERVICII RECURENTE DE SECURITATE INFORMATICA la contractul NR. 880/13.08.2025 / NR. 353/13.08.2025, 344.25 EUR+TVA la cursul BNR 5.2488 | SERVICII RECURENTE CONFORM ANEXA 1 | SERVICII RECURENTE DE SECURI",,Organization not found in tracker.
accounting:BT.R.BIT 253,no,,,UNMATCHED,,,,,,,SKIP_NO_MATCH,NONE,NONE,ron,cms689tio036hrt358ctfazw9,BT.R.BIT 253,DECO CENTER SRL,2026-06-17,RON,344.25,1800.77,,,,,EMPTY,,,,,,"SERVICII RECURENTE CONFORM ANEXA 1 | SERVICII RECURENTE DE SECURITATE INFORMATICA la contractul NR. 880/13.08.2025 / NR. 353/13.08.2025, 344.25 EUR+TVA la cursul BNR 5.231 | SERVICII RECURENTE CONFORM ANEXA 1 | SERVICII RECURENTE DE SECURIT",,Organization not found in tracker.
accounting:BT.R.BIT 282,no,,,UNMATCHED,,,,,,,SKIP_NO_MATCH,NONE,NONE,ron,cms689ttc0399rt35jjdh8nn1,BT.R.BIT 282,DECO CENTER SRL,2026-07-18,RON,344.25,1804.87,,,,,EMPTY,,,,,,"SERVICII RECURENTE CONFORM ANEXA 1 | SERVICII RECURENTE DE SECURITATE INFORMATICA la contractul NR. 880/13.08.2025 / NR. 353/13.08.2025, 344.25 EUR+TVA la cursul BNR 5.2429 | SERVICII RECURENTE CONFORM ANEXA 1 | SERVICII RECURENTE DE SECURI",,Organization not found in tracker.
accounting:BT.BIT 314,no,RED-C-M-YY-12,,SMALL,3,3,RED-C-M-YY-12,1.000,0.000,MIXED/UNKNOWN,ACCEPT_CANDIDATE,HIGH,CONTRACT,ron,cms689mm600rbrt356n6jnfh1,BT.BIT 314,DIGITAL ECONOMY DEVELOPMENT SRL,2021-12-14,RON,3840.00,19004.92,,RED-C-M-YY-12,RED-C-M-YY-<limit>,"{""limit"":""12""}",UNIQUE,RED-C-M-YY-12,372,2021-12-14,0,207/14.12.2021,SERV. CONF. CONTRACT NR.207/14.12.2021 | 3.840 euro +TVA la cursul BNR | SERV. CONF. CONTRACT NR.207/14.12.2021 | 3.840 euro +TVA la cursul BNR,,"CONTRACT; contract, date:0d, amount:0.0%; company=SMALL; dominant=RED-C-M-YY-12 (100%)"
accounting:421,no,RED-C-M-YY-12,,SMALL,3,3,RED-C-M-YY-12,1.000,0.000,MIXED/UNKNOWN,ACCEPT_CANDIDATE,HIGH,CONTRACT,ron,cms689nbd010hrt35tyejcox6,421,DIGITAL ECONOMY DEVELOPMENT SRL,2022-12-09,RON,1280.00,6296.58,,RED-C-M-YY-12,RED-C-M-YY-<limit>,"{""limit"":""12""}",UNIQUE,RED-C-M-YY-12,373,2022-12-09,0,207/14.12.2021,"SERVICII CONTRACT DE PRESTARI SERVICII, Nr. 207/14.12.2021, | 1.280 euro+TVA la cursul BNR | SERVICII CONTRACT DE PRESTARI SERVICII, Nr. 207/14.12.2021, | 1.280 euro+TVA la cursul BNR",,"CONTRACT; contract, date:0d, amount:0.0%; company=SMALL; dominant=RED-C-M-YY-12 (100%)"
accounting:BT.BIT 578,no,RED-C-M-YY-12,,SMALL,3,3,RED-C-M-YY-12,1.000,0.000,MIXED/UNKNOWN,ACCEPT_CANDIDATE,HIGH,CONTRACT,ron,cms689obf01egrt35jmy5pzeh,BT.BIT 578,DIGITAL ECONOMY DEVELOPMENT SRL,2023-12-11,RON,3840.00,19075.97,,RED-C-M-YY-12,RED-C-M-YY-<limit>,"{""limit"":""12""}",UNIQUE,RED-C-M-YY-12,374,2023-12-10,1,207/14.12.2021,"SERVICII CONTRACT DE PRESTARI SERVICII, Nr. | 207/14.12.2021( 3.840 euro+TVA la cursul BNR | SERVICII CONTRACT DE PRESTARI SERVICII, Nr. | 207/14.12.2021( 3.840 euro+TVA la cursul BNR",,"CONTRACT; contract, date:1d; company=SMALL; dominant=RED-C-M-YY-12 (100%)"
accounting:BT.BIT 348,no,RED-VA-I-B-25,,SMALL,1,1,RED-VA-I-B-25,1.000,0.000,MIXED/UNKNOWN,ACCEPT_CANDIDATE,HIGH,CONTRACT,ron,cms689mud00u6rt3578au28m9,BT.BIT 348,DIGITAL SALE SRL,2022-05-12,RON,750.00,3711.00,,RED-VA-I-B-25,RED-VA-I-B-<limit>,"{""limit"":""25""}",UNIQUE,RED-VA-I-B-25,84,2022-05-12,0,211/02.02.2022,SERV. CONF. CONTRACT NR.211/02.02.2022 | 750 euro+TVA la cursul BNR | SERV. CONF. CONTRACT NR.211/02.02.2022 | 750 euro+TVA la cursul BNR,,"CONTRACT; contract, date:0d, amount:0.0%; company=SMALL; dominant=RED-VA-I-B-25 (100%)"
accounting:BT. BIT 986,no,BLUE-MDR-C-10,,RECURRENT,12,48,BLUE-MDR-C-10,0.500,0.889,MIXED/UNKNOWN,ACCEPT_CANDIDATE,HIGH,RECURRENT_DATE,ron,cms689r0h02frrt356p3jzuup,BT. BIT 986,DIGITIZE TECH S.R.L.,2025-09-29,RON,2461.99,12500.00,,BLUE-MDR-C-10,BLUE-MDR-C-<limit>,"{""limit"":""10""}",UNIQUE,BLUE-MDR-C-10 | RED-VA-I-B-100,1502,2025-09-29,0,Contract de furnizare servicii DT25090101/1.9.2025,"Servicii de monitorizare SOC, conform anexe 1 | Servicii de monitorizare SOC, conform anexe 1",,"RECURRENT_DATE; date:0d, trend-adjusted-amount:1.448:0.0%; company=RECURRENT; dominant=BLUE-MDR-C-10 (50%)"
accounting:BT. BIT 987,no,RED-VA-I-B-100,,RECURRENT,12,48,BLUE-MDR-C-10,0.500,0.889,MIXED/UNKNOWN,ACCEPT_CANDIDATE,HIGH,RECURRENT_DATE,ron,cms689r0n02furt35n7gpboe2,BT. BIT 987,DIGITIZE TECH S.R.L.,2025-09-29,RON,2461.99,12500.00,,RED-VA-I-B-100,RED-VA-I-B-<limit>,"{""limit"":""100""}",UNIQUE,BLUE-MDR-C-10 | RED-VA-I-B-100,1526,2025-09-29,0,Contract de furnizare servicii DT25090101/1.9.2025,"Servicii de monitorizare SOC, conform anexe 1 | Servicii de monitorizare SOC, conform anexe 1",,RECURRENT_DATE; date:0d; company=RECURRENT; dominant=BLUE-MDR-C-10 (50%)
accounting:BT. BIT 988,no,BLUE-MDR-C-10,,RECURRENT,12,48,BLUE-MDR-C-10,0.500,0.889,MIXED/UNKNOWN,REVIEW,HIGH,HISTORICAL_PATTERN,ron,cms689r0v02fxrt351x2e5lzh,BT. BIT 988,DIGITIZE TECH S.R.L.,2025-09-29,RON,2461.99,12500.00,,BLUE-MDR-C-10,BLUE-MDR-C-<limit>,"{""limit"":""10""}",UNIQUE,BLUE-MDR-C-10,1503,,58,Contract de furnizare servicii DT25090101/1.9.2025,"Servicii de monitorizare SOC, conform anexe 1 | la Contractul nr. DT25090101/1.09.2025 | Servicii de monitorizare SOC, conform anexe 1 | la Contractul nr. DT25090101/1.09.2025",,Historical recurring pattern: 8/8 similar issued invoices map to BLUE-MDR-C-10 (100%); nearest=58d; amount intentionally ignored.
accounting:BT.R.BIT 82,no,BLUE-MDR-C-10,,RECURRENT,12,48,BLUE-MDR-C-10,0.500,0.889,MIXED/UNKNOWN,ACCEPT_CANDIDATE,HIGH,RECURRENT_DATE,ron,cms689rkf02mhrt35e3cp96gy,BT.R.BIT 82,DIGITIZE TECH S.R.L.,2025-11-26,RON,,12500.00,,BLUE-MDR-C-10,BLUE-MDR-C-<limit>,"{""limit"":""10""}",UNIQUE,BLUE-MDR-C-10 | RED-VA-I-B-100,1503,2025-11-26,0,Contract de furnizare servicii DT25090101/1.9.2025,"SERVICII RECURENTE CONFORM ANEXA 1 | Servicii de monitorizare SOC, conform anexe 1 la Contractul nr. DT25090101/1.09.2025 | SERVICII RECURENTE CONFORM ANEXA 1 | Servicii de monitorizare SOC, conform anexe 1 la Contractul nr. DT25090101/1.09",,RECURRENT_DATE; date:0d; company=RECURRENT; dominant=BLUE-MDR-C-10 (50%)
accounting:BT.R.BIT 109,no,BLUE-MDR-C-10,,RECURRENT,12,48,BLUE-MDR-C-10,0.500,0.889,MIXED/UNKNOWN,ACCEPT_CANDIDATE,HIGH,RECURRENT_DATE,ron,cms689rwd02pnrt35003dw5t2,BT.R.BIT 109,DIGITIZE TECH S.R.L.,2025-12-23,RON,,12500.00,,BLUE-MDR-C-10,BLUE-MDR-C-<limit>,"{""limit"":""10""}",UNIQUE,BLUE-MDR-C-10 | RED-VA-I-B-100,1504,2025-12-23,0,Contract de furnizare servicii DT25090101/1.9.2025,"SERVICII RECURENTE CONFORM ANEXA 1 | Servicii de monitorizare SOC, conform anexe 1 la Contractul nr. DT25090101/1.09.2025 | SERVICII RECURENTE CONFORM ANEXA 1 | Servicii de monitorizare SOC, conform anexe 1 la Contractul nr. DT25090101/1.09",,RECURRENT_DATE; date:0d; company=RECURRENT; dominant=BLUE-MDR-C-10 (50%)
accounting:BT.R.BIT 136,no,BLUE-MDR-C-10,,RECURRENT,12,48,BLUE-MDR-C-10,0.500,0.889,MIXED/UNKNOWN,ACCEPT_CANDIDATE,HIGH,RECURRENT_DATE,ron,cms689s3602rvrt35do6jki9f,BT.R.BIT 136,DIGITIZE TECH S.R.L.,2026-01-20,RON,,12500.00,,BLUE-MDR-C-10,BLUE-MDR-C-<limit>,"{""limit"":""10""}",UNIQUE,BLUE-MDR-C-10 | RED-VA-I-B-100,1505,2026-01-20,0,Contract de furnizare servicii DT25090101/1.9.2025,"SERVICII RECURENTE CONFORM ANEXA 1 | Servicii de monitorizare SOC, conform anexe 1 la Contractul nr. DT25090101/1.09.2025 | SERVICII RECURENTE CONFORM ANEXA 1 | Servicii de monitorizare SOC, conform anexe 1 la Contractul nr. DT25090101/1.09",,RECURRENT_DATE; date:0d; company=RECURRENT; dominant=BLUE-MDR-C-10 (50%)
accounting:BT.R.BIT 164,no,BLUE-MDR-C-10,,RECURRENT,12,48,BLUE-MDR-C-10,0.500,0.889,MIXED/UNKNOWN,ACCEPT_CANDIDATE,HIGH,RECURRENT_DATE,ron,cms689sgo02virt35b3bek58z,BT.R.BIT 164,DIGITIZE TECH S.R.L.,2026-02-13,RON,2454.16,12500.00,,BLUE-MDR-C-10,BLUE-MDR-C-<limit>,"{""limit"":""10""}",UNIQUE,BLUE-MDR-C-10 | RED-VA-I-B-100,1506,2026-02-13,0,Contract de furnizare servicii DT25090101/1.9.2025,"SERVICII RECURENTE CONFORM ANEXA 1 | Servicii de monitorizare SOC, conform anexe 1 la Contractul nr. DT25090101/1.09.2025 | SERVICII RECURENTE CONFORM ANEXA 1 | Servicii de monitorizare SOC, conform anexe 1 la Contractul nr. DT25090101/1.09",,"RECURRENT_DATE; date:0d, trend-adjusted-amount:1.448:0.3%; company=RECURRENT; dominant=BLUE-MDR-C-10 (50%)"
accounting:BT.R.BIT 167,no,BLUE-MDR-C-10,,RECURRENT,12,48,BLUE-MDR-C-10,0.500,0.889,MIXED/UNKNOWN,ACCEPT_CANDIDATE,HIGH,RECURRENT_DATE,ron,cms689slt02x9rt35jv0ncpba,BT.R.BIT 167,DIGITIZE TECH S.R.L.,2026-03-20,RON,,12500.00,,BLUE-MDR-C-10,BLUE-MDR-C-<limit>,"{""limit"":""10""}",UNIQUE,BLUE-MDR-C-10 | RED-VA-I-B-100,1507,2026-03-20,0,Contract de furnizare servicii DT25090101/1.9.2025,"SERVICII RECURENTE CONFORM ANEXA 1 | Servicii de monitorizare SOC, conform anexe 1 la Contractul nr. DT25090101/1.09.2025 | SERVICII RECURENTE CONFORM ANEXA 1 | Servicii de monitorizare SOC, conform anexe 1 la Contractul nr. DT25090101/1.09",,RECURRENT_DATE; date:0d; company=RECURRENT; dominant=BLUE-MDR-C-10 (50%)
accounting:BT.R.BIT 196,no,BLUE-MDR-C-10,,RECURRENT,12,48,BLUE-MDR-C-10,0.500,0.889,MIXED/UNKNOWN,ACCEPT_CANDIDATE,HIGH,RECURRENT_DATE,ron,cms689t1a031crt35o4d7w2xs,BT.R.BIT 196,DIGITIZE TECH S.R.L.,2026-04-29,RON,,12500.00,,BLUE-MDR-C-10,BLUE-MDR-C-<limit>,"{""limit"":""10""}",UNIQUE,BLUE-MDR-C-10 | RED-VA-I-B-100,1508,2026-04-29,0,Contract de furnizare servicii DT25090101/1.9.2025,"SERVICII RECURENTE CONFORM ANEXA 1 | Servicii de monitorizare SOC, conform anexe 1 la Contractul nr. DT25090101/1.09.2025 | SERVICII RECURENTE CONFORM ANEXA 1 | Servicii de monitorizare SOC, conform anexe 1 la Contractul nr. DT25090101/1.09",,RECURRENT_DATE; date:0d; company=RECURRENT; dominant=BLUE-MDR-C-10 (50%)
accounting:BT.R.BIT 225,no,BLUE-MDR-C-10,,RECURRENT,12,48,BLUE-MDR-C-10,0.500,0.889,MIXED/UNKNOWN,ACCEPT_CANDIDATE,HIGH,RECURRENT_DATE,ron,cms689ta8033wrt35pu7egfcw,BT.R.BIT 225,DIGITIZE TECH S.R.L.,2026-05-25,RON,,12500.00,,BLUE-MDR-C-10,BLUE-MDR-C-<limit>,"{""limit"":""10""}",UNIQUE,BLUE-MDR-C-10 | RED-VA-I-B-100,1509,2026-05-25,0,Contract de furnizare servicii DT25090101/1.9.2025,"SERVICII RECURENTE CONFORM ANEXA 1 | Servicii de monitorizare SOC, conform anexe 1 la Contractul nr. DT25090101/1.09.2025 | SERVICII RECURENTE CONFORM ANEXA 1 | Servicii de monitorizare SOC, conform anexe 1 la Contractul nr. DT25090101/1.09",,RECURRENT_DATE; date:0d; company=RECURRENT; dominant=BLUE-MDR-C-10 (50%)
accounting:BT.R.BIT 254,no,BLUE-MDR-C-10,,RECURRENT,12,48,BLUE-MDR-C-10,0.500,0.889,MIXED/UNKNOWN,ACCEPT_CANDIDATE,HIGH,RECURRENT_DATE,ron,cms689tiw036krt35liusdc1k,BT.R.BIT 254,DIGITIZE TECH S.R.L.,2026-06-17,RON,,12500.00,,BLUE-MDR-C-10,BLUE-MDR-C-<limit>,"{""limit"":""10""}",UNIQUE,BLUE-MDR-C-10 | RED-VA-I-B-100,1510,2026-06-19,2,Contract de furnizare servicii DT25090101/1.9.2025,"SERVICII RECURENTE CONFORM ANEXA 1 | Servicii de monitorizare SOC, conform anexe 1 la Contractul nr. DT25090101/1.09.2025 | SERVICII RECURENTE CONFORM ANEXA 1 | Servicii de monitorizare SOC, conform anexe 1 la Contractul nr. DT25090101/1.09",,RECURRENT_DATE; date:2d; company=RECURRENT; dominant=BLUE-MDR-C-10 (50%)
accounting:BT.R.BIT 283,no,BLUE-MDR-C-10,,RECURRENT,12,48,BLUE-MDR-C-10,0.500,0.889,MIXED/UNKNOWN,REVIEW,MEDIUM,RECURRENT_DATE,ron,cms689ttl039crt35gd35pfop,BT.R.BIT 283,DIGITIZE TECH S.R.L.,2026-07-18,RON,,12500.00,,BLUE-MDR-C-10,BLUE-MDR-C-<limit>,"{""limit"":""10""}",UNIQUE,BLUE-MDR-C-10 | RED-VA-I-B-100,1511,2026-07-05,13,Contract de furnizare servicii DT25090101/1.9.2025,"SERVICII RECURENTE CONFORM ANEXA 1 | Servicii de monitorizare SOC, conform anexe 1 la Contractul nr. DT25090101/1.09.2025 | SERVICII RECURENTE CONFORM ANEXA 1 | Servicii de monitorizare SOC, conform anexe 1 la Contractul nr. DT25090101/1.09",,RECURRENT_DATE; date:13d; company=RECURRENT; dominant=BLUE-MDR-C-10 (50%)
accounting:BT.BIT 1079,no,RED-MISC-30,,SMALL,1,1,RED-MISC-<30>,1.000,0.000,MIXED/UNKNOWN,REVIEW,LOW,PROFILE,ron,cms689trq038rrt35dskqwbt9,BT.BIT 1079,DIRECTORATUL NATIONAL DE SECURITATE CIBERNETICA,2026-06-22,RON,15976.03,83700.00,,RED-MISC-30,RED-MISC-<limit>,"{""limit"":""30""}",UNIQUE,RED-MISC-<30>,1588,2026-06-12,10,Nr. AP520 din data 27.04.2026,PACHET SOFTWARE SPECIALIZAT PENTRU EVALUAREA SECURITATII | RETELELOR OPEN RAN PROIECT 5G-TACTIC CONFORM CONTRACT DE ACHIZITIE PUBLICA DE PRODUSE NR.AP520 DIN DATA DE 27.04.2026 | PACHET SOFTWARE SPECIALIZAT PENTRU EVALUAREA SECURITATII | RE,,"PROFILE; date:10d, amount:0.1%, description:0.55; company=SMALL; dominant=RED-MISC-<30> (100%)"
accounting:430,no,RED-NIS-C-PEN-100,,SMALL,2,4,RED-NIS-C-PEN-100,0.500,0.000,MIXED/UNKNOWN,REVIEW,LOW,SCORED,ron,cms689ndd0118rt355o742i2l,430,DISTRIBUTIE ENERGIE OLTENIA S.A.,2022-12-16,RON,6000.00,29519.40,,RED-NIS-C-PEN-100,RED-NIS-C-PEN-<limit>,"{""limit"":""100""}",UNIQUE,RED-NIS-C-PEN-100 | RED-NIS-C-AUDIT-100,106,2022-12-16,0,60.1.DJ. 223281.0-0 din data de 19.08.2022,SERVICII CONFORM CONTRACT 60.1.DJ.223281.0-0 DIN 19.08.2022 | 6.000 euro+TVA la cursul BNR | SERVICII CONFORM CONTRACT 60.1.DJ.223281.0-0 DIN 19.08.2022 | 6.000 euro+TVA la cursul BNR,,SCORED; date:0d; company=SMALL; dominant=RED-NIS-C-PEN-100 (50%)
accounting:BT.BIT 780,no,RED-NIS-C-PEN-100,,SMALL,2,4,RED-NIS-C-PEN-100,0.500,0.000,MIXED/UNKNOWN,REVIEW,LOW,SCORED,ron,cms689pkd01w4rt35nyi0yll0,BT.BIT 780,DISTRIBUTIE ENERGIE OLTENIA S.A.,2024-12-18,RON,4499.00,22384.77,,RED-NIS-C-PEN-100,RED-NIS-C-PEN-<limit>,"{""limit"":""100""}",UNIQUE,RED-NIS-C-PEN-100 | RED-NIS-C-AUDIT-100,108,2024-12-18,0,Nr. 60.1.DJ.244627.0-0 din data de 11.09.2024,"Servicii de audit informatic pentru | identificarea si evaluarea vulnerabilitatilor si riscurilor informatice in conformitate cu Legea 362/2018 (NIS)?, conform CONTRACT DE SERVICII Nr. 60.1.DJ.244627.0-0 din data de 11.09.2024( 4.499 euro+T",,SCORED; date:0d; company=SMALL; dominant=RED-NIS-C-PEN-100 (50%)
accounting:BT.BIT 20,no,,,UNMATCHED,,,,,,,SKIP_NO_MATCH,NONE,NONE,valuta,cms689kml001prt35j079vlpy,BT.BIT 20,DOMAININDEX SARL,2018-02-01,EUR,7750.00,36101.05,,,,,EMPTY,,,,,,Services security testing & consultancy IT | Agreement no.111/17.01/2018 | Services security testing & consultancy IT | Agreement no.111/17.01/2018,,Organization not found in tracker.
accounting:BT.BIT 21,no,,,UNMATCHED,,,,,,,SKIP_NO_MATCH,NONE,NONE,valuta,cms689kmu001srt35xs0a9hrx,BT.BIT 21,DOMAININDEX SARL,2018-03-13,EUR,5800.00,27037.28,,,,,EMPTY,,,,,,"Services security testing & consultancy IT | Agreement no.110/17.01/2018, appendix 1. | Services security testing & consultancy IT | Agreement no.110/17.01/2018, appendix 1.",,Organization not found in tracker.
accounting:BT.BIT 23,no,,,UNMATCHED,,,,,,,SKIP_NO_MATCH,NONE,NONE,valuta,cms689knd001yrt35asu36j28,BT.BIT 23,DOMAININDEX SARL,2018-03-16,EUR,2300.00,10722.60,,,,,EMPTY,,,,,,Services security testing & consultancy IT | Aditional act no. 1 of 12.03.2018 service contract no.110/17.01.2018 | Services security testing & consultancy IT | Aditional act no. 1 of 12.03.2018 service contract no.110/17.01.2018,,Organization not found in tracker.
accounting:BT.BIT 29,no,,,UNMATCHED,,,,,,,SKIP_NO_MATCH,NONE,NONE,valuta,cms689kot002grt35tawa0go8,BT.BIT 29,DOMAININDEX SARL,2018-06-06,EUR,1050.00,4885.76,,,,,EMPTY,,,,,,"Servicii recurente pentru martie, aprilie si mai 2018 | Anexa 2 la contract nr.110/17.01.2018(350euro *3) | Servicii recurente pentru martie, aprilie si mai 2018 | Anexa 2 la contract nr.110/17.01.2018(350euro *3)",,Organization not found in tracker.
accounting:BT.BIT 34,no,,,UNMATCHED,,,,,,,SKIP_NO_MATCH,NONE,NONE,valuta,cms689kq3002vrt35b5bed0va,BT.BIT 34,DOMAININDEX SARL,2018-10-02,EUR,1400.00,6523.44,,,,,EMPTY,,,,,,"Servicii recurente pentru iunie,iulie,august,septembriie | 2018, Anexa 2 la contract nr.110/17.01.2018(350euro *4) | Servicii recurente pentru iunie,iulie,august,septembriie | 2018, Anexa 2 la contract nr.110/17.01.2018(350euro *4)",,Organization not found in tracker.
accounting:BT.BIT 38,no,,,UNMATCHED,,,,,,,SKIP_NO_MATCH,NONE,NONE,valuta,cms689kr50038rt35jisc96b3,BT.BIT 38,DOMAININDEX SARL,2018-12-13,EUR,1050.00,4893.53,,,,,EMPTY,,,,,,"Servicii recurente pentru octombrie, noiembrie si decembrie | 2018 Anexa 2 la contract nr.110/17.01.2018(350euro *3) | Servicii recurente pentru octombrie, noiembrie si decembrie | 2018 Anexa 2 la contract nr.110/17.01.2018(350euro *3)",,Organization not found in tracker.
accounting:BT.BIT 47,no,,,UNMATCHED,,,,,,,SKIP_NO_MATCH,NONE,NONE,valuta,cms68c1mf0018pj38ndvp0b2k,BT.BIT 47,DOMAININDEX SARL,2019-03-19,EUR,1050.00,4990.13,,,,,EMPTY,,,,,,"Servicii recurente pentru | ianuarie, februarie, martie 2019 Anexa 2 la contract nr.110/17.01.2018(350euro *3) | Servicii recurente pentru | ianuarie, februarie, martie 2019 Anexa 2 la contract nr.110/17.01.2018(350euro *3)",,Organization not found in tracker.
accounting:BT.BIT 52,no,,,UNMATCHED,,,,,,,SKIP_NO_MATCH,NONE,NONE,valuta,cms689kuf004brt35huzzrg6i,BT.BIT 52,DOMAININDEX SARL,2019-06-05,EUR,1050.00,4971.54,,,,,EMPTY,,,,,,"Servicii recurente pentru | aprilie, mai, iunie 2019 Anexa 2 la contract nr.110/17.01.2018(350euro *3) | Servicii recurente pentru | aprilie, mai, iunie 2019 Anexa 2 la contract nr.110/17.01.2018(350euro *3)",,Organization not found in tracker.
accounting:BT.BIT 61,no,,,UNMATCHED,,,,,,,SKIP_NO_MATCH,NONE,NONE,valuta,cms689kwp0054rt35e07v9ep1,BT.BIT 61,DOMAININDEX SARL,2019-12-16,EUR,5100.00,24370.86,,,,,EMPTY,,,,,,SERVICII CONFORM CONTRACT NR.150 DIN 28.11.2019 | SERVICII CONFORM CONTRACT NR.150 DIN 28.11.2019,,Organization not found in tracker.
accounting:BT.BIT 481,no,RED-NIS-C-AUDIT-300,,MANY,26,2,RED-NIS-C-PEN-300,0.500,0.792,MIXED/UNKNOWN,ACCEPT_CANDIDATE,HIGH,CONTRACT,ron,cms689npb015trt35dijn1o20,BT.BIT 481,DONA. CARGO S.R.L.,2023-05-17,RON,2733.00,13517.96,avans,RED-NIS-C-AUDIT-300,RED-NIS-C-AUDIT-<limit>,"{""limit"":""300""}",UNIQUE,RED-NIS-C-AUDIT-300 | RED-NIS-C-PEN-300,794,2023-05-17,0,264/04.05.2023,"SERVICII CONFORM CONTRACT 264/04.05.2023 | 2.733 euro+TVA la cursul BNR de 4,9462 lei, de 4,9462 lei, reprezentand avans | SERVICII CONFORM CONTRACT 264/04.05.2023 | 2.733 euro+TVA la cursul BNR de 4,9462 lei, de 4,9462 lei, reprezentand av",,"CONTRACT; contract, date:0d, amount:0.0%, milestone:avans; company=MANY; dominant=RED-NIS-C-PEN-300 (50%)"
accounting:BT.BIT 510,no,RED-NIS-C-AUDIT-300,,MANY,26,2,RED-NIS-C-PEN-300,0.500,0.792,MIXED/UNKNOWN,REVIEW,MEDIUM,CONTRACT,ron,cms689nvt018crt35fxukmdus,BT.BIT 510,DONA. CARGO S.R.L.,2023-07-20,RON,2050.00,10140.33,,RED-NIS-C-AUDIT-300,RED-NIS-C-AUDIT-<limit>,"{""limit"":""300""}",UNIQUE,RED-NIS-C-PEN-300 | RED-NIS-C-AUDIT-300,794,2023-08-28,39,264/04.05.2023,SERVICII CONFORM CONTRACT NR. 264/04.05.2023 articol 3.8.2. | 2050 euro+TVA la cursul BNR | SERVICII CONFORM CONTRACT NR. 264/04.05.2023 articol 3.8.2. | 2050 euro+TVA la cursul BNR,,"CONTRACT; contract, date:39d; company=MANY; dominant=RED-NIS-C-PEN-300 (50%)"
accounting:BT.BIT 520,no,RED-NIS-C-PEN-300,,MANY,26,2,RED-NIS-C-PEN-300,0.500,0.792,MIXED/UNKNOWN,REVIEW,MEDIUM,CONTRACT,ron,cms689nyf019art35pxfbhxz7,BT.BIT 520,DONA. CARGO S.R.L.,2023-08-28,RON,2050.00,10124.54,,RED-NIS-C-PEN-300,RED-NIS-C-PEN-<limit>,"{""limit"":""300""}",UNIQUE,RED-NIS-C-PEN-300 | RED-NIS-C-AUDIT-300,793,2023-08-28,0,264/04.05.2023,"SERVICII CONFORM CONTRACT NR. 264/04.05.2023 articol 3.8.3 | 2.050 euro+TVA la cursul BNR de 4,9388 lei. | SERVICII CONFORM CONTRACT NR. 264/04.05.2023 articol 3.8.3 | 2.050 euro+TVA la cursul BNR de 4,9388 lei.",,"CONTRACT; contract, date:0d; company=MANY; dominant=RED-NIS-C-PEN-300 (50%)"
accounting:BT.BIT 733,no,,,MANY,26,2,RED-NIS-C-PEN-300,0.500,0.792,MIXED/UNKNOWN,SKIP_NO_MATCH,NONE,NONE,ron,cms689pa001s5rt357anmlums,BT.BIT 733,DONA. CARGO S.R.L.,2024-10-30,RON,478.20,2378.86,,,,,EMPTY,,,,,,"SERVICII RECURENTE DE SECURITATE INFORMATICA | CONFORM CONTRACT NR. 296 / 06.08.2024( 478,2 euro+TVA la cursul BNR) | SERVICII RECURENTE DE SECURITATE INFORMATICA | CONFORM CONTRACT NR. 296 / 06.08.2024( 478,2 euro+TVA la cursul BNR)",,No accounting-to-tracker activity match met the conservative threshold.
accounting:BT.BIT 737,no,,,MANY,26,2,RED-NIS-C-PEN-300,0.500,0.792,MIXED/UNKNOWN,SKIP_NO_MATCH,NONE,NONE,ron,cms689pat01shrt35e0ncrz0b,BT.BIT 737,DONA. CARGO S.R.L.,2024-11-02,RON,478.20,2378.90,,,,,EMPTY,,,,,,"SERVICII CONTRACT-CADRU DE PRESTARI SERVICII | NR. 296 / 06.08.2024( 478,20 euro+TVA la cursul BNR) | SERVICII CONTRACT-CADRU DE PRESTARI SERVICII | NR. 296 / 06.08.2024( 478,20 euro+TVA la cursul BNR)",,No accounting-to-tracker activity match met the conservative threshold.
accounting:BT.BIT 759,no,,,MANY,26,2,RED-NIS-C-PEN-300,0.500,0.792,MIXED/UNKNOWN,SKIP_NO_MATCH,NONE,NONE,ron,cms689pft01udrt35kdgposnl,BT.BIT 759,DONA. CARGO S.R.L.,2024-12-03,RON,478.20,2380.00,,,,,EMPTY,,,,,,"SERVICII CONFORM CONTRACT NR. 296 / 06.08.2024 | 478,20 euro+TVA la cursul BNR | SERVICII CONFORM CONTRACT NR. 296 / 06.08.2024 | 478,20 euro+TVA la cursul BNR",,No accounting-to-tracker activity match met the conservative threshold.
accounting:BT.BIT 790,no,,,MANY,26,2,RED-NIS-C-PEN-300,0.500,0.792,MIXED/UNKNOWN,SKIP_NO_MATCH,NONE,NONE,ron,cms689pmi01wzrt35px5kl18e,BT.BIT 790,DONA. CARGO S.R.L.,2025-01-15,RON,478.20,2378.66,,,,,EMPTY,,,,,,"SERVICII CONFORM CONTRACT NR. 296 / 06.08.2024 | 478,20 euro+TVA la cursul BNR | SERVICII CONFORM CONTRACT NR. 296 / 06.08.2024 | 478,20 euro+TVA la cursul BNR",,No accounting-to-tracker activity match met the conservative threshold.
accounting:BT.BIT 811,no,,,MANY,26,2,RED-NIS-C-PEN-300,0.500,0.792,MIXED/UNKNOWN,SKIP_NO_MATCH,NONE,NONE,ron,cms689prc01ytrt35rl2w2fd7,BT.BIT 811,DONA. CARGO S.R.L.,2025-02-03,RON,478.20,2379.86,,,,,EMPTY,,,,,,"SERVICII CONFORM CONTRACT NR. 296 / 06.08.2024 | 478,20 euro+TVA la cursul BNR) | SERVICII CONFORM CONTRACT NR. 296 / 06.08.2024 | 478,20 euro+TVA la cursul BNR)",,No accounting-to-tracker activity match met the conservative threshold.
accounting:BT.BIT 828,no,,,MANY,26,2,RED-NIS-C-PEN-300,0.500,0.792,MIXED/UNKNOWN,SKIP_NO_MATCH,NONE,NONE,ron,cms689pur0208rt35u54x4wxk,BT.BIT 828,DONA. CARGO S.R.L.,2025-03-06,RON,478.20,2380.00,,,,,EMPTY,,,,,,"SERVICII CONFORM CONTRACT NR. 296 / 06.08.2024 | 478,20 euro+TVA la cursul BNR) | SERVICII CONFORM CONTRACT NR. 296 / 06.08.2024 | 478,20 euro+TVA la cursul BNR)",,No accounting-to-tracker activity match met the conservative threshold.
accounting:BT.BIT 851,no,,,MANY,26,2,RED-NIS-C-PEN-300,0.500,0.792,MIXED/UNKNOWN,SKIP_NO_MATCH,NONE,NONE,ron,cms689pzz0227rt35atorzt37,BT.BIT 851,DONA. CARGO S.R.L.,2025-04-02,RON,478.20,2380.00,,,,,EMPTY,,,,,,"SERVICII CONFORM CONTRACT NR. 296 / 06.08.2024 | 478,20 euro+TVA la cursul BNR) | SERVICII CONFORM CONTRACT NR. 296 / 06.08.2024 | 478,20 euro+TVA la cursul BNR)",,No accounting-to-tracker activity match met the conservative threshold.
accounting:BT.BIT 880,no,,,MANY,26,2,RED-NIS-C-PEN-300,0.500,0.792,MIXED/UNKNOWN,SKIP_NO_MATCH,NONE,NONE,ron,cms689q6l024qrt350luzhaey,BT.BIT 880,DONA. CARGO S.R.L.,2025-05-13,RON,478.20,2438.49,,,,,EMPTY,,,,,,"SERVICII CONFORM CONTRACT NR. 296 / 06.08.2024 | 478,20 euro+TVA la cursul BNR) | SERVICII CONFORM CONTRACT NR. 296 / 06.08.2024 | 478,20 euro+TVA la cursul BNR)",,No accounting-to-tracker activity match met the conservative threshold.
accounting:BT.BIT 905,no,,,MANY,26,2,RED-NIS-C-PEN-300,0.500,0.792,MIXED/UNKNOWN,SKIP_NO_MATCH,NONE,NONE,ron,cms689qcb026xrt35kilv08yp,BT.BIT 905,DONA. CARGO S.R.L.,2025-06-16,RON,478.20,2406.30,,,,,EMPTY,,,,,,"SERVICII CONFORM CONTRACT NR. 296 / 06.08.2024 | 478,20 euro+TVA la cursul BNR) | SERVICII CONFORM CONTRACT NR. 296 / 06.08.2024 | 478,20 euro+TVA la cursul BNR)",,No accounting-to-tracker activity match met the conservative threshold.
accounting:BT.BIT 929,no,,,MANY,26,2,RED-NIS-C-PEN-300,0.500,0.792,MIXED/UNKNOWN,SKIP_NO_MATCH,NONE,NONE,ron,cms689qho028xrt35lu8qormi,BT.BIT 929,DONA. CARGO S.R.L.,2025-07-02,RON,478.20,2427.92,,,,,EMPTY,,,,,,"SERVICII CONFORM CONTRACT NR. 296 / 06.08.2024 | 478,20 euro+TVA la cursul BNR) | SERVICII CONFORM CONTRACT NR. 296 / 06.08.2024 | 478,20 euro+TVA la cursul BNR)",,No accounting-to-tracker activity match met the conservative threshold.
accounting:BT.BIT 957,no,,,MANY,26,2,RED-NIS-C-PEN-300,0.500,0.792,MIXED/UNKNOWN,SKIP_NO_MATCH,NONE,NONE,ron,cms689qo802b9rt35q9b81ftc,BT.BIT 957,DONA. CARGO S.R.L.,2025-08-04,RON,478.20,2427.82,,,,,EMPTY,,,,,,"SERVICII CONFORM CONTRACT NR. 296 / 06.08.2024 | 478,20 euro+TVA la cursul BNR) | SERVICII CONFORM CONTRACT NR. 296 / 06.08.2024 | 478,20 euro+TVA la cursul BNR)",,No accounting-to-tracker activity match met the conservative threshold.
accounting:BT.R.BIT 7,no,,,MANY,26,2,RED-NIS-C-PEN-300,0.500,0.792,MIXED/UNKNOWN,SKIP_NO_MATCH,NONE,NONE,ron,cms689quh02dirt35uetsur3p,BT.R.BIT 7,DONA. CARGO S.R.L.,2025-09-02,RON,478.20,2425.67,,,,,EMPTY,,,,,,SERVICII CONFORM CONTRACT NR. 296 / 06.08.2024 | 478.2 EUR+TVA la cursul BNR 5.0725 | SERVICII CONFORM CONTRACT NR. 296 / 06.08.2024 | 478.2 EUR+TVA la cursul BNR 5.0725,,No accounting-to-tracker activity match met the conservative threshold.
accounting:BT.R.BIT 958,no,,,MANY,26,2,RED-NIS-C-PEN-300,0.500,0.792,MIXED/UNKNOWN,SKIP_NO_MATCH,NONE,NONE,ron,cms689r2002gert350t7aoc96,BT.R.BIT 958,DONA. CARGO S.R.L.,2025-10-08,RON,19.15,97.59,storno,,,,EMPTY,,,,,,"SERVICII CONFORM CONTRACT NR. 296 / 06.08.2024 | stornare 19,15 EUR+TVA la cursul BNR | SERVICII CONFORM CONTRACT NR. 296 / 06.08.2024 | stornare 19,15 EUR+TVA la cursul BNR",,Storno: no sufficiently similar original invoice found.
accounting:BT.R.BIT 34,no,,,MANY,26,2,RED-NIS-C-PEN-300,0.500,0.792,MIXED/UNKNOWN,SKIP_NO_MATCH,NONE,NONE,ron,cms689r8n02j7rt350mwz45ns,BT.R.BIT 34,DONA. CARGO S.R.L.,2025-10-20,RON,439.90,2238.61,,,,,EMPTY,,,,,,"SERVICII CONFORM CONTRACT NR. 296 / 06.08.2024 | ACT ADITIONAL NR. 2 DIN 3.9.2025 , 439.90 EUR+TVA la cursul BNR 5.0889 | SERVICII CONFORM CONTRACT NR. 296 / 06.08.2024 | ACT ADITIONAL NR. 2 DIN 3.9.2025 , 439.90 EUR+TVA la cursul BNR 5.088",,No accounting-to-tracker activity match met the conservative threshold.
accounting:BT.R.BIT 89,no,,,MANY,26,2,RED-NIS-C-PEN-300,0.500,0.792,MIXED/UNKNOWN,SKIP_NO_MATCH,NONE,NONE,ron,cms689rrc02nzrt35af5gp6zm,BT.R.BIT 89,DONA. CARGO S.R.L.,2025-12-23,RON,439.90,2238.26,,,,,EMPTY,,,,,,"SERVICII CONFORM CONTRACT NR. 296 / 06.08.2024 | ACT ADITIONAL NR. 2 DIN 3.9.2025 , 439.90 EUR+TVA la cursul BNR 5.0881 | SERVICII CONFORM CONTRACT NR. 296 / 06.08.2024 | ACT ADITIONAL NR. 2 DIN 3.9.2025 , 439.90 EUR+TVA la cursul BNR 5.088",,No accounting-to-tracker activity match met the conservative threshold.
accounting:BT.R.BIT 116,no,,,MANY,26,2,RED-NIS-C-PEN-300,0.500,0.792,MIXED/UNKNOWN,SKIP_NO_MATCH,NONE,NONE,ron,cms689rxu02q7rt35a56a6e07,BT.R.BIT 116,DONA. CARGO S.R.L.,2026-01-20,RON,439.90,2240.01,,,,,EMPTY,,,,,,"SERVICII CONFORM CONTRACT NR. 296 / 06.08.2024 | ACT ADITIONAL NR. 2 DIN 3.9.2025 , 439.90 EUR+TVA la cursul BNR 5.0921 | SERVICII CONFORM CONTRACT NR. 296 / 06.08.2024 | ACT ADITIONAL NR. 2 DIN 3.9.2025 , 439.90 EUR+TVA la cursul BNR 5.092",,No accounting-to-tracker activity match met the conservative threshold.
accounting:BT.R.BIT 143,no,,,MANY,26,2,RED-NIS-C-PEN-300,0.500,0.792,MIXED/UNKNOWN,SKIP_NO_MATCH,NONE,NONE,ron,cms689sa402trrt35ba2qa7f9,BT.R.BIT 143,DONA. CARGO S.R.L.,2026-02-13,RON,439.90,2240.59,,,,,EMPTY,,,,,,"SERVICII CONFORM CONTRACT NR. 296 / 06.08.2024 | ACT ADITIONAL NR. 2 DIN 3.9.2025 , 439.90 EUR+TVA la cursul BNR 5.0934 | SERVICII CONFORM CONTRACT NR. 296 / 06.08.2024 | ACT ADITIONAL NR. 2 DIN 3.9.2025 , 439.90 EUR+TVA la cursul BNR 5.093",,No accounting-to-tracker activity match met the conservative threshold.
accounting:BT.R.BIT 169,no,,,MANY,26,2,RED-NIS-C-PEN-300,0.500,0.792,MIXED/UNKNOWN,SKIP_NO_MATCH,NONE,NONE,ron,cms689sm902xfrt35ak99uz9s,BT.R.BIT 169,DONA. CARGO S.R.L.,2026-03-20,RON,439.90,2241.69,,,,,EMPTY,,,,,,"SERVICII CONFORM CONTRACT NR. 296 / 06.08.2024 | ACT ADITIONAL NR. 2 DIN 3.9.2025 , 439.90 EUR+TVA la cursul BNR 5.0959 | SERVICII CONFORM CONTRACT NR. 296 / 06.08.2024 | ACT ADITIONAL NR. 2 DIN 3.9.2025 , 439.90 EUR+TVA la cursul BNR 5.095",,No accounting-to-tracker activity match met the conservative threshold.
accounting:BT.R.BIT 198,no,,,MANY,26,2,RED-NIS-C-PEN-300,0.500,0.792,MIXED/UNKNOWN,SKIP_NO_MATCH,NONE,NONE,ron,cms689t22031irt359zuytuln,BT.R.BIT 198,DONA. CARGO S.R.L.,2026-04-29,RON,439.90,2240.72,,,,,EMPTY,,,,,,"SERVICII CONFORM CONTRACT NR. 296 / 06.08.2024 | ACT ADITIONAL NR. 2 DIN 3.9.2025 , 439.90 EUR+TVA la cursul BNR 5.0937 | SERVICII CONFORM CONTRACT NR. 296 / 06.08.2024 | ACT ADITIONAL NR. 2 DIN 3.9.2025 , 439.90 EUR+TVA la cursul BNR 5.093",,No accounting-to-tracker activity match met the conservative threshold.
accounting:BT.R.BIT 227,no,,,MANY,26,2,RED-NIS-C-PEN-300,0.500,0.792,MIXED/UNKNOWN,SKIP_NO_MATCH,NONE,NONE,ron,cms689tay0342rt356m9rbhmb,BT.R.BIT 227,DONA. CARGO S.R.L.,2026-05-25,RON,439.90,2308.95,,,,,EMPTY,,,,,,"SERVICII CONFORM CONTRACT NR. 296 / 06.08.2024 | ACT ADITIONAL NR. 2 DIN 3.9.2025 , 439.90 EUR+TVA la cursul BNR 5.2488 | SERVICII CONFORM CONTRACT NR. 296 / 06.08.2024 | ACT ADITIONAL NR. 2 DIN 3.9.2025 , 439.90 EUR+TVA la cursul BNR 5.248",,No accounting-to-tracker activity match met the conservative threshold.
accounting:BT.R.BIT 256,no,,,MANY,26,2,RED-NIS-C-PEN-300,0.500,0.792,MIXED/UNKNOWN,SKIP_NO_MATCH,NONE,NONE,ron,cms689tjc036qrt3573va2b9q,BT.R.BIT 256,DONA. CARGO S.R.L.,2026-06-17,RON,439.90,2301.12,,,,,EMPTY,,,,,,"SERVICII CONFORM CONTRACT NR. 296 / 06.08.2024 | ACT ADITIONAL NR. 2 DIN 3.9.2025 , 439.90 EUR+TVA la cursul BNR 5.231 | SERVICII CONFORM CONTRACT NR. 296 / 06.08.2024 | ACT ADITIONAL NR. 2 DIN 3.9.2025 , 439.90 EUR+TVA la cursul BNR 5.231",,No accounting-to-tracker activity match met the conservative threshold.
accounting:BT.R.BIT 285,no,,,MANY,26,2,RED-NIS-C-PEN-300,0.500,0.792,MIXED/UNKNOWN,SKIP_NO_MATCH,NONE,NONE,ron,cms689tu7039irt351uh6i9k7,BT.R.BIT 285,DONA. CARGO S.R.L.,2026-07-18,RON,439.90,2306.35,,,,,EMPTY,,,,,,"SERVICII CONFORM CONTRACT NR. 296 / 06.08.2024 | ACT ADITIONAL NR. 2 DIN 3.9.2025 , 439.90 EUR+TVA la cursul BNR 5.2429 | SERVICII CONFORM CONTRACT NR. 296 / 06.08.2024 | ACT ADITIONAL NR. 2 DIN 3.9.2025 , 439.90 EUR+TVA la cursul BNR 5.242",,No accounting-to-tracker activity match met the conservative threshold.
accounting:BT.BIT 482,no,RED-NIS-C-PEN-300,,RECURRENT,46,38,BLUE-MDR-C-725,0.947,0.792,STABLE,ACCEPT_CANDIDATE,HIGH,CONTRACT,ron,cms689npj015wrt35z3bondom,BT.BIT 482,DONA. LOGISTICA S.A.,2023-05-17,RON,2733.00,13517.96,avans,RED-NIS-C-PEN-300,RED-NIS-C-PEN-<limit>,"{""limit"":""300""}",UNIQUE,RED-NIS-C-PEN-300 | RED-NIS-C-AUDIT-300,795,2023-05-17,0,264/04.05.2023,"SERVICII CONFORM CONTRACT 264/04.05.2023 | 2.733 euro+TVA la cursul BNR de 4,9462 lei reprezentand avans | SERVICII CONFORM CONTRACT 264/04.05.2023 | 2.733 euro+TVA la cursul BNR de 4,9462 lei reprezentand avans",,"CONTRACT; contract, date:0d, milestone:avans; company=RECURRENT; dominant=BLUE-MDR-C-725 (95%)"
accounting:BT.BIT 511,no,RED-NIS-C-AUDIT-300,,RECURRENT,46,38,BLUE-MDR-C-725,0.947,0.792,STABLE,REVIEW,MEDIUM,CONTRACT,ron,cms689nw4018frt351ymb6mqd,BT.BIT 511,DONA. LOGISTICA S.A.,2023-07-20,RON,2050.00,10140.33,,RED-NIS-C-AUDIT-300,RED-NIS-C-AUDIT-<limit>,"{""limit"":""300""}",UNIQUE,RED-NIS-C-PEN-300 | RED-NIS-C-AUDIT-300,796,2023-05-17,64,264/04.05.2023,SERVICII CONFORM CONTRACT NR. 264/04.05.2023 articol 3.8.2. | 2050 euro+TVA la cursul BNR | SERVICII CONFORM CONTRACT NR. 264/04.05.2023 articol 3.8.2. | 2050 euro+TVA la cursul BNR,,"CONTRACT; contract, date:64d, trend-adjusted-amount:0.700:7.2%; company=RECURRENT; dominant=BLUE-MDR-C-725 (95%)"
accounting:BT.BIT 521,no,RED-NIS-C-PEN-300,,RECURRENT,46,38,BLUE-MDR-C-725,0.947,0.792,STABLE,ACCEPT_CANDIDATE,HIGH,CONTRACT,ron,cms689nym019drt356jk3foa3,BT.BIT 521,DONA. LOGISTICA S.A.,2023-08-28,RON,2050.00,10124.54,,RED-NIS-C-PEN-300,RED-NIS-C-PEN-<limit>,"{""limit"":""300""}",UNIQUE,RED-NIS-C-PEN-300 | RED-NIS-C-AUDIT-300,795,2023-08-28,0,264/04.05.2023,"SERVICII CONFORM CONTRACT NR. 264/04.05.2023 articol 3.8.3 | 2.050 euro+TVA la cursul BNR de 4,9388 lei | SERVICII CONFORM CONTRACT NR. 264/04.05.2023 articol 3.8.3 | 2.050 euro+TVA la cursul BNR de 4,9388 lei",,"CONTRACT; contract, date:0d, trend-adjusted-amount:0.700:16.3%; company=RECURRENT; dominant=BLUE-MDR-C-725 (95%)"
accounting:BT.BIT 732,no,BLUE-MDR-C-725,,RECURRENT,46,38,BLUE-MDR-C-725,0.947,0.792,STABLE,ACCEPT_CANDIDATE,HIGH,CONTRACT,ron,cms689p9r01s2rt358czjo3ek,BT.BIT 732,DONA. LOGISTICA S.A.,2024-10-30,RON,3347.40,16651.97,,BLUE-MDR-C-725,BLUE-MDR-C-<limit>,"{""limit"":""725""}",UNIQUE,BLUE-MDR-C-725,797,2024-10-30,0,296/6.8.2024,"SERVICII RECURENTE DE SECURITATE INFORMATICA | CONFORM CONTRACT NR. 296 / 06.08.2024 ( 3.347,4 euro+TVA la cursul BNR) | SERVICII RECURENTE DE SECURITATE INFORMATICA | CONFORM CONTRACT NR. 296 / 06.08.2024 ( 3.347,4 euro+TVA la cursul BNR)",,"CONTRACT; contract, date:0d, trend-adjusted-amount:0.700:0.0%, company-profile:95%; company=RECURRENT; dominant=BLUE-MDR-C-725 (95%)"
accounting:BT.BIT 736,no,BLUE-MDR-C-725,,RECURRENT,46,38,BLUE-MDR-C-725,0.947,0.792,STABLE,ACCEPT_CANDIDATE,HIGH,CONTRACT,ron,cms689pal01sert35vzks7bto,BT.BIT 736,DONA. LOGISTICA S.A.,2024-11-02,RON,3347.40,16652.31,,BLUE-MDR-C-725,BLUE-MDR-C-<limit>,"{""limit"":""725""}",UNIQUE,BLUE-MDR-C-725,798,2024-11-05,3,296/6.8.2024,"SERVICII CONTRACT-CADRU DE PRESTARI SERVICII | NR. 296 / 06.08.2024( 3.347,40euro+TVA la cursul BNR) | SERVICII CONTRACT-CADRU DE PRESTARI SERVICII | NR. 296 / 06.08.2024( 3.347,40euro+TVA la cursul BNR)",,"CONTRACT; contract, date:3d, trend-adjusted-amount:0.700:0.0%, company-profile:95%; company=RECURRENT; dominant=BLUE-MDR-C-725 (95%)"
accounting:BT.BIT 757,no,,,RECURRENT,46,38,BLUE-MDR-C-725,0.947,0.792,STABLE,SKIP_NO_MATCH,NONE,SOURCE_REUSE_ANOMALY,ron,cms689pfd01u5rt35qvdeu252,BT.BIT 757,DONA. LOGISTICA S.A.,2024-12-03,RON,1673.70,8330.01,storno,,,,EMPTY,BLUE-MDR-C-725,,,0,,"SERVICII CONFORM CONTRACT NR. 296 / 06.08.2024 Avans conform CONTRACT PENTRU PRESTAREA DE SERVICII DE TESTE SERVICII CONFORM CONTRACT PENTRU PRESTAREA DE SERVICII DE | 1.673,7 euro+TVA la cursul BNR | SERVICII CONFORM CONTRACT NR. 296 / 06.",,Quarantined: nr_iesire is reused by multiple organization/date/id_iesire headers inside the same source workbook; production lines may be contaminated.
accounting:BT.BIT 758,no,BLUE-MDR-C-725,,RECURRENT,46,38,BLUE-MDR-C-725,0.947,0.792,STABLE,ACCEPT_CANDIDATE,HIGH,CONTRACT,ron,cms689pfk01uart35nflxvz25,BT.BIT 758,DONA. LOGISTICA S.A.,2024-12-03,RON,1673.70,8330.01,,BLUE-MDR-C-725,BLUE-MDR-C-<limit>,"{""limit"":""725""}",UNIQUE,BLUE-MDR-C-725,799,2024-12-05,2,296/6.8.2024,"SERVICII CONFORM CONTRACT NR. 296 / 06.08.2024 | 1.673,7 euro+TVA la cursul BNR | SERVICII CONFORM CONTRACT NR. 296 / 06.08.2024 | 1.673,7 euro+TVA la cursul BNR",,"CONTRACT; contract, date:2d, company-profile:95%; company=RECURRENT; dominant=BLUE-MDR-C-725 (95%)"
accounting:BT.BIT 788,no,BLUE-MDR-C-725,,RECURRENT,46,38,BLUE-MDR-C-725,0.947,0.792,STABLE,ACCEPT_CANDIDATE,HIGH,CONTRACT,ron,cms689pm401wtrt35t7k7n4g1,BT.BIT 788,DONA. LOGISTICA S.A.,2025-01-15,RON,1673.70,8325.32,,BLUE-MDR-C-725,BLUE-MDR-C-<limit>,"{""limit"":""725""}",UNIQUE,BLUE-MDR-C-725,800,2025-01-05,10,296/6.8.2024,"SERVICII CONFORM CONTRACT-CADRU DE | PRESTARI SERVICII NR. 296 / 06.08.2024 (1.673,70 euro+TVA la cursul BNR) | SERVICII CONFORM CONTRACT-CADRU DE | PRESTARI SERVICII NR. 296 / 06.08.2024 (1.673,70 euro+TVA la cursul BNR)",,"CONTRACT; contract, date:10d, company-profile:95%; company=RECURRENT; dominant=BLUE-MDR-C-725 (95%)"
accounting:BT.BIT 789,no,BLUE-MDR-C-725,,RECURRENT,46,38,BLUE-MDR-C-725,0.947,0.792,STABLE,REVIEW,HIGH,HISTORICAL_PATTERN,ron,cms689pmb01wwrt35ukpa8d3g,BT.BIT 789,DONA. LOGISTICA S.A.,2025-01-15,RON,1673.70,8325.32,,BLUE-MDR-C-725,BLUE-MDR-C-<limit>,"{""limit"":""725""}",UNIQUE,BLUE-MDR-C-725,800,,0,296/6.8.2024,"SERVICII CONFORM CONTRACT-CADRU DE | PRESTARI SERVICII NR. 296 / 06.08.2024 (1.673,70 euro+TVA la cursul BNR) | SERVICII CONFORM CONTRACT-CADRU DE | PRESTARI SERVICII NR. 296 / 06.08.2024 (1.673,70 euro+TVA la cursul BNR)",,Historical recurring pattern: 12/12 similar issued invoices map to BLUE-MDR-C-725 (100%); nearest=0d; amount intentionally ignored.
accounting:BT.BIT 809,no,BLUE-MDR-C-725,,RECURRENT,46,38,BLUE-MDR-C-725,0.947,0.792,STABLE,ACCEPT_CANDIDATE,HIGH,CONTRACT,ron,cms689pqw01ynrt357z0ehlfv,BT.BIT 809,DONA. LOGISTICA S.A.,2025-02-03,RON,1673.70,8329.34,,BLUE-MDR-C-725,BLUE-MDR-C-<limit>,"{""limit"":""725""}",UNIQUE,BLUE-MDR-C-725,801,2025-02-05,2,296/6.8.2024,"SERVICII CONFORM CONTRACT-CADRU DE | PRESTARI SERVICII NR. 296 / 06.08.2024 (1.673,70 euro+TVA la cursul BNR) | SERVICII CONFORM CONTRACT-CADRU DE | PRESTARI SERVICII NR. 296 / 06.08.2024 (1.673,70 euro+TVA la cursul BNR)",,"CONTRACT; contract, date:2d, company-profile:95%; company=RECURRENT; dominant=BLUE-MDR-C-725 (95%)"
accounting:BT.BIT 810,no,BLUE-MDR-C-725,,RECURRENT,46,38,BLUE-MDR-C-725,0.947,0.792,STABLE,REVIEW,HIGH,HISTORICAL_PATTERN,ron,cms689pr401yqrt35ad5cjflr,BT.BIT 810,DONA. LOGISTICA S.A.,2025-02-03,RON,1673.70,8329.34,,BLUE-MDR-C-725,BLUE-MDR-C-<limit>,"{""limit"":""725""}",UNIQUE,BLUE-MDR-C-725,801,,0,296/6.8.2024,"SERVICII CONFORM CONTRACT-CADRU DE | PRESTARI SERVICII NR. 296 / 06.08.2024 (1.673,70 euro+TVA la cursul BNR) | SERVICII CONFORM CONTRACT-CADRU DE | PRESTARI SERVICII NR. 296 / 06.08.2024 (1.673,70 euro+TVA la cursul BNR)",,Historical recurring pattern: 12/12 similar issued invoices map to BLUE-MDR-C-725 (100%); nearest=0d; amount intentionally ignored.
accounting:BT.BIT 826,no,BLUE-MDR-C-725,,RECURRENT,46,38,BLUE-MDR-C-725,0.947,0.792,STABLE,ACCEPT_CANDIDATE,HIGH,CONTRACT,ron,cms689puc0202rt35splxin98,BT.BIT 826,DONA. LOGISTICA S.A.,2025-03-06,RON,1673.70,8330.00,,BLUE-MDR-C-725,BLUE-MDR-C-<limit>,"{""limit"":""725""}",UNIQUE,BLUE-MDR-C-725,802,2025-03-05,1,296/6.8.2024,"SERVICII CONFORM CONTRACT-CADRU DE | PRESTARI SERVICII NR. 296 / 06.08.2024 (1.673,70 euro+TVA la cursul BNR) | SERVICII CONFORM CONTRACT-CADRU DE | PRESTARI SERVICII NR. 296 / 06.08.2024 (1.673,70 euro+TVA la cursul BNR)",,"CONTRACT; contract, date:1d, company-profile:95%; company=RECURRENT; dominant=BLUE-MDR-C-725 (95%)"
accounting:BT.BIT 827,no,BLUE-MDR-C-725,,RECURRENT,46,38,BLUE-MDR-C-725,0.947,0.792,STABLE,REVIEW,HIGH,HISTORICAL_PATTERN,ron,cms689puk0205rt35tx874vi4,BT.BIT 827,DONA. LOGISTICA S.A.,2025-03-06,RON,1673.70,8330.00,,BLUE-MDR-C-725,BLUE-MDR-C-<limit>,"{""limit"":""725""}",UNIQUE,BLUE-MDR-C-725,802,,0,296/6.8.2024,"SERVICII CONFORM CONTRACT-CADRU DE | PRESTARI SERVICII NR. 296 / 06.08.2024 (1.673,70 euro+TVA la cursul BNR) | SERVICII CONFORM CONTRACT-CADRU DE | PRESTARI SERVICII NR. 296 / 06.08.2024 (1.673,70 euro+TVA la cursul BNR)",,Historical recurring pattern: 12/12 similar issued invoices map to BLUE-MDR-C-725 (100%); nearest=0d; amount intentionally ignored.
accounting:BT.BIT 849,no,BLUE-MDR-C-725,,RECURRENT,46,38,BLUE-MDR-C-725,0.947,0.792,STABLE,ACCEPT_CANDIDATE,HIGH,CONTRACT,ron,cms689pzh0221rt35353tdvis,BT.BIT 849,DONA. LOGISTICA S.A.,2025-04-02,RON,1673.70,8330.00,,BLUE-MDR-C-725,BLUE-MDR-C-<limit>,"{""limit"":""725""}",UNIQUE,BLUE-MDR-C-725,803,2025-04-05,3,296/6.8.2024,"SERVICII CONFORM CONTRACT-CADRU DE | PRESTARI SERVICII NR. 296 / 06.08.2024 (1.673,70 euro+TVA la cursul BNR) | SERVICII CONFORM CONTRACT-CADRU DE | PRESTARI SERVICII NR. 296 / 06.08.2024 (1.673,70 euro+TVA la cursul BNR)",,"CONTRACT; contract, date:3d, company-profile:95%; company=RECURRENT; dominant=BLUE-MDR-C-725 (95%)"
accounting:BT.BIT 850,no,BLUE-MDR-C-725,,RECURRENT,46,38,BLUE-MDR-C-725,0.947,0.792,STABLE,REVIEW,HIGH,HISTORICAL_PATTERN,ron,cms689pzr0224rt351nxtfx87,BT.BIT 850,DONA. LOGISTICA S.A.,2025-04-02,RON,1673.70,8330.00,,BLUE-MDR-C-725,BLUE-MDR-C-<limit>,"{""limit"":""725""}",UNIQUE,BLUE-MDR-C-725,803,,0,296/6.8.2024,"SERVICII CONFORM CONTRACT-CADRU DE | PRESTARI SERVICII NR. 296 / 06.08.2024 (1.673,70 euro+TVA ls cursul BNR) | SERVICII CONFORM CONTRACT-CADRU DE | PRESTARI SERVICII NR. 296 / 06.08.2024 (1.673,70 euro+TVA ls cursul BNR)",,Historical recurring pattern: 12/12 similar issued invoices map to BLUE-MDR-C-725 (100%); nearest=0d; amount intentionally ignored.
accounting:BT.BIT 878,no,BLUE-MDR-C-725,,RECURRENT,46,38,BLUE-MDR-C-725,0.947,0.792,STABLE,ACCEPT_CANDIDATE,HIGH,CONTRACT,ron,cms689q66024krt35g6yds0gv,BT.BIT 878,DONA. LOGISTICA S.A.,2025-05-13,RON,1673.70,8534.70,,BLUE-MDR-C-725,BLUE-MDR-C-<limit>,"{""limit"":""725""}",UNIQUE,BLUE-MDR-C-725,804,2025-05-05,8,296/6.8.2024,"SERVICII CONFORM CONTRACT-CADRU DE | PRESTARI SERVICII NR. 296 / 06.08.2024 (1.673,70 euro+TVA la cursul BNR) | SERVICII CONFORM CONTRACT-CADRU DE | PRESTARI SERVICII NR. 296 / 06.08.2024 (1.673,70 euro+TVA la cursul BNR)",,"CONTRACT; contract, date:8d, company-profile:95%; company=RECURRENT; dominant=BLUE-MDR-C-725 (95%)"
accounting:BT.BIT 879,no,BLUE-MDR-C-725,,RECURRENT,46,38,BLUE-MDR-C-725,0.947,0.792,STABLE,REVIEW,HIGH,HISTORICAL_PATTERN,ron,cms689q6d024nrt35830x5b0f,BT.BIT 879,DONA. LOGISTICA S.A.,2025-05-13,RON,1673.70,8534.70,,BLUE-MDR-C-725,BLUE-MDR-C-<limit>,"{""limit"":""725""}",UNIQUE,BLUE-MDR-C-725,804,,0,296/6.8.2024,"SERVICII CONFORM CONTRACT-CADRU DE | PRESTARI SERVICII NR. 296 / 06.08.2024 (1.673,70 euro+TVA la cursul BNR) | SERVICII CONFORM CONTRACT-CADRU DE | PRESTARI SERVICII NR. 296 / 06.08.2024 (1.673,70 euro+TVA la cursul BNR)",,Historical recurring pattern: 12/12 similar issued invoices map to BLUE-MDR-C-725 (100%); nearest=0d; amount intentionally ignored.
accounting:BT.BIT 903,no,BLUE-MDR-C-725,,RECURRENT,46,38,BLUE-MDR-C-725,0.947,0.792,STABLE,ACCEPT_CANDIDATE,HIGH,CONTRACT,ron,cms689qbu026rrt358wegcc58,BT.BIT 903,DONA. LOGISTICA S.A.,2025-06-16,RON,1673.70,8422.06,,BLUE-MDR-C-725,BLUE-MDR-C-<limit>,"{""limit"":""725""}",UNIQUE,BLUE-MDR-C-725,805,2025-06-16,0,296/6.8.2024,"SERVICII CONFORM CONTRACT-CADRU DE | PRESTARI SERVICII NR. 296 / 06.08.2024 (1.673,70 euro+TVA la cursul BNR) | SERVICII CONFORM CONTRACT-CADRU DE | PRESTARI SERVICII NR. 296 / 06.08.2024 (1.673,70 euro+TVA la cursul BNR)",,"CONTRACT; contract, date:0d, company-profile:95%; company=RECURRENT; dominant=BLUE-MDR-C-725 (95%)"
accounting:BT.BIT 904,no,BLUE-MDR-C-725,,RECURRENT,46,38,BLUE-MDR-C-725,0.947,0.792,STABLE,REVIEW,HIGH,CONTRACT,ron,cms689qc3026urt35xb4ryug4,BT.BIT 904,DONA. LOGISTICA S.A.,2025-06-16,RON,1673.70,8422.06,,BLUE-MDR-C-725,BLUE-MDR-C-<limit>,"{""limit"":""725""}",UNIQUE,BLUE-MDR-C-725,832,2027-09-05,811,ACT ADITIONAL NR. 2 DIN 3.9.2025 la contractul Nr. 296/6.08.2024,"SERVICII CONFORM CONTRACT-CADRU DE | PRESTARI SERVICII NR. 296 / 06.08.2024 (1.673,70 euro+TVA la cursul BNR) | SERVICII CONFORM CONTRACT-CADRU DE | PRESTARI SERVICII NR. 296 / 06.08.2024 (1.673,70 euro+TVA la cursul BNR)",,"CONTRACT; contract, company-profile:95%; company=RECURRENT; dominant=BLUE-MDR-C-725 (95%)"
accounting:BT.BIT 927,no,BLUE-MDR-C-725,,RECURRENT,46,38,BLUE-MDR-C-725,0.947,0.792,STABLE,ACCEPT_CANDIDATE,HIGH,CONTRACT,ron,cms689qh5028rrt35uqk4e8vg,BT.BIT 927,DONA. LOGISTICA S.A.,2025-07-02,RON,1673.70,8497.71,,BLUE-MDR-C-725,BLUE-MDR-C-<limit>,"{""limit"":""725""}",UNIQUE,BLUE-MDR-C-725,806,2025-07-10,8,296/6.8.2024,"SERVICII CONFORM CONTRACT-CADRU DE | PRESTARI SERVICII NR. 296 / 06.08.2024 (1.673,70 euro+TVA la cursul BNR) | SERVICII CONFORM CONTRACT-CADRU DE | PRESTARI SERVICII NR. 296 / 06.08.2024 (1.673,70 euro+TVA la cursul BNR)",,"CONTRACT; contract, date:8d, company-profile:95%; company=RECURRENT; dominant=BLUE-MDR-C-725 (95%)"
accounting:BT.BIT 928,no,BLUE-MDR-C-725,,RECURRENT,46,38,BLUE-MDR-C-725,0.947,0.792,STABLE,REVIEW,HIGH,CONTRACT,ron,cms689qhf028urt35rfrvr3ht,BT.BIT 928,DONA. LOGISTICA S.A.,2025-07-02,RON,1673.70,8497.71,,BLUE-MDR-C-725,BLUE-MDR-C-<limit>,"{""limit"":""725""}",UNIQUE,BLUE-MDR-C-725,831,2027-08-05,764,ACT ADITIONAL NR. 2 DIN 3.9.2025 la contractul Nr. 296/6.08.2024,"SERVICII CONFORM CONTRACT-CADRU DE | PRESTARI SERVICII NR. 296 / 06.08.2024 (1.673,70 euro+TVA la cursul BNR) | SERVICII CONFORM CONTRACT-CADRU DE | PRESTARI SERVICII NR. 296 / 06.08.2024 (1.673,70 euro+TVA la cursul BNR)",,"CONTRACT; contract, company-profile:95%; company=RECURRENT; dominant=BLUE-MDR-C-725 (95%)"
accounting:BT.BIT 955,no,BLUE-MDR-C-725,,RECURRENT,46,38,BLUE-MDR-C-725,0.947,0.792,STABLE,ACCEPT_CANDIDATE,HIGH,CONTRACT,ron,cms689qns02b3rt357pnhyfls,BT.BIT 955,DONA. LOGISTICA S.A.,2025-08-04,RON,1673.70,8497.37,,BLUE-MDR-C-725,BLUE-MDR-C-<limit>,"{""limit"":""725""}",UNIQUE,BLUE-MDR-C-725,807,2025-08-04,0,296/6.8.2024,"SERVICII CONFORM CONTRACT-CADRU DE | PRESTARI SERVICII NR. 296 / 06.08.2024 (1.673,70 euro+TVA la cursul BNR) | SERVICII CONFORM CONTRACT-CADRU DE | PRESTARI SERVICII NR. 296 / 06.08.2024 (1.673,70 euro+TVA la cursul BNR)",,"CONTRACT; contract, date:0d, company-profile:95%; company=RECURRENT; dominant=BLUE-MDR-C-725 (95%)"
accounting:BT.BIT 956,no,BLUE-MDR-C-725,,RECURRENT,46,38,BLUE-MDR-C-725,0.947,0.792,STABLE,REVIEW,HIGH,CONTRACT,ron,cms689qo002b6rt35dflh7d6n,BT.BIT 956,DONA. LOGISTICA S.A.,2025-08-04,RON,1673.70,8497.37,,BLUE-MDR-C-725,BLUE-MDR-C-<limit>,"{""limit"":""725""}",UNIQUE,BLUE-MDR-C-725,830,2027-07-05,700,ACT ADITIONAL NR. 2 DIN 3.9.2025 la contractul Nr. 296/6.08.2024,"SERVICII CONFORM CONTRACT-CADRU DE | PRESTARI SERVICII NR. 296 / 06.08.2024 (1.673,70 euro+TVA la cursul BNR) | SERVICII CONFORM CONTRACT-CADRU DE | PRESTARI SERVICII NR. 296 / 06.08.2024 (1.673,70 euro+TVA la cursul BNR)",,"CONTRACT; contract, company-profile:95%; company=RECURRENT; dominant=BLUE-MDR-C-725 (95%)"
accounting:BT.R.BIT 4,no,BLUE-MDR-C-725,,RECURRENT,46,38,BLUE-MDR-C-725,0.947,0.792,STABLE,ACCEPT_CANDIDATE,HIGH,CONTRACT,ron,cms689qtt02d9rt35ixopfv09,BT.R.BIT 4,DONA. LOGISTICA S.A.,2025-09-02,RON,1673.70,8489.84,,BLUE-MDR-C-725,BLUE-MDR-C-<limit>,"{""limit"":""725""}",UNIQUE,BLUE-MDR-C-725,808,2025-09-05,3,296/6.8.2024,SERVICII CONFORM CONTRACT NR. 296 / 06.08.2024 | 1673.7 EUR+TVA la cursul BNR 5.0725 | SERVICII CONFORM CONTRACT NR. 296 / 06.08.2024 | 1673.7 EUR+TVA la cursul BNR 5.0725,,"CONTRACT; contract, date:3d, company-profile:95%; company=RECURRENT; dominant=BLUE-MDR-C-725 (95%)"
accounting:BT.R.BIT 5,no,BLUE-MDR-C-725,,RECURRENT,46,38,BLUE-MDR-C-725,0.947,0.792,STABLE,REVIEW,HIGH,CONTRACT,ron,cms689qu102dcrt35ax18v9x1,BT.R.BIT 5,DONA. LOGISTICA S.A.,2025-09-02,RON,1673.70,8489.84,,BLUE-MDR-C-725,BLUE-MDR-C-<limit>,"{""limit"":""725""}",UNIQUE,BLUE-MDR-C-725,829,2027-06-05,641,ACT ADITIONAL NR. 2 DIN 3.9.2025 la contractul Nr. 296/6.08.2024,SERVICII CONFORM CONTRACT NR. 296 / 06.08.2024 | 1673.7 EUR+TVA la cursul BNR 5.0725 | SERVICII CONFORM CONTRACT NR. 296 / 06.08.2024 | 1673.7 EUR+TVA la cursul BNR 5.0725,,"CONTRACT; contract, company-profile:95%; company=RECURRENT; dominant=BLUE-MDR-C-725 (95%)"
accounting:BT.R.BIT 957,no,BLUE-MDR-C-725,,RECURRENT,46,38,BLUE-MDR-C-725,0.947,0.792,STABLE,REVIEW,MEDIUM,STORNO_REFERENCE,ron,cms689r1s02gbrt35lzwrmgl5,BT.R.BIT 957,DONA. LOGISTICA S.A.,2025-10-08,RON,134.05,683.16,storno,BLUE-MDR-C-725,BLUE-MDR-C-<limit>,"{""limit"":""725""}",UNIQUE,BLUE-MDR-C-725,809,2025-10-20,12,ACT ADITIONAL NR. 2 DIN 3.9.2025 la contractul Nr. 296/6.08.2024,"SERVICII CONFORM CONTRACT NR. 296 / 06.08.2024 | stornare 134,05 EUR+TVA la cursul BNR | SERVICII CONFORM CONTRACT NR. 296 / 06.08.2024 | stornare 134,05 EUR+TVA la cursul BNR",,Storno mapped to BT.R.BIT 31; contract=true; amount=false; gap=12d
accounting:BT.R.BIT 31,no,BLUE-MDR-C-725,,RECURRENT,46,38,BLUE-MDR-C-725,0.947,0.792,STABLE,ACCEPT_CANDIDATE,HIGH,CONTRACT,ron,cms689rfv02l4rt35sxxqebop,BT.R.BIT 31,DONA. LOGISTICA S.A.,2025-10-20,RON,1539.65,7835.12,,BLUE-MDR-C-725,BLUE-MDR-C-<limit>,"{""limit"":""725""}",UNIQUE,BLUE-MDR-C-725,809,2025-10-20,0,ACT ADITIONAL NR. 2 DIN 3.9.2025 la contractul Nr. 296/6.08.2024,"SERVICII CONFORM CONTRACT NR. 296 / 06.08.2024 | ACT ADITIONAL NR. 2 DIN 3.9.2025 , 1539.65 EUR+TVA la cursul BNR 5.0889 | SERVICII CONFORM CONTRACT NR. 296 / 06.08.2024 | ACT ADITIONAL NR. 2 DIN 3.9.2025 , 1539.65 EUR+TVA la cursul BNR 5.0",,"CONTRACT; contract, date:0d, company-profile:95%; company=RECURRENT; dominant=BLUE-MDR-C-725 (95%)"
accounting:BT.R.BIT 32,no,BLUE-MDR-C-725,,RECURRENT,46,38,BLUE-MDR-C-725,0.947,0.792,STABLE,REVIEW,HIGH,CONTRACT,ron,cms689rg502l7rt35l74f9mgu,BT.R.BIT 32,DONA. LOGISTICA S.A.,2025-10-20,RON,1539.65,7835.12,,BLUE-MDR-C-725,BLUE-MDR-C-<limit>,"{""limit"":""725""}",UNIQUE,BLUE-MDR-C-725,828,2027-05-05,562,ACT ADITIONAL NR. 2 DIN 3.9.2025 la contractul Nr. 296/6.08.2024,"SERVICII CONFORM CONTRACT NR. 296 / 06.08.2024 | ACT ADITIONAL NR. 2 DIN 3.9.2025 , 1539.65 EUR+TVA la cursul BNR 5.0889 | SERVICII CONFORM CONTRACT NR. 296 / 06.08.2024 | ACT ADITIONAL NR. 2 DIN 3.9.2025 , 1539.65 EUR+TVA la cursul BNR 5.0",,"CONTRACT; contract, company-profile:95%; company=RECURRENT; dominant=BLUE-MDR-C-725 (95%)"
accounting:BT.R.BIT 87,no,BLUE-MDR-C-725,,RECURRENT,46,38,BLUE-MDR-C-725,0.947,0.792,STABLE,ACCEPT_CANDIDATE,HIGH,CONTRACT,ron,cms689rqj02ntrt35687gg4gj,BT.R.BIT 87,DONA. LOGISTICA S.A.,2025-12-23,RON,1539.65,7833.89,,BLUE-MDR-C-725,BLUE-MDR-C-<limit>,"{""limit"":""725""}",UNIQUE,BLUE-MDR-C-725,811,2025-12-23,0,ACT ADITIONAL NR. 2 DIN 3.9.2025 la contractul Nr. 296/6.08.2024,"SERVICII CONFORM CONTRACT NR. 296 / 06.08.2024 | ACT ADITIONAL NR. 2 DIN 3.9.2025 , 1539.65 EUR+TVA la cursul BNR 5.0881 | SERVICII CONFORM CONTRACT NR. 296 / 06.08.2024 | ACT ADITIONAL NR. 2 DIN 3.9.2025 , 1539.65 EUR+TVA la cursul BNR 5.0",,"CONTRACT; contract, date:0d, company-profile:95%; company=RECURRENT; dominant=BLUE-MDR-C-725 (95%)"
accounting:BT.R.BIT_ 86,no,BLUE-MDR-C-725,,RECURRENT,46,38,BLUE-MDR-C-725,0.947,0.792,STABLE,REVIEW,HIGH,CONTRACT,ron,cms689rq402nqrt357fqzdlix,BT.R.BIT_ 86,DONA. LOGISTICA S.A.,2025-12-23,RON,1539.65,7833.89,,BLUE-MDR-C-725,BLUE-MDR-C-<limit>,"{""limit"":""725""}",UNIQUE,BLUE-MDR-C-725,826,2027-03-05,437,ACT ADITIONAL NR. 2 DIN 3.9.2025 la contractul Nr. 296/6.08.2024,"SERVICII CONFORM CONTRACT NR. 296 / 06.08.2024 | ACT ADITIONAL NR. 2 DIN 3.9.2025 , 1539.65 EUR+TVA la cursul BNR 5.0881 | SERVICII CONFORM CONTRACT NR. 296 / 06.08.2024 | ACT ADITIONAL NR. 2 DIN 3.9.2025 , 1539.65 EUR+TVA la cursul BNR 5.0",,"CONTRACT; contract, company-profile:95%; company=RECURRENT; dominant=BLUE-MDR-C-725 (95%)"
accounting:BT.R.BIT 113,no,BLUE-MDR-C-725,,RECURRENT,46,38,BLUE-MDR-C-725,0.947,0.792,STABLE,ACCEPT_CANDIDATE,HIGH,CONTRACT,ron,cms689rx402pyrt354z84h921,BT.R.BIT 113,DONA. LOGISTICA S.A.,2026-01-20,RON,1539.65,7840.05,,BLUE-MDR-C-725,BLUE-MDR-C-<limit>,"{""limit"":""725""}",UNIQUE,BLUE-MDR-C-725,812,2026-01-20,0,ACT ADITIONAL NR. 2 DIN 3.9.2025 la contractul Nr. 296/6.08.2024,"SERVICII CONFORM CONTRACT NR. 296 / 06.08.2024 | ACT ADITIONAL NR. 2 DIN 3.9.2025 , 1539.65 EUR+TVA la cursul BNR 5.0921 | SERVICII CONFORM CONTRACT NR. 296 / 06.08.2024 | ACT ADITIONAL NR. 2 DIN 3.9.2025 , 1539.65 EUR+TVA la cursul BNR 5.0",,"CONTRACT; contract, date:0d, company-profile:95%; company=RECURRENT; dominant=BLUE-MDR-C-725 (95%)"
accounting:BT.R.BIT 114,no,BLUE-MDR-C-725,,RECURRENT,46,38,BLUE-MDR-C-725,0.947,0.792,STABLE,REVIEW,HIGH,CONTRACT,ron,cms689rxc02q1rt35isk5fsn3,BT.R.BIT 114,DONA. LOGISTICA S.A.,2026-01-20,RON,1539.65,7840.05,,BLUE-MDR-C-725,BLUE-MDR-C-<limit>,"{""limit"":""725""}",UNIQUE,BLUE-MDR-C-725,825,2027-02-05,381,ACT ADITIONAL NR. 2 DIN 3.9.2025 la contractul Nr. 296/6.08.2024,"SERVICII CONFORM CONTRACT NR. 296 / 06.08.2024 | ACT ADITIONAL NR. 2 DIN 3.9.2025 , 1539.65 EUR+TVA la cursul BNR 5.0921 | SERVICII CONFORM CONTRACT NR. 296 / 06.08.2024 | ACT ADITIONAL NR. 2 DIN 3.9.2025 , 1539.65 EUR+TVA la cursul BNR 5.0",,"CONTRACT; contract, company-profile:95%; company=RECURRENT; dominant=BLUE-MDR-C-725 (95%)"
accounting:BT.R.BIT 140,no,BLUE-MDR-C-725,,RECURRENT,46,38,BLUE-MDR-C-725,0.947,0.792,STABLE,ACCEPT_CANDIDATE,HIGH,CONTRACT,ron,cms689s9402tirt35r2epdfnx,BT.R.BIT 140,DONA. LOGISTICA S.A.,2026-02-13,RON,1539.65,7842.05,,BLUE-MDR-C-725,BLUE-MDR-C-<limit>,"{""limit"":""725""}",UNIQUE,BLUE-MDR-C-725,813,2026-02-13,0,ACT ADITIONAL NR. 2 DIN 3.9.2025 la contractul Nr. 296/6.08.2024,"SERVICII CONFORM CONTRACT NR. 296 / 06.08.2024 | ACT ADITIONAL NR. 2 DIN 3.9.2025 , 1539.65 EUR+TVA la cursul BNR 5.0934 | SERVICII CONFORM CONTRACT NR. 296 / 06.08.2024 | ACT ADITIONAL NR. 2 DIN 3.9.2025 , 1539.65 EUR+TVA la cursul BNR 5.0",,"CONTRACT; contract, date:0d, company-profile:95%; company=RECURRENT; dominant=BLUE-MDR-C-725 (95%)"
accounting:BT.R.BIT 141,no,BLUE-MDR-C-725,,RECURRENT,46,38,BLUE-MDR-C-725,0.947,0.792,STABLE,ACCEPT_CANDIDATE,HIGH,CONTRACT,ron,cms689s9e02tlrt35j456r7bq,BT.R.BIT 141,DONA. LOGISTICA S.A.,2026-02-13,RON,1539.65,7842.05,,BLUE-MDR-C-725,BLUE-MDR-C-<limit>,"{""limit"":""725""}",UNIQUE,BLUE-MDR-C-725,814,2026-02-03,10,ACT ADITIONAL NR. 2 DIN 3.9.2025 la contractul Nr. 296/6.08.2024,"SERVICII CONFORM CONTRACT NR. 296 / 06.08.2024 | ACT ADITIONAL NR. 2 DIN 3.9.2025 , 1539.65 EUR+TVA la cursul BNR 5.0934 | SERVICII CONFORM CONTRACT NR. 296 / 06.08.2024 | ACT ADITIONAL NR. 2 DIN 3.9.2025 , 1539.65 EUR+TVA la cursul BNR 5.0",,"CONTRACT; contract, date:10d, company-profile:95%; company=RECURRENT; dominant=BLUE-MDR-C-725 (95%)"
accounting:BT.R.BIT 170,no,BLUE-MDR-C-725,,RECURRENT,46,38,BLUE-MDR-C-725,0.947,0.792,STABLE,REVIEW,HIGH,CONTRACT,ron,cms689smh02xirt35thf9i45w,BT.R.BIT 170,DONA. LOGISTICA S.A.,2026-03-20,RON,1539.65,7845.90,,BLUE-MDR-C-725,BLUE-MDR-C-<limit>,"{""limit"":""725""}",UNIQUE,BLUE-MDR-C-725,823,2026-12-05,260,ACT ADITIONAL NR. 2 DIN 3.9.2025 la contractul Nr. 296/6.08.2024,"SERVICII CONFORM CONTRACT NR. 296 / 06.08.2024 | ACT ADITIONAL NR. 2 DIN 3.9.2025 , 1539.65 EUR+TVA la cursul BNR 5.0959 | SERVICII CONFORM CONTRACT NR. 296 / 06.08.2024 | ACT ADITIONAL NR. 2 DIN 3.9.2025 , 1539.65 EUR+TVA la cursul BNR 5.0",,"CONTRACT; contract, company-profile:95%; company=RECURRENT; dominant=BLUE-MDR-C-725 (95%)"
accounting:BT.R.BIT 171,no,BLUE-MDR-C-725,,RECURRENT,46,38,BLUE-MDR-C-725,0.947,0.792,STABLE,REVIEW,HIGH,CONTRACT,ron,cms689smo02xlrt35pai06171,BT.R.BIT 171,DONA. LOGISTICA S.A.,2026-03-20,RON,1539.65,7845.90,,BLUE-MDR-C-725,BLUE-MDR-C-<limit>,"{""limit"":""725""}",UNIQUE,BLUE-MDR-C-725,824,2027-01-05,291,ACT ADITIONAL NR. 2 DIN 3.9.2025 la contractul Nr. 296/6.08.2024,"SERVICII CONFORM CONTRACT NR. 296 / 06.08.2024 | ACT ADITIONAL NR. 2 DIN 3.9.2025 , 1539.65 EUR+TVA la cursul BNR 5.0959 | SERVICII CONFORM CONTRACT NR. 296 / 06.08.2024 | ACT ADITIONAL NR. 2 DIN 3.9.2025 , 1539.65 EUR+TVA la cursul BNR 5.0",,"CONTRACT; contract, company-profile:95%; company=RECURRENT; dominant=BLUE-MDR-C-725 (95%)"
accounting:BT.R.BIT 199,no,BLUE-MDR-C-725,,RECURRENT,46,38,BLUE-MDR-C-725,0.947,0.792,STABLE,ACCEPT_CANDIDATE,HIGH,CONTRACT,ron,cms689t2g031lrt35syogrwf3,BT.R.BIT 199,DONA. LOGISTICA S.A.,2026-04-29,RON,1539.65,7842.52,,BLUE-MDR-C-725,BLUE-MDR-C-<limit>,"{""limit"":""725""}",UNIQUE,BLUE-MDR-C-725,815,2026-04-29,0,ACT ADITIONAL NR. 2 DIN 3.9.2025 la contractul Nr. 296/6.08.2024,"SERVICII CONFORM CONTRACT NR. 296 / 06.08.2024 | ACT ADITIONAL NR. 2 DIN 3.9.2025 , 1539.65 EUR+TVA la cursul BNR 5.0937 | SERVICII CONFORM CONTRACT NR. 296 / 06.08.2024 | ACT ADITIONAL NR. 2 DIN 3.9.2025 , 1539.65 EUR+TVA la cursul BNR 5.0",,"CONTRACT; contract, date:0d, company-profile:95%; company=RECURRENT; dominant=BLUE-MDR-C-725 (95%)"
accounting:BT.R.BIT 200,no,BLUE-MDR-C-725,,RECURRENT,46,38,BLUE-MDR-C-725,0.947,0.792,STABLE,REVIEW,HIGH,CONTRACT,ron,cms689t2q031ort350vq4jk3q,BT.R.BIT 200,DONA. LOGISTICA S.A.,2026-04-29,RON,1539.65,7842.52,,BLUE-MDR-C-725,BLUE-MDR-C-<limit>,"{""limit"":""725""}",UNIQUE,BLUE-MDR-C-725,822,2026-11-05,190,ACT ADITIONAL NR. 2 DIN 3.9.2025 la contractul Nr. 296/6.08.2024,"SERVICII CONFORM CONTRACT NR. 296 / 06.08.2024 | ACT ADITIONAL NR. 2 DIN 3.9.2025 , 1539.65 EUR+TVA la cursul BNR 5.0937 | SERVICII CONFORM CONTRACT NR. 296 / 06.08.2024 | ACT ADITIONAL NR. 2 DIN 3.9.2025 , 1539.65 EUR+TVA la cursul BNR 5.0",,"CONTRACT; contract, company-profile:95%; company=RECURRENT; dominant=BLUE-MDR-C-725 (95%)"
accounting:BT.R.BIT 228,no,BLUE-MDR-C-725,,RECURRENT,46,38,BLUE-MDR-C-725,0.947,0.792,STABLE,ACCEPT_CANDIDATE,HIGH,CONTRACT,ron,cms689tb50345rt359lzebeow,BT.R.BIT 228,DONA. LOGISTICA S.A.,2026-05-25,RON,1539.65,8081.31,,BLUE-MDR-C-725,BLUE-MDR-C-<limit>,"{""limit"":""725""}",UNIQUE,BLUE-MDR-C-725,816,2026-05-25,0,ACT ADITIONAL NR. 2 DIN 3.9.2025 la contractul Nr. 296/6.08.2024,"SERVICII CONFORM CONTRACT NR. 296 / 06.08.2024 | ACT ADITIONAL NR. 2 DIN 3.9.2025 , 1539.65 EUR+TVA la cursul BNR 5.2488 | SERVICII CONFORM CONTRACT NR. 296 / 06.08.2024 | ACT ADITIONAL NR. 2 DIN 3.9.2025 , 1539.65 EUR+TVA la cursul BNR 5.2",,"CONTRACT; contract, date:0d, company-profile:95%; company=RECURRENT; dominant=BLUE-MDR-C-725 (95%)"
accounting:BT.R.BIT 229,no,BLUE-MDR-C-725,,RECURRENT,46,38,BLUE-MDR-C-725,0.947,0.792,STABLE,REVIEW,HIGH,CONTRACT,ron,cms689tbd0348rt35s4exz8ua,BT.R.BIT 229,DONA. LOGISTICA S.A.,2026-05-25,RON,1539.65,8081.31,,BLUE-MDR-C-725,BLUE-MDR-C-<limit>,"{""limit"":""725""}",UNIQUE,BLUE-MDR-C-725,821,2026-10-05,133,ACT ADITIONAL NR. 2 DIN 3.9.2025 la contractul Nr. 296/6.08.2024,"SERVICII CONFORM CONTRACT NR. 296 / 06.08.2024 | ACT ADITIONAL NR. 2 DIN 3.9.2025 , 1539.65 EUR+TVA la cursul BNR 5.2488 | SERVICII CONFORM CONTRACT NR. 296 / 06.08.2024 | ACT ADITIONAL NR. 2 DIN 3.9.2025 , 1539.65 EUR+TVA la cursul BNR 5.2",,"CONTRACT; contract, company-profile:95%; company=RECURRENT; dominant=BLUE-MDR-C-725 (95%)"
accounting:BT.R.BIT 257,no,BLUE-MDR-C-725,,RECURRENT,46,38,BLUE-MDR-C-725,0.947,0.792,STABLE,ACCEPT_CANDIDATE,HIGH,CONTRACT,ron,cms689tjr036trt35x8pqk8q4,BT.R.BIT 257,DONA. LOGISTICA S.A.,2026-06-17,RON,1539.65,8053.91,,BLUE-MDR-C-725,BLUE-MDR-C-<limit>,"{""limit"":""725""}",UNIQUE,BLUE-MDR-C-725,817,2026-06-19,2,ACT ADITIONAL NR. 2 DIN 3.9.2025 la contractul Nr. 296/6.08.2024,"SERVICII CONFORM CONTRACT NR. 296 / 06.08.2024 | ACT ADITIONAL NR. 2 DIN 3.9.2025 , 1539.65 EUR+TVA la cursul BNR 5.231 | SERVICII CONFORM CONTRACT NR. 296 / 06.08.2024 | ACT ADITIONAL NR. 2 DIN 3.9.2025 , 1539.65 EUR+TVA la cursul BNR 5.23",,"CONTRACT; contract, date:2d, company-profile:95%; company=RECURRENT; dominant=BLUE-MDR-C-725 (95%)"
accounting:BT.R.BIT 258,no,BLUE-MDR-C-725,,RECURRENT,46,38,BLUE-MDR-C-725,0.947,0.792,STABLE,REVIEW,HIGH,CONTRACT,ron,cms689tlg036wrt35edot4vk0,BT.R.BIT 258,DONA. LOGISTICA S.A.,2026-06-17,RON,1539.65,8053.91,,BLUE-MDR-C-725,BLUE-MDR-C-<limit>,"{""limit"":""725""}",UNIQUE,BLUE-MDR-C-725,820,2026-09-05,80,ACT ADITIONAL NR. 2 DIN 3.9.2025 la contractul Nr. 296/6.08.2024,"SERVICII CONFORM CONTRACT NR. 296 / 06.08.2024 | ACT ADITIONAL NR. 2 DIN 3.9.2025 , 1539.65 EUR+TVA la cursul BNR 5.231 | SERVICII CONFORM CONTRACT NR. 296 / 06.08.2024 | ACT ADITIONAL NR. 2 DIN 3.9.2025 , 1539.65 EUR+TVA la cursul BNR 5.23",,"CONTRACT; contract, date:80d, company-profile:95%; company=RECURRENT; dominant=BLUE-MDR-C-725 (95%)"
accounting:BT.R.BIT 286,no,BLUE-MDR-C-725,,RECURRENT,46,38,BLUE-MDR-C-725,0.947,0.792,STABLE,ACCEPT_CANDIDATE,HIGH,CONTRACT,ron,cms689tud039lrt35pmmve3vk,BT.R.BIT 286,DONA. LOGISTICA S.A.,2026-07-18,RON,1539.65,8072.23,,BLUE-MDR-C-725,BLUE-MDR-C-<limit>,"{""limit"":""725""}",UNIQUE,BLUE-MDR-C-725,818,2026-07-05,13,ACT ADITIONAL NR. 2 DIN 3.9.2025 la contractul Nr. 296/6.08.2024,"SERVICII CONFORM CONTRACT NR. 296 / 06.08.2024 | ACT ADITIONAL NR. 2 DIN 3.9.2025 , 1539.65 EUR+TVA la cursul BNR 5.2429 | SERVICII CONFORM CONTRACT NR. 296 / 06.08.2024 | ACT ADITIONAL NR. 2 DIN 3.9.2025 , 1539.65 EUR+TVA la cursul BNR 5.2",,"CONTRACT; contract, date:13d, company-profile:95%; company=RECURRENT; dominant=BLUE-MDR-C-725 (95%)"
accounting:BT.R.BIT 287,no,BLUE-MDR-C-725,,RECURRENT,46,38,BLUE-MDR-C-725,0.947,0.792,STABLE,REVIEW,HIGH,CONTRACT,ron,cms689tuo039ort35zgyinx4d,BT.R.BIT 287,DONA. LOGISTICA S.A.,2026-07-18,RON,1539.65,8072.23,,BLUE-MDR-C-725,BLUE-MDR-C-<limit>,"{""limit"":""725""}",UNIQUE,BLUE-MDR-C-725,819,2026-08-05,18,ACT ADITIONAL NR. 2 DIN 3.9.2025 la contractul Nr. 296/6.08.2024,"SERVICII CONFORM CONTRACT NR. 296 / 06.08.2024 | ACT ADITIONAL NR. 2 DIN 3.9.2025 , 1539.65 EUR+TVA la cursul BNR 5.2429 | SERVICII CONFORM CONTRACT NR. 296 / 06.08.2024 | ACT ADITIONAL NR. 2 DIN 3.9.2025 , 1539.65 EUR+TVA la cursul BNR 5.2",,"CONTRACT; contract, date:18d, company-profile:95%; company=RECURRENT; dominant=BLUE-MDR-C-725 (95%)"
accounting:BT.BIT 734,no,,,UNMATCHED,,,,,,,SKIP_NO_MATCH,NONE,NONE,ron,cms689pa601s8rt35pbf3607r,BT.BIT 734,DONA MARKETING GRUP SRL,2024-10-30,RON,717.30,3568.28,,,,,EMPTY,,,,,,"SERVICII RECURENTE DE SECURITATE INFORMATICA | CONFORM CONTRACT NR. 296 / 06.08.2024( 717,3 euro+TVA la cursul BNR) | SERVICII RECURENTE DE SECURITATE INFORMATICA | CONFORM CONTRACT NR. 296 / 06.08.2024( 717,3 euro+TVA la cursul BNR)",,Organization not found in tracker.
accounting:BT.BIT 738,no,,,UNMATCHED,,,,,,,SKIP_NO_MATCH,NONE,NONE,ron,cms689pb001skrt35h4cxdyzd,BT.BIT 738,DONA MARKETING GRUP SRL,2024-11-02,RON,717.30,3568.35,,,,,EMPTY,,,,,,"SERVICII CONTRACT-CADRU DE PRESTARI SERVICII | NR. 296 / 06.08.2024( 717,30 euro+TVA la cursul BNR) | SERVICII CONTRACT-CADRU DE PRESTARI SERVICII | NR. 296 / 06.08.2024( 717,30 euro+TVA la cursul BNR)",,Organization not found in tracker.
accounting:BT.BIT 760,no,,,UNMATCHED,,,,,,,SKIP_NO_MATCH,NONE,NONE,ron,cms689pg001ugrt35fkg94xbo,BT.BIT 760,DONA MARKETING GRUP SRL,2024-12-03,RON,717.30,3570.00,,,,,EMPTY,,,,,,"SERVICII CONFORM CONTRACT NR. 296 / 06.08.2024 | 717,30 euro+TVA la cursul BNR | SERVICII CONFORM CONTRACT NR. 296 / 06.08.2024 | 717,30 euro+TVA la cursul BNR",,Organization not found in tracker.
accounting:BT.BIT 791,no,,,UNMATCHED,,,,,,,SKIP_NO_MATCH,NONE,NONE,ron,cms689pmq01x2rt35aycprrg8,BT.BIT 791,DONA MARKETING GRUP SRL,2025-01-15,RON,717.30,3567.99,,,,,EMPTY,,,,,,"SERVICII CONFORM CONTRACT NR. 296 / 06.08.2024 | 717,30 euro+TVA la cursul BNR | SERVICII CONFORM CONTRACT NR. 296 / 06.08.2024 | 717,30 euro+TVA la cursul BNR",,Organization not found in tracker.
accounting:BT.BIT 812,no,,,UNMATCHED,,,,,,,SKIP_NO_MATCH,NONE,NONE,ron,cms689prk01ywrt35v3dz0s35,BT.BIT 812,DONA MARKETING GRUP SRL,2025-02-03,RON,717.30,3569.79,,,,,EMPTY,,,,,,"SERVICII CONFORM CONTRACT NR. 296 / 06.08.2024 | 717,30 euro+TVA la cursul BNR | SERVICII CONFORM CONTRACT NR. 296 / 06.08.2024 | 717,30 euro+TVA la cursul BNR",,Organization not found in tracker.
accounting:BT.BIT 829,no,,,UNMATCHED,,,,,,,SKIP_NO_MATCH,NONE,NONE,ron,cms689puz020brt3567ijy1z4,BT.BIT 829,DONA MARKETING GRUP SRL,2025-03-06,RON,717.30,3570.00,,,,,EMPTY,,,,,,"SERVICII CONFORM CONTRACT NR. 296 / 06.08.2024 | 717,30 euro+TVA la cursul BNR | SERVICII CONFORM CONTRACT NR. 296 / 06.08.2024 | 717,30 euro+TVA la cursul BNR",,Organization not found in tracker.
accounting:BT.BIT 852,no,,,UNMATCHED,,,,,,,SKIP_NO_MATCH,NONE,NONE,ron,cms689q07022art35858p4qbv,BT.BIT 852,DONA MARKETING GRUP SRL,2025-04-02,RON,717.30,3570.00,,,,,EMPTY,,,,,,"SERVICII CONFORM CONTRACT NR. 296 / 06.08.2024 | 717,30 euro+TVA la cursul BNR | SERVICII CONFORM CONTRACT NR. 296 / 06.08.2024 | 717,30 euro+TVA la cursul BNR",,Organization not found in tracker.
accounting:BT.BIT 881,no,,,UNMATCHED,,,,,,,SKIP_NO_MATCH,NONE,NONE,ron,cms689q6s024trt35pyftnxul,BT.BIT 881,DONA MARKETING GRUP SRL,2025-05-13,RON,717.30,3657.73,,,,,EMPTY,,,,,,"SERVICII CONFORM CONTRACT NR. 296 / 06.08.2024 | 717,30 euro+TVA la cursul BNR | SERVICII CONFORM CONTRACT NR. 296 / 06.08.2024 | 717,30 euro+TVA la cursul BNR",,Organization not found in tracker.
accounting:BT.BIT 906,no,,,UNMATCHED,,,,,,,SKIP_NO_MATCH,NONE,NONE,ron,cms689qck0270rt35o4lokkyd,BT.BIT 906,DONA MARKETING GRUP SRL,2025-06-16,RON,717.30,3609.45,,,,,EMPTY,,,,,,"SERVICII CONFORM CONTRACT NR. 296 / 06.08.2024 | 717,30 euro+TVA la cursul BNR | SERVICII CONFORM CONTRACT NR. 296 / 06.08.2024 | 717,30 euro+TVA la cursul BNR",,Organization not found in tracker.
accounting:BT.BIT 930,no,,,UNMATCHED,,,,,,,SKIP_NO_MATCH,NONE,NONE,ron,cms689qhx0290rt35fak1rwzs,BT.BIT 930,DONA MARKETING GRUP SRL,2025-07-02,RON,717.30,3641.88,,,,,EMPTY,,,,,,"SERVICII CONFORM CONTRACT NR. 296 / 06.08.2024 | 717,30 euro+TVA la cursul BNR | SERVICII CONFORM CONTRACT NR. 296 / 06.08.2024 | 717,30 euro+TVA la cursul BNR",,Organization not found in tracker.
accounting:BT.BIT 958,no,,,UNMATCHED,,,,,,,SKIP_NO_MATCH,NONE,NONE,ron,cms689qof02bcrt35e8qrvpm2,BT.BIT 958,DONA MARKETING GRUP SRL,2025-08-04,RON,717.30,3641.73,,,,,EMPTY,,,,,,"SERVICII CONFORM CONTRACT NR. 296 / 06.08.2024 | 717,30 euro+TVA la cursul BNR | SERVICII CONFORM CONTRACT NR. 296 / 06.08.2024 | 717,30 euro+TVA la cursul BNR",,Organization not found in tracker.
accounting:BT.R.BIT 6,no,,,UNMATCHED,,,,,,,SKIP_NO_MATCH,NONE,NONE,ron,cms689qu902dfrt35d98wm2bf,BT.R.BIT 6,DONA MARKETING GRUP SRL,2025-09-02,RON,717.30,3638.50,,,,,EMPTY,,,,,,SERVICII CONFORM CONTRACT NR. 296 / 06.08.2024 | 717.3 EUR+TVA la cursul BNR 5.0725 | SERVICII CONFORM CONTRACT NR. 296 / 06.08.2024 | 717.3 EUR+TVA la cursul BNR 5.0725,,Organization not found in tracker.
accounting:BT.R.BIT 959,no,,,UNMATCHED,,,,,,,SKIP_NO_MATCH,NONE,NONE,ron,cms689r2702ghrt35zqng0a8b,BT.R.BIT 959,DONA MARKETING GRUP SRL,2025-10-08,RON,28.73,146.42,storno,,,,EMPTY,,,,,,"SERVICII CONFORM CONTRACT NR. 296 / 06.08.2024 | stornare 28,73 EUR+TVA la cursul BNR | SERVICII CONFORM CONTRACT NR. 296 / 06.08.2024 | stornare 28,73 EUR+TVA la cursul BNR",,Organization not found in tracker.
accounting:BT.R.BIT 33,no,,,UNMATCHED,,,,,,,SKIP_NO_MATCH,NONE,NONE,ron,cms689r8f02j4rt35sft054x0,BT.R.BIT 33,DONA MARKETING GRUP SRL,2025-10-20,RON,659.85,3357.91,,,,,EMPTY,,,,,,"SERVICII CONFORM CONTRACT NR. 296 / 06.08.2024 | ACT ADITIONAL NR. 2 DIN 3.9.2025 , 659.85 EUR+TVA la cursul BNR 5.0889 | SERVICII CONFORM CONTRACT NR. 296 / 06.08.2024 | ACT ADITIONAL NR. 2 DIN 3.9.2025 , 659.85 EUR+TVA la cursul BNR 5.088",,Organization not found in tracker.
accounting:BT.R.BIT 88,no,,,UNMATCHED,,,,,,,SKIP_NO_MATCH,NONE,NONE,ron,cms689rqz02nwrt35jf6o3oy1,BT.R.BIT 88,DONA MARKETING GRUP SRL,2025-12-23,RON,659.85,3357.38,,,,,EMPTY,,,,,,"SERVICII CONFORM CONTRACT NR. 296 / 06.08.2024 | ACT ADITIONAL NR. 2 DIN 3.9.2025 , 659.85 EUR+TVA la cursul BNR 5.0881 | SERVICII CONFORM CONTRACT NR. 296 / 06.08.2024 | ACT ADITIONAL NR. 2 DIN 3.9.2025 , 659.85 EUR+TVA la cursul BNR 5.088",,Organization not found in tracker.
accounting:BT.R.BIT 115,no,,,UNMATCHED,,,,,,,SKIP_NO_MATCH,NONE,NONE,ron,cms689rxk02q4rt358pmp6jr7,BT.R.BIT 115,DONA MARKETING GRUP SRL,2026-01-20,RON,659.85,3360.02,,,,,EMPTY,,,,,,"SERVICII CONFORM CONTRACT NR. 296 / 06.08.2024 | ACT ADITIONAL NR. 2 DIN 3.9.2025 , 659.85 EUR+TVA la cursul BNR 5.0921 | SERVICII CONFORM CONTRACT NR. 296 / 06.08.2024 | ACT ADITIONAL NR. 2 DIN 3.9.2025 , 659.85 EUR+TVA la cursul BNR 5.092",,Organization not found in tracker.
accounting:BT.R.BIT 142,no,,,UNMATCHED,,,,,,,SKIP_NO_MATCH,NONE,NONE,ron,cms689s9v02tort35vxkqbmi4,BT.R.BIT 142,DONA MARKETING GRUP SRL,2026-02-13,RON,659.85,3360.88,,,,,EMPTY,,,,,,"SERVICII CONFORM CONTRACT NR. 296 / 06.08.2024 | ACT ADITIONAL NR. 2 DIN 3.9.2025 , 659.85 EUR+TVA la cursul BNR 5.0934 | SERVICII CONFORM CONTRACT NR. 296 / 06.08.2024 | ACT ADITIONAL NR. 2 DIN 3.9.2025 , 659.85 EUR+TVA la cursul BNR 5.093",,Organization not found in tracker.
accounting:BT.R.BIT 168,no,,,UNMATCHED,,,,,,,SKIP_NO_MATCH,NONE,NONE,ron,cms689sm102xcrt35emv2i4o8,BT.R.BIT 168,DONA MARKETING GRUP SRL,2026-03-20,RON,659.85,3362.53,,,,,EMPTY,,,,,,"SERVICII CONFORM CONTRACT NR. 296 / 06.08.2024 | ACT ADITIONAL NR. 2 DIN 3.9.2025 , 659.85 EUR+TVA la cursul BNR 5.0959 | SERVICII CONFORM CONTRACT NR. 296 / 06.08.2024 | ACT ADITIONAL NR. 2 DIN 3.9.2025 , 659.85 EUR+TVA la cursul BNR 5.095",,Organization not found in tracker.
accounting:BT.R.BIT 197,no,,,UNMATCHED,,,,,,,SKIP_NO_MATCH,NONE,NONE,ron,cms689t1p031frt3520smb3kz,BT.R.BIT 197,DONA MARKETING GRUP SRL,2026-04-29,RON,659.85,3361.08,,,,,EMPTY,,,,,,"SERVICII CONFORM CONTRACT NR. 296 / 06.08.2024 | ACT ADITIONAL NR. 2 DIN 3.9.2025 , 659.85 EUR+TVA la cursul BNR 5.0937 | SERVICII CONFORM CONTRACT NR. 296 / 06.08.2024 | ACT ADITIONAL NR. 2 DIN 3.9.2025 , 659.85 EUR+TVA la cursul BNR 5.093",,Organization not found in tracker.
accounting:BT.R.BIT 226,no,,,UNMATCHED,,,,,,,SKIP_NO_MATCH,NONE,NONE,ron,cms689tam033zrt353qcspk9d,BT.R.BIT 226,DONA MARKETING GRUP SRL,2026-05-25,RON,659.85,3463.42,,,,,EMPTY,,,,,,"SERVICII CONFORM CONTRACT NR. 296 / 06.08.2024 | ACT ADITIONAL NR. 2 DIN 3.9.2025 , 659.85 EUR+TVA la cursul BNR 5.2488 | SERVICII CONFORM CONTRACT NR. 296 / 06.08.2024 | ACT ADITIONAL NR. 2 DIN 3.9.2025 , 659.85 EUR+TVA la cursul BNR 5.248",,Organization not found in tracker.
accounting:BT.R.BIT 255,no,,,UNMATCHED,,,,,,,SKIP_NO_MATCH,NONE,NONE,ron,cms689tj3036nrt350zi2gufg,BT.R.BIT 255,DONA MARKETING GRUP SRL,2026-06-17,RON,659.85,3451.68,,,,,EMPTY,,,,,,"SERVICII CONFORM CONTRACT NR. 296 / 06.08.2024 | ACT ADITIONAL NR. 2 DIN 3.9.2025 , 659.85 EUR+TVA la cursul BNR 5.231 | SERVICII CONFORM CONTRACT NR. 296 / 06.08.2024 | ACT ADITIONAL NR. 2 DIN 3.9.2025 , 659.85 EUR+TVA la cursul BNR 5.231",,Organization not found in tracker.
accounting:BT.R.BIT 284,no,,,UNMATCHED,,,,,,,SKIP_NO_MATCH,NONE,NONE,ron,cms689ttt039frt35mfvrnejg,BT.R.BIT 284,DONA MARKETING GRUP SRL,2026-07-18,RON,659.85,3459.53,,,,,EMPTY,,,,,,"SERVICII CONFORM CONTRACT NR. 296 / 06.08.2024 | ACT ADITIONAL NR. 2 DIN 3.9.2025 , 659.85 EUR+TVA la cursul BNR 5.2429 | SERVICII CONFORM CONTRACT NR. 296 / 06.08.2024 | ACT ADITIONAL NR. 2 DIN 3.9.2025 , 659.85 EUR+TVA la cursul BNR 5.242",,Organization not found in tracker.
accounting:BT.BIT 319,no,RED-VA-I-P-10,,SMALL,2,2,RED-VA-I-P-10,1.000,0.000,MIXED/UNKNOWN,ACCEPT_CANDIDATE,HIGH,CONTRACT,ron,cms689mne00rqrt35zyu5jmjv,BT.BIT 319,ECHINOX EVALUARI SRL,2022-01-25,RON,1500.00,7417.35,,RED-VA-I-P-10,RED-VA-I-P-<limit>,"{""limit"":""10""}",UNIQUE,RED-VA-I-P-10,779,2022-01-25,0,209/17.01.2022,SERVICII CONFORM CONTRACT NR. 209/17.01.2022 | 1.500 euro+TVA la cursul BNR | SERVICII CONFORM CONTRACT NR. 209/17.01.2022 | 1.500 euro+TVA la cursul BNR,,"CONTRACT; contract, date:0d, amount:0.0%; company=SMALL; dominant=RED-VA-I-P-10 (100%)"
accounting:BT.BIT 461,no,RED-VA-I-P-10,,SMALL,2,2,RED-VA-I-P-10,1.000,0.000,MIXED/UNKNOWN,ACCEPT_CANDIDATE,HIGH,CONTRACT,ron,cms689nkm0140rt356clkwxbc,BT.BIT 461,ECHINOX EVALUARI SRL,2023-03-20,RON,1500.00,7382.85,,RED-VA-I-P-10,RED-VA-I-P-<limit>,"{""limit"":""10""}",UNIQUE,RED-VA-I-P-10,778,2023-03-20,0,209/17.01.2022,SERVICII CONFORM CONTRACT NR. 209/17.01.2022 | 1.500 euro+TVA la cursul BNR | SERVICII CONFORM CONTRACT NR. 209/17.01.2022 | 1.500 euro+TVA la cursul BNR,,"CONTRACT; contract, date:0d, amount:0.0%; company=SMALL; dominant=RED-VA-I-P-10 (100%)"
accounting:BT.BIT 1038,no,CONSULTANCY-MISC-7,,SMALL,1,1,CONSULTANCY-MISC-7,1.000,0.000,MIXED/UNKNOWN,ACCEPT_CANDIDATE,HIGH,CONTRACT,ron,cms689sj802wdrt35dhkxu86v,BT.BIT 1038,EDPR ROMANIA SRL,2026-03-06,RON,5900.00,30052.83,,CONSULTANCY-MISC-7,CONSULTANCY-MISC-<limit>,"{""limit"":""7""}",UNIQUE,CONSULTANCY-MISC-7,1555,2026-03-06,0,CONTRACT-CADRU DE PRESTARI SERVICII NR. 374/8.12.2025,"Servicii conform ANEXA 1 | ? SERVICII PUNCTUALE DE SECURITATE INFORMATICA LA CONTRACT NR. 374/8.12.2025, Pre-Registration No. 0000144161( 5,900 EURO + TVA la cursul BNR) | Servicii conform ANEXA 1 | ? SERVICII PUNCTUALE DE SECURITATE INFORM",,"CONTRACT; contract, date:0d, amount:0.0%; company=SMALL; dominant=CONSULTANCY-MISC-7 (100%)"
accounting:BT.BIT 869,no,RED-PEN-RED-ST-30,,STANDARD,8,3,RED-PEN-RED-ST-30,0.333,0.000,MIXED/UNKNOWN,ACCEPT_CANDIDATE,HIGH,CONTRACT,ron,cms689q45023srt35n9q4oes7,BT.BIT 869,ELECTRO-ALFA INTERNATIONAL SRL,2025-04-28,RON,7800.00,38823.72,avans,RED-PEN-RED-ST-30,RED-PEN-RED-ST-<limit>,"{""limit"":""30""}",UNIQUE,RED-PEN-RED-ST-30 | RED-PEN-B-I-B-8,1467,2025-04-28,0,339/8.4.2025,Avans 40% din valoarea totala conform ANEXA 1 | SERVICII PUNCTUALE DE SECURITATE INFORMATICA la Contractul cu nr. 339/8.4.2025( 7.800 euro+TVA la cursul BNR) | Avans 40% din valoarea totala conform ANEXA 1 | SERVICII PUNCTUALE DE SECURITATE,,"CONTRACT; contract, date:0d, amount:0.0%, milestone:avans; company=STANDARD; dominant=RED-PEN-RED-ST-30 (33%)"
accounting:BT.BIT 901,no,RED-PEN-RED-ST-30,,STANDARD,8,3,RED-PEN-RED-ST-30,0.333,0.000,MIXED/UNKNOWN,REVIEW,HIGH,STORNO_REFERENCE,ron,cms689qbd026krt35ix3gw4a1,BT.BIT 901,ELECTRO-ALFA INTERNATIONAL SRL,2025-06-16,RON,7800.00,59300.28,storno,RED-PEN-RED-ST-30,RED-PEN-RED-ST-<limit>,"{""limit"":""30""}",UNIQUE,RED-PEN-RED-ST-30,1467,2025-04-28,49,339/8.4.2025,Stornare Avans 40% din valoarea totala conform ANEXA 1 SERVICII PUNCTUALE DE SECURITATE INFORMATICA la Contractul | SERVICII PUNCTUALE DE SECURITATE INFORMATICA la Contractul cu nr. 339/8.4.2025( 7.800 euro+TVA la cursul BNR) Stornare factu,,Storno mapped to BT.BIT 869; contract=true; amount=true; gap=49d
accounting:BT.BIT 1004,no,PHISH-P-L-YY-F-400-12,,STANDARD,8,3,RED-PEN-RED-ST-30,0.333,0.000,MIXED/UNKNOWN,REVIEW,MEDIUM,SCORED,ron,cms689rnq02n8rt35etv76zhc,BT.BIT 1004,ELECTRO-ALFA INTERNATIONAL SRL,2025-12-10,RON,5000.00,25448.50,,PHISH-P-L-YY-F-400-12,PHISH-P-L-YY-F-<limit1>-<limit2>,"{""limit1"":""400"",""limit2"":""12""}",UNIQUE,RED-PEN-B-I-B-8 | RED-PEN-RED-ST-30 | PHISH-P-L-YY-F-<400>-<12>,1469,2025-12-10,0,Comanda 1 21.11.2025,"Servicii conform Comanda Nr. 1 | la Contract NR. 339/8.4.2025 1 x PHISH ENTERPRISE administrat complet 1 x Instruire de constientizare a securitatii pentru publicul general, 1 x BASIC-SUPPORT - suport tehnic de baza | Servicii conform Coman",,"SCORED; date:0d, amount:0.0%; company=STANDARD; dominant=RED-PEN-RED-ST-30 (33%)"
accounting:BT.BIT 1005,no,RED-PEN-RED-ST-30,,STANDARD,8,3,RED-PEN-RED-ST-30,0.333,0.000,MIXED/UNKNOWN,REVIEW,HIGH,STORNO_REFERENCE,ron,cms689ro602nbrt35y22rsz49,BT.BIT 1005,ELECTRO-ALFA INTERNATIONAL SRL,2025-12-10,RON,5000.00,25448.50,storno,RED-PEN-RED-ST-30,RED-PEN-RED-ST-<limit>,"{""limit"":""30""}",UNIQUE,RED-PEN-RED-ST-30,1467,2025-06-16,0,339/8.4.2025,"Servicii conform Comanda Nr. 1 | la Contract NR. 339/8.4.2025 1 x PHISH ENTERPRISE administrat complet 1 x Instruire de constientizare a securitatii pentru publicul general, 1 x BASIC-SUPPORT - suport tehnic de baza (stornare factura 1004 n",,Storno mapped to BT.BIT 1006; contract=true; amount=true; gap=0d
accounting:BT.BIT 1006,no,RED-PEN-RED-ST-30,,STANDARD,8,3,RED-PEN-RED-ST-30,0.333,0.000,MIXED/UNKNOWN,REVIEW,MEDIUM,CONTRACT,ron,cms689roi02nert35veef3j15,BT.BIT 1006,ELECTRO-ALFA INTERNATIONAL S.A.,2025-12-10,RON,5000.00,25448.50,,RED-PEN-RED-ST-30,RED-PEN-RED-ST-<limit>,"{""limit"":""30""}",UNIQUE,RED-PEN-B-I-B-8 | RED-PEN-RED-ST-30 | PHISH-P-L-YY-F-<400>-<12>,1467,2025-06-16,177,339/8.4.2025,"Servicii conform Comanda Nr. 1 | la Contract NR. 339/8.4.2025 1 x PHISH ENTERPRISE administrat complet 1 x Instruire de con?tientizare a securita?ii pentru publicul general, 1 x BASIC-SUPPORT - suport tehnic de baza( 5000 euro+TVA la cursul",,"CONTRACT; contract, date:177d; company=STANDARD; dominant=RED-PEN-RED-ST-30 (33%)"
accounting:BT.BIT 1041,no,RED-PEN-B-I-B-8,,STANDARD,8,3,RED-PEN-RED-ST-30,0.333,0.000,MIXED/UNKNOWN,ACCEPT_CANDIDATE,HIGH,CONTRACT,ron,cms689sk002wnrt35jomicegu,BT.BIT 1041,ELECTRO-ALFA INTERNATIONAL S.A.,2026-03-17,RON,2600.00,13246.74,avans,RED-PEN-B-I-B-8,RED-PEN-B-I-B-<limit>,"{""limit"":""8""}",UNIQUE,RED-PEN-B-I-B-8 | RED-PEN-RED-ST-30,1468,2026-03-16,1,339/8.4.2025,"Avans conform ACT ADITIONAL NR. 1 | DIN 10.3.2026 CONTRACT DE PRESTARI SERVICII Nr. 339/8.4.2025( 2,600 EURO + TVA la cursul BNR) | Avans conform ACT ADITIONAL NR. 1 | DIN 10.3.2026 CONTRACT DE PRESTARI SERVICII Nr. 339/8.4.2025( 2,600 EURO",,"CONTRACT; contract, date:1d, amount:0.0%, milestone:avans; company=STANDARD; dominant=RED-PEN-RED-ST-30 (33%)"
accounting:BT.BIT 1049,no,RED-PEN-B-I-B-8,,STANDARD,8,3,RED-PEN-RED-ST-30,0.333,0.000,MIXED/UNKNOWN,REVIEW,HIGH,STORNO_REFERENCE,ron,cms689su102zkrt355ghdvoi6,BT.BIT 1049,ELECTRO-ALFA INTERNATIONAL S.A.,2026-03-30,RON,2600.00,13246.74,storno,RED-PEN-B-I-B-8,RED-PEN-B-I-B-<limit>,"{""limit"":""8""}",UNIQUE,RED-PEN-B-I-B-8,1468,2026-03-16,13,339/8.4.2025,"Avans conform ACT ADITIONAL NR. 1 | DIN 10.3.2026 CONTRACT DE PRESTARI SERVICII Nr. 339/8.4.2025( 2,600 EURO + TVA la cursul BNR) Stornare factura 1041/17.03.2026 | Avans conform ACT ADITIONAL NR. 1 | DIN 10.3.2026 CONTRACT DE PRESTARI SERV",,Storno mapped to BT.BIT 1041; contract=true; amount=true; gap=13d
accounting:BT.BIT 1050,no,RED-PEN-B-I-B-8,,STANDARD,8,3,RED-PEN-RED-ST-30,0.333,0.000,MIXED/UNKNOWN,ACCEPT_CANDIDATE,HIGH,CONTRACT,ron,cms689sua02znrt35vk8gdogt,BT.BIT 1050,ELECTRO-ALFA INTERNATIONAL S.A.,2026-03-30,RON,5200.00,26515.32,,RED-PEN-B-I-B-8,RED-PEN-B-I-B-<limit>,"{""limit"":""8""}",UNIQUE,RED-PEN-B-I-B-8 | RED-PEN-RED-ST-30 | PHISH-P-L-YY-F-<400>-<12>,1468,2026-03-30,0,339/8.4.2025,Servicii de penetration testing conform | ACT ADITIONAL NR. 1 DIN 10.3.2026 CONTRACT DE PRESTARI SERVICII Nr. 339/8.4.2025( 5.200 euro+TVA la cursul BNR) | Servicii de penetration testing conform | ACT ADITIONAL NR. 1 DIN 10.3.2026 CONTRACT,,"CONTRACT; contract, date:0d; company=STANDARD; dominant=RED-PEN-RED-ST-30 (33%)"
accounting:413,no,RED-PEN-B-I-BP-150,,SMALL,3,1,RED-PEN-B-I-BP-150,1.000,0.000,MIXED/UNKNOWN,ACCEPT_CANDIDATE,HIGH,CONTRACT,ron,cms689n9k00zsrt35nsctf67e,413,ELGEKA - FERFELIS ROMANIA SA,2022-11-08,RON,3960.00,19369.15,avans,RED-PEN-B-I-BP-150,RED-PEN-B-I-BP-<limit>,"{""limit"":""150""}",UNIQUE,RED-PEN-B-I-BP-150,627,2022-11-08,0,233/28.10.2022,SERVICII CONFORM CONTRACT 233/28.10.2022(EFR 3593/01.11.2022 | 3.960 euro+TVA la cursul BNR reprezentand avans | SERVICII CONFORM CONTRACT 233/28.10.2022(EFR 3593/01.11.2022 | 3.960 euro+TVA la cursul BNR reprezentand avans,,"CONTRACT; contract, date:0d, milestone:avans; company=SMALL; dominant=RED-PEN-B-I-BP-150 (100%)"
accounting:440,no,,,SMALL,3,1,RED-PEN-B-I-BP-150,1.000,0.000,MIXED/UNKNOWN,SKIP_NO_MATCH,NONE,NONE,ron,cms689nfu0123rt358nfydyxf,440,ELGEKA - FERFELIS ROMANIA SA,2022-12-23,RON,3960.00,19411.92,,,,,EMPTY,,,,,,SERVICII CONFORM CONTRACT 233/28.10.2022(EFR 3593/01.11.2022 | 3.960 euro+TVA la cursul BNR reprezantand 40% din valoarea serviciilor | SERVICII CONFORM CONTRACT 233/28.10.2022(EFR 3593/01.11.2022 | 3.960 euro+TVA la cursul BNR reprezantand,,No accounting-to-tracker activity match met the conservative threshold.
accounting:BT.BIT 564,no,RED-PEN-B-I-BP-150,,SMALL,3,1,RED-PEN-B-I-BP-150,1.000,0.000,MIXED/UNKNOWN,ACCEPT_CANDIDATE,HIGH,CONTRACT,ron,cms689o8701d9rt35055p837a,BT.BIT 564,ELGEKA - FERFELIS ROMANIA SA,2023-12-06,RON,1980.00,9836.84,,RED-PEN-B-I-BP-150,RED-PEN-B-I-BP-<limit>,"{""limit"":""150""}",UNIQUE,RED-PEN-B-I-BP-150,627,2023-12-07,1,233/28.10.2022,SERVICII CONFORM CONTRACT 233/28.10.2022(EFR 3593/01.11.2022 | 1.980 euro+TVA la cursul BNR reprezentand factura finala conform Articolului 5.1 din contractul 233/28.10.2022 | SERVICII CONFORM CONTRACT 233/28.10.2022(EFR 3593/01.11.2022 | 1,,"CONTRACT; contract, date:1d, amount:0.0%; company=SMALL; dominant=RED-PEN-B-I-BP-150 (100%)"
accounting:BT.BIT 946,no,RED-PEN-B-E-B-16,,SMALL,1,1,RED-PEN-B-E-B-16,1.000,0.000,MIXED/UNKNOWN,REVIEW,LOW,PROFILE,ron,cms689qlc02acrt35qkdqbvj6,BT.BIT 946,ELIT SRL,2025-07-07,RON,9170.00,46400.20,,RED-PEN-B-E-B-16,RED-PEN-B-E-B-<limit>,"{""limit"":""16""}",UNIQUE,RED-PEN-B-E-B-16,1466,2025-07-07,0,331/26.2.2025 (1215),"Servicii punctuale de securitate informatica | conform Anexa 1 la Contractul nr. 1215/23.06.2025 ( 9,170 EURO + TVA la cursul BNR) | Servicii punctuale de securitate informatica | conform Anexa 1 la Contractul nr. 1215/23.06.2025 ( 9,170 EU",,"PROFILE; date:0d, amount:0.0%; company=SMALL; dominant=RED-PEN-B-E-B-16 (100%)"
accounting:B.CYB 12,no,,,UNMATCHED,,,,,,,SKIP_NO_MATCH,NONE,NONE,ron,cms68cre800c3pj389274brdl,B.CYB 12,ENEVO CYBERSEC S.R.L.,2024-05-10,RON,4500.00,22390.20,,,,,EMPTY,,,,,,SERVICII CONFORM CONTRACT NR. 121/20.03.2024 | 4.500 euro+TVA la cursul BNR | SERVICII CONFORM CONTRACT NR. 121/20.03.2024 | 4.500 euro+TVA la cursul BNR,,Organization not found in tracker.
accounting:BT.BIT 115,no,,,UNMATCHED,,,,,,,SKIP_NO_MATCH,NONE,NONE,valuta,cms689lay009nrt35zf3jjg8c,BT.BIT 115,ENISA,2021-10-25,EUR,14400.00,71232.48,,,,,EMPTY,,,,,,Supporting Services for developing material for testing | skills in the area of cyber security Challenges to be included: Challenges based on the NIST Framework;Network Attack Scenario;Malware RE; Non-technical challenges;Usual CTFs (Crypto,,Organization not found in tracker.
accounting:BT.BIT 149,no,,,UNMATCHED,,,,,,,SKIP_NO_MATCH,NONE,NONE,valuta,cms689lj400cort35pyqzp31b,BT.BIT 149,ENISA,2022-06-20,EUR,14400.00,71239.68,,,,,EMPTY,,,,,,Supporting Services for developing material for testing | skills in the area of cyber security (Development of CTF Challenges) -Purchase Order Form ENISA/2022/165 | Supporting Services for developing material for testing | skills in the are,,Organization not found in tracker.
accounting:BT.BIT 178,no,,,UNMATCHED,,,,,,,SKIP_NO_MATCH,NONE,NONE,valuta,cms689lpy00f8rt35p1wjohmw,BT.BIT 178,ENISA,2023-10-30,EUR,8999.00,44707.94,,,,,EMPTY,,,,,,On-site support Remote Support Accommodation and support | On-site support | Remote Support | Accommodation and support,,Organization not found in tracker.
accounting:BT.BIT 331,no,CYBEREDU-UNR,,SMALL,2,1,CYBEREDU-UNR,1.000,0.000,MIXED/UNKNOWN,REVIEW,LOW,PROFILE,ron,cms689mqd00sqrt35wwo2ovyd,BT.BIT 331,ERNST & YOUNG SUPPORT SERVICES SRL,2022-03-06,RON,5750.00,28457.33,,CYBEREDU-UNR,CYBEREDU-UNR,,UNIQUE,CYBEREDU-UNR,175,2022-03-06,0,213/03/03/2022,"prestarea serviciilor constand in promovarea numelui | si siglei EY in cadrul concursului UNbreakable, ce are loc in perioada Martie - Mai 2022 �n conformitate cu ANEXA 1 (5.750 euro+TVA la cursul BNR) | prestarea serviciilor constand in pr",,"PROFILE; date:0d, amount:17.9%; company=SMALL; dominant=CYBEREDU-UNR (100%)"
accounting:BT.BIT 347,no,CYBEREDU-UNR,,SMALL,2,1,CYBEREDU-UNR,1.000,0.000,MIXED/UNKNOWN,ACCEPT_CANDIDATE,HIGH,CONTRACT,ron,cms689mu600u3rt350qtpybno,BT.BIT 347,ERNST & YOUNG SUPPORT SERVICES SRL,2022-05-10,RON,950.00,4698.41,,CYBEREDU-UNR,CYBEREDU-UNR,,UNIQUE,CYBEREDU-UNR,175,2022-05-10,0,213/03/03/2022,SERVICII CONFORM ACT ADITIONAL NR.1/02.05.2022 LA | CONTRACT 213/03/03/2022 (950 euro+TVA la cursul BNR) | SERVICII CONFORM ACT ADITIONAL NR.1/02.05.2022 LA | CONTRACT 213/03/03/2022 (950 euro+TVA la cursul BNR),,"CONTRACT; contract, date:0d, amount:0.0%; company=SMALL; dominant=CYBEREDU-UNR (100%)"
accounting:443,no,RED-PEN-B-I-B-500,,SMALL,1,2,RED-PEN-B-I-B-500,0.500,0.000,MIXED/UNKNOWN,REVIEW,MEDIUM,CONTRACT,ron,cms689ngh012crt351p5ljwre,443,EUROPEAN DIGITAL EXCHANGE S.A.,2022-12-30,RON,14000.00,58185.88,,RED-PEN-B-I-B-500,RED-PEN-B-I-B-<limit>,"{""limit"":""500""}",UNIQUE,RED-PEN-B-I-B-500 | RED-AUDIT-A-9,111,2022-12-30,0,21/ 01.09.2022,SERVICII CONFORM CONTRACT NR. 21/ 01.09.2022 | 14.000 euro +TVA la cursul BNR | SERVICII CONFORM CONTRACT NR. 21/ 01.09.2022 | 14.000 euro +TVA la cursul BNR,,"CONTRACT; contract, date:0d; company=SMALL; dominant=RED-PEN-B-I-B-500 (50%)"
accounting:BT.BIT 53,no,CYBEREDU-RUN-EX-1,,SMALL,1,8,CYBEREDU-MISC,0.375,0.000,MIXED/UNKNOWN,REVIEW,LOW,SCORED,valuta,cms689kuo004ert35m909exhu,BT.BIT 53,EUROPEAN UNION AGENCY FOR NETWORK AND INFORMATION SECURITY,2019-07-12,EUR,11400.00,53966.46,,CYBEREDU-RUN-EX-1,CYBEREDU-RUN-EX-<limit>,"{""limit"":""1""}",UNIQUE,CYBEREDU-RUN-EX-1,187,2019-07-12,0,ENISA/2019/137,ECSC 2019 - CTF platforms | PURCHASE ORDER WF 22801 No: ENISA 2019/137 | ECSC 2019 - CTF platforms | PURCHASE ORDER WF 22801 No: ENISA 2019/137,,"SCORED; date:0d, amount:0.0%; company=SMALL; dominant=CYBEREDU-MISC (38%)"
accounting:BT.BIT 751,no,,,UNMATCHED,,,,,,,SKIP_NO_MATCH,NONE,NONE,ron,cms689pdx01tnrt35o5ae1i3s,BT.BIT 751,EVIDEN TECHNOLOGIES S.R.L.,2024-11-14,RON,1930.50,8072.25,,,,,EMPTY,,,,,,"11 BILETE DEFCAMP 2024 | 1.930,50 euro la cursul BNR | 11 BILETE DEFCAMP 2024 | 1.930,50 euro la cursul BNR",,Organization not found in tracker.
accounting:BT.BIT 454,no,RED-NIS-C-AUDIT-100,,SMALL,2,2,RED-NIS-C-PEN-100,0.500,0.000,MIXED/UNKNOWN,REVIEW,MEDIUM,CONTRACT,ron,cms689nj5013frt351f3gn9wz,BT.BIT 454,EWIND SRL,2023-03-02,RON,6600.00,32516.22,avans,RED-NIS-C-AUDIT-100,RED-NIS-C-AUDIT-<limit>,"{""limit"":""100""}",UNIQUE,RED-NIS-C-AUDIT-100 | RED-NIS-C-PEN-100,847,2023-03-02,0,255/25.01.2023,SERVICII DE AUDIT CALIFICAT DE SECURITATE CIBERNETICA SI | TESTE DE PENETRARE CONFORM LEGII 362/2018( 6.600 euro+TVA la cursul BNR reprezentand avans conform contract nr.255/25.01.2023) | SERVICII DE AUDIT CALIFICAT DE SECURITATE CIBERNETIC,,"CONTRACT; contract, date:0d, milestone:avans, description:0.14; company=SMALL; dominant=RED-NIS-C-PEN-100 (50%)"
accounting:BT.BIT 493,no,RED-NIS-C-AUDIT-100,,SMALL,2,2,RED-NIS-C-PEN-100,0.500,0.000,MIXED/UNKNOWN,REVIEW,HIGH,STORNO_REFERENCE,ron,cms689ns4016trt355yff7tdy,BT.BIT 493,EWIND SRL,2023-06-30,RON,6600.00,49396.38,storno,RED-NIS-C-AUDIT-100,RED-NIS-C-AUDIT-<limit>,"{""limit"":""100""}",UNIQUE,RED-NIS-C-AUDIT-100,847,2023-03-02,120,255/25.01.2023,SERVICII DE AUDIT CALIFICAT DE SECURITATE CIBERNETICA SI | stornare factura 454 din 02 martie 2023(TESTE DE PENETRARE CONFORM LEGII 362/2018( 6.600 euro+TVA la cursul BNR reprezentand avans conform contract nr.255/25.01.2023) | SERVICII DE ,,Storno mapped to BT.BIT 454; contract=true; amount=true; gap=120d
accounting:BT.BIT 477,no,RED-NIS-C-PEN-100,,SMALL,3,2,RED-NIS-C-PEN-100,0.500,0.000,MIXED/UNKNOWN,REVIEW,MEDIUM,CONTRACT,ron,cms689noa015ert35g85ssa5l,BT.BIT 477,FARMACEUTICA ARGESFARM SA,2023-05-12,RON,3400.00,16770.16,avans,RED-NIS-C-PEN-100,RED-NIS-C-PEN-<limit>,"{""limit"":""100""}",UNIQUE,RED-NIS-C-PEN-100 | RED-NIS-C-AUDIT-100,835,2023-05-12,0,235/20.04.2023,SERVICII CONFORM CONTRACT 235/20.04.2023 | 3.400 euro+TVA la cursul BNR reprezentand avans | SERVICII CONFORM CONTRACT 235/20.04.2023 | 3.400 euro+TVA la cursul BNR reprezentand avans,,"CONTRACT; contract, date:0d, milestone:avans; company=SMALL; dominant=RED-NIS-C-PEN-100 (50%)"
accounting:BT.BIT 505,no,RED-NIS-C-AUDIT-100,,SMALL,3,2,RED-NIS-C-PEN-100,0.500,0.000,MIXED/UNKNOWN,REVIEW,MEDIUM,CONTRACT,ron,cms689nut017xrt35p74us6o1,BT.BIT 505,FARMACEUTICA ARGESFARM SA,2023-07-10,RON,2550.00,12626.07,,RED-NIS-C-AUDIT-100,RED-NIS-C-AUDIT-<limit>,"{""limit"":""100""}",UNIQUE,RED-NIS-C-PEN-100 | RED-NIS-C-AUDIT-100,836,2023-08-31,52,235/20.04.2023,SERVICII CONFORM CONTRACT NR. 235/20.04.2023 | 2.550 euro+TVA la cursul BNR | SERVICII CONFORM CONTRACT NR. 235/20.04.2023 | 2.550 euro+TVA la cursul BNR,,"CONTRACT; contract, date:52d; company=SMALL; dominant=RED-NIS-C-PEN-100 (50%)"
accounting:BT.BIT 523,no,RED-NIS-C-PEN-100,,SMALL,3,2,RED-NIS-C-PEN-100,0.500,0.000,MIXED/UNKNOWN,REVIEW,MEDIUM,CONTRACT,ron,cms689nz2019jrt35ga94fnda,BT.BIT 523,FARMACEUTICA ARGESFARM SA,2023-08-31,RON,2550.00,12600.06,,RED-NIS-C-PEN-100,RED-NIS-C-PEN-<limit>,"{""limit"":""100""}",UNIQUE,RED-NIS-C-PEN-100 | RED-NIS-C-AUDIT-100,835,2023-08-31,0,235/20.04.2023,SERVICI CONFORM CONTRACT 235/20.04.2023 articolul 3.9.3. | 2.550 euro+TVA la cursul BNR | SERVICI CONFORM CONTRACT 235/20.04.2023 articolul 3.9.3. | 2.550 euro+TVA la cursul BNR,,"CONTRACT; contract, date:0d; company=SMALL; dominant=RED-NIS-C-PEN-100 (50%)"
accounting:BT.BIT 591,no,RED-PEN-B-E-B-5,,RECURRENT,13,11,CONSULTANCY-MISC-8,0.727,0.800,STABLE,ACCEPT_CANDIDATE,HIGH,RECURRENT_DATE,ron,cms689oel01fkrt35s1ottfxe,BT.BIT 591,FARMEC SA,2024-01-18,RON,2730.00,13585.85,avans,RED-PEN-B-E-B-5,RED-PEN-B-E-B-<limit>,"{""limit"":""5""}",UNIQUE,RED-PEN-B-E-B-5 | BLUE-IR-5,932,2024-01-18,0,contract cadru cu diverse servicii de securitate 283/22.01.2024,"SERVICII CONFORM CONTRACT CADRU Nr. 280/16.01.2024 | Avans 40% din valoarea totala, adica 2,730 EURO+ TVA la cursul BNR | SERVICII CONFORM CONTRACT CADRU Nr. 280/16.01.2024 | Avans 40% din valoarea totala, adica 2,730 EURO+ TVA la cursul BN",,"RECURRENT_DATE; date:0d, trend-adjusted-amount:1.000:0.0%, milestone:avans; company=RECURRENT; dominant=CONSULTANCY-MISC-8 (73%)"
accounting:BT.BIT 595,no,RED-PEN-B-E-B-5,,RECURRENT,13,11,CONSULTANCY-MISC-8,0.727,0.800,STABLE,REVIEW,HIGH,STORNO_REFERENCE,ron,cms689ofe01fwrt35nbmg12ey,BT.BIT 595,FARMEC SA,2024-01-31,RON,2730.00,20374.67,storno,RED-PEN-B-E-B-5,RED-PEN-B-E-B-<limit>,"{""limit"":""5""}",UNIQUE,RED-PEN-B-E-B-5,932,2024-01-18,13,contract cadru cu diverse servicii de securitate 283/22.01.2024,"SERVICII CONFORM CONTRACT CADRU Nr. 280/16.01.2024 | Stornare factura 591/18.01.2024 reprezentand Avans 40% din valoarea totala, adica 2,730 EURO+ TVA la cursul BNR | SERVICII CONFORM CONTRACT CADRU Nr. 280/16.01.2024 | Stornare factura 591",,Storno mapped to BT.BIT 591; contract=true; amount=true; gap=13d
accounting:BT.BIT 607,no,BLUE-IR-5,,RECURRENT,13,11,CONSULTANCY-MISC-8,0.727,0.800,STABLE,ACCEPT_CANDIDATE,HIGH,RECURRENT_DATE,ron,cms689ohy01gyrt3548at16cf,BT.BIT 607,FARMEC SA,2024-02-20,RON,2500.00,12442.75,avans,BLUE-IR-5,BLUE-IR-<limit>,"{""limit"":""5""}",UNIQUE,BLUE-IR-5 | RED-PEN-B-E-B-5,941,2024-02-21,1,contract cadru cu diverse servicii de securitate 283/22.01.2024,"SERVICII CONFORM ACT ADITIONAL NR.1 DIN 12.02.2024 | CONTRACT DE PRESTARI SERVICII NR. 280/16.01.2024 ( avans alte servicii 50% din suma, adica 2,500 euro + tva la cursul BNR va fi achitata ca avans) | SERVICII CONFORM ACT ADITIONAL NR.1 DI",,"RECURRENT_DATE; date:1d, trend-adjusted-amount:1.000:0.0%, milestone:avans; company=RECURRENT; dominant=CONSULTANCY-MISC-8 (73%)"
accounting:BT.BIT 608,no,BLUE-IR-5,,RECURRENT,13,11,CONSULTANCY-MISC-8,0.727,0.800,STABLE,REVIEW,HIGH,STORNO_REFERENCE,ron,cms689oi701h1rt350znoy1q2,BT.BIT 608,FARMEC SA,2024-03-01,RON,2500.00,12406.75,storno,BLUE-IR-5,BLUE-IR-<limit>,"{""limit"":""5""}",UNIQUE,BLUE-IR-5,941,2024-02-21,10,contract cadru cu diverse servicii de securitate 283/22.01.2024,"SERVICII CONFORM ACT ADITIONAL NR.1 DIN 12.02.2024 | stornare factura 607/20.02.2024(CONTRACT DE PRESTARI SERVICII NR. 280/16.01.2024 ( avans alte servicii 50% din suma, adica 2,500 euro + tva la cursul BNR va fi achitata ca avans) | SERVIC",,Storno mapped to BT.BIT 607; contract=true; amount=true; gap=10d
accounting:BT.BIT 609,no,CONSULTANCY-MISC-8,,RECURRENT,13,11,CONSULTANCY-MISC-8,0.727,0.800,STABLE,ACCEPT_CANDIDATE,HIGH,RECURRENT_DATE,ron,cms689oif01h5rt35ss36j9ar,BT.BIT 609,FARMEC SA,2024-03-01,RON,650.00,3230.44,,CONSULTANCY-MISC-8,CONSULTANCY-MISC-<limit>,"{""limit"":""8""}",UNIQUE,CONSULTANCY-MISC-8 | BLUE-IR-5,933,2024-03-01,0,contract cadru cu diverse servicii de securitate 283/22.01.2024,SERVICII RECURENTE DE SECURITATE INFORMATICA CONTRACT | NR. 280/16.01.2024 ANEXA 3( 650 euro+TVA la cursul BNR) | SERVICII RECURENTE DE SECURITATE INFORMATICA CONTRACT | NR. 280/16.01.2024 ANEXA 3( 650 euro+TVA la cursul BNR),,"RECURRENT_DATE; date:0d, trend-adjusted-amount:1.000:0.0%; company=RECURRENT; dominant=CONSULTANCY-MISC-8 (73%)"
accounting:BT.BIT 632,no,CONSULTANCY-MISC-8,,RECURRENT,13,11,CONSULTANCY-MISC-8,0.727,0.800,STABLE,ACCEPT_CANDIDATE,HIGH,RECURRENT_DATE,ron,cms689onj01j6rt359u62zc2u,BT.BIT 632,FARMEC SA,2024-04-09,RON,650.00,3229.33,,CONSULTANCY-MISC-8,CONSULTANCY-MISC-<limit>,"{""limit"":""8""}",UNIQUE,CONSULTANCY-MISC-8,934,2024-04-09,0,contract cadru cu diverse servicii de securitate 283/22.01.2024,"ANEXA 3 ? SERVICII RECURENTE DE SECURITATE INFORMATICA, | ACT ADITIONAL NR. 1 DIN 12.02.2024, CONTRACT DE PRESTARI SERVICII Nr. 280/16.01.2024 (650 euro+TVA la cursul BNR) | ANEXA 3 ? SERVICII RECURENTE DE SECURITATE INFORMATICA, | ACT ADIT",,"RECURRENT_DATE; date:0d, trend-adjusted-amount:1.000:0.0%; company=RECURRENT; dominant=CONSULTANCY-MISC-8 (73%)"
accounting:BT.BIT 645,no,CONSULTANCY-MISC-8,,RECURRENT,13,11,CONSULTANCY-MISC-8,0.727,0.800,STABLE,REVIEW,HIGH,RECURRENT_DATE,ron,cms689oqm01kart35dckykgz3,BT.BIT 645,FARMEC SA,2024-05-14,RON,650.00,3234.60,,CONSULTANCY-MISC-8,CONSULTANCY-MISC-<limit>,"{""limit"":""8""}",UNIQUE,CONSULTANCY-MISC-8,935,2024-05-05,9,contract cadru cu diverse servicii de securitate 283/22.01.2024,"ANEXA 3 ? SERVICII RECURENTE DE SECURITATE | INFORMATICA, ACT ADITIONAL NR. 1 DIN 12.02.2024, CONTRACT DE PRESTARI SERVICII Nr. 280/16.01.2024 (650 euro+TVA la cursul BNR) | ANEXA 3 ? SERVICII RECURENTE DE SECURITATE | INFORMATICA, ACT ADIT",,"RECURRENT_DATE; date:9d, trend-adjusted-amount:1.000:0.0%; company=RECURRENT; dominant=CONSULTANCY-MISC-8 (73%)"
accounting:BT.BIT 658,no,CONSULTANCY-MISC-8,,RECURRENT,13,11,CONSULTANCY-MISC-8,0.727,0.800,STABLE,ACCEPT_CANDIDATE,HIGH,RECURRENT_DATE,ron,cms689otc01lert352zz7ymcb,BT.BIT 658,FARMEC SA,2024-06-06,RON,650.00,3234.60,,CONSULTANCY-MISC-8,CONSULTANCY-MISC-<limit>,"{""limit"":""8""}",UNIQUE,CONSULTANCY-MISC-8,936,2024-06-05,1,contract cadru cu diverse servicii de securitate 283/22.01.2024,"ANEXA 3 ? SERVICII RECURENTE DE SECURITATE | INFORMATICA, ACT ADITIONAL NR. 1 DIN 12.02.2024, CONTRACT DE PRESTARI SERVICII Nr. 280/16.01.2024 (650 euro+TVA la cursul BNR) | ANEXA 3 ? SERVICII RECURENTE DE SECURITATE | INFORMATICA, ACT ADIT",,"RECURRENT_DATE; date:1d, trend-adjusted-amount:1.000:0.0%; company=RECURRENT; dominant=CONSULTANCY-MISC-8 (73%)"
accounting:BT.BIT 673,no,CONSULTANCY-MISC-8,,RECURRENT,13,11,CONSULTANCY-MISC-8,0.727,0.800,STABLE,ACCEPT_CANDIDATE,HIGH,RECURRENT_DATE,ron,cms689owx01mqrt35x6ol0mxa,BT.BIT 673,FARMEC SA,2024-07-02,RON,650.00,3235.05,,CONSULTANCY-MISC-8,CONSULTANCY-MISC-<limit>,"{""limit"":""8""}",UNIQUE,CONSULTANCY-MISC-8,937,2024-07-05,3,contract cadru cu diverse servicii de securitate 283/22.01.2024,"ANEXA 3 ? SERVICII RECURENTE DE SECURITATE | INFORMATICA, ACT ADITIONAL NR. 1 DIN 12.02.2024 CONTRACT DE PRESTARI SERVICII Nr. 280/16.01.2024 (650 euro+TVA la cursul BNR) | ANEXA 3 ? SERVICII RECURENTE DE SECURITATE | INFORMATICA, ACT ADITI",,"RECURRENT_DATE; date:3d, trend-adjusted-amount:1.000:0.0%; company=RECURRENT; dominant=CONSULTANCY-MISC-8 (73%)"
accounting:BT.BIT 692,no,CONSULTANCY-MISC-8,,RECURRENT,13,11,CONSULTANCY-MISC-8,0.727,0.800,STABLE,ACCEPT_CANDIDATE,HIGH,RECURRENT_DATE,ron,cms689p1f01ocrt357dcr2lcs,BT.BIT 692,FARMEC SA,2024-08-01,RON,650.00,3234.40,,CONSULTANCY-MISC-8,CONSULTANCY-MISC-<limit>,"{""limit"":""8""}",UNIQUE,CONSULTANCY-MISC-8,938,2024-08-05,4,contract cadru cu diverse servicii de securitate 283/22.01.2024,"ANEXA 3 ? SERVICII RECURENTE DE SECURITATE | NFORMATICA, ACT ADITIONAL NR. 1 DIN 12.02.2024 CONTRACT DE PRESTARI SERVICII Nr. 280/16.01.2024 (650 euro+TVA la cursul BNR) | ANEXA 3 ? SERVICII RECURENTE DE SECURITATE | NFORMATICA, ACT ADITION",,"RECURRENT_DATE; date:4d, trend-adjusted-amount:1.000:0.0%; company=RECURRENT; dominant=CONSULTANCY-MISC-8 (73%)"
accounting:BT.BIT 708,no,CONSULTANCY-MISC-8,,RECURRENT,13,11,CONSULTANCY-MISC-8,0.727,0.800,STABLE,ACCEPT_CANDIDATE,HIGH,RECURRENT_DATE,ron,cms689p4x01purt35i57gb8zh,BT.BIT 708,FARMEC SA,2024-09-02,RON,650.00,3234.99,,CONSULTANCY-MISC-8,CONSULTANCY-MISC-<limit>,"{""limit"":""8""}",UNIQUE,CONSULTANCY-MISC-8,939,2024-09-05,3,contract cadru cu diverse servicii de securitate 283/22.01.2024,"ANEXA 3 ? SERVICII RECURENTE DE SECURITATE INFORMATICA | ACT ADITIONAL NR. 1 DIN 12.02.2024, CONTRACT DE PRESTARI SERVICII Nr. 280/16.01.2024 (650 EURO + TVA la cursul BNR) | ANEXA 3 ? SERVICII RECURENTE DE SECURITATE INFORMATICA | ACT ADIT",,"RECURRENT_DATE; date:3d, trend-adjusted-amount:1.000:0.0%; company=RECURRENT; dominant=CONSULTANCY-MISC-8 (73%)"
accounting:BT.BIT 722,no,CONSULTANCY-MISC-8,,RECURRENT,13,11,CONSULTANCY-MISC-8,0.727,0.800,STABLE,ACCEPT_CANDIDATE,HIGH,RECURRENT_DATE,ron,cms689p7r01r1rt35hkmhziov,BT.BIT 722,FARMEC SA,2024-10-03,RON,650.00,3234.66,,CONSULTANCY-MISC-8,CONSULTANCY-MISC-<limit>,"{""limit"":""8""}",UNIQUE,CONSULTANCY-MISC-8,940,2024-10-05,2,contract cadru cu diverse servicii de securitate 283/22.01.2024,"ANEXA 3 ? SERVICII RECURENTE DE SECURITATE | INFORMATICA ACT ADITIONAL NR. 1 DIN 12.02.2024, CONTRACT DE PRESTARI SERVICII Nr. 280/16.01.2024 (650 EURO + TVA la cursul BNR) | ANEXA 3 ? SERVICII RECURENTE DE SECURITATE | INFORMATICA ACT ADIT",,"RECURRENT_DATE; date:2d, trend-adjusted-amount:1.000:0.0%; company=RECURRENT; dominant=CONSULTANCY-MISC-8 (73%)"
accounting:BT.BIT 1007,no,CONSULTANCY-MISC-30,,RECURRENT,13,11,CONSULTANCY-MISC-8,0.727,0.800,STABLE,ACCEPT_CANDIDATE,HIGH,RECURRENT_DATE,ron,cms689rot02nhrt35hvf15j8k,BT.BIT 1007,FARMEC SA,2025-12-23,RON,7900.00,40195.99,,CONSULTANCY-MISC-30,CONSULTANCY-MISC-<limit>,"{""limit"":""30""}",UNIQUE,CONSULTANCY-MISC-30,942,2025-12-23,0,contract cadru cu diverse servicii de securitate 283/22.01.2024,"Servicii conform Act Aditional nr. 2 din 22.12.2025 | la Contractul de prestari servicii nr. 280/16.1.2024( 7,900 EURO + TVA la cursul BNR) | Servicii conform Act Aditional nr. 2 din 22.12.2025 | la Contractul de prestari servicii nr. 280/1",,"RECURRENT_DATE; date:0d, trend-adjusted-amount:1.000:0.0%; company=RECURRENT; dominant=CONSULTANCY-MISC-8 (73%)"
accounting:BT.BIT 476,no,RED-NIS-C-PEN-100,,SMALL,3,2,RED-NIS-C-PEN-100,0.500,0.000,MIXED/UNKNOWN,REVIEW,MEDIUM,CONTRACT,ron,cms689no2015brt35nl8tyi7a,BT.BIT 476,FILDAS TRADING SRL,2023-05-12,RON,4120.00,20321.49,avans,RED-NIS-C-PEN-100,RED-NIS-C-PEN-<limit>,"{""limit"":""100""}",UNIQUE,RED-NIS-C-PEN-100 | RED-NIS-C-AUDIT-100,833,2023-05-12,0,257/20.04.2023,SERVICII CONFORM CONTRACT 257/20.04.2023 | 4.120 euro +TVA reprezentand avans | SERVICII CONFORM CONTRACT 257/20.04.2023 | 4.120 euro +TVA reprezentand avans,,"CONTRACT; contract, date:0d, milestone:avans; company=SMALL; dominant=RED-NIS-C-PEN-100 (50%)"
accounting:BT.BIT 504,no,RED-NIS-C-AUDIT-100,,SMALL,3,2,RED-NIS-C-PEN-100,0.500,0.000,MIXED/UNKNOWN,REVIEW,MEDIUM,CONTRACT,ron,cms689nul017urt359ee8fqr2,BT.BIT 504,FILDAS TRADING SRL,2023-07-10,RON,3090.00,15299.82,,RED-NIS-C-AUDIT-100,RED-NIS-C-AUDIT-<limit>,"{""limit"":""100""}",UNIQUE,RED-NIS-C-PEN-100 | RED-NIS-C-AUDIT-100,834,2023-08-31,52,257/20.04.2023,SERVICII CONFORM CONTRACT NR. 257/20.04.2023 | 3.090 euro + TVA la cursul BNR | SERVICII CONFORM CONTRACT NR. 257/20.04.2023 | 3.090 euro + TVA la cursul BNR,,"CONTRACT; contract, date:52d; company=SMALL; dominant=RED-NIS-C-PEN-100 (50%)"
accounting:BT.BIT 522,no,RED-NIS-C-PEN-100,,SMALL,3,2,RED-NIS-C-PEN-100,0.500,0.000,MIXED/UNKNOWN,REVIEW,MEDIUM,CONTRACT,ron,cms689nyu019grt353dhil2xu,BT.BIT 522,FILDAS TRADING SRL,2023-08-31,RON,3090.00,15268.31,,RED-NIS-C-PEN-100,RED-NIS-C-PEN-<limit>,"{""limit"":""100""}",UNIQUE,RED-NIS-C-PEN-100 | RED-NIS-C-AUDIT-100,833,2023-08-31,0,257/20.04.2023,SERVICI CONFORM CONTRACT 257/20.04.2023 articolul 3.9.3. | 3.090 euro+TVA la cursul BNR | SERVICI CONFORM CONTRACT 257/20.04.2023 articolul 3.9.3. | 3.090 euro+TVA la cursul BNR,,"CONTRACT; contract, date:0d; company=SMALL; dominant=RED-NIS-C-PEN-100 (50%)"
accounting:BT.BIT 12,no,,,UNMATCHED,,,,,,,SKIP_NO_MATCH,NONE,NONE,valuta,cms689kk7000yrt35ukkiyvsp,BT.BIT 12,FINDIE DEVELOPEMENT LIMITED,2016-11-29,EUR,5400.00,24366.96,,,,,EMPTY,,,,,,CONTRACT SERVICE AGREEMENT NR.803/26.08.2016 | CONTRACT SERVICE AGREEMENT NR.803/26.08.2016,,Organization not found in tracker.
accounting:BT.BIT 660,no,,,UNMATCHED,,,,,,,SKIP_NO_MATCH,NONE,NONE,ron,cms689otr01lkrt35sj8m2k95,BT.BIT 660,FINEXPERT - BOSCOLO CONSULTING S.R.L.,2024-06-11,RON,4680.00,23290.02,,,,,EMPTY,,,,,,"SERVICII CONFORM CONTRACT NR. 294/31.05.2024 | 40% din valoarea totala, adica 4,680 euro + TVA la cursul BNR | SERVICII CONFORM CONTRACT NR. 294/31.05.2024 | 40% din valoarea totala, adica 4,680 euro + TVA la cursul BNR",,Organization not found in tracker.
accounting:BT.BIT 680,no,,,UNMATCHED,,,,,,,SKIP_NO_MATCH,NONE,NONE,ron,cms689oyn01nbrt35937shqkr,BT.BIT 680,FINEXPERT - BOSCOLO CONSULTING S.R.L.,2024-07-16,RON,4680.00,34858.98,storno,,,,EMPTY,,,,,,"SERVICII CONFORM CONTRACT NR. 294/31.05.2024 | Stornare factura 660/11.06.2024 reprezentand avans 40% din valoarea totala, adica 4,680 euro + TVA la cursul BNR | SERVICII CONFORM CONTRACT NR. 294/31.05.2024 | Stornare factura 660/11.06.2024",,Organization not found in tracker.
accounting:BT.BIT 756,no,RED-NIS-C-PEN-10,,STANDARD,8,9,RED-NIS-C-PEN-10,1.000,0.000,MIXED/UNKNOWN,REVIEW,HIGH,PROFILE,ron,cms689pf501u2rt35d42zzene,BT.BIT 756,FLASHNET S.A.,2024-12-03,RON,3440.00,17120.88,avans,RED-NIS-C-PEN-10,RED-NIS-C-PEN-<limit>,"{""limit"":""10""}",UNIQUE,RED-NIS-C-PEN-10,1316,2024-12-03,0,NR. 312/8.10.2024,Avans conform CONTRACT PENTRU PRESTAREA DE SERVICII DE TESTE | DE PENETRARE _NR. 317/30.10.2024_ (3440 EURO + TVA la cursul BNR) | Avans conform CONTRACT PENTRU PRESTAREA DE SERVICII DE TESTE | DE PENETRARE _NR. 317/30.10.2024_ (3440 EURO +,,"PROFILE; date:0d, amount:0.0%, milestone:avans, company-profile:100%; company=STANDARD; dominant=RED-NIS-C-PEN-10 (100%)"
accounting:BT.BIT 868,no,RED-NIS-C-PEN-10,,STANDARD,8,9,RED-NIS-C-PEN-10,1.000,0.000,MIXED/UNKNOWN,REVIEW,HIGH,PROFILE,ron,cms689q3p023mrt35elib584x,BT.BIT 868,FLASHNET S.A.,2025-04-28,RON,4900.00,24389.26,,RED-NIS-C-PEN-10,RED-NIS-C-PEN-<limit>,"{""limit"":""10""}",UNIQUE,RED-NIS-C-PEN-10,1317,2025-04-28,0,NR. 312/8.10.2024,"SERVICII CONFORM CONTRACT PENTRU PRESTAREA DE SERVICII | DE TESTE DE PENETRARE \_NR. 317/30.10.2024, PRIMA ETAPA LA 90 DE ZILE CALENDARISTICE (4.900 euro+TVA la cursul BNR) | SERVICII CONFORM CONTRACT PENTRU PRESTAREA DE SERVICII | DE TESTE",,"PROFILE; date:0d, company-profile:100%; company=STANDARD; dominant=RED-NIS-C-PEN-10 (100%)"
accounting:BT.BIT 947,no,RED-NIS-C-PEN-10,,STANDARD,8,9,RED-NIS-C-PEN-10,1.000,0.000,MIXED/UNKNOWN,REVIEW,HIGH,PROFILE,ron,cms689qll02afrt35rej04j7i,BT.BIT 947,FLASHNET S.A.,2025-07-17,RON,4900.00,24853.78,,RED-NIS-C-PEN-10,RED-NIS-C-PEN-<limit>,"{""limit"":""10""}",UNIQUE,RED-NIS-C-PEN-10,1318,2025-07-17,0,NR. 312/8.10.2024,"SERVICII CONFORM CONTRACT PENTRU PRESTAREA DE SERVICII | DE TESTE DE PENETRARE \\_NR. 317/30.10.2024, ETAPA 3 LA 90 DE ZILE CALENDARISTICE ( 4.900 euro+TVA la cursul BNR) | SERVICII CONFORM CONTRACT PENTRU PRESTAREA DE SERVICII | DE TESTE D",,"PROFILE; date:0d, amount:0.0%, company-profile:100%; company=STANDARD; dominant=RED-NIS-C-PEN-10 (100%)"
accounting:BT.R.BIT 966,no,RED-NIS-C-PEN-10,,STANDARD,8,9,RED-NIS-C-PEN-10,1.000,0.000,MIXED/UNKNOWN,REVIEW,HIGH,PROFILE,ron,cms689rgf02lart35vey17sy0,BT.R.BIT 966,FLASHNET S.A.,2025-10-20,RON,4900.00,24935.61,,RED-NIS-C-PEN-10,RED-NIS-C-PEN-<limit>,"{""limit"":""10""}",UNIQUE,RED-NIS-C-PEN-10,1319,2025-10-20,0,NR. 312/8.10.2024,SERVICII CONFORM CONTRACT NR. 317/30.10.2024 | ULTIMA ETAPA LA 90 DE ZILE CALENDARISTICE( 4.900 euro+TVA la cursul BNR) | SERVICII CONFORM CONTRACT NR. 317/30.10.2024 | ULTIMA ETAPA LA 90 DE ZILE CALENDARISTICE( 4.900 euro+TVA la cursul BNR,,"PROFILE; date:0d, amount:0.0%, company-profile:100%; company=STANDARD; dominant=RED-NIS-C-PEN-10 (100%)"
accounting:BT.BIT 1028,no,RED-NIS-C-PEN-10,,STANDARD,8,9,RED-NIS-C-PEN-10,1.000,0.000,MIXED/UNKNOWN,REVIEW,HIGH,PROFILE,ron,cms689s8f02tbrt35ciq6qe13,BT.BIT 1028,FLASHNET S.A.,2026-02-11,RON,4900.00,24963.05,,RED-NIS-C-PEN-10,RED-NIS-C-PEN-<limit>,"{""limit"":""10""}",UNIQUE,RED-NIS-C-PEN-10,1320,2026-02-11,0,NR. 312/8.10.2024,"SERVICII CONFORM CONTRACT NR. 317/30.10.2024 | ETAPA LA 90 DE ZILE CALENDARISTICE( 4,900 EURO + TVA la cursul BNR) | SERVICII CONFORM CONTRACT NR. 317/30.10.2024 | ETAPA LA 90 DE ZILE CALENDARISTICE( 4,900 EURO + TVA la cursul BNR)",,"PROFILE; date:0d, amount:0.0%, company-profile:100%; company=STANDARD; dominant=RED-NIS-C-PEN-10 (100%)"
accounting:BT.BIT1067,no,RED-NIS-C-PEN-10,,STANDARD,8,9,RED-NIS-C-PEN-10,1.000,0.000,MIXED/UNKNOWN,REVIEW,HIGH,PROFILE,ron,cms689t8h033crt35yk4ttax7,BT.BIT1067,FLASHNET S.A.,2026-04-30,RON,4900.00,24991.96,,RED-NIS-C-PEN-10,RED-NIS-C-PEN-<limit>,"{""limit"":""10""}",UNIQUE,RED-NIS-C-PEN-10,1321,2026-04-30,0,NR. 312/8.10.2024,"SERVICII CONFORM CONTRACT | NR. 317/30.10.2024 ETAPA LA 90 DE ZILE CALENDARISTICE( 4,900 EURO + TVA la cursul BNR) | SERVICII CONFORM CONTRACT | NR. 317/30.10.2024 ETAPA LA 90 DE ZILE CALENDARISTICE( 4,900 EURO + TVA la cursul BNR)",,"PROFILE; date:0d, amount:0.0%, company-profile:100%; company=STANDARD; dominant=RED-NIS-C-PEN-10 (100%)"
accounting:BT.BIT 1083,no,RED-NIS-C-PEN-10,,STANDARD,8,9,RED-NIS-C-PEN-10,1.000,0.000,MIXED/UNKNOWN,REVIEW,HIGH,PROFILE,ron,cms689tsw0393rt353952wx6q,BT.BIT 1083,FLASHNET S.A.,2026-07-18,RON,4900.00,25690.21,,RED-NIS-C-PEN-10,RED-NIS-C-PEN-<limit>,"{""limit"":""10""}",UNIQUE,RED-NIS-C-PEN-10,1322,2026-07-19,1,NR. 312/8.10.2024,"SERVICII CONFORM CONTRACT NR. 317/30.10.2024 | ETAPA LA 90 DE ZILE CALENDARISTICE( 4,900 EURO + TVA la cursul BNR) | SERVICII CONFORM CONTRACT NR. 317/30.10.2024 | ETAPA LA 90 DE ZILE CALENDARISTICE( 4,900 EURO + TVA la cursul BNR)",,"PROFILE; date:1d, amount:0.0%, company-profile:100%; company=STANDARD; dominant=RED-NIS-C-PEN-10 (100%)"
accounting:BT.BIT 808,no,RED-PEN-B-E-B-11,,SMALL,1,1,RED-PEN-B-E-B-11,1.000,0.000,MIXED/UNKNOWN,REVIEW,LOW,PROFILE,ron,cms689pqp01ykrt35y6afuy99,BT.BIT 808,FOCALITY SRL,2025-01-31,RON,3000.00,14928.30,,RED-PEN-B-E-B-11,RED-PEN-B-E-B-<limit>,"{""limit"":""11""}",UNIQUE,RED-PEN-B-E-B-11,1339,2025-01-31,0,324 din 8.1.2025,Livrabile servicii de securitate informatica | �n conf. cu ACT ADITIONAL NR. 1 DIN 8.1.2025 la contractul Nr. 324/8.1.2025(3.000 euro+TVA la cursul BNR) | Livrabile servicii de securitate informatica | �n conf. cu ACT ADITIONAL NR. 1 DIN 8.,,"PROFILE; date:0d, amount:0.0%; company=SMALL; dominant=RED-PEN-B-E-B-11 (100%)"
accounting:BT.BIT 337,no,RED-PEN-B-I-B-50,,SMALL,2,2,RED-PEN-B-I-B-50,0.500,0.000,MIXED/UNKNOWN,REVIEW,MEDIUM,CONTRACT,ron,cms689mrp00t9rt35napby4b6,BT.BIT 337,FORTECH SRL,2022-04-04,RON,3400.00,16808.58,avans,RED-PEN-B-I-B-50,RED-PEN-B-I-B-<limit>,"{""limit"":""50""}",UNIQUE,RED-PEN-B-I-B-50 | RED-PEN-B-E-B-25,179,2022-04-04,0,217/24.03.2022,SERVICII CONFORM CONTRACT 217/24.03.2022 | 3.400 euro+TVA la cursul BNR reprezentand avans | SERVICII CONFORM CONTRACT 217/24.03.2022 | 3.400 euro+TVA la cursul BNR reprezentand avans,,"CONTRACT; contract, date:0d, milestone:avans; company=SMALL; dominant=RED-PEN-B-I-B-50 (50%)"
accounting:BT.BIT 375,no,RED-PEN-B-I-B-50,,SMALL,2,2,RED-PEN-B-I-B-50,0.500,0.000,MIXED/UNKNOWN,REVIEW,MEDIUM,STORNO_REFERENCE,ron,cms689n1500wfrt35i9p3b463,BT.BIT 375,FORTECH SRL,2022-08-03,RON,8500.00,25123.62,storno,RED-PEN-B-I-B-50,RED-PEN-B-I-B-<limit>,"{""limit"":""50""}",UNIQUE,RED-PEN-B-I-B-50,179,2022-04-04,121,217/24.03.2022,SERVICII CONFORM CONTRACT 217/24.03.2022 | 8.500 euro+TVA la cursul BNR reprezentand factura finala | SERVICII CONFORM CONTRACT 217/24.03.2022 | 8.500 euro+TVA la cursul BNR reprezentand factura finala | SERVICII CONFORM CONTRACT 217/24.03.,,Storno mapped to BT.BIT 337; contract=true; amount=false; gap=121d
accounting:BT.BIT 275,no,,,UNMATCHED,,,,,,,SKIP_NO_MATCH,NONE,NONE,ron,cms689mcl00nmrt35j38iek89,BT.BIT 275,FUNDATIA ALEXANDRION,2021-06-22,RON,,6156.25,,,,,EMPTY,,,,,,SERVICII CONFORM CONTRACT 194/22.02.2021 | SERVICII CONFORM CONTRACT 194/22.02.2021,,Organization not found in tracker.
accounting:B.CYB 31,no,,,UNMATCHED,,,,,,,SKIP_NO_MATCH,NONE,NONE,ron,cms68crjc00e3pj38qz9i60xx,B.CYB 31,FUNDATIA UNIVERSITATEA DE VEST TIMISOARA,2026-06-30,RON,99.00,519.06,,,,,EMPTY,,,,,,Curs Heapvault 3 luni | 99 euro + tva la cursul BNR | Curs Heapvault 3 luni | 99 euro + tva la cursul BNR,,Organization not found in tracker.
accounting:BT.BIT 526,no,RED-NIS-C-PEN-100,,SMALL,1,2,RED-NIS-C-PEN-100,0.500,0.000,MIXED/UNKNOWN,REVIEW,MEDIUM,CONTRACT,ron,cms689nzt019srt35o9av1697,BT.BIT 526,G&D META FARM SRL,2023-08-31,RON,200.00,988.24,,RED-NIS-C-PEN-100,RED-NIS-C-PEN-<limit>,"{""limit"":""100""}",UNIQUE,RED-NIS-C-PEN-100 | RED-NIS-C-AUDIT-100,841,2023-08-31,0,27/20.04.2023,SERVICII CONFORM CNTRACT 27/20.04.2023 articolul 3.9.3. | 200 euro+TVA la cursul BNR | SERVICII CONFORM CNTRACT 27/20.04.2023 articolul 3.9.3. | 200 euro+TVA la cursul BNR,,"CONTRACT; contract, date:0d; company=SMALL; dominant=RED-NIS-C-PEN-100 (50%)"
accounting:BT.BIT 16,no,,,UNMATCHED,,,,,,,SKIP_NO_MATCH,NONE,NONE,valuta,cms689kl8001art3597feq1n0,BT.BIT 16,SC GEORANKER SRL,2017-11-20,EUR,750.00,3480.00,,,,,EMPTY,,,,,,SERVICII MENTENANTA IT | SERVICII MENTENANTA IT,,Organization not found in tracker.
accounting:BT.BIT 24,no,,,UNMATCHED,,,,,,,SKIP_NO_MATCH,NONE,NONE,valuta,cms689kno0021rt35mr9uq5p4,BT.BIT 24,SC GERALKA PROJECT AG SRL,2018-04-13,EUR,30600.00,142648.02,,,,,EMPTY,,,,,,Services under Contract No.113 of 08.02.2018 | Services under Contract No.113 of 08.02.2018,,Organization not found in tracker.
accounting:BT.BIT 36,no,,,UNMATCHED,,,,,,,SKIP_NO_MATCH,NONE,NONE,valuta,cms689kqm0031rt35pk3cq6k5,BT.BIT 36,SC GERALKA PROJECT AG SRL,2018-10-22,EUR,9500.00,44335.55,,,,,EMPTY,,,,,,Services under contract no.113 / 08.02.2018 | Appendix 2- penetration testing&code review services | Services under contract no.113 / 08.02.2018 | Appendix 2- penetration testing&code review services,,Organization not found in tracker.
accounting:BT.BIT1068,no,,,UNMATCHED,,,,,,,SKIP_NO_MATCH,NONE,NONE,ron,cms689t8p033frt35brn98kxp,BT.BIT1068,GOLIN HARRIS PUBLIC RELATIONS SA,2026-05-04,RON,4000.00,20566.80,,,,,EMPTY,,,,,,"Servicii promovare CIO Council, | client Mastercard, conform contract nr. GHPR 236/30.04.2026( 4,000 Euro + TVA la cursul BNR) | Servicii promovare CIO Council, | client Mastercard, conform contract nr. GHPR 236/30.04.2026( 4,000 Euro + TVA",,Organization not found in tracker.
accounting:BT.BIT 872,no,BLUE-MDR-C-6,,RECURRENT,16,24,BLUE-MDR-C-6,1.000,0.867,STABLE,ACCEPT_CANDIDATE,HIGH,RECURRENT_DATE,ron,cms689q4t0242rt35brn1wsc2,BT.BIT 872,GRAFTEX PRODCOM SRL,2025-04-30,RON,1100.00,5475.14,,BLUE-MDR-C-6,BLUE-MDR-C-<limit>,"{""limit"":""6""}",UNIQUE,BLUE-MDR-C-6,1366,2025-04-30,0,Contract cadru de prestari servicii nr. 334 din 31.3.2025,Servicii recurente de securitate informatica | conform Anexa 1 la Contractul de prestari servicii nr. 334 din 31.3.2025 (Aprilie 2025) ( 1.100 euro+TVA la cursul BNR) | Servicii recurente de securitate informatica | conform Anexa 1 la Contr,,"RECURRENT_DATE; date:0d, trend-adjusted-amount:1.000:0.0%, company-profile:100%; company=RECURRENT; dominant=BLUE-MDR-C-6 (100%)"
accounting:BT.BIT 893,no,BLUE-MDR-C-6,,RECURRENT,16,24,BLUE-MDR-C-6,1.000,0.867,STABLE,REVIEW,HIGH,RECURRENT_DATE,ron,cms689q9e025trt35gfh0bsbe,BT.BIT 893,GRAFTEX PRODCOM SRL,2025-05-16,RON,1100.00,5613.52,,BLUE-MDR-C-6,BLUE-MDR-C-<limit>,"{""limit"":""6""}",UNIQUE,BLUE-MDR-C-6,1367,2025-05-05,11,Contract cadru de prestari servicii nr. 334 din 31.3.2025,Servicii recurente de securitate informatica conform | Anexa 1 la Contractul de prestari servicii nr. 334 din 31.3.2025 ( 1.100 euro+TVA la cursul BNR) | Servicii recurente de securitate informatica conform | Anexa 1 la Contractul de presta,,"RECURRENT_DATE; date:11d, trend-adjusted-amount:1.000:0.0%, company-profile:100%; company=RECURRENT; dominant=BLUE-MDR-C-6 (100%)"
accounting:BT.BIT 917,no,BLUE-MDR-C-6,,RECURRENT,16,24,BLUE-MDR-C-6,1.000,0.867,STABLE,ACCEPT_CANDIDATE,HIGH,RECURRENT_DATE,ron,cms689qeu027xrt35u1wrx8xf,BT.BIT 917,GRAFTEX PRODCOM SRL,2025-06-16,RON,1100.00,5535.20,,BLUE-MDR-C-6,BLUE-MDR-C-<limit>,"{""limit"":""6""}",UNIQUE,BLUE-MDR-C-6,1368,2025-06-16,0,Contract cadru de prestari servicii nr. 334 din 31.3.2025,Servicii recurente de securitate informatica conform | Anexa 1 la Contractul de prestari servicii nr. 334 din 31.3.2025 ( 1.100 euro+TVA la cursul BNR) | Servicii recurente de securitate informatica conform | Anexa 1 la Contractul de presta,,"RECURRENT_DATE; date:0d, trend-adjusted-amount:1.000:0.0%, company-profile:100%; company=RECURRENT; dominant=BLUE-MDR-C-6 (100%)"
accounting:BT.BIT 942,no,BLUE-MDR-C-6,,RECURRENT,16,24,BLUE-MDR-C-6,1.000,0.867,STABLE,REVIEW,HIGH,RECURRENT_DATE,ron,cms689qkg02a0rt35h7nh40in,BT.BIT 942,GRAFTEX PRODCOM SRL,2025-07-02,RON,1100.00,5584.92,,BLUE-MDR-C-6,BLUE-MDR-C-<limit>,"{""limit"":""6""}",UNIQUE,BLUE-MDR-C-6,1369,2025-07-10,8,Contract cadru de prestari servicii nr. 334 din 31.3.2025,Servicii recurente de securitate informatica conform | Servicii recurente de securitate informatica conform,,"RECURRENT_DATE; date:8d, trend-adjusted-amount:1.000:0.0%, company-profile:100%; company=RECURRENT; dominant=BLUE-MDR-C-6 (100%)"
accounting:BT.BIT 970,no,BLUE-MDR-C-6,,RECURRENT,16,24,BLUE-MDR-C-6,1.000,0.867,STABLE,ACCEPT_CANDIDATE,HIGH,RECURRENT_DATE,ron,cms689qri02ccrt35fobij9pw,BT.BIT 970,GRAFTEX PRODCOM SRL,2025-08-04,RON,1100.00,5584.70,,BLUE-MDR-C-6,BLUE-MDR-C-<limit>,"{""limit"":""6""}",UNIQUE,BLUE-MDR-C-6,1370,2025-08-04,0,Contract cadru de prestari servicii nr. 334 din 31.3.2025,Servicii recurente de securitate informatica conform | Anexa 1 la Contractul de prestari servicii nr. 334 din 31.3.2025 (1.100 euro+TVA la cursul BNR ) | Servicii recurente de securitate informatica conform | Anexa 1 la Contractul de presta,,"RECURRENT_DATE; date:0d, trend-adjusted-amount:1.000:0.0%, company-profile:100%; company=RECURRENT; dominant=BLUE-MDR-C-6 (100%)"
accounting:BT.R.BIT 21,no,BLUE-MDR-C-6,,RECURRENT,16,24,BLUE-MDR-C-6,1.000,0.867,STABLE,ACCEPT_CANDIDATE,HIGH,RECURRENT_DATE,ron,cms689qxq02eort35g50r65s1,BT.R.BIT 21,GRAFTEX PRODCOM SRL,2025-09-02,RON,1100.00,5579.75,,BLUE-MDR-C-6,BLUE-MDR-C-<limit>,"{""limit"":""6""}",UNIQUE,BLUE-MDR-C-6,1371,2025-09-05,3,Contract cadru de prestari servicii nr. 334 din 31.3.2025,"SERVICII RECURENTE DE SECURITATE INFORMATICA | Conform Anexa 1 la Contractul de prestari servicii nr. 334 din 31.3.2025, 1100 EUR+TVA la cursul BNR 5.0725 | SERVICII RECURENTE DE SECURITATE INFORMATICA | Conform Anexa 1 la Contractul de pre",,"RECURRENT_DATE; date:3d, trend-adjusted-amount:1.000:0.0%, company-profile:100%; company=RECURRENT; dominant=BLUE-MDR-C-6 (100%)"
accounting:BT.R.BIT 48,no,BLUE-MDR-C-6,,RECURRENT,16,24,BLUE-MDR-C-6,1.000,0.867,STABLE,ACCEPT_CANDIDATE,HIGH,RECURRENT_DATE,ron,cms689rbs02kdrt35uqhwg1ic,BT.R.BIT 48,GRAFTEX PRODCOM SRL,2025-10-20,RON,1100.00,5597.79,,BLUE-MDR-C-6,BLUE-MDR-C-<limit>,"{""limit"":""6""}",UNIQUE,BLUE-MDR-C-6,1372,2025-10-20,0,Contract cadru de prestari servicii nr. 334 din 31.3.2025,"SERVICII RECURENTE DE SECURITATE INFORMATICA | Conform Anexa 1 la Contractul de prestari servicii nr. 334 din 31.3.2025, 1100 EUR+TVA la cursul BNR 5.0889 | SERVICII RECURENTE DE SECURITATE INFORMATICA | Conform Anexa 1 la Contractul de pre",,"RECURRENT_DATE; date:0d, trend-adjusted-amount:1.000:0.0%, company-profile:100%; company=RECURRENT; dominant=BLUE-MDR-C-6 (100%)"
accounting:BT.R.BIT 75,no,BLUE-MDR-C-6,,RECURRENT,16,24,BLUE-MDR-C-6,1.000,0.867,STABLE,ACCEPT_CANDIDATE,HIGH,RECURRENT_DATE,ron,cms689r6c02i5rt35scbcpnkr,BT.R.BIT 75,GRAFTEX PRODCOM SRL,2025-11-26,RON,1100.00,5597.90,,BLUE-MDR-C-6,BLUE-MDR-C-<limit>,"{""limit"":""6""}",UNIQUE,BLUE-MDR-C-6,1373,2025-11-26,0,Contract cadru de prestari servicii nr. 334 din 31.3.2025,"SERVICII RECURENTE DE SECURITATE INFORMATICA | Conform Anexa 1 la Contractul de prestari servicii nr. 334 din 31.3.2025, 1100 EUR+TVA la cursul BNR 5.089 | SERVICII RECURENTE DE SECURITATE INFORMATICA | Conform Anexa 1 la Contractul de pres",,"RECURRENT_DATE; date:0d, trend-adjusted-amount:1.000:0.0%, company-profile:100%; company=RECURRENT; dominant=BLUE-MDR-C-6 (100%)"
accounting:BT.R.BIT 102,no,BLUE-MDR-C-6,,RECURRENT,16,24,BLUE-MDR-C-6,1.000,0.867,STABLE,ACCEPT_CANDIDATE,HIGH,RECURRENT_DATE,ron,cms689rup02p2rt35eoepcslg,BT.R.BIT 102,GRAFTEX PRODCOM SRL,2025-12-23,RON,1100.00,5596.91,,BLUE-MDR-C-6,BLUE-MDR-C-<limit>,"{""limit"":""6""}",UNIQUE,BLUE-MDR-C-6,1374,2025-12-23,0,Contract cadru de prestari servicii nr. 334 din 31.3.2025,"SERVICII RECURENTE DE SECURITATE INFORMATICA | Conform Anexa 1 la Contractul de prestari servicii nr. 334 din 31.3.2025, 1100 EUR+TVA la cursul BNR 5.0881 | SERVICII RECURENTE DE SECURITATE INFORMATICA | Conform Anexa 1 la Contractul de pre",,"RECURRENT_DATE; date:0d, trend-adjusted-amount:1.000:0.0%, company-profile:100%; company=RECURRENT; dominant=BLUE-MDR-C-6 (100%)"
accounting:BT.R.BIT 129,no,BLUE-MDR-C-6,,RECURRENT,16,24,BLUE-MDR-C-6,1.000,0.867,STABLE,ACCEPT_CANDIDATE,HIGH,RECURRENT_DATE,ron,cms689s0w02rart35y64m3h6d,BT.R.BIT 129,GRAFTEX PRODCOM SRL,2026-01-20,RON,1100.00,5601.31,,BLUE-MDR-C-6,BLUE-MDR-C-<limit>,"{""limit"":""6""}",UNIQUE,BLUE-MDR-C-6,1375,2026-01-20,0,Contract cadru de prestari servicii nr. 334 din 31.3.2025,"SERVICII RECURENTE DE SECURITATE INFORMATICA | Conform Anexa 1 la Contractul de prestari servicii nr. 334 din 31.3.2025, 1100 EUR+TVA la cursul BNR 5.0921 | SERVICII RECURENTE DE SECURITATE INFORMATICA | Conform Anexa 1 la Contractul de pre",,"RECURRENT_DATE; date:0d, trend-adjusted-amount:1.000:0.0%, company-profile:100%; company=RECURRENT; dominant=BLUE-MDR-C-6 (100%)"
accounting:BT.R.BIT 157,no,BLUE-MDR-C-6,,RECURRENT,16,24,BLUE-MDR-C-6,1.000,0.867,STABLE,ACCEPT_CANDIDATE,HIGH,RECURRENT_DATE,ron,cms689sef02uxrt35kx11zds1,BT.R.BIT 157,GRAFTEX PRODCOM SRL,2026-02-13,RON,1100.00,5602.74,,BLUE-MDR-C-6,BLUE-MDR-C-<limit>,"{""limit"":""6""}",UNIQUE,BLUE-MDR-C-6,1376,2026-02-13,0,Contract cadru de prestari servicii nr. 334 din 31.3.2025,"SERVICII RECURENTE DE SECURITATE INFORMATICA | Conform Anexa 1 la Contractul de prestari servicii nr. 334 din 31.3.2025, 1100 EUR+TVA la cursul BNR 5.0934 | SERVICII RECURENTE DE SECURITATE INFORMATICA | Conform Anexa 1 la Contractul de pre",,"RECURRENT_DATE; date:0d, trend-adjusted-amount:1.000:0.0%, company-profile:100%; company=RECURRENT; dominant=BLUE-MDR-C-6 (100%)"
accounting:BT.R.BIT 172,no,BLUE-MDR-C-6,,RECURRENT,16,24,BLUE-MDR-C-6,1.000,0.867,STABLE,ACCEPT_CANDIDATE,HIGH,RECURRENT_DATE,ron,cms689sni02xort354n9uj6nq,BT.R.BIT 172,GRAFTEX PRODCOM SRL,2026-03-20,RON,1100.00,5605.49,,BLUE-MDR-C-6,BLUE-MDR-C-<limit>,"{""limit"":""6""}",UNIQUE,BLUE-MDR-C-6,1377,2026-03-20,0,Contract cadru de prestari servicii nr. 334 din 31.3.2025,"SERVICII RECURENTE DE SECURITATE INFORMATICA | Conform Anexa 1 la Contractul de prestari servicii nr. 334 din 31.3.2025, 1100.00 EUR+TVA la cursul BNR 5.0959 | SERVICII RECURENTE DE SECURITATE INFORMATICA | Conform Anexa 1 la Contractul de ",,"RECURRENT_DATE; date:0d, trend-adjusted-amount:1.000:0.0%, company-profile:100%; company=RECURRENT; dominant=BLUE-MDR-C-6 (100%)"
accounting:BT.R.BIT 201,no,BLUE-MDR-C-6,,RECURRENT,16,24,BLUE-MDR-C-6,1.000,0.867,STABLE,ACCEPT_CANDIDATE,HIGH,RECURRENT_DATE,ron,cms689t30031rrt3501540xiz,BT.R.BIT 201,GRAFTEX PRODCOM SRL,2026-04-29,RON,1100.00,5603.07,,BLUE-MDR-C-6,BLUE-MDR-C-<limit>,"{""limit"":""6""}",UNIQUE,BLUE-MDR-C-6,1378,2026-04-29,0,Contract cadru de prestari servicii nr. 334 din 31.3.2025,"SERVICII RECURENTE DE SECURITATE INFORMATICA | Conform Anexa 1 la Contractul de prestari servicii nr. 334 din 31.3.2025, 1100.00 EUR+TVA la cursul BNR 5.0937 | SERVICII RECURENTE DE SECURITATE INFORMATICA | Conform Anexa 1 la Contractul de ",,"RECURRENT_DATE; date:0d, trend-adjusted-amount:1.000:0.0%, company-profile:100%; company=RECURRENT; dominant=BLUE-MDR-C-6 (100%)"
accounting:BT.R.BIT 230,no,BLUE-MDR-C-6,,RECURRENT,16,24,BLUE-MDR-C-6,1.000,0.867,STABLE,ACCEPT_CANDIDATE,HIGH,RECURRENT_DATE,ron,cms689tbk034brt35ocjfkjdb,BT.R.BIT 230,GRAFTEX PRODCOM SRL,2026-05-25,RON,1100.00,5773.68,,BLUE-MDR-C-6,BLUE-MDR-C-<limit>,"{""limit"":""6""}",UNIQUE,BLUE-MDR-C-6,1379,2026-05-25,0,Contract cadru de prestari servicii nr. 334 din 31.3.2025,"SERVICII RECURENTE DE SECURITATE INFORMATICA | Conform Anexa 1 la Contractul de prestari servicii nr. 334 din 31.3.2025, 1100.00 EUR+TVA la cursul BNR 5.2488 | SERVICII RECURENTE DE SECURITATE INFORMATICA | Conform Anexa 1 la Contractul de ",,"RECURRENT_DATE; date:0d, trend-adjusted-amount:1.000:0.0%, company-profile:100%; company=RECURRENT; dominant=BLUE-MDR-C-6 (100%)"
accounting:BT.R.BIT 288,no,BLUE-MDR-C-6,,RECURRENT,16,24,BLUE-MDR-C-6,1.000,0.867,STABLE,REVIEW,HIGH,RECURRENT_DATE,ron,cms689tv0039rrt35wvjogfbh,BT.R.BIT 288,GRAFTEX PRODCOM SRL,2026-07-18,RON,1100.00,5767.19,,BLUE-MDR-C-6,BLUE-MDR-C-<limit>,"{""limit"":""6""}",UNIQUE,BLUE-MDR-C-6,1381,2026-07-05,13,Contract cadru de prestari servicii nr. 334 din 31.3.2025,"SERVICII RECURENTE DE SECURITATE INFORMATICA | Conform Anexa 1 la Contractul de prestari servicii nr. 334 din 31.3.2025, 1100.00 EUR+TVA la cursul BNR 5.2429 | SERVICII RECURENTE DE SECURITATE INFORMATICA | Conform Anexa 1 la Contractul de ",,"RECURRENT_DATE; date:13d, trend-adjusted-amount:1.000:0.0%, company-profile:100%; company=RECURRENT; dominant=BLUE-MDR-C-6 (100%)"
accounting:BT.BIT 187,no,RED-PEN-B-E-B-50,,RECURRENT,28,36,RED-PEN-B-E-B-30,0.944,0.846,STABLE,ACCEPT_CANDIDATE,HIGH,CONTRACT,valuta,cms689lrx00fwrt35ebkpn06j,BT.BIT 187,HERTZA L.L.C.,2024-04-02,EUR,1500.00,7455.00,,RED-PEN-B-E-B-50,RED-PEN-B-E-B-<limit>,"{""limit"":""50""}",UNIQUE,RED-PEN-B-E-B-50,1028,2024-04-02,0,No.288/01.04.2024,Service agreement 288/01.04.2024 | Advance 50% | Service agreement 288/01.04.2024 | Advance 50%,,"CONTRACT; contract, date:0d, trend-adjusted-amount:1.071:6.6%; company=RECURRENT; dominant=RED-PEN-B-E-B-30 (94%)"
accounting:BT.BIT 189,no,RED-PEN-B-E-B-50,,RECURRENT,28,36,RED-PEN-B-E-B-30,0.944,0.846,STABLE,ACCEPT_CANDIDATE,HIGH,CONTRACT,valuta,cms689lsf00g2rt35y4gt9kav,BT.BIT 189,HERTZA L.L.C.,2024-04-23,EUR,1500.00,7463.70,,RED-PEN-B-E-B-50,RED-PEN-B-E-B-<limit>,"{""limit"":""50""}",UNIQUE,RED-PEN-B-E-B-50 | RED-PEN-B-E-B-30,1028,2024-04-23,0,No.288/01.04.2024,Service agreement 288/01.04.2024 | Service agreement 288/01.04.2024,,"CONTRACT; contract, date:0d, trend-adjusted-amount:1.071:6.6%; company=RECURRENT; dominant=RED-PEN-B-E-B-30 (94%)"
accounting:BT.BIT 200,no,,,RECURRENT,28,36,RED-PEN-B-E-B-30,0.944,0.846,STABLE,SKIP_NO_MATCH,NONE,SOURCE_REUSE_ANOMALY,valuta,cms689lv300h2rt35ew6kv511,BT.BIT 200,HERTZA L.L.C.,2024-08-01,USD,3750.00,17233.50,,,,,EMPTY,RED-PEN-B-E-B-30,,,0,,Services under Conform contract nr: No.295/5.06.2024 Retesting services according to | iulie 2024 | Services under Conform contract nr: No.295/5.06.2024 | iulie 2024 | Retesting services according to | Service Agreement No. 303/9.07.2024,"[{""line"":1,""service"":""Services under Conform contract nr: No.295/5.06.2024 | iulie 2024"",""partNumber"":""RED-PEN-B-E-B-30"",""confidence"":""HIGH"",""trackerRow"":1270},{""line"":2,""service"":""Retesting services according to | Service Agreement No. 303/9.07.2024"",""partNumber"":""RED-PEN-B-E-B-30"",""confidence"":""HIGH"",""trackerRow"":1296}]",Quarantined: nr_iesire is reused by multiple organization/date/id_iesire headers inside the same source workbook; production lines may be contaminated.
accounting:BT.BIT 201,no,,,RECURRENT,28,36,RED-PEN-B-E-B-30,0.944,0.846,STABLE,SKIP_NO_MATCH,NONE,SOURCE_REUSE_ANOMALY,valuta,cms689lvd00h5rt35lldj5az4,BT.BIT 201,HERTZA L.L.C.,2024-08-01,USD,3750.00,17233.50,,,,,EMPTY,RED-PEN-B-E-B-30,,,0,,SERVICEServices under Conform contract nr: No.295/5.06.2024 Recurrent information security services accordingly | august 2024 | SERVICEServices under Conform contract nr: No.295/5.06.2024 | august 2024 | Recurrent information security servi,"[{""line"":1,""service"":""SERVICEServices under Conform contract nr: No.295/5.06.2024 | august 2024"",""partNumber"":""RED-PEN-B-E-B-30"",""confidence"":""HIGH"",""trackerRow"":1271},{""line"":2,""service"":""Recurrent information security services accordingly | with APPENDIX 2 to Cyber Security Services Agreement No. 290/24.04.2024"",""partNumber"":""RED-PEN-B-E-B-30"",""confidence"":""HIGH"",""trackerRow"":1297}]",Quarantined: nr_iesire is reused by multiple organization/date/id_iesire headers inside the same source workbook; production lines may be contaminated.
accounting:BT.BIT 206,no,RED-PEN-B-E-B-30,,RECURRENT,28,36,RED-PEN-B-E-B-30,0.944,0.846,STABLE,ACCEPT_CANDIDATE,HIGH,CONTRACT,valuta,cms689lwj00hkrt357br66izg,BT.BIT 206,HERTZA L.L.C.,2024-09-02,USD,3750.00,16839.75,,RED-PEN-B-E-B-30,RED-PEN-B-E-B-<limit>,"{""limit"":""30""}",UNIQUE,RED-PEN-B-E-B-30,1272,2024-09-02,0,No.295/5.06.2024,SERVICES Conform contract nr: No.295/5.06.2024 | septembrie 2024 | SERVICES Conform contract nr: No.295/5.06.2024 | septembrie 2024,,"CONTRACT; contract, date:0d, trend-adjusted-amount:1.071:0.0%, company-profile:94%; company=RECURRENT; dominant=RED-PEN-B-E-B-30 (94%)"
accounting:BT.BIT 208,no,RED-PEN-B-E-B-30,,RECURRENT,28,36,RED-PEN-B-E-B-30,0.944,0.846,STABLE,ACCEPT_CANDIDATE,HIGH,CONTRACT,valuta,cms689lwz00hqrt35npturaiz,BT.BIT 208,HERTZA L.L.C.,2024-10-03,USD,3750.00,16856.25,,RED-PEN-B-E-B-30,RED-PEN-B-E-B-<limit>,"{""limit"":""30""}",UNIQUE,RED-PEN-B-E-B-30,1273,2024-10-04,1,No.295/5.06.2024,SERVICES Conform contract nr: No.295/5.06.2024 | SERVICES Conform contract nr: No.295/5.06.2024,,"CONTRACT; contract, date:1d, trend-adjusted-amount:1.071:0.0%, company-profile:94%; company=RECURRENT; dominant=RED-PEN-B-E-B-30 (94%)"
accounting:BT.BIT 211,no,RED-PEN-B-E-B-30,,RECURRENT,28,36,RED-PEN-B-E-B-30,0.944,0.846,STABLE,ACCEPT_CANDIDATE,HIGH,CONTRACT,valuta,cms689lxo00hzrt35w03v3cnu,BT.BIT 211,HERTZA L.L.C.,2024-11-02,USD,3750.00,17180.25,,RED-PEN-B-E-B-30,RED-PEN-B-E-B-<limit>,"{""limit"":""30""}",UNIQUE,RED-PEN-B-E-B-30,1274,2024-11-05,3,No.295/5.06.2024,SERVICES Conform contract nr: No.295/5.06.2024 | noiembrie 2024 | SERVICES Conform contract nr: No.295/5.06.2024 | noiembrie 2024,,"CONTRACT; contract, date:3d, trend-adjusted-amount:1.071:0.0%, company-profile:94%; company=RECURRENT; dominant=RED-PEN-B-E-B-30 (94%)"
accounting:BT.BIT 214,no,RED-PEN-B-E-B-30,,RECURRENT,28,36,RED-PEN-B-E-B-30,0.944,0.846,STABLE,ACCEPT_CANDIDATE,HIGH,CONTRACT,valuta,cms689lyf00i9rt35iyakgc48,BT.BIT 214,HERTZA L.L.C.,2024-12-03,USD,3750.00,17740.50,,RED-PEN-B-E-B-30,RED-PEN-B-E-B-<limit>,"{""limit"":""30""}",UNIQUE,RED-PEN-B-E-B-30,1275,2024-12-07,4,No.295/5.06.2024,SERVICES Conform contract nr: No.295/5.06.2024 | decembrie 2024 | SERVICES Conform contract nr: No.295/5.06.2024 | decembrie 2024,,"CONTRACT; contract, date:4d, trend-adjusted-amount:1.071:0.0%, company-profile:94%; company=RECURRENT; dominant=RED-PEN-B-E-B-30 (94%)"
accounting:BT.BIT 221,no,RED-PEN-B-E-B-30,,RECURRENT,28,36,RED-PEN-B-E-B-30,0.944,0.846,STABLE,ACCEPT_CANDIDATE,HIGH,CONTRACT,valuta,cms689m0200ixrt35nyo2v1qs,BT.BIT 221,HERTZA L.L.C.,2025-01-15,USD,3750.00,18184.13,,RED-PEN-B-E-B-30,RED-PEN-B-E-B-<limit>,"{""limit"":""30""}",UNIQUE,RED-PEN-B-E-B-30,1276,2025-01-08,7,No.295/5.06.2024,SERVICES Conform contract nr: No.295/5.06.2024 | SERVICES Conform contract nr: No.295/5.06.2024,,"CONTRACT; contract, date:7d, trend-adjusted-amount:1.071:0.0%, company-profile:94%; company=RECURRENT; dominant=RED-PEN-B-E-B-30 (94%)"
accounting:BT.BIT 224,no,RED-PEN-B-E-B-30,,RECURRENT,28,36,RED-PEN-B-E-B-30,0.944,0.846,STABLE,ACCEPT_CANDIDATE,HIGH,CONTRACT,valuta,cms689m0s00j7rt35b79nxh7c,BT.BIT 224,HERTZA L.L.C.,2025-02-03,USD,3750.00,17984.63,,RED-PEN-B-E-B-30,RED-PEN-B-E-B-<limit>,"{""limit"":""30""}",UNIQUE,RED-PEN-B-E-B-30,1277,2025-02-09,6,No.295/5.06.2024,SERVICES Conform contract nr: No.295/5.06.2024 | SERVICES Conform contract nr: No.295/5.06.2024,,"CONTRACT; contract, date:6d, trend-adjusted-amount:1.071:0.0%, company-profile:94%; company=RECURRENT; dominant=RED-PEN-B-E-B-30 (94%)"
accounting:BT.BIT 228,no,RED-PEN-B-E-B-30,,RECURRENT,28,36,RED-PEN-B-E-B-30,0.944,0.846,STABLE,ACCEPT_CANDIDATE,HIGH,CONTRACT,valuta,cms689m1q00jjrt3573jkq9cp,BT.BIT 228,HERTZA L.L.C.,2025-03-06,USD,3750.00,17454.00,,RED-PEN-B-E-B-30,RED-PEN-B-E-B-<limit>,"{""limit"":""30""}",UNIQUE,RED-PEN-B-E-B-30,1278,2025-03-13,7,No.295/5.06.2024,SERVICES Conform contract nr: No.295/5.06.2024 | SERVICES Conform contract nr: No.295/5.06.2024,,"CONTRACT; contract, date:7d, trend-adjusted-amount:1.071:0.0%, company-profile:94%; company=RECURRENT; dominant=RED-PEN-B-E-B-30 (94%)"
accounting:BT.BIT 230,no,RED-PEN-B-E-B-30,,RECURRENT,28,36,RED-PEN-B-E-B-30,0.944,0.846,STABLE,ACCEPT_CANDIDATE,HIGH,CONTRACT,valuta,cms689m2700jprt355manh59c,BT.BIT 230,HERTZA L.L.C.,2025-04-02,USD,3750.00,17249.25,,RED-PEN-B-E-B-30,RED-PEN-B-E-B-<limit>,"{""limit"":""30""}",UNIQUE,RED-PEN-B-E-B-30,1279,2025-04-14,12,No.295/5.06.2024,SERVICES Conform contract nr: No.295/5.06.2024 | SERVICES Conform contract nr: No.295/5.06.2024,,"CONTRACT; contract, date:12d, trend-adjusted-amount:1.079:0.7%, company-profile:94%; company=RECURRENT; dominant=RED-PEN-B-E-B-30 (94%)"
accounting:BT.BIT 232,no,RED-PEN-B-E-B-15,,RECURRENT,28,36,RED-PEN-B-E-B-30,0.944,0.846,STABLE,ACCEPT_CANDIDATE,HIGH,CONTRACT,valuta,cms689m2m00jwrt3594v7htmv,BT.BIT 232,HERTZA L.L.C.,2025-04-07,USD,7500.00,33971.25,,RED-PEN-B-E-B-15,RED-PEN-B-E-B-<limit>,"{""limit"":""15""}",UNIQUE,RED-PEN-B-E-B-15 | RED-PEN-B-E-B-30,1280,2025-04-07,0,Addendum No. 1 from 28.02.2025 SERVICES AGREEMENT No. 295/5.06.2024,"Provider Remuneration according to | Addendum No. 1 from 28.02.2025 SERVICES AGREEMENT No. 295/5.06.2024 USD 7,500 | Provider Remuneration according to | Addendum No. 1 from 28.02.2025 SERVICES AGREEMENT No. 295/5.06.2024 USD 7,500",,"CONTRACT; contract, date:0d, trend-adjusted-amount:1.079:0.7%; company=RECURRENT; dominant=RED-PEN-B-E-B-30 (94%)"
accounting:BT.BIT 237,no,RED-PEN-B-E-B-30,,RECURRENT,28,36,RED-PEN-B-E-B-30,0.944,0.846,STABLE,ACCEPT_CANDIDATE,HIGH,CONTRACT,valuta,cms689m3s00kbrt35fj2f8gf1,BT.BIT 237,HERTZA L.L.C.,2025-05-13,USD,4500.00,20621.70,,RED-PEN-B-E-B-30,RED-PEN-B-E-B-<limit>,"{""limit"":""30""}",UNIQUE,RED-PEN-B-E-B-30,1281,2025-05-13,0,Addendum No. 2 from 28.04.2025 SERVICES AGREEMENT No. 295/5.06.2024,SERVICES Conform contract nr: No.295/5.06.2024 | Addendum No. 2 from 28.04.2025 | SERVICES Conform contract nr: No.295/5.06.2024 | Addendum No. 2 from 28.04.2025,,"CONTRACT; contract, date:0d, trend-adjusted-amount:1.111:2.2%, company-profile:94%; company=RECURRENT; dominant=RED-PEN-B-E-B-30 (94%)"
accounting:BT.BIT 240,no,RED-PEN-B-E-B-30,,RECURRENT,28,36,RED-PEN-B-E-B-30,0.944,0.846,STABLE,ACCEPT_CANDIDATE,HIGH,CONTRACT,valuta,cms689m4i00kqrt35v9jrzew9,BT.BIT 240,HERTZA L.L.C.,2025-06-16,USD,4500.00,19649.25,,RED-PEN-B-E-B-30,RED-PEN-B-E-B-<limit>,"{""limit"":""30""}",UNIQUE,RED-PEN-B-E-B-30,1282,2025-06-16,0,Addendum No. 2 from 28.04.2025 SERVICES AGREEMENT No. 295/5.06.2024,SERVICES Conform contract nr: No.295/5.06.2024 | Addendum No. 2 from 28.04.2025 | SERVICES Conform contract nr: No.295/5.06.2024 | Addendum No. 2 from 28.04.2025,,"CONTRACT; contract, date:0d, trend-adjusted-amount:1.136:0.0%, company-profile:94%; company=RECURRENT; dominant=RED-PEN-B-E-B-30 (94%)"
accounting:BT.BIT 244,no,RED-PEN-B-E-B-30,,RECURRENT,28,36,RED-PEN-B-E-B-30,0.944,0.846,STABLE,ACCEPT_CANDIDATE,HIGH,CONTRACT,valuta,cms689m5f00l2rt35q733jrul,BT.BIT 244,HERTZA L.L.C.,2025-07-02,USD,4500.00,19331.10,,RED-PEN-B-E-B-30,RED-PEN-B-E-B-<limit>,"{""limit"":""30""}",UNIQUE,RED-PEN-B-E-B-30,1283,2025-07-10,8,Addendum No. 2 from 28.04.2025 SERVICES AGREEMENT No. 295/5.06.2024,SERVICES Conform contract nr: No.295/5.06.2024 | SERVICES Conform contract nr: No.295/5.06.2024,,"CONTRACT; contract, date:8d, trend-adjusted-amount:1.136:0.0%, company-profile:94%; company=RECURRENT; dominant=RED-PEN-B-E-B-30 (94%)"
accounting:BT.BIT 247,no,RED-PEN-B-E-B-30,,RECURRENT,28,36,RED-PEN-B-E-B-30,0.944,0.846,STABLE,ACCEPT_CANDIDATE,HIGH,CONTRACT,valuta,cms689m6600lbrt35vqvkxrb6,BT.BIT 247,HERTZA L.L.C.,2025-08-04,USD,4500.00,20050.65,,RED-PEN-B-E-B-30,RED-PEN-B-E-B-<limit>,"{""limit"":""30""}",UNIQUE,RED-PEN-B-E-B-30,1284,2025-08-04,0,Addendum No. 2 from 28.04.2025 SERVICES AGREEMENT No. 295/5.06.2024,Addendum No. 2 from 28.04.2025 SERVICES AGREEMENT | No.295/5.06.2024 | Addendum No. 2 from 28.04.2025 SERVICES AGREEMENT | No.295/5.06.2024,,"CONTRACT; contract, date:0d, trend-adjusted-amount:1.136:0.0%, company-profile:94%; company=RECURRENT; dominant=RED-PEN-B-E-B-30 (94%)"
accounting:BT.R.BIT 2,no,RED-PEN-B-E-B-30,,RECURRENT,28,36,RED-PEN-B-E-B-30,0.944,0.846,STABLE,ACCEPT_CANDIDATE,HIGH,CONTRACT,valuta,cms68c39d0081pj38c5nf629x,BT.R.BIT 2,HERTZA L.L.C.,2025-09-02,USD,4500.00,19471.95,,RED-PEN-B-E-B-30,RED-PEN-B-E-B-<limit>,"{""limit"":""30""}",UNIQUE,RED-PEN-B-E-B-30,1285,2025-09-05,3,Addendum No. 2 from 28.04.2025 SERVICES AGREEMENT No. 295/5.06.2024,ADDENDUM NO. 2 FROM 28.04.2025 SERVICES AGREEMENT | Contract no. No.295/5.06.2024 | ADDENDUM NO. 2 FROM 28.04.2025 SERVICES AGREEMENT | Contract no. No.295/5.06.2024,,"CONTRACT; contract, date:3d, trend-adjusted-amount:1.136:0.0%, company-profile:94%; company=RECURRENT; dominant=RED-PEN-B-E-B-30 (94%)"
accounting:BT.R.BIT 29,no,RED-PEN-B-E-B-30,,RECURRENT,28,36,RED-PEN-B-E-B-30,0.944,0.846,STABLE,ACCEPT_CANDIDATE,HIGH,CONTRACT,valuta,cms68c3cl008kpj38zxkiwma4,BT.R.BIT 29,HERTZA L.L.C.,2025-10-20,USD,4500.00,19570.05,,RED-PEN-B-E-B-30,RED-PEN-B-E-B-<limit>,"{""limit"":""30""}",UNIQUE,RED-PEN-B-E-B-30,1286,2025-10-20,0,Addendum No. 2 from 28.04.2025 SERVICES AGREEMENT No. 295/5.06.2024,ADDENDUM NO. 2 FROM 28.04.2025 SERVICES AGREEMENT | Contract no. No.295/5.06.2024 | ADDENDUM NO. 2 FROM 28.04.2025 SERVICES AGREEMENT | Contract no. No.295/5.06.2024,,"CONTRACT; contract, date:0d, trend-adjusted-amount:1.136:0.0%, company-profile:94%; company=RECURRENT; dominant=RED-PEN-B-E-B-30 (94%)"
accounting:BT.R.BIT 56,no,RED-PEN-B-E-B-30,,RECURRENT,28,36,RED-PEN-B-E-B-30,0.944,0.846,STABLE,ACCEPT_CANDIDATE,HIGH,CONTRACT,valuta,cms68c3ek0090pj38uvpwtrr9,BT.R.BIT 56,HERTZA L.L.C.,2025-11-26,USD,4500.00,19850.40,,RED-PEN-B-E-B-30,RED-PEN-B-E-B-<limit>,"{""limit"":""30""}",UNIQUE,RED-PEN-B-E-B-30,1287,2025-11-26,0,Addendum No. 2 from 28.04.2025 SERVICES AGREEMENT No. 295/5.06.2024,ADDENDUM NO. 2 FROM 28.04.2025 SERVICES AGREEMENT | Contract no. No.295/5.06.2024 | ADDENDUM NO. 2 FROM 28.04.2025 SERVICES AGREEMENT | Contract no. No.295/5.06.2024,,"CONTRACT; contract, date:0d, trend-adjusted-amount:1.136:0.0%, company-profile:94%; company=RECURRENT; dominant=RED-PEN-B-E-B-30 (94%)"
accounting:BT.R.BIT 84,no,RED-PEN-B-E-B-30,,RECURRENT,28,36,RED-PEN-B-E-B-30,0.944,0.846,STABLE,ACCEPT_CANDIDATE,HIGH,CONTRACT,valuta,cms689rlb02mnrt35eg5d04qq,BT.R.BIT 84,HERTZA L.L.C.,2025-12-23,USD,4500.00,19513.80,,RED-PEN-B-E-B-30,RED-PEN-B-E-B-<limit>,"{""limit"":""30""}",UNIQUE,RED-PEN-B-E-B-30,1288,2025-12-23,0,Addendum No. 2 from 28.04.2025 SERVICES AGREEMENT No. 295/5.06.2024,ADDENDUM NO. 2 FROM 28.04.2025 SERVICES AGREEMENT | Contract no. No.295/5.06.2024 | ADDENDUM NO. 2 FROM 28.04.2025 SERVICES AGREEMENT | Contract no. No.295/5.06.2024,,"CONTRACT; contract, date:0d, trend-adjusted-amount:1.136:0.0%, company-profile:94%; company=RECURRENT; dominant=RED-PEN-B-E-B-30 (94%)"
accounting:BT.R.BIT 111,no,RED-PEN-B-E-B-30,,RECURRENT,28,36,RED-PEN-B-E-B-30,0.944,0.846,STABLE,ACCEPT_CANDIDATE,HIGH,CONTRACT,valuta,cms68c3hw009jpj38tkzcp4gm,BT.R.BIT 111,HERTZA L.L.C.,2026-01-20,USD,4500.00,19709.55,,RED-PEN-B-E-B-30,RED-PEN-B-E-B-<limit>,"{""limit"":""30""}",UNIQUE,RED-PEN-B-E-B-30,1289,2026-01-20,0,Addendum No. 2 from 28.04.2025 SERVICES AGREEMENT No. 295/5.06.2024,ADDENDUM NO. 2 FROM 28.04.2025 SERVICES AGREEMENT | Contract no. No.295/5.06.2024 | ADDENDUM NO. 2 FROM 28.04.2025 SERVICES AGREEMENT | Contract no. No.295/5.06.2024,,"CONTRACT; contract, date:0d, trend-adjusted-amount:1.136:0.0%, company-profile:94%; company=RECURRENT; dominant=RED-PEN-B-E-B-30 (94%)"
accounting:BT.R.BIT 138,no,RED-PEN-B-E-B-30,,RECURRENT,28,36,RED-PEN-B-E-B-30,0.944,0.846,STABLE,ACCEPT_CANDIDATE,HIGH,CONTRACT,valuta,cms68c3ij009spj38uovy6z8o,BT.R.BIT 138,HERTZA L.L.C.,2026-02-13,USD,4500.00,19444.05,,RED-PEN-B-E-B-30,RED-PEN-B-E-B-<limit>,"{""limit"":""30""}",UNIQUE,RED-PEN-B-E-B-30,1290,2026-02-13,0,Addendum No. 2 from 28.04.2025 SERVICES AGREEMENT No. 295/5.06.2024,ADDENDUM NO. 2 FROM 28.04.2025 SERVICES AGREEMENT | Contract no. No.295/5.06.2024 | ADDENDUM NO. 2 FROM 28.04.2025 SERVICES AGREEMENT | Contract no. No.295/5.06.2024,,"CONTRACT; contract, date:0d, trend-adjusted-amount:1.136:0.0%, company-profile:94%; company=RECURRENT; dominant=RED-PEN-B-E-B-30 (94%)"
accounting:BT.R.BIT 173,no,RED-PEN-B-E-B-30,,RECURRENT,28,36,RED-PEN-B-E-B-30,0.944,0.846,STABLE,ACCEPT_CANDIDATE,HIGH,CONTRACT,valuta,cms68c3iz009ypj38k22c2q64,BT.R.BIT 173,HERTZA L.L.C.,2026-03-20,USD,4500.00,19989.00,,RED-PEN-B-E-B-30,RED-PEN-B-E-B-<limit>,"{""limit"":""30""}",UNIQUE,RED-PEN-B-E-B-30,1291,2026-03-20,0,Addendum No. 2 from 28.04.2025 SERVICES AGREEMENT No. 295/5.06.2024,ADDENDUM NO. 2 FROM 28.04.2025 SERVICES AGREEMENT | Contract no. No.295/5.06.2024 | ADDENDUM NO. 2 FROM 28.04.2025 SERVICES AGREEMENT | Contract no. No.295/5.06.2024,,"CONTRACT; contract, date:0d, trend-adjusted-amount:1.136:0.0%, company-profile:94%; company=RECURRENT; dominant=RED-PEN-B-E-B-30 (94%)"
accounting:BT.R.BIT 202,no,RED-PEN-B-E-B-30,,RECURRENT,28,36,RED-PEN-B-E-B-30,0.944,0.846,STABLE,ACCEPT_CANDIDATE,HIGH,CONTRACT,valuta,cms68c3jp00a7pj38h0mnijv9,BT.R.BIT 202,HERTZA L.L.C.,2026-04-29,USD,4500.00,19593.45,,RED-PEN-B-E-B-30,RED-PEN-B-E-B-<limit>,"{""limit"":""30""}",UNIQUE,RED-PEN-B-E-B-30,1292,2026-04-29,0,Addendum No. 2 from 28.04.2025 SERVICES AGREEMENT No. 295/5.06.2024,ADDENDUM NO. 2 FROM 28.04.2025 SERVICES AGREEMENT | Contract no. No.295/5.06.2024 | ADDENDUM NO. 2 FROM 28.04.2025 SERVICES AGREEMENT | Contract no. No.295/5.06.2024,,"CONTRACT; contract, date:0d, trend-adjusted-amount:1.136:0.0%, company-profile:94%; company=RECURRENT; dominant=RED-PEN-B-E-B-30 (94%)"
accounting:BT.R.BIT 231,no,RED-PEN-B-E-B-30,,RECURRENT,28,36,RED-PEN-B-E-B-30,0.944,0.846,STABLE,ACCEPT_CANDIDATE,HIGH,CONTRACT,valuta,cms68c3kh00agpj38yb8w5auv,BT.R.BIT 231,HERTZA L.L.C.,2026-05-25,USD,4500.00,20353.95,,RED-PEN-B-E-B-30,RED-PEN-B-E-B-<limit>,"{""limit"":""30""}",UNIQUE,RED-PEN-B-E-B-30,1293,2026-05-25,0,Addendum No. 2 from 28.04.2025 SERVICES AGREEMENT No. 295/5.06.2024,ADDENDUM NO. 2 FROM 28.04.2025 SERVICES AGREEMENT | Contract no. No.295/5.06.2024 | ADDENDUM NO. 2 FROM 28.04.2025 SERVICES AGREEMENT | Contract no. No.295/5.06.2024,,"CONTRACT; contract, date:0d, trend-adjusted-amount:1.136:0.0%, company-profile:94%; company=RECURRENT; dominant=RED-PEN-B-E-B-30 (94%)"
accounting:BT.R.BIT 289,no,RED-PEN-B-E-B-30,,RECURRENT,28,36,RED-PEN-B-E-B-30,0.944,0.846,STABLE,ACCEPT_CANDIDATE,HIGH,CONTRACT,valuta,cms68c3m300awpj387sfraida,BT.R.BIT 289,HERTZA L.L.C.,2026-07-18,USD,4500.00,20624.40,,RED-PEN-B-E-B-30,RED-PEN-B-E-B-<limit>,"{""limit"":""30""}",UNIQUE,RED-PEN-B-E-B-30,1295,2026-07-05,13,Addendum No. 2 from 28.04.2025 SERVICES AGREEMENT No. 295/5.06.2024,ADDENDUM NO. 2 FROM 28.04.2025 SERVICES AGREEMENT | Contract no. No.295/5.06.2024 | ADDENDUM NO. 2 FROM 28.04.2025 SERVICES AGREEMENT | Contract no. No.295/5.06.2024,,"CONTRACT; contract, date:13d, trend-adjusted-amount:1.136:0.0%, company-profile:94%; company=RECURRENT; dominant=RED-PEN-B-E-B-30 (94%)"
accounting:BT.BIT 330,no,,,SMALL,3,1,RED-PEN-B-E-B-1,1.000,0.000,MIXED/UNKNOWN,SKIP_NO_MATCH,NONE,NONE,ron,cms689mq500snrt35ibznuht7,BT.BIT 330,HIGH-TECH SYSTEMS & SOFTWARE  SRL,2022-03-04,RON,450.00,7175.91,avans,,,,EMPTY,,,,,,SEVICII CONFORM CONTRACT 887/23.02.2022 | 450 euro+TVA la cursul BNR reprezentand avans 50%. | SEVICII CONFORM CONTRACT 887/23.02.2022 | 450 euro+TVA la cursul BNR reprezentand avans 50%.,,No accounting-to-tracker activity match met the conservative threshold.
accounting:BT.BIT 334,no,RED-PEN-B-E-B-1,,SMALL,3,1,RED-PEN-B-E-B-1,1.000,0.000,MIXED/UNKNOWN,REVIEW,MEDIUM,STORNO_REFERENCE,ron,cms689mr200t0rt35h2cfgxqb,BT.BIT 334,HIGH-TECH SYSTEMS & SOFTWARE  SRL,2022-03-21,RON,,7175.91,storno,RED-PEN-B-E-B-1,RED-PEN-B-E-B-<limit>,"{""limit"":""1""}",UNIQUE,RED-PEN-B-E-B-1,143,2022-03-21,0,Nr. 887/23.02.2022,SEVICII CONFORM CONTRACT 887/23.02.2022 | Stornare factura 330/04.03.2022 | SEVICII CONFORM CONTRACT 887/23.02.2022 | Stornare factura 330/04.03.2022,,Storno mapped to BT.BIT 335; contract=true; amount=false; gap=0d
accounting:BT.BIT 335,no,RED-PEN-B-E-B-1,,SMALL,3,1,RED-PEN-B-E-B-1,1.000,0.000,MIXED/UNKNOWN,ACCEPT_CANDIDATE,HIGH,CONTRACT,ron,cms689mra00t3rt35tmr1thsn,BT.BIT 335,HIGH-TECH SYSTEMS & SOFTWARE  SRL,2022-03-21,RON,900.00,4452.66,,RED-PEN-B-E-B-1,RED-PEN-B-E-B-<limit>,"{""limit"":""1""}",UNIQUE,RED-PEN-B-E-B-1,143,2022-03-21,0,Nr. 887/23.02.2022,SEVICII CONFORM CONTRACT 887/23.02.2022 | 900 euro+TVA la cursul BNR | SEVICII CONFORM CONTRACT 887/23.02.2022 | 900 euro+TVA la cursul BNR,,"CONTRACT; contract, date:0d, amount:0.0%; company=SMALL; dominant=RED-PEN-B-E-B-1 (100%)"
accounting:BT.BIT 484,no,RED-PEN-RED-ST-50,,SMALL,2,1,RED-PEN-RED-ST-50,1.000,0.000,MIXED/UNKNOWN,ACCEPT_CANDIDATE,HIGH,CONTRACT,ron,cms689npz0162rt358zdud7ib,BT.BIT 484,HISTRIA SHIPMANAGEMENT SRL,2023-05-29,RON,8400.00,41647.20,avans,RED-PEN-RED-ST-50,RED-PEN-RED-ST-<limit>,"{""limit"":""50""}",UNIQUE,RED-PEN-RED-ST-50,843,2023-05-29,0,266/22.05.2023,SERVICII CONFORM CONTRACT 266/22.05.2023 | 8.400 euro+TVA la cursul BNR reprezentand avans | SERVICII CONFORM CONTRACT 266/22.05.2023 | 8.400 euro+TVA la cursul BNR reprezentand avans,,"CONTRACT; contract, date:0d, amount:0.0%, milestone:avans; company=SMALL; dominant=RED-PEN-RED-ST-50 (100%)"
accounting:BT.BIT 518,no,RED-PEN-RED-ST-50,,SMALL,2,1,RED-PEN-RED-ST-50,1.000,0.000,MIXED/UNKNOWN,ACCEPT_CANDIDATE,HIGH,CONTRACT,ron,cms689nxz0194rt3589zfqokz,BT.BIT 518,HISTRIA SHIPMANAGEMENT SRL,2023-08-17,RON,12600.00,62174.70,,RED-PEN-RED-ST-50,RED-PEN-RED-ST-<limit>,"{""limit"":""50""}",UNIQUE,RED-PEN-RED-ST-50,843,2023-08-31,14,266/22.05.2023,SERVICII CONFORM CONTRACT 266/22.05.2023 | 12.600 euro+TVA la cursul BNR | SERVICII CONFORM CONTRACT 266/22.05.2023 | 12.600 euro+TVA la cursul BNR,,"CONTRACT; contract, date:14d, amount:0.0%; company=SMALL; dominant=RED-PEN-RED-ST-50 (100%)"
accounting:BT.BIT 49,no,,,UNMATCHED,,,,,,,SKIP_NO_MATCH,NONE,NONE,valuta,cms689ktq0042rt35nuknrm2q,BT.BIT 49,HITTAPUNKTSE AB,2019-04-24,EUR,7800.00,37113.18,,,,,EMPTY,,,,,,SERVICES CONFIRMED BY | CONTRACT No 143 / 25.02.2019 | SERVICES CONFIRMED BY | CONTRACT No 143 / 25.02.2019,,Organization not found in tracker.
accounting:BT.BIT 397,no,,,UNMATCHED,,,,,,,SKIP_NO_MATCH,NONE,NONE,ron,cms689n6800ylrt35vqyklz8g,BT.BIT 397,IN PLAZA S.R.L.,2022-10-10,RON,700.00,3457.65,,,,,EMPTY,,,,,,SERVICII CONFORM ANEXA 1 LA CONTRACT 231/14.09.2022 | 700 euro+TVA la cursul BNR | SERVICII CONFORM ANEXA 1 LA CONTRACT 231/14.09.2022 | 700 euro+TVA la cursul BNR,,Organization not found in tracker.
accounting:BT.BIT 365,no,RED-PEN-B-I-B-500,,STANDARD,6,5,RED-AUDIT-A-30,0.600,0.333,MIXED/UNKNOWN,REVIEW,MEDIUM,CONTRACT,ron,cms689myl00vlrt35kn7slxe4,BT.BIT 365,INFOMED FLUIDS SRL,2022-06-23,RON,9600.00,47485.44,avans,RED-PEN-B-I-B-500,RED-PEN-B-I-B-<limit>,"{""limit"":""500""}",UNIQUE,RED-PEN-B-I-B-500 | RED-AUDIT-A-12,161,2022-06-23,0,226/09.06.2022,SERV. CONF. CONTRACT NR.226/09.06.2021 | avans 9.600 euro+TVA la cursul BNR | SERV. CONF. CONTRACT NR.226/09.06.2021 | avans 9.600 euro+TVA la cursul BNR,,"CONTRACT; contract, date:0d, milestone:avans; company=STANDARD; dominant=RED-AUDIT-A-30 (60%)"
accounting:BT.BIT 394,no,RED-AUDIT-A-12,,STANDARD,6,5,RED-AUDIT-A-30,0.600,0.333,MIXED/UNKNOWN,REVIEW,MEDIUM,STORNO_REFERENCE,ron,cms689n5l00ybrt35bcu8so6w,BT.BIT 394,INFOMED FLUIDS SRL,2022-09-12,RON,9600.00,47485.44,storno,RED-AUDIT-A-12,RED-AUDIT-A-<limit>,"{""limit"":""12""}",UNIQUE,RED-AUDIT-A-12,162,2022-10-05,0,226/09.06.2022,"SERV. CONF. CONTRACT NR.226/09.06.2021 | stornare factura 366 din 23.06.2022, avans 9.600 euro+TVA la cursul BNR | SERV. CONF. CONTRACT NR.226/09.06.2021 | stornare factura 366 din 23.06.2022, avans 9.600 euro+TVA la cursul BNR",,Storno mapped to BT.BIT 395; contract=true; amount=false; gap=0d
accounting:BT.BIT 395,no,RED-AUDIT-A-12,,STANDARD,6,5,RED-AUDIT-A-30,0.600,0.333,MIXED/UNKNOWN,REVIEW,MEDIUM,CONTRACT,ron,cms689n5s00yert351aknphf4,BT.BIT 395,INFOMED FLUIDS SRL,2022-09-12,RON,19560.00,95935.93,,RED-AUDIT-A-12,RED-AUDIT-A-<limit>,"{""limit"":""12""}",UNIQUE,RED-PEN-B-I-B-500 | RED-AUDIT-A-12,162,2022-10-05,23,226/09.06.2022,SERV. CONF. CONTRACT NR.226/09.06.2021 | 19.560 euro+TVA la cursul BNR | SERV. CONF. CONTRACT NR.226/09.06.2021 | 19.560 euro+TVA la cursul BNR,,"CONTRACT; contract, date:23d; company=STANDARD; dominant=RED-AUDIT-A-30 (60%)"
accounting:BT.BIT 403,no,RED-AUDIT-A-12,,STANDARD,6,5,RED-AUDIT-A-30,0.600,0.333,MIXED/UNKNOWN,REVIEW,HIGH,STORNO_REFERENCE,ron,cms689n7o00z4rt35rl2hrebm,BT.BIT 403,INFOMED FLUIDS SRL,2022-10-05,RON,19560.00,95935.93,storno,RED-AUDIT-A-12,RED-AUDIT-A-<limit>,"{""limit"":""12""}",UNIQUE,RED-AUDIT-A-12,162,2022-10-05,23,226/09.06.2022,SERV. CONF. CONTRACT NR.226/09.06.2021 | Stornare factura 395/12.09.2022(19.560 euro+TVA la cursul BNR | SERV. CONF. CONTRACT NR.226/09.06.2021 | Stornare factura 395/12.09.2022(19.560 euro+TVA la cursul BNR,,Storno mapped to BT.BIT 395; contract=true; amount=true; gap=23d
accounting:BT.BIT 404,no,RED-PEN-B-I-B-500,,STANDARD,6,5,RED-AUDIT-A-30,0.600,0.333,MIXED/UNKNOWN,REVIEW,MEDIUM,CONTRACT,ron,cms689n7w00z7rt355f6ung6x,BT.BIT 404,INFOMED FLUIDS SRL,2022-10-05,RON,24000.00,118730.40,,RED-PEN-B-I-B-500,RED-PEN-B-I-B-<limit>,"{""limit"":""500""}",UNIQUE,RED-PEN-B-I-B-500 | RED-AUDIT-A-12,161,2022-10-05,0,226/09.06.2022,SERV. CONF. CONTRACT NR.226/09.06.2021 | 24.000 euro+TVA la cursul BNR | SERV. CONF. CONTRACT NR.226/09.06.2021 | 24.000 euro+TVA la cursul BNR,,"CONTRACT; contract, date:0d; company=STANDARD; dominant=RED-AUDIT-A-30 (60%)"
accounting:BT.BIT 1009,no,RED-AUDIT-A-30,,STANDARD,6,5,RED-AUDIT-A-30,0.600,0.333,MIXED/UNKNOWN,ACCEPT_CANDIDATE,HIGH,CONTRACT,ron,cms689rpt02nnrt35tlfxi0jg,BT.BIT 1009,INFOMED FLUIDS SRL,2025-12-23,RON,3900.00,19843.59,avans,RED-AUDIT-A-30,RED-AUDIT-A-<limit>,"{""limit"":""30""}",UNIQUE,RED-AUDIT-A-30,163,2025-12-23,0,NR. 369/5.11.2025,Avans 40% din valoarea totala conform ANEXA 1 | ? SERVICII PUNCTUALE DE SECURITATE INFORMATICA LA CONTRACTUL NR. 369/5.11.2025( 3900 EURO + TVA la cursul BNR) | Avans 40% din valoarea totala conform ANEXA 1 | ? SERVICII PUNCTUALE DE SECURIT,,"CONTRACT; contract, date:0d, milestone:avans; company=STANDARD; dominant=RED-AUDIT-A-30 (60%)"
accounting:BT.BIT 1034,no,RED-PEN-B-E-B-44,,SMALL,4,2,RED-PEN-B-E-B-44,1.000,0.000,MIXED/UNKNOWN,REVIEW,LOW,PROFILE,ron,cms689si702vzrt35djuwde5l,BT.BIT 1034,INFOSYS ROMANIA S.R.L.,2026-02-27,RON,440.00,98648.88,,RED-PEN-B-E-B-44,RED-PEN-B-E-B-<limit>,"{""limit"":""44""}",UNIQUE,RED-PEN-B-E-B-44,1573,2026-02-27,0,FRAMEWORK SERVICE AGREEMENT NO. 375/12.12.2025,Servicii conform Anexa 1 la Contract de prestari servicii | nr. 375 din 12.12.2025 -Expert Cybersecurity 22 zile/om x 440 Euro/zi/om fara TVA (9.860 euro+TVA la cursul BNR) | Servicii conform Anexa 1 la Contract de prestari servicii | nr. 3,"[{""line"":1,""service"":""Servicii conform Anexa 1 la Contract de prestari servicii | nr. 375 din 12.12.2025 -Expert Cybersecurity 22 zile/om x 440 Euro/zi/om fara TVA  (9.860 euro+TVA la cursul BNR)"",""partNumber"":""RED-PEN-B-E-B-44"",""confidence"":""LOW"",""trackerRow"":1573},{""line"":2,""service"":""Servicii conform Anexa 1 la Contract de prestari servicii | nr. 375 din 12.12.2025 -Specialist Cybersecurity 22 zile/om x 440 Euro/zi/om fara TVA(9.860 euro+TVA la cursul BNR)"",""partNumber"":"""",""confidence"":""NONE"",""trackerRow"":null}]",PROFILE; date:0d; company=SMALL; dominant=RED-PEN-B-E-B-44 (100%)
accounting:BT.BIT 1048,no,RED-PEN-B-E-B-44,,SMALL,4,2,RED-PEN-B-E-B-44,1.000,0.000,MIXED/UNKNOWN,REVIEW,LOW,PROFILE,ron,cms689sts02zgrt357bhdicn4,BT.BIT 1048,INFOSYS ROMANIA S.R.L.,2026-03-30,RON,440.00,94231.36,,RED-PEN-B-E-B-44,RED-PEN-B-E-B-<limit>,"{""limit"":""44""}",UNIQUE,RED-PEN-B-E-B-44,1574,2026-03-30,0,FRAMEWORK SERVICE AGREEMENT NO. 375/12.12.2025,Servicii conform Anexa 1 | 1 la Contract de prestari servicii nr. 375 din 12.12.2025 - Expert Cybersecurity 21 zile/om x 440 Euro/zi/om fara TVA( Expert Cybersecurity 9240 Euro + TVA la cursul BNR) | Servicii conform Anexa 1 | 1 la Contract,"[{""line"":1,""service"":""Servicii conform Anexa 1 | 1 la Contract de prestari servicii nr. 375 din 12.12.2025 - Expert Cybersecurity 21 zile/om x 440 Euro/zi/om fara TVA( Expert Cybersecurity 9240 Euro + TVA la cursul BNR)"",""partNumber"":""RED-PEN-B-E-B-44"",""confidence"":""LOW"",""trackerRow"":1574},{""line"":2,""service"":""Servicii conform Anexa 1 | la Contract de prestari servicii nr. 375 din 12.12.2025  Specialist Cybersecurity 21 zile/om x 440 Euro/zi/om fara TVA( Specialist Cybersecurity 9240 Euro + TVA la cursul BNR)"",""partNumber"":"""",""confidence"":""NONE"",""trackerRow"":null}]",PROFILE; date:0d; company=SMALL; dominant=RED-PEN-B-E-B-44 (100%)
accounting:BT.BIT 1057,no,,,SMALL,4,2,RED-PEN-B-E-B-44,1.000,0.000,MIXED/UNKNOWN,SKIP_NO_MATCH,NONE,NONE,ron,cms689sx20309rt35u8ryfq6k,BT.BIT 1057,INFOSYS ROMANIA S.R.L.,2026-03-31,RON,440.00,94231.36,,,,,EMPTY,,,,,,Servicii conform Anexa 1 | 1 la Contract de prestari servicii nr. 375 din 12.12.2025 - Expert Cybersecurity 21 zile/om x 440 Euro/zi/om fara TVA( Expert Cybersecurity 9240 Euro + TVA la cursul BNR) | Servicii conform Anexa 1 | 1 la Contract,"[{""line"":1,""service"":""Servicii conform Anexa 1 | 1 la Contract de prestari servicii nr. 375 din 12.12.2025 - Expert Cybersecurity 21 zile/om x 440 Euro/zi/om fara TVA( Expert Cybersecurity 9240 Euro + TVA la cursul BNR)"",""partNumber"":"""",""confidence"":""NONE"",""trackerRow"":null},{""line"":2,""service"":""Servicii conform Anexa 1 | la Contract de prestari servicii nr. 375 din 12.12.2025  Specialist Cybersecurity 21 zile/om x 440 Euro/zi/om fara TVA( Specialist Cybersecurity 9240 Euro + TVA la cursul BNR)"",""partNumber"":"""",""confidence"":""NONE"",""trackerRow"":null}]",No accounting-to-tracker activity match met the conservative threshold.
accounting:BT.BIT 1058,no,,,SMALL,4,2,RED-PEN-B-E-B-44,1.000,0.000,MIXED/UNKNOWN,SKIP_NO_MATCH,NONE,NONE,ron,cms689sxe030drt35gdf8wmni,BT.BIT 1058,INFOSYS ROMANIA S.R.L.,2026-03-31,RON,440.00,80766.58,,,,,EMPTY,,,,,,Servicii conform Anexa 1 | la Contract de prestari servicii nr. 375 din 12.12.2025 - Expert Cybersecurity 18 zile/om x 440 Euro/zi/om fara TVA ( Expert Cybersecurity 7920 Euro + TVA la cursul BNR) | Servicii conform Anexa 1 | la Contract de,"[{""line"":1,""service"":""Servicii conform Anexa 1 | la Contract de prestari servicii nr. 375 din 12.12.2025 - Expert Cybersecurity 18 zile/om x 440 Euro/zi/om fara TVA ( Expert Cybersecurity 7920 Euro + TVA la cursul BNR)"",""partNumber"":"""",""confidence"":""NONE"",""trackerRow"":null},{""line"":2,""service"":""Servicii conform Anexa 1 | la Contract de prestari servicii nr. 375 din 12.12.2025 - Specialist Cybersecurity 18 zile/om x 440 Euro/zi/om fara TVA ( Specialist Cybersecurity 7920 Euro + TVA la cursul BNR)"",""partNumber"":"""",""confidence"":""NONE"",""trackerRow"":null}]",No accounting-to-tracker activity match met the conservative threshold.
accounting:BT. BIT 983,no,,,SMALL,1,4,CONSULTANCY-MISC-5,0.250,0.000,MIXED/UNKNOWN,SKIP_NO_MATCH,LOW,MULTI_LINE,ron,cms689qzs02ffrt35818ovys5,BT. BIT 983,INGKA INVESTMENTS RENEWABLE ENERGY ROMANIA S.R.L.,2025-09-11,RON,5900.00,77367.83,,,,,EMPTY,CONSULTANCY-MISC-5 | RED-PEN-B-I-B-8 | CONSULTANCY-MISC-3 | CONSULTANCY-MISC-4,,,,,Prima etapa: Asistenta pentru autoevaluarea maturitatii Prima etapa: Asistenta pentru �nregistrare A doua etapa: Servicii de consultanta �n domeniul | gestionarii riscurilor de securitate cibernetica conform Anexa la Contractul nr. 357/25.0,"[{""line"":1,""service"":""Prima etapa: Asistenta pentru autoevaluarea maturitatii | gestionarii riscurilor de securitate cibernetica conform Anexa la Contractul nr. 357/25.08.2025( 5.900 euro+TVA la cursul BNR)"",""partNumber"":""CONSULTANCY-MISC-5"",""confidence"":""MEDIUM"",""trackerRow"":1498},{""line"":2,""service"":""Prima etapa: Asistenta pentru �nregistrare | conform Anexa la Contractul nr. 357/25.08.2025( 1.700 euro+TVA la cursul BNR)"",""partNumber"":""CONSULTANCY-MISC-3"",""confidence"":""HIGH"",""trackerRow"":1499},{""line"":3,""service"":""A doua etapa: Servicii de consultanta �n domeniul | securitatii cibernetice si NIS 2 - 90 de ore (7.650 euro+TVA la cursul BNR)"",""partNumber"":""CONSULTANCY-MISC-4"",""confidence"":""MEDIUM"",""trackerRow"":1500}]",Invoice lines map to multiple part numbers: CONSULTANCY-MISC-5 | CONSULTANCY-MISC-3 | CONSULTANCY-MISC-4. Invoice schema stores only one; manual decision required.
accounting:BT.BIT 325,no,RED-PEN-S-WB-1,,STANDARD,8,4,RED-PEN-S-WB-1,1.000,0.000,MIXED/UNKNOWN,REVIEW,HIGH,PROFILE,ron,cms689mp200s8rt35l96vqep0,BT.BIT 325,INSIGHTS ENTERPRISE SRL,2022-02-09,RON,5000.00,24729.00,avans,RED-PEN-S-WB-1,RED-PEN-S-WB-<limit>,"{""limit"":""1""}",UNIQUE,RED-PEN-S-WB-1,781,2022-02-09,0,Nr. 1/2022,SERVICII CONFORM CONTRACT 1/2022 | avans 50% reprezentand 5.000 euro +TVA la cursul BNR | SERVICII CONFORM CONTRACT 1/2022 | avans 50% reprezentand 5.000 euro +TVA la cursul BNR,,"PROFILE; date:0d, amount:0.0%, milestone:avans; company=STANDARD; dominant=RED-PEN-S-WB-1 (100%)"
accounting:BT.BIT 333,no,RED-PEN-S-WB-1,,STANDARD,8,4,RED-PEN-S-WB-1,1.000,0.000,MIXED/UNKNOWN,REVIEW,HIGH,STORNO_REFERENCE,ron,cms689mqt00swrt35k9cu47k9,BT.BIT 333,INSIGHTS ENTERPRISE SRL,2022-03-17,RON,5000.00,24747.00,storno,RED-PEN-S-WB-1,RED-PEN-S-WB-<limit>,"{""limit"":""1""}",UNIQUE,RED-PEN-S-WB-1,781,2022-02-09,36,Nr. 1/2022,SERVICII CONFORM CONTRACT 1/2022 | Stornare avans 50% reprezentand 5.000 euro +TVA la cursul BNR | SERVICII CONFORM CONTRACT 1/2022 | Stornare avans 50% reprezentand 5.000 euro +TVA la cursul BNR | SERVICII CONFORM CONTRACT 1/2022 | 10.000 ,,Storno mapped to BT.BIT 325; contract=true; amount=true; gap=36d
accounting:BT.BIT 453,no,RED-PEN-S-WB-1,,STANDARD,8,4,RED-PEN-S-WB-1,1.000,0.000,MIXED/UNKNOWN,ACCEPT_CANDIDATE,HIGH,CONTRACT,ron,cms689niu013art35hkmq8lfr,BT.BIT 453,INSIGHTS ENTERPRISE SRL,2023-02-13,RON,5000.00,24522.50,avans,RED-PEN-S-WB-1,RED-PEN-S-WB-<limit>,"{""limit"":""1""}",UNIQUE,RED-PEN-S-WB-1,782,2023-02-13,0,ACT ADITIONAL NR. 1 / 06.02.2023,SERVICII CONFORM ACT ADITIONAL NR. 1 DIN 06.02.2023 | LA CONTRACTUL NR.1/2022( 5.000 euro+TVA la cursul BNR reprezentand avans) | SERVICII CONFORM ACT ADITIONAL NR. 1 DIN 06.02.2023 | LA CONTRACTUL NR.1/2022( 5.000 euro+TVA la cursul BNR re,,"CONTRACT; contract, date:0d, amount:0.0%, milestone:avans; company=STANDARD; dominant=RED-PEN-S-WB-1 (100%)"
accounting:BT.BIT 475,no,RED-PEN-S-WB-1,,STANDARD,8,4,RED-PEN-S-WB-1,1.000,0.000,MIXED/UNKNOWN,REVIEW,HIGH,STORNO_REFERENCE,ron,cms689nns0157rt350anjaqak,BT.BIT 475,INSIGHTS ENTERPRISE SRL,2023-05-12,RON,5000.00,24801.50,storno,RED-PEN-S-WB-1,RED-PEN-S-WB-<limit>,"{""limit"":""1""}",UNIQUE,RED-PEN-S-WB-1,782,2023-02-13,88,ACT ADITIONAL NR. 1 / 06.02.2023,SERVICII CONFORM ACT ADITIONAL NR. 1 DIN 06.02.2023 | LA CONTRACTUL NR.1/2022( 5.000 euro+TVA la cursul BNR reprezentand avans) Stornare factura 453/13.02.2023 | SERVICII CONFORM ACT ADITIONAL NR. 1 DIN 06.02.2023 | LA CONTRACTUL NR.1/2022(,,Storno mapped to BT.BIT 453; contract=true; amount=true; gap=88d
accounting:BT.BIT 775,no,RED-PEN-S-WB-1,,STANDARD,8,4,RED-PEN-S-WB-1,1.000,0.000,MIXED/UNKNOWN,REVIEW,HIGH,PROFILE,ron,cms689pj801vprt355skk7ymw,BT.BIT 775,INSIGHTS ENTERPRISE SRL,2024-12-18,RON,5500.00,27365.80,avans,RED-PEN-S-WB-1,RED-PEN-S-WB-<limit>,"{""limit"":""1""}",UNIQUE,RED-PEN-S-WB-1,783,2024-12-18,0,ACT ADITIONAL NR. 2 DIN 3.12.2024,Avans conform ACT ADITIONAL | NR. 2 DIN 3.12.2024 la CONTRACT DE PRESTARI SERVICII Nr. 1/2022 (5.500 euro+TVA la cursul BNR) | Avans conform ACT ADITIONAL | NR. 2 DIN 3.12.2024 la CONTRACT DE PRESTARI SERVICII Nr. 1/2022 (5.500 euro+TVA la ,,"PROFILE; date:0d, amount:0.0%, milestone:avans; company=STANDARD; dominant=RED-PEN-S-WB-1 (100%)"
accounting:BT.BIT 802,no,RED-PEN-S-WB-1,,STANDARD,8,4,RED-PEN-S-WB-1,1.000,0.000,MIXED/UNKNOWN,REVIEW,MEDIUM,STORNO_REFERENCE,ron,cms689ppc01xzrt35t61phfas,BT.BIT 802,INSIGHTS ENTERPRISE SRL,2025-01-23,RON,5500.00,27373.50,storno,RED-PEN-S-WB-1,RED-PEN-S-WB-<limit>,"{""limit"":""1""}",UNIQUE,RED-PEN-S-WB-1,783,2024-12-18,36,ACT ADITIONAL NR. 2 DIN 3.12.2024,Stornare Avans conform ACT ADITIONAL VALOAREA FINALA conform ACT ADITIONAL NR. 2 | NR. 2 DIN 3.12.2024 la CONTRACT DE PRESTARI SERVICII Nr. 1/2022 (5.500 euro+TVA la cursul BNR) | Stornare Avans conform ACT ADITIONAL | NR. 2 DIN 3.12.2024 l,,Storno mapped to BT.BIT 775; contract=false; amount=true; gap=36d
accounting:BT.BIT 1021,no,RED-PEN-S-WB-1,,STANDARD,8,4,RED-PEN-S-WB-1,1.000,0.000,MIXED/UNKNOWN,REVIEW,HIGH,PROFILE,ron,cms689s6802sqrt35pf8bn2uy,BT.BIT 1021,INSIGHTS ENTERPRISE SRL,2026-01-29,RON,6050.00,30830.80,avans,RED-PEN-S-WB-1,RED-PEN-S-WB-<limit>,"{""limit"":""1""}",UNIQUE,RED-PEN-S-WB-1,784,2026-01-29,0,ACT ADITIONAL NR. 3 DIN 28.1.2026,Avans conform Act Aditional nr. 3 din 28.1.2026 | la CONTRACT DE PRESTARI SERVICII Nr. 1/2022 (6.050 euro+TVA la cursul BNR) | Avans conform Act Aditional nr. 3 din 28.1.2026 | la CONTRACT DE PRESTARI SERVICII Nr. 1/2022 (6.050 euro+TVA la ,,"PROFILE; date:0d, amount:0.0%, milestone:avans; company=STANDARD; dominant=RED-PEN-S-WB-1 (100%)"
accounting:BT.BIT 1032,no,RED-PEN-S-WB-1,,STANDARD,8,4,RED-PEN-S-WB-1,1.000,0.000,MIXED/UNKNOWN,REVIEW,MEDIUM,STORNO_REFERENCE,ron,cms689shp02vsrt35tfutmkf1,BT.BIT 1032,INSIGHTS ENTERPRISE SRL,2026-02-20,RON,6050.00,30825.96,storno,RED-PEN-S-WB-1,RED-PEN-S-WB-<limit>,"{""limit"":""1""}",UNIQUE,RED-PEN-S-WB-1,784,2026-01-29,22,ACT ADITIONAL NR. 3 DIN 28.1.2026,Stornare Avans conform Act Aditional nr. 3 din 28.1.2026 Testare de tip blackbox penetration testing - | la CONTRACT DE PRESTARI SERVICII Nr. 1/2022 (6.050 euro+TVA la cursul BNR) Stornare factura 1021/29.01.2026 | Stornare Avans conform Ac,,Storno mapped to BT.BIT 1021; contract=false; amount=true; gap=22d
accounting:BT.BIT 341,no,RED-PEN-S-WB-1,,SMALL,2,1,RED-PEN-S-WB-1,1.000,0.000,MIXED/UNKNOWN,ACCEPT_CANDIDATE,HIGH,CONTRACT,ron,cms689msi00tlrt35c5zeypnd,BT.BIT 341,INTERNET CORP S.R.L.,2022-04-11,RON,6000.00,29645.40,,RED-PEN-S-WB-1,RED-PEN-S-WB-<limit>,"{""limit"":""1""}",UNIQUE,RED-PEN-S-WB-1,176,2022-04-11,0,216/11.03.2022,SERV. CONF. CONTRACT NR.216/11.03.2022 | 6000 euro+TVA la cursul BNR | SERV. CONF. CONTRACT NR.216/11.03.2022 | 6000 euro+TVA la cursul BNR,,"CONTRACT; contract, date:0d; company=SMALL; dominant=RED-PEN-S-WB-1 (100%)"
accounting:BT.BIT 351,no,RED-PEN-S-WB-1,,SMALL,2,1,RED-PEN-S-WB-1,1.000,0.000,MIXED/UNKNOWN,REVIEW,LOW,PROFILE,ron,cms689mv100ufrt35ailh4g8o,BT.BIT 351,INTERNET CORP S.R.L.,2022-05-30,RON,2500.00,12359.50,,RED-PEN-S-WB-1,RED-PEN-S-WB-<limit>,"{""limit"":""1""}",UNIQUE,RED-PEN-S-WB-1,176,2022-05-30,0,216/11.03.2022,SERVICII CONFORM CONTRACT IC2747/09.03.2022 | 2.500 euro+TVA la cursul BNR | SERVICII CONFORM CONTRACT IC2747/09.03.2022 | 2.500 euro+TVA la cursul BNR,,"PROFILE; date:0d, amount:16.7%; company=SMALL; dominant=RED-PEN-S-WB-1 (100%)"
accounting:BT.BIT 876,no,RED-PEN-B-E-B-17,,STANDARD,7,2,RED-PEN-B-E-B-17,1.000,0.250,MIXED/UNKNOWN,REVIEW,MEDIUM,PROFILE,ron,cms689q5q024ert35hrqczv1w,BT.BIT 876,JAXABLE SRL,2025-05-05,RON,6900.00,34343.37,avans,RED-PEN-B-E-B-17,RED-PEN-B-E-B-<limit>,"{""limit"":""17""}",UNIQUE,RED-PEN-B-E-B-17,1471,2025-06-30,56,30.4.2025,"SERVICII PUNCTUALE DE SECURITATE INFORMATICA | LA CONTRACTUL NR. 340 DIN 30.4.2025, Avans 40% din valoarea totala conform ANEXA 1( 6.900 Euro+TVA la cursul BNR) | SERVICII PUNCTUALE DE SECURITATE INFORMATICA | LA CONTRACTUL NR. 340 DIN 30.4",,"PROFILE; date:56d, amount:0.0%, milestone:avans; company=STANDARD; dominant=RED-PEN-B-E-B-17 (100%)"
accounting:BT.BIT 925,no,RED-PEN-B-E-B-17,,STANDARD,7,2,RED-PEN-B-E-B-17,1.000,0.250,MIXED/UNKNOWN,REVIEW,HIGH,PROFILE,ron,cms689qgp028lrt35h4w3g5p5,BT.BIT 925,JAXABLE SRL,2025-06-30,RON,10350.00,52557.30,final,RED-PEN-B-E-B-17,RED-PEN-B-E-B-<limit>,"{""limit"":""17""}",UNIQUE,RED-PEN-B-E-B-17,1471,2025-06-30,0,30.4.2025,"SERVICII PUNCTUALE DE SECURITATE INFORMATICA | LA CONTRACTUL NR. 340 DIN 30.4.2025 diferenta de 60%, adica 10,350 EURO + TVA la cursul BNR, conform ANEXA 1 | SERVICII PUNCTUALE DE SECURITATE INFORMATICA | LA CONTRACTUL NR. 340 DIN 30.4.2025",,"PROFILE; date:0d, amount:0.0%, milestone:final; company=STANDARD; dominant=RED-PEN-B-E-B-17 (100%)"
accounting:405,no,RED-PEN-S-WB-1,,STANDARD,5,5,RED-PEN-S-WB-1,0.600,0.000,MIXED/UNKNOWN,REVIEW,LOW,SCORED,ron,cms689n8400zart35jw6xpvz9,405,KAUFLAND ROMANIA SCS,2022-10-17,RON,,36750.00,,RED-PEN-S-WB-1,RED-PEN-S-WB-<limit>,"{""limit"":""1""}",UNIQUE,RED-PEN-S-WB-1,149,2022-10-17,0,Act aditional nr. 02/ 07.07.2022,"Comanda PenTest GPS Box | Comanda nr.: 7200409451 din 17.10.2022,Resp. comanda: Dilec Chemal | Comanda PenTest GPS Box | Comanda nr.: 7200409451 din 17.10.2022,Resp. comanda: Dilec Chemal",,SCORED; date:0d; company=STANDARD; dominant=RED-PEN-S-WB-1 (60%)
accounting:BT.BIT 537,no,RED-PEN-S-WB-1,,STANDARD,5,5,RED-PEN-S-WB-1,0.600,0.000,MIXED/UNKNOWN,REVIEW,LOW,SCORED,ron,cms689o2201aqrt35owe8sqef,BT.BIT 537,KAUFLAND ROMANIA SCS,2023-09-29,RON,,24950.00,,RED-PEN-S-WB-1,RED-PEN-S-WB-<limit>,"{""limit"":""1""}",UNIQUE,RED-PEN-S-WB-1,150,2023-09-29,0,Act aditional nr. 3,"REDT-672: FOLLOW-UP BLACK BOX EXTERNAL | Comanda nr.: 7200456630 din 28.09.2023, Resp. comanda: Emanuel Boroghina | REDT-672: FOLLOW-UP BLACK BOX EXTERNAL | Comanda nr.: 7200456630 din 28.09.2023, Resp. comanda: Emanuel Boroghina",,SCORED; date:0d; company=STANDARD; dominant=RED-PEN-S-WB-1 (60%)
accounting:BT.BIT 729,no,RED-PEN-S-WB-1,,STANDARD,5,5,RED-PEN-S-WB-1,0.600,0.000,MIXED/UNKNOWN,REVIEW,MEDIUM,CONTRACT,ron,cms689p9601rtrt35d8958e1e,BT.BIT 729,KAUFLAND ROMANIA SCS,2024-10-16,RON,,24583.42,,RED-PEN-S-WB-1,RED-PEN-S-WB-<limit>,"{""limit"":""1""}",UNIQUE,RED-PEN-S-WB-1 | RED-PEN-B-I-B-50 | RED-MISC-<16>,151,2024-10-16,0,Act aditional nr. 04/ 27.09.2024,Pentest proiect WasteNot (5000000610) conform Comanda de | de aprovizionare nr.: 7200505297 din data: 03.10.2024 cf. Act aditional nr. 04/ 27.09.2024 la Contractul Cadru Nr. 4101/ 08.12.2020 intre KAUFLAND ROMANIA SCS si BIT SENTINEL SECURI,,"CONTRACT; contract, date:0d; company=STANDARD; dominant=RED-PEN-S-WB-1 (60%)"
accounting:BT.BIT 806,no,RED-MISC-16,,STANDARD,5,5,RED-PEN-S-WB-1,0.600,0.000,MIXED/UNKNOWN,REVIEW,MEDIUM,CONTRACT,ron,cms689pqa01ydrt35t3yb9krf,BT.BIT 806,KAUFLAND ROMANIA SCS,2025-01-29,RON,6940.00,34525.11,,RED-MISC-16,RED-MISC-<limit>,"{""limit"":""16""}",UNIQUE,RED-MISC-<16> | RED-PEN-B-I-B-50 | RED-PEN-S-WB-1,152,2025-01-29,0,Act aditional nr. 05/ 02.12.2024,Servicii de tip Open Source Threat Intelligence (OSINT) | pentru kaufland.ro Act aditional nr. 05/ 02.12.2024 la Contractul Cadru Nr. 4101/ 08.12.2020 intre KAUFLAND ROMANIA SCS si BIT SENTINEL SECURITY SRL( 6.940 euro+TVA la cursul BNR) | ,,"CONTRACT; contract, date:0d, amount:0.0%; company=STANDARD; dominant=RED-PEN-S-WB-1 (60%)"
accounting:BT.BIT 264,no,KS-MM-RD-2,,RECURRENT,92,91,KS-MM-RD-2,0.824,0.802,STABLE,ACCEPT_CANDIDATE,HIGH,RECURRENT_DATE,ron,cms689m9w00mnrt35zs75dp0k,BT.BIT 264,KEYSIGHT TECHNOLOGIES RO SRL,2021-04-01,RON,12000.00,59101.20,,KS-MM-RD-2,KS-MM-RD-<limit>,"{""limit"":""2""}",UNIQUE,KS-MM-RD-2,398,2021-04-01,0,NO. 2 OF 25.10.2020,Penetration testing services for martie 2021 | Purchase Order Number 9068000926( 12.000 euro+TVA la cursul BNR) | Penetration testing services for martie 2021 | Purchase Order Number 9068000926( 12.000 euro+TVA la cursul BNR),,"RECURRENT_DATE; date:0d, trend-adjusted-amount:0.988:1.3%, company-profile:82%; company=RECURRENT; dominant=KS-MM-RD-2 (82%)"
accounting:BT.BIT 265,no,KS-MM-RD-2,,RECURRENT,92,91,KS-MM-RD-2,0.824,0.802,STABLE,ACCEPT_CANDIDATE,HIGH,RECURRENT_DATE,ron,cms689ma400mqrt35f0g9du2a,BT.BIT 265,KEYSIGHT TECHNOLOGIES RO SRL,2021-05-04,RON,12600.00,62062.56,,KS-MM-RD-2,KS-MM-RD-<limit>,"{""limit"":""2""}",UNIQUE,KS-MM-RD-2,399,2021-05-04,0,NO. 2 OF 25.10.2020,Penetration testing services for aprilie 2021 | Purchase Order Number 9068000926( 12.600 euro+TVA la cursul BNR) | Penetration testing services for aprilie 2021 | Purchase Order Number 9068000926( 12.600 euro+TVA la cursul BNR),,"RECURRENT_DATE; date:0d, trend-adjusted-amount:0.988:7.5%, company-profile:82%; company=RECURRENT; dominant=KS-MM-RD-2 (82%)"
accounting:BT.BIT 273,no,KS-MM-RD-2,,RECURRENT,92,91,KS-MM-RD-2,0.824,0.802,STABLE,ACCEPT_CANDIDATE,HIGH,RECURRENT_DATE,ron,cms689mc000ngrt35ub0adu3c,BT.BIT 273,KEYSIGHT TECHNOLOGIES RO SRL,2021-06-04,RON,12600.00,62027.28,,KS-MM-RD-2,KS-MM-RD-<limit>,"{""limit"":""2""}",UNIQUE,KS-MM-RD-2,400,2021-06-04,0,NO. 2 OF 25.10.2020,Penetration testing services for FY'21 | Purchase Order Number 9068001413 ( 12.600 euro+TVA la cursul BNR | Penetration testing services for FY'21 | Purchase Order Number 9068001413 ( 12.600 euro+TVA la cursul BNR,,"RECURRENT_DATE; date:0d, trend-adjusted-amount:1.000:5.0%, company-profile:82%; company=RECURRENT; dominant=KS-MM-RD-2 (82%)"
accounting:BT.BIT 277,no,KS-MM-RD-2,,RECURRENT,92,91,KS-MM-RD-2,0.824,0.802,STABLE,ACCEPT_CANDIDATE,HIGH,RECURRENT_DATE,ron,cms689md700ntrt350k8pkv0e,BT.BIT 277,KEYSIGHT TECHNOLOGIES RO SRL,2021-07-02,RON,11400.00,56157.54,,KS-MM-RD-2,KS-MM-RD-<limit>,"{""limit"":""2""}",UNIQUE,KS-MM-RD-2,401,2021-07-02,0,NO. 2 OF 25.10.2020,Penetration testing services for FY'21 | Purchase Order Number 9068001413 ( 11.400 euro+TVA la cursul BNR) | Penetration testing services for FY'21 | Purchase Order Number 9068001413 ( 11.400 euro+TVA la cursul BNR),,"RECURRENT_DATE; date:0d, trend-adjusted-amount:1.000:5.0%, company-profile:82%; company=RECURRENT; dominant=KS-MM-RD-2 (82%)"
accounting:BT.BIT 281,no,KS-MM-RD-2,,RECURRENT,92,91,KS-MM-RD-2,0.824,0.802,STABLE,ACCEPT_CANDIDATE,HIGH,RECURRENT_DATE,ron,cms689me600o6rt35b9httepr,BT.BIT 281,KEYSIGHT TECHNOLOGIES RO SRL,2021-08-02,RON,13200.00,64941.36,,KS-MM-RD-2,KS-MM-RD-<limit>,"{""limit"":""2""}",UNIQUE,KS-MM-RD-2,402,2021-08-02,0,NO. 2 OF 25.10.2020,Penetration testing services for FY'21 | Purchase Order Number 9068001413 ( 13.200 euro+TVA la cursul BNR) | Penetration testing services for FY'21 | Purchase Order Number 9068001413 ( 13.200 euro+TVA la cursul BNR),,"RECURRENT_DATE; date:0d, trend-adjusted-amount:1.000:0.0%, company-profile:82%; company=RECURRENT; dominant=KS-MM-RD-2 (82%)"
accounting:BT.BIT 287,no,KS-MM-RD-2,,RECURRENT,92,91,KS-MM-RD-2,0.824,0.802,STABLE,ACCEPT_CANDIDATE,HIGH,RECURRENT_DATE,ron,cms689mfr00otrt35sqjkk85o,BT.BIT 287,KEYSIGHT TECHNOLOGIES RO SRL,2021-09-01,RON,13200.00,65135.40,,KS-MM-RD-2,KS-MM-RD-<limit>,"{""limit"":""2""}",UNIQUE,KS-MM-RD-2,403,2021-09-01,0,NO. 2 OF 25.10.2020,Penetration testing services for FY'21 | Purchase Order Number 9068001413 ( 13.200 euro+TVA la cursul BNR) | Penetration testing services for FY'21 | Purchase Order Number 9068001413 ( 13.200 euro+TVA la cursul BNR),,"RECURRENT_DATE; date:0d, trend-adjusted-amount:1.000:0.0%, company-profile:82%; company=RECURRENT; dominant=KS-MM-RD-2 (82%)"
accounting:BT.BIT 293,no,KS-MM-RD-2,,RECURRENT,92,91,KS-MM-RD-2,0.824,0.802,STABLE,ACCEPT_CANDIDATE,HIGH,RECURRENT_DATE,ron,cms689mha00pert358mw7yzi0,BT.BIT 293,KEYSIGHT TECHNOLOGIES RO SRL,2021-10-04,RON,13200.00,65299.08,,KS-MM-RD-2,KS-MM-RD-<limit>,"{""limit"":""2""}",UNIQUE,KS-MM-RD-2,404,2021-10-04,0,NO. 2 OF 25.10.2020,Penetration testing services for FY'21 | Purchase Order Number 9068001413 ( 13.200 euro+TVA lacursul BNR) | Penetration testing services for FY'21 | Purchase Order Number 9068001413 ( 13.200 euro+TVA lacursul BNR),,"RECURRENT_DATE; date:0d, trend-adjusted-amount:1.000:4.8%, company-profile:82%; company=RECURRENT; dominant=KS-MM-RD-2 (82%)"
accounting:BT.BIT 300,no,KS-MM-RD-2,,RECURRENT,92,91,KS-MM-RD-2,0.824,0.802,STABLE,ACCEPT_CANDIDATE,HIGH,RECURRENT_DATE,ron,cms689miz00q5rt35y5l40jgv,BT.BIT 300,KEYSIGHT TECHNOLOGIES RO SRL,2021-11-01,RON,12600.00,62354.88,,KS-MM-RD-2,KS-MM-RD-<limit>,"{""limit"":""2""}",UNIQUE,KS-MM-RD-2,405,2021-11-01,0,NO. 2 OF 25.10.2020,Penetration testing services for FY'21 | Purchase Order Number 9068001413 ( 12.600 euro+TVA lacursul BNR) | Penetration testing services for FY'21 | Purchase Order Number 9068001413 ( 12.600 euro+TVA lacursul BNR),,"RECURRENT_DATE; date:0d, trend-adjusted-amount:1.000:4.5%, company-profile:82%; company=RECURRENT; dominant=KS-MM-RD-2 (82%)"
accounting:BT.BIT 305,no,KS-MM-RD-2,,RECURRENT,92,91,KS-MM-RD-2,0.824,0.802,STABLE,ACCEPT_CANDIDATE,HIGH,RECURRENT_DATE,ron,cms689mk500qkrt35vzlrgwqi,BT.BIT 305,KEYSIGHT TECHNOLOGIES RO SRL,2021-12-02,RON,15900.00,78689.10,,KS-MM-RD-2,KS-MM-RD-<limit>,"{""limit"":""2""}",UNIQUE,KS-MM-RD-2,407,2021-12-09,7,NO. 2 OF 25.10.2020,Penetration testing services for FY'21 | Purchase Order Number 9068001656 ( 15.900 euro+TVA la cursul BNR) | Penetration testing services for FY'21 | Purchase Order Number 9068001656 ( 15.900 euro+TVA la cursul BNR),,"RECURRENT_DATE; date:7d, trend-adjusted-amount:1.000:0.0%, company-profile:82%; company=RECURRENT; dominant=KS-MM-RD-2 (82%)"
accounting:BT.BIT 312,no,KS-MM-RD-2,,RECURRENT,92,91,KS-MM-RD-2,0.824,0.802,STABLE,ACCEPT_CANDIDATE,HIGH,RECURRENT_DATE,ron,cms689mlp00r5rt35u7gao9ph,BT.BIT 312,KEYSIGHT TECHNOLOGIES RO SRL,2021-12-09,RON,12750.00,63097.20,,KS-MM-RD-2,KS-MM-RD-<limit>,"{""limit"":""2""}",UNIQUE,KS-MM-RD-2,406,2021-12-02,7,NO. 2 OF 25.10.2020,Penetration testing services for FY'21 | Purchase Order Number 9068001413 ( 12.750 euro+TVA la cursul BNR) | Penetration testing services for FY'21 | Purchase Order Number 9068001413 ( 12.750 euro+TVA la cursul BNR),,"RECURRENT_DATE; date:7d, trend-adjusted-amount:1.000:3.4%, company-profile:82%; company=RECURRENT; dominant=KS-MM-RD-2 (82%)"
accounting:BT.BIT 320,no,KS-MM-RD-3,,RECURRENT,92,91,KS-MM-RD-2,0.824,0.802,STABLE,ACCEPT_CANDIDATE,HIGH,RECURRENT_DATE,ron,cms689mno00rtrt358cmkup08,BT.BIT 320,KEYSIGHT TECHNOLOGIES RO SRL,2022-01-28,RON,18000.00,89015.40,,KS-MM-RD-3,KS-MM-RD-<limit>,"{""limit"":""3""}",UNIQUE,KS-MM-RD-3 | KS-MM-RD-2,409,2022-01-28,0,NO. 3 OF 20.09.2021,Penetration testing services for FY'21 ianuarie 2022 | Purchase Order Number 9068001656( 18.000 euro+TVA la cursul BNR) | Penetration testing services for FY'21 ianuarie 2022 | Purchase Order Number 9068001656( 18.000 euro+TVA la cursul BNR,,"RECURRENT_DATE; date:0d, trend-adjusted-amount:0.977:2.3%; company=RECURRENT; dominant=KS-MM-RD-2 (82%)"
accounting:BT.BIT 321,no,KS-MM-RD-2,,RECURRENT,92,91,KS-MM-RD-2,0.824,0.802,STABLE,ACCEPT_CANDIDATE,HIGH,RECURRENT_DATE,ron,cms689mnx00rwrt35rstbrqb4,BT.BIT 321,KEYSIGHT TECHNOLOGIES RO SRL,2022-01-28,RON,55800.00,275947.74,,KS-MM-RD-2,KS-MM-RD-<limit>,"{""limit"":""2""}",UNIQUE,KS-MM-RD-2 | KS-MM-RD-3,408,2022-01-28,0,NO. 2 OF 25.10.2020,"Penetration testing services for FY'21 | pentru lunile feb, mar, aprilie 2022 Purchase Order Number 9068001656 ( 55.800 euro+TVA la cursul BNR) | Penetration testing services for FY'21 | pentru lunile feb, mar, aprilie 2022 Purchase Order N",,"RECURRENT_DATE; date:0d, company-profile:82%; company=RECURRENT; dominant=KS-MM-RD-2 (82%)"
accounting:BT.BIT 349,no,CYBEREDU-DEV-EX-20,,RECURRENT,92,91,KS-MM-RD-2,0.824,0.802,STABLE,ACCEPT_CANDIDATE,HIGH,RECURRENT_DATE,ron,cms689mum00u9rt35onp1bkzu,BT.BIT 349,KEYSIGHT TECHNOLOGIES RO SRL,2022-05-13,RON,,125000.00,,CYBEREDU-DEV-EX-20,CYBEREDU-DEV-EX-<limit>,"{""limit"":""20""}",UNIQUE,CYBEREDU-DEV-EX-20 | KS-MM-RD-3 | KS-MM-RD-2,465,2022-05-13,0,206/14.12.2021 PO 9069000371,Create Lab Guides including Virtual Machine templates for | Purchase Order Number 9069000371 Supplier Number 158762/08.12.2021 | Create Lab Guides including Virtual Machine templates for | Purchase Order Number 9069000371 Supplier Number 15,,RECURRENT_DATE; date:0d; company=RECURRENT; dominant=KS-MM-RD-2 (82%)
accounting:BT.BIT 361,no,KS-MM-RD-3,,RECURRENT,92,91,KS-MM-RD-2,0.824,0.802,STABLE,ACCEPT_CANDIDATE,HIGH,RECURRENT_DATE,ron,cms689mxn00v9rt35jk7ecf2h,BT.BIT 361,KEYSIGHT TECHNOLOGIES RO SRL,2022-06-09,RON,16800.00,83086.08,,KS-MM-RD-3,KS-MM-RD-<limit>,"{""limit"":""3""}",UNIQUE,KS-MM-RD-3 | CYBEREDU-DEV-EX-20 | KS-MM-RD-2,410,2022-06-09,0,NO. 3 OF 20.09.2021,Create Lab Guides including Virtual Machine templates for | Purchase Order Number 9068001656 Supplier Number 158762/08.12.2021( 16.800 euro+TVA la cursul BNR) | Create Lab Guides including Virtual Machine templates for | Purchase Order Numb,,"RECURRENT_DATE; date:0d, trend-adjusted-amount:0.925:0.9%; company=RECURRENT; dominant=KS-MM-RD-2 (82%)"
accounting:BT.BIT 363,no,KS-MM-RD-3,,RECURRENT,92,91,KS-MM-RD-2,0.824,0.802,STABLE,ACCEPT_CANDIDATE,HIGH,RECURRENT_DATE,ron,cms689my500vfrt35wusf11am,BT.BIT 363,KEYSIGHT TECHNOLOGIES RO SRL,2022-06-20,RON,12000.00,59337.60,,KS-MM-RD-3,KS-MM-RD-<limit>,"{""limit"":""3""}",UNIQUE,KS-MM-RD-3 | KS-MM-RD-2,411,2022-06-20,0,NO. 3 OF 20.09.2021,Create Lab Guides including Virtual Machine templates for | Purchase Order Number 9068001656 Supplier Number 158762/08.12.2021-iunie 2022( 12.000 euro+TVA la cursul BNR) | Create Lab Guides including Virtual Machine templates for | Purchase,,RECURRENT_DATE; date:0d; company=RECURRENT; dominant=KS-MM-RD-2 (82%)
accounting:BT.BIT 384,no,KS-MM-RD-3,,RECURRENT,92,91,KS-MM-RD-2,0.824,0.802,STABLE,ACCEPT_CANDIDATE,HIGH,RECURRENT_DATE,ron,cms689n3e00x9rt35xllc82k5,BT.BIT 384,KEYSIGHT TECHNOLOGIES RO SRL,2022-08-08,RON,12600.00,62004.60,,KS-MM-RD-3,KS-MM-RD-<limit>,"{""limit"":""3""}",UNIQUE,KS-MM-RD-2 | KS-MM-RD-3,412,2022-08-08,0,NO. 3 OF 20.09.2021,Create Lab Guides including Virtual Machine templates for | Purchase Order Number 9068001656 Supplier Number 158762/08.12.2021-iulie 2022(12.600 euro+TVA la cursul BNR) | Create Lab Guides including Virtual Machine templates for | Purchase ,,RECURRENT_DATE; date:0d; company=RECURRENT; dominant=KS-MM-RD-2 (82%)
accounting:BT.BIT 385,no,KS-MM-RD-2,,RECURRENT,92,91,KS-MM-RD-2,0.824,0.802,STABLE,ACCEPT_CANDIDATE,HIGH,RECURRENT_DATE,ron,cms689n3m00xcrt35crt29hwi,BT.BIT 385,KEYSIGHT TECHNOLOGIES RO SRL,2022-08-16,RON,13200.00,64559.88,,KS-MM-RD-2,KS-MM-RD-<limit>,"{""limit"":""2""}",UNIQUE,KS-MM-RD-2 | KS-MM-RD-3,413,2022-08-16,0,NO. 3 OF 20.09.2021,Create Lab Guides including Virtual Machine templates for | Purchase Order Number 9068001656 Supplier Number 158762/08.12.2021-august 2022(13.200 euro+TVA la cursul BNR) | Create Lab Guides including Virtual Machine templates for | Purchase,,"RECURRENT_DATE; date:0d, trend-adjusted-amount:0.925:0.9%, company-profile:82%; company=RECURRENT; dominant=KS-MM-RD-2 (82%)"
accounting:BT.BIT 391,no,KS-MM-RD-2,,RECURRENT,92,91,KS-MM-RD-2,0.824,0.802,STABLE,ACCEPT_CANDIDATE,HIGH,RECURRENT_DATE,ron,cms689n4x00y2rt35je9rhsf1,BT.BIT 391,KEYSIGHT TECHNOLOGIES RO SRL,2022-09-09,RON,13200.00,64595.52,,KS-MM-RD-2,KS-MM-RD-<limit>,"{""limit"":""2""}",UNIQUE,KS-MM-RD-2 | KS-MM-RD-3,414,2022-09-09,0,NO. 3 OF 20.09.2021,Create Lab Guides including Virtual Machine templates for | Purchase Order Number 9068001656 Supplier Number 158762/08.12.2021-septembrie 2022(13.200 euro+TVA la cursul BNR) | Create Lab Guides including Virtual Machine templates for | Purc,,"RECURRENT_DATE; date:0d, trend-adjusted-amount:0.925:18.9%, company-profile:82%; company=RECURRENT; dominant=KS-MM-RD-2 (82%)"
accounting:BT.BIT 401,no,KS-MM-RD-2,,RECURRENT,92,91,KS-MM-RD-2,0.824,0.802,STABLE,ACCEPT_CANDIDATE,HIGH,RECURRENT_DATE,ron,cms689n7700yxrt35fgbwy8oy,BT.BIT 401,KEYSIGHT TECHNOLOGIES RO SRL,2022-10-03,RON,18900.00,93517.20,,KS-MM-RD-2,KS-MM-RD-<limit>,"{""limit"":""2""}",UNIQUE,KS-MM-RD-2,415,2022-10-03,0,NO. 3 OF 20.09.2021,Create Lab Guides including Virtual Machine templates for | Purchase Order Number 9068001656 Supplier Number 158762/08.12.2021-october 2022(18.900 euro+TVA la cursul BNR) | Create Lab Guides including Virtual Machine templates for | Purchas,,"RECURRENT_DATE; date:0d, company-profile:82%; company=RECURRENT; dominant=KS-MM-RD-2 (82%)"
accounting:408,no,KS-MM-RD-2,,RECURRENT,92,91,KS-MM-RD-2,0.824,0.802,STABLE,ACCEPT_CANDIDATE,HIGH,RECURRENT_DATE,ron,cms689n8c00zdrt35una8wzlm,408,KEYSIGHT TECHNOLOGIES RO SRL,2022-10-31,RON,,166282.32,,KS-MM-RD-2,KS-MM-RD-<limit>,"{""limit"":""2""}",UNIQUE,KS-MM-RD-2,416,2022-10-31,0,NO. 3 OF 20.09.2021,Create Lab Guides including Virtual Machine templates for | Purchase Order Number 9068001656 Supplier Number 158762/08.12.2021-noiembrie si decembrie 2022 | Create Lab Guides including Virtual Machine templates for | Purchase Order Number 9,,"RECURRENT_DATE; date:0d, company-profile:82%; company=RECURRENT; dominant=KS-MM-RD-2 (82%)"
accounting:409,no,KS-MM-RD-2,,RECURRENT,92,91,KS-MM-RD-2,0.824,0.802,STABLE,ACCEPT_CANDIDATE,HIGH,RECURRENT_DATE,ron,cms689n8j00zgrt358djujubo,409,KEYSIGHT TECHNOLOGIES RO SRL,2022-10-31,RON,,15000.00,,KS-MM-RD-2,KS-MM-RD-<limit>,"{""limit"":""2""}",UNIQUE,KS-MM-RD-2,417,2022-10-31,0,NO. 3 OF 20.09.2021,Create Lab Guides including Virtual Machine templates | Supplier Number 158762/08.12.2021 | Create Lab Guides including Virtual Machine templates | Supplier Number 158762/08.12.2021,,"RECURRENT_DATE; date:0d, company-profile:82%; company=RECURRENT; dominant=KS-MM-RD-2 (82%)"
accounting:447,no,KS-MM-RD-3,,RECURRENT,92,91,KS-MM-RD-2,0.824,0.802,STABLE,ACCEPT_CANDIDATE,HIGH,RECURRENT_DATE,ron,cms689nhc012ort35wz4fhup9,447,KEYSIGHT TECHNOLOGIES RO SRL,2023-01-09,RON,18900.00,93086.28,,KS-MM-RD-3,KS-MM-RD-<limit>,"{""limit"":""3""}",UNIQUE,KS-MM-RD-3 | KS-MM-RD-2,418,2023-01-09,0,NO. 3 OF 20.09.2021,Create Lab Guides including Virtual Machine templates for | Purchase Order Number 9068001656 Supplier Number 158762/08.12.2021-(ianuarie 2023- 18900 euro+tva la curs BNR) | Create Lab Guides including Virtual Machine templates for | Purchas,,"RECURRENT_DATE; date:0d, trend-adjusted-amount:1.025:2.4%; company=RECURRENT; dominant=KS-MM-RD-2 (82%)"
accounting:BT.BIT 452,no,KS-MM-RD-3,,RECURRENT,92,91,KS-MM-RD-2,0.824,0.802,STABLE,ACCEPT_CANDIDATE,HIGH,RECURRENT_DATE,ron,cms689nin0137rt35o4rfov5j,BT.BIT 452,KEYSIGHT TECHNOLOGIES RO SRL,2023-02-07,RON,,88239.60,,KS-MM-RD-3,KS-MM-RD-<limit>,"{""limit"":""3""}",UNIQUE,KS-MM-RD-3 | KS-MM-RD-2,419,2023-02-07,0,NO. 3 OF 20.09.2021,Penetration testing services for February 2023 | Purchase Order Number 9068002303 | Penetration testing services for February 2023 | Purchase Order Number 9068002303,,RECURRENT_DATE; date:0d; company=RECURRENT; dominant=KS-MM-RD-2 (82%)
accounting:BT.BIT 458,no,KS-MM-RD-3,,RECURRENT,92,91,KS-MM-RD-2,0.824,0.802,STABLE,ACCEPT_CANDIDATE,HIGH,RECURRENT_DATE,ron,cms689nk0013rrt35w9fe6eno,BT.BIT 458,KEYSIGHT TECHNOLOGIES RO SRL,2023-03-01,RON,17400.00,85724.58,,KS-MM-RD-3,KS-MM-RD-<limit>,"{""limit"":""3""}",UNIQUE,KS-MM-RD-3,420,2023-03-01,0,NO. 3 OF 20.09.2021,Penetration testing services for March 2023 ? Purchase | Order Number 9068002303 ( 17.400 euro+TVA la cursul BNR) | Penetration testing services for March 2023 ? Purchase | Order Number 9068002303 ( 17.400 euro+TVA la cursul BNR),,"RECURRENT_DATE; date:0d, trend-adjusted-amount:1.000:3.3%; company=RECURRENT; dominant=KS-MM-RD-2 (82%)"
accounting:BT.BIT 466,no,KS-MM-RD-3,,RECURRENT,92,91,KS-MM-RD-2,0.824,0.802,STABLE,ACCEPT_CANDIDATE,HIGH,RECURRENT_DATE,ron,cms689nlr014grt35o3vf18cj,BT.BIT 466,KEYSIGHT TECHNOLOGIES RO SRL,2023-04-10,RON,15300.00,75451.95,,KS-MM-RD-3,KS-MM-RD-<limit>,"{""limit"":""3""}",UNIQUE,KS-MM-RD-3 | KS-MM-RD-2,421,2023-04-10,0,NO. 4 OF 04.10.2022,Penetration testing services for April 2023 | Purchase Order Number 9068002303 ( 15.300 euro+TVA la cursul BNR) | Penetration testing services for April 2023 | Purchase Order Number 9068002303 ( 15.300 euro+TVA la cursul BNR),,"RECURRENT_DATE; date:0d, trend-adjusted-amount:1.000:15.0%; company=RECURRENT; dominant=KS-MM-RD-2 (82%)"
accounting:BT.BIT 472,no,KS-MM-RD-3,,RECURRENT,92,91,KS-MM-RD-2,0.824,0.802,STABLE,ACCEPT_CANDIDATE,HIGH,RECURRENT_DATE,ron,cms689nn3014yrt35ya007fnh,BT.BIT 472,KEYSIGHT TECHNOLOGIES RO SRL,2023-05-03,RON,18900.00,93173.22,,KS-MM-RD-3,KS-MM-RD-<limit>,"{""limit"":""3""}",UNIQUE,KS-MM-RD-3 | KS-MM-RD-2,422,2023-05-03,0,NO. 4 OF 04.10.2022,Penetration testing services for May 2023 | Purchase Order Number 9068002303 ( 18.900 euro+TVA la cursul BNR) | Penetration testing services for May 2023 | Purchase Order Number 9068002303 ( 18.900 euro+TVA la cursul BNR),,"RECURRENT_DATE; date:0d, trend-adjusted-amount:1.025:2.4%; company=RECURRENT; dominant=KS-MM-RD-2 (82%)"
accounting:BT.BIT 489,no,KS-MM-RD-3,,RECURRENT,92,91,KS-MM-RD-2,0.824,0.802,STABLE,ACCEPT_CANDIDATE,HIGH,RECURRENT_DATE,ron,cms689nr5016hrt358udxp0x1,BT.BIT 489,KEYSIGHT TECHNOLOGIES RO SRL,2023-06-08,RON,18900.00,93636.27,,KS-MM-RD-3,KS-MM-RD-<limit>,"{""limit"":""3""}",UNIQUE,KS-MM-RD-3 | KS-MM-RD-2,423,2023-06-08,0,NO. 4 OF 04.10.2022,Penetration testing services for June 2023 | Purchase Order Number 9068002303( 18.900 euro+TVA la cursul BNR) | Penetration testing services for June 2023 | Purchase Order Number 9068002303( 18.900 euro+TVA la cursul BNR),,"RECURRENT_DATE; date:0d, trend-adjusted-amount:1.025:2.4%; company=RECURRENT; dominant=KS-MM-RD-2 (82%)"
accounting:BT.BIT 499,no,KS-MM-RD-2,,RECURRENT,92,91,KS-MM-RD-2,0.824,0.802,STABLE,ACCEPT_CANDIDATE,HIGH,RECURRENT_DATE,ron,cms689nti017frt35m11a5zel,BT.BIT 499,KEYSIGHT TECHNOLOGIES RO SRL,2023-07-04,RON,18900.00,93560.67,,KS-MM-RD-2,KS-MM-RD-<limit>,"{""limit"":""2""}",UNIQUE,KS-MM-RD-2 | KS-MM-RD-3,424,2023-07-04,0,NO. 4 OF 04.10.2022,Penetration testing services for July 2023 | Purchase Order Number 9068002303 (18.900 euro+TVA la cursul BNR ) | Penetration testing services for July 2023 | Purchase Order Number 9068002303 (18.900 euro+TVA la cursul BNR ),,"RECURRENT_DATE; date:0d, trend-adjusted-amount:1.025:2.4%, company-profile:82%; company=RECURRENT; dominant=KS-MM-RD-2 (82%)"
accounting:BT.BIT 516,no,KS-MM-RD-3,,RECURRENT,92,91,KS-MM-RD-2,0.824,0.802,STABLE,ACCEPT_CANDIDATE,HIGH,RECURRENT_DATE,ron,cms689nxi018yrt35jweud2mi,BT.BIT 516,KEYSIGHT TECHNOLOGIES RO SRL,2023-08-07,RON,19800.00,97990.20,,KS-MM-RD-3,KS-MM-RD-<limit>,"{""limit"":""3""}",UNIQUE,KS-MM-RD-3 | KS-MM-RD-2,425,2023-08-07,0,NO. 4 OF 04.10.2022,Penetration testing services for august 2023 ? | Purchase Order Number 9068002303( 19.800 euro+TVA la cursul BNR) | Penetration testing services for august 2023 ? | Purchase Order Number 9068002303( 19.800 euro+TVA la cursul BNR),,"RECURRENT_DATE; date:0d, trend-adjusted-amount:1.025:7.3%; company=RECURRENT; dominant=KS-MM-RD-2 (82%)"
accounting:BT.BIT 531,no,KS-MM-RD-3,,RECURRENT,92,91,KS-MM-RD-2,0.824,0.802,STABLE,ACCEPT_CANDIDATE,HIGH,RECURRENT_DATE,ron,cms689o0v01a7rt35xvcpk7bt,BT.BIT 531,KEYSIGHT TECHNOLOGIES RO SRL,2023-09-05,RON,19800.00,97940.70,,KS-MM-RD-3,KS-MM-RD-<limit>,"{""limit"":""3""}",UNIQUE,KS-MM-RD-3 | KS-MM-RD-2,426,2023-09-06,1,NO. 4 OF 04.10.2022,Penetration testing services for september 2023 | Purchase Order Number 9068002303 ( 19.800 euro+TVA la cursul BNR) | Penetration testing services for september 2023 | Purchase Order Number 9068002303 ( 19.800 euro+TVA la cursul BNR),,"RECURRENT_DATE; date:1d, trend-adjusted-amount:1.000:0.0%; company=RECURRENT; dominant=KS-MM-RD-2 (82%)"
accounting:BT.BIT 541,no,KS-MM-RD-3,,RECURRENT,92,91,KS-MM-RD-2,0.824,0.802,STABLE,ACCEPT_CANDIDATE,HIGH,RECURRENT_DATE,ron,cms689o2w01b2rt35e2h4og9u,BT.BIT 541,KEYSIGHT TECHNOLOGIES RO SRL,2023-10-02,RON,19800.00,98493.12,,KS-MM-RD-3,KS-MM-RD-<limit>,"{""limit"":""3""}",UNIQUE,KS-MM-RD-3 | KS-MM-RD-2,427,2023-10-02,0,NO. 4 OF 04.10.2022,Penetration testing services for october 2023 | Purchase Order Number 9068002303( 19.800 euro+TVA la cursul BNR) | Penetration testing services for october 2023 | Purchase Order Number 9068002303( 19.800 euro+TVA la cursul BNR),,"RECURRENT_DATE; date:0d, trend-adjusted-amount:1.000:0.0%; company=RECURRENT; dominant=KS-MM-RD-2 (82%)"
accounting:BT.BIT 558,no,KS-MM-RD-3,,RECURRENT,92,91,KS-MM-RD-2,0.824,0.802,STABLE,ACCEPT_CANDIDATE,HIGH,RECURRENT_DATE,ron,cms689o6z01cort352i3ra08z,BT.BIT 558,KEYSIGHT TECHNOLOGIES RO SRL,2023-11-06,RON,,62594.28,,KS-MM-RD-3,KS-MM-RD-<limit>,"{""limit"":""3""}",UNIQUE,KS-MM-RD-3 | KS-MM-RD-2,428,2023-11-07,1,NO. 4 OF 04.10.2022,Penetration testing services for November 2023 ? Penetration testing services for November 2023 | Purchase Order Number 9068002303 | Penetration testing services for November 2023 ? | Purchase Order Number 9068002303 | Penetration testing s,"[{""line"":1,""service"":""Penetration testing services for November 2023 ? | Purchase Order Number 9068002303"",""partNumber"":""KS-MM-RD-3"",""confidence"":""HIGH"",""trackerRow"":428},{""line"":2,""service"":""Penetration testing services for November 2023 | Purchase Order Number 9068002588"",""partNumber"":"""",""confidence"":""NONE"",""trackerRow"":null}]",RECURRENT_DATE; date:1d; company=RECURRENT; dominant=KS-MM-RD-2 (82%)
accounting:BT.BIT 571,no,KS-MM-RD-2,,RECURRENT,92,91,KS-MM-RD-2,0.824,0.802,STABLE,ACCEPT_CANDIDATE,HIGH,RECURRENT_DATE,ron,cms689o9q01dvrt35tcu63zfz,BT.BIT 571,KEYSIGHT TECHNOLOGIES RO SRL,2023-12-11,RON,10800.00,53651.16,,KS-MM-RD-2,KS-MM-RD-<limit>,"{""limit"":""2""}",UNIQUE,KS-MM-RD-2 | KS-MM-RD-3,429,2023-12-08,3,NO. 5 OF 04.10.2023,Penetration testing services for December 2023 | Purchase Order Number 9068002588 (10.800 euro+TVA la cursul BNR) | Penetration testing services for December 2023 | Purchase Order Number 9068002588 (10.800 euro+TVA la cursul BNR),,"RECURRENT_DATE; date:3d, trend-adjusted-amount:1.000:14.3%, company-profile:82%; company=RECURRENT; dominant=KS-MM-RD-2 (82%)"
accounting:BT.BIT 586,no,KS-MM-RD-2,,RECURRENT,92,91,KS-MM-RD-2,0.824,0.802,STABLE,ACCEPT_CANDIDATE,HIGH,RECURRENT_DATE,ron,cms689odh01f5rt35lhokszaz,BT.BIT 586,KEYSIGHT TECHNOLOGIES RO SRL,2024-01-11,RON,12000.00,59667.60,,KS-MM-RD-2,KS-MM-RD-<limit>,"{""limit"":""2""}",UNIQUE,KS-MM-RD-2,430,2024-01-11,0,NO. 5 OF 04.10.2023,Penetration testing services for January 2024 | Purchase Order Number 9068002588 ( 12.000 euro+TVA la cursul BNR) | Penetration testing services for January 2024 | Purchase Order Number 9068002588 ( 12.000 euro+TVA la cursul BNR),,"RECURRENT_DATE; date:0d, trend-adjusted-amount:1.000:0.0%, company-profile:82%; company=RECURRENT; dominant=KS-MM-RD-2 (82%)"
accounting:BT.BIT 603,no,KS-MM-RD-2,,RECURRENT,92,91,KS-MM-RD-2,0.824,0.802,STABLE,ACCEPT_CANDIDATE,HIGH,RECURRENT_DATE,ron,cms689oh301gmrt3523m5d4n1,BT.BIT 603,KEYSIGHT TECHNOLOGIES RO SRL,2024-02-12,RON,12600.00,62688.78,,KS-MM-RD-2,KS-MM-RD-<limit>,"{""limit"":""2""}",UNIQUE,KS-MM-RD-2,431,2024-02-12,0,NO. 5 OF 04.10.2023,Penetration testing services for February 2024 | Purchase Order Number 9068002588( 12.600 euro+TVA la cursul BNR) | Penetration testing services for February 2024 | Purchase Order Number 9068002588( 12.600 euro+TVA la cursul BNR),,"RECURRENT_DATE; date:0d, trend-adjusted-amount:1.000:0.0%, company-profile:82%; company=RECURRENT; dominant=KS-MM-RD-2 (82%)"
accounting:BT.BIT 613,no,KS-MM-RD-2,,RECURRENT,92,91,KS-MM-RD-2,0.824,0.802,STABLE,ACCEPT_CANDIDATE,HIGH,RECURRENT_DATE,ron,cms689ojb01hhrt35wtqdp9uo,BT.BIT 613,KEYSIGHT TECHNOLOGIES RO SRL,2024-03-01,RON,12600.00,62620.74,,KS-MM-RD-2,KS-MM-RD-<limit>,"{""limit"":""2""}",UNIQUE,KS-MM-RD-2,432,2024-03-01,0,NO. 5 OF 04.10.2023,Penetration testing services for March 2024 | Purchase Order Number 9068002588( 12.600 euro+TVA la cursul BNR) | Penetration testing services for March 2024 | Purchase Order Number 9068002588( 12.600 euro+TVA la cursul BNR),,"RECURRENT_DATE; date:0d, trend-adjusted-amount:1.000:0.0%, company-profile:82%; company=RECURRENT; dominant=KS-MM-RD-2 (82%)"
accounting:BT.BIT 627,no,KS-MM-RD-2,,RECURRENT,92,91,KS-MM-RD-2,0.824,0.802,STABLE,ACCEPT_CANDIDATE,HIGH,RECURRENT_DATE,ron,cms689omc01irrt356hudbtbh,BT.BIT 627,KEYSIGHT TECHNOLOGIES RO SRL,2024-04-09,RON,13200.00,65580.24,,KS-MM-RD-2,KS-MM-RD-<limit>,"{""limit"":""2""}",UNIQUE,KS-MM-RD-2,433,2024-04-09,0,NO. 5 OF 04.10.2023,Penetration testing services for April 2024 | Purchase Order Number 9068002588( 13.200 euro+TVA la cursul BNR) | Penetration testing services for April 2024 | Purchase Order Number 9068002588( 13.200 euro+TVA la cursul BNR),,"RECURRENT_DATE; date:0d, trend-adjusted-amount:1.000:0.0%, company-profile:82%; company=RECURRENT; dominant=KS-MM-RD-2 (82%)"
accounting:BT.BIT 640,no,KS-MM-RD-2,,RECURRENT,92,91,KS-MM-RD-2,0.824,0.802,STABLE,ACCEPT_CANDIDATE,HIGH,RECURRENT_DATE,ron,cms689opi01jvrt356f179ug1,BT.BIT 640,KEYSIGHT TECHNOLOGIES RO SRL,2024-05-14,RON,12000.00,59715.60,,KS-MM-RD-2,KS-MM-RD-<limit>,"{""limit"":""2""}",UNIQUE,KS-MM-RD-2,434,2024-05-14,0,NO. 5 OF 04.10.2023,Penetration testing services for May 2024 | 12.000 euro+TVA la cursul BNR conform Purchase Order Number 9068002588 | Penetration testing services for May 2024 | 12.000 euro+TVA la cursul BNR conform Purchase Order Number 9068002588,,"RECURRENT_DATE; date:0d, trend-adjusted-amount:1.000:0.0%, company-profile:82%; company=RECURRENT; dominant=KS-MM-RD-2 (82%)"
accounting:BT.BIT 653,no,KS-MM-RD-2,,RECURRENT,92,91,KS-MM-RD-2,0.824,0.802,STABLE,ACCEPT_CANDIDATE,HIGH,RECURRENT_DATE,ron,cms689os901kzrt35hlla053o,BT.BIT 653,KEYSIGHT TECHNOLOGIES RO SRL,2024-06-06,RON,11400.00,56729.82,,KS-MM-RD-2,KS-MM-RD-<limit>,"{""limit"":""2""}",UNIQUE,KS-MM-RD-2,435,2024-06-06,0,NO. 5 OF 04.10.2023,Penetration testing services for June 2024 | Purchase Order Number 9068002588( 11.400 euro+TVA la cursul BNR) | Penetration testing services for June 2024 | Purchase Order Number 9068002588( 11.400 euro+TVA la cursul BNR),,"RECURRENT_DATE; date:0d, trend-adjusted-amount:1.000:0.0%, company-profile:82%; company=RECURRENT; dominant=KS-MM-RD-2 (82%)"
accounting:BT.BIT 668,no,KS-MM-RD-2,,RECURRENT,92,91,KS-MM-RD-2,0.824,0.802,STABLE,ACCEPT_CANDIDATE,HIGH,RECURRENT_DATE,ron,cms689ovr01mbrt35x9e8e4eh,BT.BIT 668,KEYSIGHT TECHNOLOGIES RO SRL,2024-07-02,RON,13800.00,68682.60,,KS-MM-RD-2,KS-MM-RD-<limit>,"{""limit"":""2""}",UNIQUE,KS-MM-RD-2,436,2024-07-02,0,NO. 5 OF 04.10.2023,Penetration testing services for July 2024 | Purchase Order Number 9068002588( 13.800 euro+TVA la cursul BNR) | Penetration testing services for July 2024 | Purchase Order Number 9068002588( 13.800 euro+TVA la cursul BNR),,"RECURRENT_DATE; date:0d, trend-adjusted-amount:1.000:0.0%, company-profile:82%; company=RECURRENT; dominant=KS-MM-RD-2 (82%)"
accounting:BT.BIT 687,no,KS-MM-RD-2,,RECURRENT,92,91,KS-MM-RD-2,0.824,0.802,STABLE,ACCEPT_CANDIDATE,HIGH,RECURRENT_DATE,ron,cms689p0i01nxrt35j3fxiylc,BT.BIT 687,KEYSIGHT TECHNOLOGIES RO SRL,2024-08-01,RON,13800.00,68668.80,,KS-MM-RD-2,KS-MM-RD-<limit>,"{""limit"":""2""}",UNIQUE,KS-MM-RD-2,437,2024-08-01,0,NO. 5 OF 04.10.2023,Penetration testing services for August 2024 | Purchase Order Number 9068002588 (13.800 euro+TVA la cursul BNR) | Penetration testing services for August 2024 | Purchase Order Number 9068002588 (13.800 euro+TVA la cursul BNR),,"RECURRENT_DATE; date:0d, trend-adjusted-amount:1.000:0.0%, company-profile:82%; company=RECURRENT; dominant=KS-MM-RD-2 (82%)"
accounting:BT.BIT 703,no,KS-MM-RD-2,,RECURRENT,92,91,KS-MM-RD-2,0.824,0.802,STABLE,ACCEPT_CANDIDATE,HIGH,RECURRENT_DATE,ron,cms689p4101pfrt35y6zlvezq,BT.BIT 703,KEYSIGHT TECHNOLOGIES RO SRL,2024-09-02,RON,7800.00,38819.82,,KS-MM-RD-2,KS-MM-RD-<limit>,"{""limit"":""2""}",UNIQUE,KS-MM-RD-2,438,2024-09-02,0,NO. 5 OF 04.10.2023,Penetration testing services for September 2024 | Purchase Order Number 9068002588 (7800 euro + tva la cursul BNR) | Penetration testing services for September 2024 | Purchase Order Number 9068002588 (7800 euro + tva la cursul BNR),,"RECURRENT_DATE; date:0d, trend-adjusted-amount:1.000:0.0%, company-profile:82%; company=RECURRENT; dominant=KS-MM-RD-2 (82%)"
accounting:BT.BIT 717,no,KS-MM-RD-2,,RECURRENT,92,91,KS-MM-RD-2,0.824,0.802,STABLE,ACCEPT_CANDIDATE,HIGH,RECURRENT_DATE,ron,cms689p6o01qmrt35i4l1qqx8,BT.BIT 717,KEYSIGHT TECHNOLOGIES RO SRL,2024-10-03,RON,13800.00,68674.32,,KS-MM-RD-2,KS-MM-RD-<limit>,"{""limit"":""2""}",UNIQUE,KS-MM-RD-2,439,2024-10-04,1,NO. 5 OF 04.10.2023,Penetration testing services for October 2024 | Purchase Order Number 9068002588 ( 13.800 euro+TVA la cursul BNR) | Penetration testing services for October 2024 | Purchase Order Number 9068002588 ( 13.800 euro+TVA la cursul BNR),,"RECURRENT_DATE; date:1d, trend-adjusted-amount:1.000:0.0%, company-profile:82%; company=RECURRENT; dominant=KS-MM-RD-2 (82%)"
accounting:BT.BIT 743,no,,,RECURRENT,92,91,KS-MM-RD-2,0.824,0.802,STABLE,SKIP_NO_MATCH,NONE,NONE,ron,cms689pc201szrt355s2jfu4y,BT.BIT 743,KEYSIGHT TECHNOLOGIES RO SRL,2024-11-02,RON,7800.00,38802.66,,,,,EMPTY,,,,,,Penetration testing services for September 2024 | Purchase Order Number 9068002588 (curand 9068003039) 7.800 euro+TVA la cursul BNR | Penetration testing services for September 2024 | Purchase Order Number 9068002588 (curand 9068003039) 7.8,,No accounting-to-tracker activity match met the conservative threshold.
accounting:BT.BIT 750,no,KS-MM-RD-2,,RECURRENT,92,91,KS-MM-RD-2,0.824,0.802,STABLE,ACCEPT_CANDIDATE,HIGH,RECURRENT_DATE,ron,cms689pdp01tkrt35fr7js6ui,BT.BIT 750,KEYSIGHT TECHNOLOGIES RO SRL,2024-11-11,RON,4800.00,23879.50,final,KS-MM-RD-2,KS-MM-RD-<limit>,"{""limit"":""2""}",UNIQUE,KS-MM-RD-2,440,2024-11-05,6,NO. 5 OF 04.10.2023,Penetration testing services | Purchase Order Number 9068002588( diferenta factura noiembrie 4.800 euro+TVA la cursul BNR) | Penetration testing services | Purchase Order Number 9068002588( diferenta factura noiembrie 4.800 euro+TVA la curs,,"RECURRENT_DATE; date:6d, milestone:final, company-profile:82%; company=RECURRENT; dominant=KS-MM-RD-2 (82%)"
accounting:BT.BIT 765,no,KS-MM-RD-2,,RECURRENT,92,91,KS-MM-RD-2,0.824,0.802,STABLE,ACCEPT_CANDIDATE,HIGH,RECURRENT_DATE,ron,cms689ph001uvrt35fjfecej3,BT.BIT 765,KEYSIGHT TECHNOLOGIES RO SRL,2024-12-03,RON,12600.00,62710.20,,KS-MM-RD-2,KS-MM-RD-<limit>,"{""limit"":""2""}",UNIQUE,KS-MM-RD-2,441,2024-12-07,4,NO. 5 OF 04.10.2023,Penetration testing services for December 2024 | Purchase Order Number 9068002588( 12.600 euro+TVA la cursul BNR) | Penetration testing services for December 2024 | Purchase Order Number 9068002588( 12.600 euro+TVA la cursul BNR),,"RECURRENT_DATE; date:4d, trend-adjusted-amount:1.000:0.0%, company-profile:82%; company=RECURRENT; dominant=KS-MM-RD-2 (82%)"
accounting:BT.BIT 796,no,KS-MM-RD-2,,RECURRENT,92,91,KS-MM-RD-2,0.824,0.802,STABLE,REVIEW,HIGH,RECURRENT_DATE,ron,cms689pnr01xhrt35dcazfirv,BT.BIT 796,KEYSIGHT TECHNOLOGIES RO SRL,2025-01-15,RON,10800.00,53721.36,,KS-MM-RD-2,KS-MM-RD-<limit>,"{""limit"":""2""}",UNIQUE,KS-MM-RD-2,442,2025-01-02,13,NO. 5 OF 04.10.2023,Penetration testing services for January 2025 | Purchase Order Number 9068002588( 10.800 euro+TVA la cursul BNR) | Penetration testing services for January 2025 | Purchase Order Number 9068002588( 10.800 euro+TVA la cursul BNR),,"RECURRENT_DATE; date:13d, trend-adjusted-amount:1.000:0.1%, company-profile:82%; company=RECURRENT; dominant=KS-MM-RD-2 (82%)"
accounting:BT.BIT 817,no,KS-MM-RD-2,,RECURRENT,92,91,KS-MM-RD-2,0.824,0.802,STABLE,ACCEPT_CANDIDATE,HIGH,RECURRENT_DATE,ron,cms689psi01zbrt35rd21sqof,BT.BIT 817,KEYSIGHT TECHNOLOGIES RO SRL,2025-02-03,RON,12000.00,59720.40,,KS-MM-RD-2,KS-MM-RD-<limit>,"{""limit"":""2""}",UNIQUE,KS-MM-RD-2,443,2025-02-02,1,NO. 5 OF 04.10.2023,Penetration testing services for February 2025 | Purchase Order Number 9068003039(12.000 euro+TVA la cursul BNR) | Penetration testing services for February 2025 | Purchase Order Number 9068003039(12.000 euro+TVA la cursul BNR),,"RECURRENT_DATE; date:1d, trend-adjusted-amount:1.000:0.0%, company-profile:82%; company=RECURRENT; dominant=KS-MM-RD-2 (82%)"
accounting:BT.BIT 834,no,KS-MM-RD-2,,RECURRENT,92,91,KS-MM-RD-2,0.824,0.802,STABLE,ACCEPT_CANDIDATE,HIGH,RECURRENT_DATE,ron,cms689pw0020qrt35ka5bxwl0,BT.BIT 834,KEYSIGHT TECHNOLOGIES RO SRL,2025-03-06,RON,12600.00,62710.20,,KS-MM-RD-2,KS-MM-RD-<limit>,"{""limit"":""2""}",UNIQUE,KS-MM-RD-2,444,2025-03-02,4,NO. 5 OF 04.10.2023,Penetration testing services for March 2025 | Purchase Order Number 9068003039(12.600 euro+TVA la cursul BNR) | Penetration testing services for March 2025 | Purchase Order Number 9068003039(12.600 euro+TVA la cursul BNR),,"RECURRENT_DATE; date:4d, trend-adjusted-amount:1.000:5.0%, company-profile:82%; company=RECURRENT; dominant=KS-MM-RD-2 (82%)"
accounting:BT.BIT 857,no,KS-MM-RD-2,,RECURRENT,92,91,KS-MM-RD-2,0.824,0.802,STABLE,ACCEPT_CANDIDATE,HIGH,RECURRENT_DATE,ron,cms689q19022prt35uhguxmsa,BT.BIT 857,KEYSIGHT TECHNOLOGIES RO SRL,2025-04-02,RON,7800.00,38820.60,,KS-MM-RD-2,KS-MM-RD-<limit>,"{""limit"":""2""}",UNIQUE,KS-MM-RD-2,445,2025-04-02,0,NO. 5 OF 04.10.2023,Penetration testing services Purchase Order Number9068003039 | 7800 euro + tva la cursul BNR | Penetration testing services Purchase Order Number9068003039 | 7800 euro + tva la cursul BNR,,"RECURRENT_DATE; date:0d, company-profile:82%; company=RECURRENT; dominant=KS-MM-RD-2 (82%)"
accounting:BT.BIT 866,no,,,RECURRENT,92,91,KS-MM-RD-2,0.824,0.802,STABLE,SKIP_NO_MATCH,NONE,NONE,ron,cms689q38023grt353dlx5tip,BT.BIT 866,KEYSIGHT TECHNOLOGIES RO SRL,2025-04-13,RON,4200.00,20905.08,final,,,,EMPTY,,,,,,Penetration testing services Purchase Order Number9068003039 | 4.200 euro+TVA la cursul BNR diferenta factura 857 aprilie | Penetration testing services Purchase Order Number9068003039 | 4.200 euro+TVA la cursul BNR diferenta factura 857 ap,,No accounting-to-tracker activity match met the conservative threshold.
accounting:BT.BIT 886,no,KS-MM-RD-2,,RECURRENT,92,91,KS-MM-RD-2,0.824,0.802,STABLE,ACCEPT_CANDIDATE,HIGH,RECURRENT_DATE,ron,cms689q7u0258rt35n0dst8tt,BT.BIT 886,KEYSIGHT TECHNOLOGIES RO SRL,2025-05-13,RON,12600.00,64251.18,,KS-MM-RD-2,KS-MM-RD-<limit>,"{""limit"":""2""}",UNIQUE,KS-MM-RD-2,446,2025-05-14,1,NO. 5 OF 04.10.2023,Penetration testing services for May 2025 | Purchase Order Number 9068003039 ( 12600 euro + tva la cursul BNR) | Penetration testing services for May 2025 | Purchase Order Number 9068003039 ( 12600 euro + tva la cursul BNR),,"RECURRENT_DATE; date:1d, trend-adjusted-amount:1.000:0.0%, company-profile:82%; company=RECURRENT; dominant=KS-MM-RD-2 (82%)"
accounting:BT.BIT 920,no,KS-MM-RD-2,,RECURRENT,92,91,KS-MM-RD-2,0.824,0.802,STABLE,ACCEPT_CANDIDATE,HIGH,RECURRENT_DATE,ron,cms689qfj0286rt35fme4d0ro,BT.BIT 920,KEYSIGHT TECHNOLOGIES RO SRL,2025-06-16,RON,2700.00,13586.40,,KS-MM-RD-2,KS-MM-RD-<limit>,"{""limit"":""2""}",UNIQUE,KS-MM-RD-2,447,2025-06-11,5,NO. 5 OF 04.10.2023,Penetration testing services for June 2025 | Purchase Order Number 9068003039( 2.700 euro+TVA la cursul BNR) | Penetration testing services for June 2025 | Purchase Order Number 9068003039( 2.700 euro+TVA la cursul BNR),,"RECURRENT_DATE; date:5d, trend-adjusted-amount:1.000:0.0%, company-profile:82%; company=RECURRENT; dominant=KS-MM-RD-2 (82%)"
accounting:BT.BIT 935,no,KS-MM-RD-2,,RECURRENT,92,91,KS-MM-RD-2,0.824,0.802,STABLE,ACCEPT_CANDIDATE,HIGH,RECURRENT_DATE,ron,cms689qj0029frt35jewez2dm,BT.BIT 935,KEYSIGHT TECHNOLOGIES RO SRL,2025-07-02,RON,6900.00,35032.68,,KS-MM-RD-2,KS-MM-RD-<limit>,"{""limit"":""2""}",UNIQUE,KS-MM-RD-2,448,2025-07-09,7,NO. 5 OF 04.10.2023,Penetration testing services for Iulie 2025 | Purchase Order Number 9068003039( 6900 euro + tva la cursul BNR) | Penetration testing services for Iulie 2025 | Purchase Order Number 9068003039( 6900 euro + tva la cursul BNR),,"RECURRENT_DATE; date:7d, trend-adjusted-amount:1.000:0.0%, company-profile:82%; company=RECURRENT; dominant=KS-MM-RD-2 (82%)"
accounting:BT.BIT 963,no,KS-MM-RD-2,,RECURRENT,92,91,KS-MM-RD-2,0.824,0.802,STABLE,ACCEPT_CANDIDATE,HIGH,RECURRENT_DATE,ron,cms689qpx02brrt35yo4iayse,BT.BIT 963,KEYSIGHT TECHNOLOGIES RO SRL,2025-08-04,RON,6000.00,30462.00,,KS-MM-RD-2,KS-MM-RD-<limit>,"{""limit"":""2""}",UNIQUE,KS-MM-RD-2,449,2025-08-04,0,NO. 5 OF 04.10.2023,Penetration testing services for August 2025 | Purchase Order Number 9068003039 ( 6.000 euro+TVA la cursul BNR) | Penetration testing services for August 2025 | Purchase Order Number 9068003039 ( 6.000 euro+TVA la cursul BNR),,"RECURRENT_DATE; date:0d, trend-adjusted-amount:1.000:0.0%, company-profile:82%; company=RECURRENT; dominant=KS-MM-RD-2 (82%)"
accounting:BT.R.BIT 12,no,KS-MM-RD-2,,RECURRENT,92,91,KS-MM-RD-2,0.824,0.802,STABLE,ACCEPT_CANDIDATE,HIGH,RECURRENT_DATE,ron,cms689qvn02dxrt35kjpj4pjp,BT.R.BIT 12,KEYSIGHT TECHNOLOGIES RO SRL,2025-09-02,RON,6000.00,30435.00,,KS-MM-RD-2,KS-MM-RD-<limit>,"{""limit"":""2""}",UNIQUE,KS-MM-RD-2,450,2025-09-05,3,NO. 5 OF 04.10.2023,"PENETRATION TESTING SERVICES FOR AUGUST 2025 | Purchase Order Number 9068003039, 6000 EUR+TVA la cursul BNR 5.0725 | PENETRATION TESTING SERVICES FOR AUGUST 2025 | Purchase Order Number 9068003039, 6000 EUR+TVA la cursul BNR 5.0725",,"RECURRENT_DATE; date:3d, trend-adjusted-amount:1.000:13.0%, company-profile:82%; company=RECURRENT; dominant=KS-MM-RD-2 (82%)"
accounting:BT.R.BIT 39,no,KS-MM-RD-2,,RECURRENT,92,91,KS-MM-RD-2,0.824,0.802,STABLE,ACCEPT_CANDIDATE,HIGH,RECURRENT_DATE,ron,cms689r9n02jmrt35fofg69fr,BT.R.BIT 39,KEYSIGHT TECHNOLOGIES RO SRL,2025-10-20,RON,6900.00,35113.41,,KS-MM-RD-2,KS-MM-RD-<limit>,"{""limit"":""2""}",UNIQUE,KS-MM-RD-2,451,2025-10-20,0,NO. 5 OF 04.10.2023,"PENETRATION TESTING SERVICES FOR OCT 2025 | Purchase Order Number 9068003039, 6900 EUR+TVA la cursul BNR 5.0889 | PENETRATION TESTING SERVICES FOR OCT 2025 | Purchase Order Number 9068003039, 6900 EUR+TVA la cursul BNR 5.0889",,"RECURRENT_DATE; date:0d, trend-adjusted-amount:0.935:7.0%, company-profile:82%; company=RECURRENT; dominant=KS-MM-RD-2 (82%)"
accounting:BT.R.BIT 66,no,KS-MM-RD-2,,RECURRENT,92,91,KS-MM-RD-2,0.824,0.802,STABLE,ACCEPT_CANDIDATE,HIGH,RECURRENT_DATE,ron,cms689r4f02hert35fbn68sky,BT.R.BIT 66,KEYSIGHT TECHNOLOGIES RO SRL,2025-11-26,RON,6000.00,30534.00,,KS-MM-RD-2,KS-MM-RD-<limit>,"{""limit"":""2""}",UNIQUE,KS-MM-RD-2,452,2025-11-26,0,NO. 5 OF 04.10.2023,"PENETRATION TESTING SERVICES FOR NOV 2025 | Purchase Order Number 9068003039, 6000 EUR+TVA la cursul BNR 5.089 | PENETRATION TESTING SERVICES FOR NOV 2025 | Purchase Order Number 9068003039, 6000 EUR+TVA la cursul BNR 5.089",,"RECURRENT_DATE; date:0d, trend-adjusted-amount:0.870:0.0%, company-profile:82%; company=RECURRENT; dominant=KS-MM-RD-2 (82%)"
accounting:BT.R.BIT 94,no,KS-MM-RD-2,,RECURRENT,92,91,KS-MM-RD-2,0.824,0.802,STABLE,ACCEPT_CANDIDATE,HIGH,RECURRENT_DATE,ron,cms689rso02oert35p36vfgxf,BT.R.BIT 94,KEYSIGHT TECHNOLOGIES RO SRL,2025-12-23,RON,6000.00,30528.60,,KS-MM-RD-2,KS-MM-RD-<limit>,"{""limit"":""2""}",UNIQUE,KS-MM-RD-2,453,2025-12-23,0,NO. 5 OF 04.10.2023,"PENETRATION TESTING SERVICES FOR DEC 2025 | Purchase Order Number 9068003039, 6000 EUR+TVA la cursul BNR 5.0881 | PENETRATION TESTING SERVICES FOR DEC 2025 | Purchase Order Number 9068003039, 6000 EUR+TVA la cursul BNR 5.0881",,"RECURRENT_DATE; date:0d, trend-adjusted-amount:0.870:0.0%, company-profile:82%; company=RECURRENT; dominant=KS-MM-RD-2 (82%)"
accounting:BT.R.BIT 121,no,KS-MM-RD-2,,RECURRENT,92,91,KS-MM-RD-2,0.824,0.802,STABLE,REVIEW,HIGH,RECURRENT_DATE,ron,cms689rz102qmrt35bz1qgfoq,BT.R.BIT 121,KEYSIGHT TECHNOLOGIES RO SRL,2026-01-20,RON,6000.00,30552.60,,KS-MM-RD-2,KS-MM-RD-<limit>,"{""limit"":""2""}",UNIQUE,KS-MM-RD-2,454,2026-01-02,18,NO. 6 OF 04.10.2025,"PENETRATION TESTING SERVICES FOR JAN 2026 | Purchase Order Number 9068003039, 6000 EUR+TVA la cursul BNR 5.0921 | PENETRATION TESTING SERVICES FOR JAN 2026 | Purchase Order Number 9068003039, 6000 EUR+TVA la cursul BNR 5.0921",,"RECURRENT_DATE; date:18d, trend-adjusted-amount:0.870:0.0%, company-profile:82%; company=RECURRENT; dominant=KS-MM-RD-2 (82%)"
accounting:BT.R.BIT 148,no,KS-MM-RD-2,,RECURRENT,92,91,KS-MM-RD-2,0.824,0.802,STABLE,ACCEPT_CANDIDATE,HIGH,RECURRENT_DATE,ron,cms689sbn02u6rt35vxi3uywg,BT.R.BIT 148,KEYSIGHT TECHNOLOGIES RO SRL,2026-02-13,RON,6000.00,30560.40,,KS-MM-RD-2,KS-MM-RD-<limit>,"{""limit"":""2""}",UNIQUE,KS-MM-RD-2,455,2026-02-13,0,NO. 6 OF 04.10.2026,"PENETRATION TESTING SERVICES FOR FEB 2026 | Purchase Order Number 9068003039, 6000 EUR+TVA la cursul BNR 5.0934 | PENETRATION TESTING SERVICES FOR FEB 2026 | Purchase Order Number 9068003039, 6000 EUR+TVA la cursul BNR 5.0934",,"RECURRENT_DATE; date:0d, trend-adjusted-amount:0.870:0.0%, company-profile:82%; company=RECURRENT; dominant=KS-MM-RD-2 (82%)"
accounting:BT.R.BIT 174,no,KS-MM-RD-2,,RECURRENT,92,91,KS-MM-RD-2,0.824,0.802,STABLE,ACCEPT_CANDIDATE,HIGH,RECURRENT_DATE,ron,cms689so602xrrt35qcaa9ark,BT.R.BIT 174,KEYSIGHT TECHNOLOGIES RO SRL,2026-03-20,RON,6600.00,33632.94,,KS-MM-RD-2,KS-MM-RD-<limit>,"{""limit"":""2""}",UNIQUE,KS-MM-RD-2,456,2026-03-20,0,NO. 6 OF 04.10.2027,"PENETRATION TESTING SERVICES FOR MARCH 2026 | Purchase Order Number 9068003039, 6600.00 EUR+TVA la cursul BNR 5.0959 | PENETRATION TESTING SERVICES FOR MARCH 2026 | Purchase Order Number 9068003039, 6600.00 EUR+TVA la cursul BNR 5.0959",,"RECURRENT_DATE; date:0d, trend-adjusted-amount:0.870:10.0%, company-profile:82%; company=RECURRENT; dominant=KS-MM-RD-2 (82%)"
accounting:BT.R.BIT 203,no,KS-MM-RD-2,,RECURRENT,92,91,KS-MM-RD-2,0.824,0.802,STABLE,ACCEPT_CANDIDATE,HIGH,RECURRENT_DATE,ron,cms689t39031urt35x8o7gar1,BT.R.BIT 203,KEYSIGHT TECHNOLOGIES RO SRL,2026-04-29,RON,6000.00,30562.20,,KS-MM-RD-2,KS-MM-RD-<limit>,"{""limit"":""2""}",UNIQUE,KS-MM-RD-2,457,2026-04-29,0,NO. 6 OF 04.10.2028,"PENETRATION TESTING SERVICES FOR APRIL 2026 | Purchase Order Number 9068003039, 6000.00 EUR+TVA la cursul BNR 5.0937 | PENETRATION TESTING SERVICES FOR APRIL 2026 | Purchase Order Number 9068003039, 6000.00 EUR+TVA la cursul BNR 5.0937",,"RECURRENT_DATE; date:0d, trend-adjusted-amount:0.870:0.0%, company-profile:82%; company=RECURRENT; dominant=KS-MM-RD-2 (82%)"
accounting:BT.R.BIT 232,no,KS-MM-RD-2,,RECURRENT,92,91,KS-MM-RD-2,0.824,0.802,STABLE,ACCEPT_CANDIDATE,HIGH,RECURRENT_DATE,ron,cms689tbt034ert35zey9x4xq,BT.R.BIT 232,KEYSIGHT TECHNOLOGIES RO SRL,2026-05-25,RON,6000.00,31492.80,,KS-MM-RD-2,KS-MM-RD-<limit>,"{""limit"":""2""}",UNIQUE,KS-MM-RD-2,458,2026-05-25,0,NO. 6 OF 04.10.2029,"PENETRATION TESTING SERVICES FOR MAY 2026 | Purchase Order Number 9068003039, 6000.00 EUR+TVA la cursul BNR 5.2488 | PENETRATION TESTING SERVICES FOR MAY 2026 | Purchase Order Number 9068003039, 6000.00 EUR+TVA la cursul BNR 5.2488",,"RECURRENT_DATE; date:0d, trend-adjusted-amount:0.870:0.0%, company-profile:82%; company=RECURRENT; dominant=KS-MM-RD-2 (82%)"
accounting:BT.BIT 1082,no,KS-MM-RD-2,,RECURRENT,92,91,KS-MM-RD-2,0.824,0.802,STABLE,REVIEW,LOW,PROFILE,ron,cms689tsn0390rt35jbpgpih2,BT.BIT 1082,KEYSIGHT TECHNOLOGIES RO SRL,2026-06-25,RON,26400.00,138497.04,,KS-MM-RD-2,KS-MM-RD-<limit>,"{""limit"":""2""}",UNIQUE,KS-MM-RD-2,461,2026-08-03,39,NO. 6 OF 04.10.2032,88 days penetration testing for july-october 2026 | Purchase Order Number 9068003039 ( 26.400 euro+TVA la cursul BNR) | 88 days penetration testing for july-october 2026 | Purchase Order Number 9068003039 ( 26.400 euro+TVA la cursul BNR),,"PROFILE; date:39d, company-profile:82%; company=RECURRENT; dominant=KS-MM-RD-2 (82%)"
accounting:BT.R.BIT 290,no,KS-MM-RD-2,,RECURRENT,92,91,KS-MM-RD-2,0.824,0.802,STABLE,REVIEW,HIGH,RECURRENT_DATE,ron,cms689tve039urt35ic7fm4rd,BT.R.BIT 290,KEYSIGHT TECHNOLOGIES RO SRL,2026-07-18,RON,6000.00,31457.40,,KS-MM-RD-2,KS-MM-RD-<limit>,"{""limit"":""2""}",UNIQUE,KS-MM-RD-2,460,2026-07-03,15,NO. 6 OF 04.10.2031,"PENETRATION TESTING SERVICES FOR MAY 2026 | Purchase Order Number 9068003039, 6000.00 EUR+TVA la cursul BNR 5.2429 | PENETRATION TESTING SERVICES FOR MAY 2026 | Purchase Order Number 9068003039, 6000.00 EUR+TVA la cursul BNR 5.2429",,"RECURRENT_DATE; date:15d, trend-adjusted-amount:0.870:0.0%, company-profile:82%; company=RECURRENT; dominant=KS-MM-RD-2 (82%)"
accounting:BT.BIT 249,no,RED-PEN-B-E-BP-400,,SMALL,2,2,RED-PEN-B-E-BP-<400>,0.500,0.000,MIXED/UNKNOWN,REVIEW,MEDIUM,CONTRACT,valuta,cms689m6l00lhrt35w6j71s1c,BT.BIT 249,KRANKENHAUS BETHANIEN GGMBH,2025-08-12,EUR,10500.00,53209.80,,RED-PEN-B-E-BP-400,RED-PEN-B-E-BP-<limit>,"{""limit"":""400""}",UNIQUE,RED-PEN-B-E-BP-<400> | RED-PEN-B-I-BP-<800>,1480,2025-08-12,0,NO. 347/9.7.2025,Advance invoicing accordingly with ANNEX 1 | - SPECIFIC CYBER SECURITY SERVICES to the FRAMEWORK SERVICE AGREEMENT NO. 347/9.7.2025 | Advance invoicing accordingly with ANNEX 1 | - SPECIFIC CYBER SECURITY SERVICES to the FRAMEWORK SERVICE A,,"CONTRACT; contract, date:0d; company=SMALL; dominant=RED-PEN-B-E-BP-<400> (50%)"
accounting:BT.BIT 256,no,RED-PEN-B-E-BP-400,,SMALL,2,2,RED-PEN-B-E-BP-<400>,0.500,0.000,MIXED/UNKNOWN,REVIEW,MEDIUM,CONTRACT,valuta,cms689m7x00m0rt35so69pmph,BT.BIT 256,KRANKENHAUS BETHANIEN GGMBH,2025-09-30,EUR,10500.00,53322.15,,RED-PEN-B-E-BP-400,RED-PEN-B-E-BP-<limit>,"{""limit"":""400""}",UNIQUE,RED-PEN-B-E-BP-<400> | RED-PEN-B-I-BP-<800>,1480,2025-09-30,0,NO. 347/9.7.2025,Difference amount accordingly with ANNEX 1 | - SPECIFIC CYBER SECURITY SERVICES to the FRAMEWORK SERVICE AGREEMENT NO. 347/9.7.2025 | Difference amount accordingly with ANNEX 1 | - SPECIFIC CYBER SECURITY SERVICES to the FRAMEWORK SERVICE A,,"CONTRACT; contract, date:0d; company=SMALL; dominant=RED-PEN-B-E-BP-<400> (50%)"
accounting:BT.BIT 31,no,,,UNMATCHED,,,,,,,SKIP_NO_MATCH,NONE,NONE,valuta,cms689kp9002mrt35udyc9i52,BT.BIT 31,KUENDE SWISS GMBH,2018-08-10,EUR,11600.00,53855.32,,,,,EMPTY,,,,,,services under contract 127 / 10.08.2018 | services under contract 127 / 10.08.2018,,Organization not found in tracker.
accounting:BT.BIT 593,no,CONSULTANCY-MISC-100,,STANDARD,7,2,CONSULTANCY-MISC-100,0.500,0.333,MIXED/UNKNOWN,REVIEW,MEDIUM,SCORED,ron,cms689of001fqrt35n5ihmlb1,BT.BIT 593,LA FANTANA SRL,2024-01-23,RON,3000.00,14930.10,avans,CONSULTANCY-MISC-100,CONSULTANCY-MISC-<limit>,"{""limit"":""100""}",UNIQUE,RED-PEN-B-E-B-25 | CONSULTANCY-MISC-100,946,2024-01-23,0,contract cadru cu diverse servicii de securitate,SERVICII CONFORM CONTRACT CADRU Nr. 283/22.01.2024 | 3.000 euro+TVA la cursul BNR reprezentand avans 40% din total contract | SERVICII CONFORM CONTRACT CADRU Nr. 283/22.01.2024 | 3.000 euro+TVA la cursul BNR reprezentand avans 40% din total,,"SCORED; date:0d, amount:0.0%, milestone:avans; company=STANDARD; dominant=CONSULTANCY-MISC-100 (50%)"
accounting:BT.BIT 619,no,CONSULTANCY-MISC-100,,STANDARD,7,2,CONSULTANCY-MISC-100,0.500,0.333,MIXED/UNKNOWN,REVIEW,HIGH,STORNO_REFERENCE,ron,cms689okk01hzrt35o1g3q33h,BT.BIT 619,LA FANTANA SRL,2024-03-26,RON,3000.00,22353.15,storno,CONSULTANCY-MISC-100,CONSULTANCY-MISC-<limit>,"{""limit"":""100""}",UNIQUE,CONSULTANCY-MISC-100,946,2024-01-23,63,contract cadru cu diverse servicii de securitate,SERVICII CONFORM CONTRACT CADRU Nr. 283/22.01.2024 | Stornare factura 593/23.01.2024(3.000 euro+TVA la cursul BNR reprezentand avans 40% din total contract | SERVICII CONFORM CONTRACT CADRU Nr. 283/22.01.2024 | Stornare factura 593/23.01.20,,Storno mapped to BT.BIT 593; contract=true; amount=true; gap=63d
accounting:BT.BIT 730,no,RED-PEN-B-E-B-25,,STANDARD,7,2,CONSULTANCY-MISC-100,0.500,0.333,MIXED/UNKNOWN,ACCEPT_CANDIDATE,HIGH,CONTRACT,ron,cms689p9d01rwrt354n5fbg4n,BT.BIT 730,LA FANTANA SRL,2024-10-25,RON,3168.00,15755.41,avans,RED-PEN-B-E-B-25,RED-PEN-B-E-B-<limit>,"{""limit"":""25""}",UNIQUE,RED-PEN-B-E-B-25 | CONSULTANCY-MISC-100,947,2024-10-25,0,ACT ADITIONAL NR. 1 DIN 22.10.2024 la contractul Nr. 283/22.01.2024,"Avans conform ANEXA 1 ? SERVICII PUNCTUALE DE SECURITATE | INFORMATICA, LA ACTUL ADITIONAL NR. 1 DIN 2218.10.2024 LA CONTRACT NR. 283/22.01.2024(3.168 euro+TVA la cursul BNR) | Avans conform ANEXA 1 ? SERVICII PUNCTUALE DE SECURITATE | INFO",,"CONTRACT; contract, date:0d, amount:0.0%, milestone:avans; company=STANDARD; dominant=CONSULTANCY-MISC-100 (50%)"
accounting:BT.BIT 752,no,RED-PEN-B-E-B-25,,STANDARD,7,2,CONSULTANCY-MISC-100,0.500,0.333,MIXED/UNKNOWN,ACCEPT_CANDIDATE,HIGH,CONTRACT,ron,cms689pe601tqrt35x2cmdos3,BT.BIT 752,LA FANTANA SRL,2024-11-22,RON,4752.00,23645.48,final,RED-PEN-B-E-B-25,RED-PEN-B-E-B-<limit>,"{""limit"":""25""}",UNIQUE,RED-PEN-B-E-B-25 | CONSULTANCY-MISC-100,947,2024-11-22,0,ACT ADITIONAL NR. 1 DIN 22.10.2024 la contractul Nr. 283/22.01.2024,Diferenta de 60% conform ACT ADITIONAL NR. 1 | DIN 22.10.2024 la contractul Nr. 283/22.01.2024( 4.752 euro+TVA la cursul BNR) | Diferenta de 60% conform ACT ADITIONAL NR. 1 | DIN 22.10.2024 la contractul Nr. 283/22.01.2024( 4.752 euro+TVA l,,"CONTRACT; contract, date:0d, amount:0.0%, milestone:final; company=STANDARD; dominant=CONSULTANCY-MISC-100 (50%)"
accounting:BT.BIT 753,no,RED-PEN-B-E-B-25,,STANDARD,7,2,CONSULTANCY-MISC-100,0.500,0.333,MIXED/UNKNOWN,REVIEW,HIGH,STORNO_REFERENCE,ron,cms689pef01ttrt35vbw0b5c6,BT.BIT 753,LA FANTANA SRL,2024-11-25,RON,3168.00,15755.41,storno,RED-PEN-B-E-B-25,RED-PEN-B-E-B-<limit>,"{""limit"":""25""}",UNIQUE,RED-PEN-B-E-B-25,947,2024-10-25,31,ACT ADITIONAL NR. 1 DIN 22.10.2024 la contractul Nr. 283/22.01.2024,"Avans conform ANEXA 1 ? SERVICII PUNCTUALE DE SECURITATE | INFORMATICA, LA ACTUL ADITIONAL NR. 1 DIN 2218.10.2024 LA CONTRACT NR. 283/22.01.2024(3.168 euro+TVA la cursul BNR) Stornare factura avans 730/25.10.2024 | Avans conform ANEXA 1 ? S",,Storno mapped to BT.BIT 730; contract=true; amount=true; gap=31d
accounting:BT.BIT 754,no,CONSULTANCY-MISC-100,,STANDARD,7,2,CONSULTANCY-MISC-100,0.500,0.333,MIXED/UNKNOWN,REVIEW,LOW,SCORED,ron,cms689pep01twrt35ctvo7gpa,BT.BIT 754,LA FANTANA SRL,2024-11-25,RON,4752.00,23645.48,final,CONSULTANCY-MISC-100,CONSULTANCY-MISC-<limit>,"{""limit"":""100""}",UNIQUE,RED-PEN-B-E-B-25 | CONSULTANCY-MISC-100,946,2024-03-29,241,contract cadru cu diverse servicii de securitate,Diferenta de 60% conform ACT ADITIONAL NR. 1 | DIN 22.10.2024 la contractul Nr. 283/22.01.2024( 4.752 euro+TVA la cursul BNR) Sornare factura 753/25.11.2024 | Diferenta de 60% conform ACT ADITIONAL NR. 1 | DIN 22.10.2024 la contractul Nr. 2,,"SCORED; amount:5.6%, milestone:final; company=STANDARD; dominant=CONSULTANCY-MISC-100 (50%)"
accounting:BT.BIT 755,no,,,STANDARD,7,2,CONSULTANCY-MISC-100,0.500,0.333,MIXED/UNKNOWN,SKIP_NO_MATCH,NONE,NONE,ron,cms689pex01tzrt35a8jf1el3,BT.BIT 755,LA FANTANA SRL,2024-11-25,RON,7920.00,39409.13,,,,,EMPTY,,,,,,SERVICII CONFORM CONTRACT Nr. 283/22.01.2024 | factura finala 7.920 euro+TVA la cursul BNR(3.168 euro+4.752 euro=7.920 euro+TVA la cursul BNR) | SERVICII CONFORM CONTRACT Nr. 283/22.01.2024 | factura finala 7.920 euro+TVA la cursul BNR(3.16,,No accounting-to-tracker activity match met the conservative threshold.
accounting:BT.BIT 978,no,,,UNMATCHED,,,,,,,SKIP_NO_MATCH,NONE,NONE,ron,cms689qt702d0rt350pyy6kh4,BT.BIT 978,LAMAJOLE S.R.L.,2025-08-29,RON,425.00,2153.56,,,,,EMPTY,,,,,,Servicii de instalare conform ANEXA 1 | ? SERVICII RECURENTE DE SECURITATE INFORMATICA Contract NR. 1022/13.08.2025 / NR. 354/13.08.2025( 425 euro+TVA la cursul BNR) | Servicii de instalare conform ANEXA 1 | ? SERVICII RECURENTE DE SECURITA,,Organization not found in tracker.
accounting:BT.R.BIT 25,no,,,UNMATCHED,,,,,,,SKIP_NO_MATCH,NONE,NONE,ron,cms689qyo02f0rt35li6wgx5r,BT.R.BIT 25,LAMAJOLE S.R.L.,2025-09-02,RON,344.25,1746.21,,,,,EMPTY,,,,,,"SERVICII RECURENTE CONFORM ANEXA 1 | SERVICII RECURENTE DE SECURITATE INFORMATICA la contractul NR. 1022/13.08.2025 / NR. 1022/13.08.2025, 344.25 EUR+TVA la cursul BNR 5.0725 | SERVICII RECURENTE CONFORM ANEXA 1 | SERVICII RECURENTE DE SECU",,Organization not found in tracker.
accounting:BT.R.BIT 52,no,,,UNMATCHED,,,,,,,SKIP_NO_MATCH,NONE,NONE,ron,cms689rej02kprt35li657pin,BT.R.BIT 52,LAMAJOLE S.R.L.,2025-10-20,RON,344.25,1751.85,,,,,EMPTY,,,,,,"SERVICII RECURENTE CONFORM ANEXA 1 | SERVICII RECURENTE DE SECURITATE INFORMATICA la contractul NR. 1022/13.08.2025 / NR. 1022/13.08.2025, 344.25 EUR+TVA la cursul BNR 5.0889 | SERVICII RECURENTE CONFORM ANEXA 1 | SERVICII RECURENTE DE SECU",,Organization not found in tracker.
accounting:BT.R.BIT 79,no,,,UNMATCHED,,,,,,,SKIP_NO_MATCH,NONE,NONE,ron,cms689rjm02m8rt35u7c9yre8,BT.R.BIT 79,LAMAJOLE S.R.L.,2025-11-26,RON,344.25,1751.89,,,,,EMPTY,,,,,,"SERVICII RECURENTE CONFORM ANEXA 1 | SERVICII RECURENTE DE SECURITATE INFORMATICA la contractul NR. 1022/13.08.2025 / NR. 1022/13.08.2025, 344.25 EUR+TVA la cursul BNR 5.089 | SERVICII RECURENTE CONFORM ANEXA 1 | SERVICII RECURENTE DE SECUR",,Organization not found in tracker.
accounting:BT.R.BIT 106,no,,,UNMATCHED,,,,,,,SKIP_NO_MATCH,NONE,NONE,ron,cms689rvp02pert35t1ajn29o,BT.R.BIT 106,LAMAJOLE S.R.L.,2025-12-23,RON,344.25,1751.58,,,,,EMPTY,,,,,,"SERVICII RECURENTE CONFORM ANEXA 1 | SERVICII RECURENTE DE SECURITATE INFORMATICA la contractul NR. 1022/13.08.2025 / NR. 1022/13.08.2025, 344.25 EUR+TVA la cursul BNR 5.0881 | SERVICII RECURENTE CONFORM ANEXA 1 | SERVICII RECURENTE DE SECU",,Organization not found in tracker.
accounting:BT.R.BIT 133,no,,,UNMATCHED,,,,,,,SKIP_NO_MATCH,NONE,NONE,ron,cms689s1u02rmrt35bz45glsv,BT.R.BIT 133,LAMAJOLE S.R.L.,2026-01-20,RON,344.25,1752.96,,,,,EMPTY,,,,,,"SERVICII RECURENTE CONFORM ANEXA 1 | SERVICII RECURENTE DE SECURITATE INFORMATICA la contractul NR. 1022/13.08.2025 / NR. 1022/13.08.2025, 344.25 EUR+TVA la cursul BNR 5.0921 | SERVICII RECURENTE CONFORM ANEXA 1 | SERVICII RECURENTE DE SECU",,Organization not found in tracker.
accounting:BT.R.BIT 161,no,,,UNMATCHED,,,,,,,SKIP_NO_MATCH,NONE,NONE,ron,cms689sff02v9rt35tsw6uoxk,BT.R.BIT 161,LAMAJOLE S.R.L.,2026-02-13,RON,344.25,1753.40,,,,,EMPTY,,,,,,"SERVICII RECURENTE CONFORM ANEXA 1 | SERVICII RECURENTE DE SECURITATE INFORMATICA la contractul NR. 1022/13.08.2025 / NR. 1022/13.08.2025, 344.25 EUR+TVA la cursul BNR 5.0934 | SERVICII RECURENTE CONFORM ANEXA 1 | SERVICII RECURENTE DE SECU",,Organization not found in tracker.
accounting:BT.R.BIT 175,no,,,UNMATCHED,,,,,,,SKIP_NO_MATCH,NONE,NONE,ron,cms689sol02xurt350xz4v7bn,BT.R.BIT 175,LAMAJOLE S.R.L.,2026-03-20,RON,344.25,1754.26,,,,,EMPTY,,,,,,"SERVICII RECURENTE CONFORM ANEXA 1 | SERVICII RECURENTE DE SECURITATE INFORMATICA la contractul NR. 1022/13.08.2025 / NR. 1022/13.08.2025, 344.25 EUR+TVA la cursul BNR 5.0959 | SERVICII RECURENTE CONFORM ANEXA 1 | SERVICII RECURENTE DE SECU",,Organization not found in tracker.
accounting:BT.R.BIT 233,no,,,UNMATCHED,,,,,,,SKIP_NO_MATCH,NONE,NONE,ron,cms689tc3034hrt35h5utp0v0,BT.R.BIT 233,LAMAJOLE S.R.L.,2026-05-25,RON,344.25,1806.90,,,,,EMPTY,,,,,,"SERVICII RECURENTE CONFORM ANEXA 1 | SERVICII RECURENTE DE SECURITATE INFORMATICA la contractul NR. 1022/13.08.2025 / NR. 1022/13.08.2025, 344.25 EUR+TVA la cursul BNR 5.2488 | SERVICII RECURENTE CONFORM ANEXA 1 | SERVICII RECURENTE DE SECU",,Organization not found in tracker.
accounting:BT.R.BIT 291,no,,,UNMATCHED,,,,,,,SKIP_NO_MATCH,NONE,NONE,ron,cms689tvl039xrt35l261fl0z,BT.R.BIT 291,LAMAJOLE S.R.L.,2026-07-18,RON,344.25,1804.87,,,,,EMPTY,,,,,,"SERVICII RECURENTE CONFORM ANEXA 1 | SERVICII RECURENTE DE SECURITATE INFORMATICA la contractul NR. 1022/13.08.2025 / NR. 1022/13.08.2025, 344.25 EUR+TVA la cursul BNR 5.2429 | SERVICII RECURENTE CONFORM ANEXA 1 | SERVICII RECURENTE DE SECU",,Organization not found in tracker.
accounting:BT.BIT 353,no,RED-PEN-S-WB-1,,SMALL,1,1,RED-PEN-S-WB-1,1.000,0.000,MIXED/UNKNOWN,ACCEPT_CANDIDATE,HIGH,CONTRACT,ron,cms689mvg00ulrt35p5syyj71,BT.BIT 353,LANCERIA FREELANCING S.R.L.,2022-05-30,RON,5250.00,25954.95,avans,RED-PEN-S-WB-1,RED-PEN-S-WB-<limit>,"{""limit"":""1""}",UNIQUE,RED-PEN-S-WB-1,154,2022-05-30,0,224/30.05.2022,SERVICII CONFORM CONTRACT 224/30.05.2022 | 5.250 euro+TVA reprezentand avans 50%. | SERVICII CONFORM CONTRACT 224/30.05.2022 | 5.250 euro+TVA reprezentand avans 50%.,,"CONTRACT; contract, date:0d, amount:0.0%, milestone:avans; company=SMALL; dominant=RED-PEN-S-WB-1 (100%)"
accounting:BT.BIT 825,no,RED-PEN-B-E-B-6,,STANDARD,5,2,RED-PEN-B-E-B-6,0.500,0.000,MIXED/UNKNOWN,ACCEPT_CANDIDATE,HIGH,CONTRACT,ron,cms689pu401zzrt35r7ge94t4,BT.BIT 825,LATITUDE BUSINESS APPLICATION S.R.L.,2025-03-04,RON,1560.00,7764.74,,RED-PEN-B-E-B-6,RED-PEN-B-E-B-<limit>,"{""limit"":""6""}",UNIQUE,RED-PEN-B-E-B-6 | RED-PEN-B-E-B-7,1439,2025-03-04,0,326/27.1.2025,SERVICII PUNCTUALE DE SECURITATE INFORMATICA | la contractul NR. 326/27.1.2025 conform ANEXA 1( 1.560 euro+TVA la cursul BNR) | SERVICII PUNCTUALE DE SECURITATE INFORMATICA | la contractul NR. 326/27.1.2025 conform ANEXA 1( 1.560 euro+TVA l,,"CONTRACT; contract, date:0d, amount:0.0%; company=STANDARD; dominant=RED-PEN-B-E-B-6 (50%)"
accounting:BT.BIT 847,no,RED-PEN-B-E-B-6,,STANDARD,5,2,RED-PEN-B-E-B-6,0.500,0.000,MIXED/UNKNOWN,REVIEW,HIGH,STORNO_REFERENCE,ron,cms689pz0021vrt35jdgf6tz5,BT.BIT 847,LATITUDE BUSINESS APPLICATION S.R.L.,2025-03-17,RON,1560.00,7764.74,storno,RED-PEN-B-E-B-6,RED-PEN-B-E-B-<limit>,"{""limit"":""6""}",UNIQUE,RED-PEN-B-E-B-6,1439,2025-03-17,0,326/27.1.2025,SERVICII PUNCTUALE DE SECURITATE INFORMATICA | la contractul NR. 326/27.1.2025 conform ANEXA 1( 1.560 euro+TVA la cursul BNR) STORNARE FACT. 425 DIN 04.03.2025 | SERVICII PUNCTUALE DE SECURITATE INFORMATICA | la contractul NR. 326/27.1.2025,,Storno mapped to BT.BIT 848; contract=true; amount=true; gap=0d
accounting:BT.BIT 848,no,RED-PEN-B-E-B-6,,STANDARD,5,2,RED-PEN-B-E-B-6,0.500,0.000,MIXED/UNKNOWN,ACCEPT_CANDIDATE,HIGH,CONTRACT,ron,cms689pz9021yrt35dniz7l51,BT.BIT 848,LATITUDE BUSINESS APPLICATION S.R.L.,2025-03-17,RON,1560.00,19409.52,,RED-PEN-B-E-B-6,RED-PEN-B-E-B-<limit>,"{""limit"":""6""}",UNIQUE,RED-PEN-B-E-B-6 | RED-PEN-B-E-B-7,1439,2025-03-17,0,326/27.1.2025,SERVICII PUNCTUALE DE SECURITATE INFORMATICA | NR. 326/27.1.2025 ANEXA NR 1 . Factura finala adica 1.560 euro+2.340 euro la cursul BNR) | SERVICII PUNCTUALE DE SECURITATE INFORMATICA | NR. 326/27.1.2025 ANEXA NR 1 . Factura finala adica 1.5,,"CONTRACT; contract, date:0d; company=STANDARD; dominant=RED-PEN-B-E-B-6 (50%)"
accounting:BT.BIT 1035,no,RED-PEN-B-E-B-7,,STANDARD,5,2,RED-PEN-B-E-B-6,0.500,0.000,MIXED/UNKNOWN,ACCEPT_CANDIDATE,HIGH,CONTRACT,ron,cms689sif02w3rt35rdp3mjui,BT.BIT 1035,LATITUDE BUSINESS APPLICATION S.R.L.,2026-03-04,RON,2100.00,10706.01,avans,RED-PEN-B-E-B-7,RED-PEN-B-E-B-<limit>,"{""limit"":""7""}",UNIQUE,RED-PEN-B-E-B-7 | RED-PEN-B-E-B-6,1440,2026-03-03,1,326/27.1.2025,"Avans conform ACT ADITIONAL NR. 1 DIN 12.02.2026 | CONTRACT DE PRESTARI SERVICII NR. 326/27.1.2025( 2,100 Euro + TVA la cursul BNR) | Avans conform ACT ADITIONAL NR. 1 DIN 12.02.2026 | CONTRACT DE PRESTARI SERVICII NR. 326/27.1.2025( 2,100 ",,"CONTRACT; contract, date:1d, amount:0.0%, milestone:avans; company=STANDARD; dominant=RED-PEN-B-E-B-6 (50%)"
accounting:BT.BIT 1040,no,RED-PEN-B-E-B-7,,STANDARD,5,2,RED-PEN-B-E-B-6,0.500,0.000,MIXED/UNKNOWN,REVIEW,HIGH,STORNO_REFERENCE,ron,cms689sjr02wjrt35y7uvmivl,BT.BIT 1040,LATITUDE BUSINESS APPLICATION S.R.L.,2026-03-17,RON,2100.00,10692.57,storno,RED-PEN-B-E-B-7,RED-PEN-B-E-B-<limit>,"{""limit"":""7""}",UNIQUE,RED-PEN-B-E-B-7,1440,2026-03-03,13,326/27.1.2025,"Avans conform ACT ADITIONAL NR. 1 DIN 12.02.2026 Servicii de penetration testing conform | CONTRACT DE PRESTARI SERVICII NR. 326/27.1.2025( 2,100 Euro + TVA la cursul BNR) Stornare factura 1035/04.03.2026 | Avans conform ACT ADITIONAL NR. 1",,Storno mapped to BT.BIT 1035; contract=true; amount=true; gap=13d
accounting:BT.BIT 313,no,,,UNMATCHED,,,,,,,SKIP_NO_MATCH,NONE,NONE,ron,cms689mlx00r8rt35ojw7t6a3,BT.BIT 313,LEROY MERLIN ROMANIA SRL,2021-12-10,RON,9590.00,47461.87,,,,,EMPTY,,,,,,SERVICII pachet de materiale educationale in domeniul | securitatii informatice conform contract B2021/039 ( 9.590 euro+TVA la cursul BNR) | SERVICII pachet de materiale educationale in domeniul | securitatii informatice conform contract B2,,Organization not found in tracker.
accounting:BT.BIT 73,no,BLUE-IR-300,,SMALL,3,2,BLUE-IR-300,0.500,0.000,MIXED/UNKNOWN,ACCEPT_CANDIDATE,HIGH,CONTRACT,valuta,cms689l010066rt35w3u44a44,BT.BIT 73,"LIVEAUCTIONEERS,LLC",2020-07-16,USD,16740.00,70939.10,,BLUE-IR-300,BLUE-IR-<limit>,"{""limit"":""300""}",UNIQUE,BLUE-IR-300 | BLUE-IR-90,121,2020-07-16,0,167/16.07.2020,Services under contract no.167 of 16.07.2020 | advance | Services under contract no.167 of 16.07.2020 | advance,,"CONTRACT; contract, date:0d; company=SMALL; dominant=BLUE-IR-300 (50%)"
accounting:BT.BIT 76,no,BLUE-IR-300,,SMALL,3,2,BLUE-IR-300,0.500,0.000,MIXED/UNKNOWN,ACCEPT_CANDIDATE,HIGH,CONTRACT,valuta,cms689l0s006grt358kve7nj0,BT.BIT 76,"LIVEAUCTIONEERS,LLC",2020-08-11,USD,11160.00,45899.96,,BLUE-IR-300,BLUE-IR-<limit>,"{""limit"":""300""}",UNIQUE,BLUE-IR-300 | BLUE-IR-90,121,2020-08-11,0,167/16.07.2020,Services under contract no.167 of 16.07.2020 | Services under contract no.167 of 16.07.2020,,"CONTRACT; contract, date:0d; company=SMALL; dominant=BLUE-IR-300 (50%)"
accounting:BT.BIT 159,no,BLUE-IR-90,,SMALL,3,2,BLUE-IR-300,0.500,0.000,MIXED/UNKNOWN,REVIEW,LOW,SCORED,valuta,cms689llb00dkrt35qdu6nsqj,BT.BIT 159,"LIVEAUCTIONEERS,LLC",2022-10-03,USD,5460.00,27556.07,,BLUE-IR-90,BLUE-IR-<limit>,"{""limit"":""90""}",UNIQUE,BLUE-IR-90,122,2022-10-03,0,167/16.07.2020,SERVICES AGREEMENT NO.17 /16.07.2020 | SERVICES AGREEMENT NO.17 /16.07.2020,,SCORED; date:0d; company=SMALL; dominant=BLUE-IR-300 (50%)
accounting:437,no,RED-NIS-C-PEN-4,,SMALL,2,4,RED-NIS-C-PEN-4,0.500,0.000,MIXED/UNKNOWN,REVIEW,LOW,SCORED,ron,cms689nf7011urt35ehgvv2st,437,M.W. TEAM INVEST SRL,2022-12-21,RON,6000.00,29413.80,,RED-NIS-C-PEN-4,RED-NIS-C-PEN-<limit>,"{""limit"":""4""}",UNIQUE,RED-NIS-C-PEN-4 | RED-NIS-C-AUDIT-4,102,2022-12-21,0,Nr. RO70/33 din data de 22.09.2022,SERVICII CONFORM CONTRACT RO/70/33 DIN 22.09.2022 | 6.000 euro+TVA la cursul BNR | SERVICII CONFORM CONTRACT RO/70/33 DIN 22.09.2022 | 6.000 euro+TVA la cursul BNR,,SCORED; date:0d; company=SMALL; dominant=RED-NIS-C-PEN-4 (50%)
accounting:BT.BIT 776,no,RED-NIS-C-PEN-4,,SMALL,2,4,RED-NIS-C-PEN-4,0.500,0.000,MIXED/UNKNOWN,REVIEW,MEDIUM,CONTRACT,ron,cms689pjg01vsrt35p5yhomrn,BT.BIT 776,M.W. TEAM INVEST SRL,2024-12-18,RON,6890.00,34281.88,,RED-NIS-C-PEN-4,RED-NIS-C-PEN-<limit>,"{""limit"":""4""}",UNIQUE,RED-NIS-C-PEN-4 | RED-NIS-C-AUDIT-4,104,2024-12-18,0,Nr. RO70 / 10 / 30.09.2024,"Servicii de audit informatic pentru identificarea | si evaluarea vulnerabilitatilor si riscurilor informatice in conformitate cu Legea 362/2018 (NIS)?, conform CONTRACT DE SERVICII Nr. RO70 / 10 / 30.09.2024( 6.890 EURO+tva la cursul BNR) |",,"CONTRACT; contract, date:0d, description:0.25; company=SMALL; dominant=RED-NIS-C-PEN-4 (50%)"
accounting:BT.BIT 924,no,CONSULTANCY-MISC-5,,STANDARD,6,6,CONSULTANCY-MISC-5,0.333,0.500,MIXED/UNKNOWN,ACCEPT_CANDIDATE,HIGH,CONTRACT,ron,cms689qgg028irt35nrmmv004,BT.BIT 924,M247 EUROPE SRL,2025-06-27,RON,2490.00,12628.53,,CONSULTANCY-MISC-5,CONSULTANCY-MISC-<limit>,"{""limit"":""5""}",UNIQUE,CONSULTANCY-MISC-5 | CONSULTANCY-MISC-7 | RED-PEN-B-E-B-15,1472,2025-06-27,0,NO. 342/12.5.2025,"Servicii Faza 1 | Conform Anexa 1 la Contractul 342/12.5.2025 ( 2,490 Euro + TVA la cursul BNR) | Servicii Faza 1 | Conform Anexa 1 la Contractul 342/12.5.2025 ( 2,490 Euro + TVA la cursul BNR)",,"CONTRACT; contract, date:0d, amount:0.0%; company=STANDARD; dominant=CONSULTANCY-MISC-5 (33%)"
accounting:BT.BIT 952,no,CONSULTANCY-MISC-7,,STANDARD,6,6,CONSULTANCY-MISC-5,0.333,0.500,MIXED/UNKNOWN,ACCEPT_CANDIDATE,HIGH,CONTRACT,ron,cms689qmw02aurt35i4rd48yv,BT.BIT 952,M247 EUROPE SRL,2025-07-31,RON,3735.00,18962.60,,CONSULTANCY-MISC-7,CONSULTANCY-MISC-<limit>,"{""limit"":""7""}",UNIQUE,CONSULTANCY-MISC-7 | RED-PEN-B-E-B-15 | CONSULTANCY-MISC-5,1473,2025-07-31,0,NO. 342/12.5.2025,"Servicii Faza 2 Conform Anexa 1 la Contractul 342/12.5.2025 | 3,735 EURO + TVA la cursul BNR | Servicii Faza 2 Conform Anexa 1 la Contractul 342/12.5.2025 | 3,735 EURO + TVA la cursul BNR",,"CONTRACT; contract, date:0d, amount:0.0%; company=STANDARD; dominant=CONSULTANCY-MISC-5 (33%)"
accounting:BT.BIT 953,no,RED-PEN-B-E-B-15,,STANDARD,6,6,CONSULTANCY-MISC-5,0.333,0.500,MIXED/UNKNOWN,ACCEPT_CANDIDATE,HIGH,CONTRACT,ron,cms689qn802axrt35txhmqhrv,BT.BIT 953,M247 EUROPE SRL,2025-07-31,RON,7175.00,36427.48,,RED-PEN-B-E-B-15,RED-PEN-B-E-B-<limit>,"{""limit"":""15""}",UNIQUE,RED-PEN-B-E-B-15 | CONSULTANCY-MISC-7 | CONSULTANCY-MISC-5,1476,2025-07-31,0,NO. 342/12.5.2025,"Servicii Conform Anexa 1 | (50% din serviciile de penetration testing) la Contractul 342/12.5.2025 ( 7,175 EURO + TVA la cursul BNR) | Servicii Conform Anexa 1 | (50% din serviciile de penetration testing) la Contractul 342/12.5.2025 ( 7,17",,"CONTRACT; contract, date:0d, amount:0.0%; company=STANDARD; dominant=CONSULTANCY-MISC-5 (33%)"
accounting:BT.BIT 976,no,CONSULTANCY-MISC-5,,STANDARD,6,6,CONSULTANCY-MISC-5,0.333,0.500,MIXED/UNKNOWN,ACCEPT_CANDIDATE,HIGH,CONTRACT,ron,cms689qss02curt35htus9pqs,BT.BIT 976,M247 EUROPE SRL,2025-08-29,RON,2450.00,12617.33,,CONSULTANCY-MISC-5,CONSULTANCY-MISC-<limit>,"{""limit"":""5""}",UNIQUE,CONSULTANCY-MISC-5 | CONSULTANCY-MISC-7 | RED-PEN-B-E-B-15,1474,2025-08-29,0,NO. 342/12.5.2025,Servicii Faza 3 | Conform Anexa 1 la Contractul 342/12.5.2025( 2.450 euro+TVA la cursul BNR) | Servicii Faza 3 | Conform Anexa 1 la Contractul 342/12.5.2025( 2.450 euro+TVA la cursul BNR),,"CONTRACT; contract, date:0d, amount:1.6%; company=STANDARD; dominant=CONSULTANCY-MISC-5 (33%)"
accounting:BT.BIT_ 971,no,CONSULTANCY-MISC-7,,STANDARD,6,6,CONSULTANCY-MISC-5,0.333,0.500,MIXED/UNKNOWN,ACCEPT_CANDIDATE,HIGH,CONTRACT,ron,cms689ri102ltrt35sjirqg5i,BT.BIT_ 971,M247 EUROPE SRL,2025-10-31,RON,3735.00,18994.72,,CONSULTANCY-MISC-7,CONSULTANCY-MISC-<limit>,"{""limit"":""7""}",UNIQUE,CONSULTANCY-MISC-7 | CONSULTANCY-MISC-5 | RED-PEN-B-E-B-15,1475,2025-10-31,0,NO. 342/12.5.2025,"Servicii Faza 4 Conform Anexa 1 la Contractul 342/12.5.2025 | 3,735 EURO + TVA la cursul BNR | Servicii Faza 4 Conform Anexa 1 la Contractul 342/12.5.2025 | 3,735 EURO + TVA la cursul BNR",,"CONTRACT; contract, date:0d, amount:0.0%; company=STANDARD; dominant=CONSULTANCY-MISC-5 (33%)"
accounting:BT.BIT 1062,no,RED-PEN-B-E-B-15,,STANDARD,6,6,CONSULTANCY-MISC-5,0.333,0.500,MIXED/UNKNOWN,ACCEPT_CANDIDATE,HIGH,CONTRACT,ron,cms689syu030qrt35ti6wn19q,BT.BIT 1062,M247 EUROPE SRL,2026-04-14,RON,7175.00,36547.30,,RED-PEN-B-E-B-15,RED-PEN-B-E-B-<limit>,"{""limit"":""15""}",UNIQUE,RED-PEN-B-E-B-15 | CONSULTANCY-MISC-7 | CONSULTANCY-MISC-5,1477,2026-04-14,0,NO. 342/12.5.2025,"Servicii Conform Anexa 1 | (50% din serviciile de penetration testing) la Contractul 342/12.5.2025 ( 7,175 EURO + TVA la cursul BNR) | Servicii Conform Anexa 1 | (50% din serviciile de penetration testing) la Contractul 342/12.5.2025 ( 7,17",,"CONTRACT; contract, date:0d, amount:0.0%; company=STANDARD; dominant=CONSULTANCY-MISC-5 (33%)"
accounting:BT.BIT 342,no,RED-PEN-B-I-B-500,,SMALL,3,2,RED-PEN-B-I-B-500,0.500,0.000,MIXED/UNKNOWN,REVIEW,MEDIUM,CONTRACT,ron,cms689msp00tort35gc98fh8d,BT.BIT 342,MACROMEX SRL,2022-04-18,RON,5860.00,28957.77,,RED-PEN-B-I-B-500,RED-PEN-B-I-B-<limit>,"{""limit"":""500""}",UNIQUE,RED-PEN-B-I-B-500 | RED-AUDIT-A-10,141,2022-04-18,0,220/15.04.2022,SERVICII CONFORM CONTRACT 220/15.04.2022 | 5.860 euro+TVA la cursul BNR | SERVICII CONFORM CONTRACT 220/15.04.2022 | 5.860 euro+TVA la cursul BNR,,"CONTRACT; contract, date:0d; company=SMALL; dominant=RED-PEN-B-I-B-500 (50%)"
accounting:BT.BIT 379,no,RED-AUDIT-A-10,,SMALL,3,2,RED-PEN-B-I-B-500,0.500,0.000,MIXED/UNKNOWN,REVIEW,MEDIUM,CONTRACT,ron,cms689n2300wurt35mx435h0t,BT.BIT 379,MACROMEX SRL,2022-08-05,RON,4395.00,21651.09,,RED-AUDIT-A-10,RED-AUDIT-A-<limit>,"{""limit"":""10""}",UNIQUE,RED-PEN-B-I-B-500 | RED-AUDIT-A-10,142,2022-09-12,38,220/15.04.2022,SERVICII CONFORM CONTRACT 220/15.04.2022 | 4.395 euro+TVA la cursul BNR | SERVICII CONFORM CONTRACT 220/15.04.2022 | 4.395 euro+TVA la cursul BNR,,"CONTRACT; contract, date:38d; company=SMALL; dominant=RED-PEN-B-I-B-500 (50%)"
accounting:BT.BIT 393,no,RED-PEN-B-I-B-500,,SMALL,3,2,RED-PEN-B-I-B-500,0.500,0.000,MIXED/UNKNOWN,REVIEW,MEDIUM,CONTRACT,ron,cms689n5d00y8rt351sw7lc7z,BT.BIT 393,MACROMEX SRL,2022-09-12,RON,4395.00,21556.16,,RED-PEN-B-I-B-500,RED-PEN-B-I-B-<limit>,"{""limit"":""500""}",UNIQUE,RED-PEN-B-I-B-500 | RED-AUDIT-A-10,141,2022-09-12,0,220/15.04.2022,SERVICII CONFORM CONTRACT 220/15.04.2022 | 4.395 euro+TVA la cursul BNR | SERVICII CONFORM CONTRACT 220/15.04.2022 | 4.395 euro+TVA la cursul BNR,,"CONTRACT; contract, date:0d; company=SMALL; dominant=RED-PEN-B-I-B-500 (50%)"
accounting:BT.BIT 1013,no,RED-PEN-B-E-B-13,,SMALL,1,1,RED-PEN-B-E-B-13,1.000,0.000,MIXED/UNKNOWN,ACCEPT_CANDIDATE,HIGH,CONTRACT,ron,cms689s3t02s2rt35a4t6x3m7,BT.BIT 1013,MAIB IFN S.A.,2026-01-26,RON,8320.00,42384.58,,RED-PEN-B-E-B-13,RED-PEN-B-E-B-<limit>,"{""limit"":""13""}",UNIQUE,RED-PEN-B-E-B-13,1556,2026-01-26,0,CONTRACT-CADRU DE PRESTARI SERVICII NR. 362/22.9.2025,Servicii de penetration testing conform Anexa 1 | la CONTRACT-CADRU DE PRESTARI SERVICII NR. 362/22.9.2025( 8320 EURO + TVA la cursul BNR) | Servicii de penetration testing conform Anexa 1 | la CONTRACT-CADRU DE PRESTARI SERVICII NR. 362/22,,"CONTRACT; contract, date:0d, amount:0.0%; company=SMALL; dominant=RED-PEN-B-E-B-13 (100%)"
accounting:BT.BIT 103,no,,,UNMATCHED,,,,,,,SKIP_NO_MATCH,NONE,NONE,valuta,cms689l8d008srt35z9upo261,BT.BIT 103,MASERNET GMBH,2021-08-02,EUR,5151.50,25344.35,,,,,EMPTY,,,,,,"SERVICII CONFORM CONTRACT 152/07.01.2021 | act additional 2, anexa nr 2 din 02.08.2021 | SERVICII CONFORM CONTRACT 152/07.01.2021 | act additional 2, anexa nr 2 din 02.08.2021 | SERVICII CONFORM CONTRACT 152/07.01.2021 | act additional 2, a",,Organization not found in tracker.
accounting:BT.BIT 110,no,,,UNMATCHED,,,,,,,SKIP_NO_MATCH,NONE,NONE,valuta,cms689l9v009brt35l7qonnkb,BT.BIT 110,MASERNET GMBH,2021-09-01,EUR,689.50,3402.54,,,,,EMPTY,,,,,,"SERVICII CONFORM CONTRACT 152/07.01.2021 | act additional 2, anexa nr 3 din 02.08.2021 | SERVICII CONFORM CONTRACT 152/07.01.2021 | act additional 2, anexa nr 3 din 02.08.2021",,Organization not found in tracker.
accounting:BT.BIT 112,no,,,UNMATCHED,,,,,,,SKIP_NO_MATCH,NONE,NONE,valuta,cms68c24e003apj38rh8n53bu,BT.BIT 112,MASERNET GMBH,2021-10-04,EUR,689.50,3411.58,,,,,EMPTY,,,,,,"SEVICII conform CONTRACT 152/07.01.2021 act additional 2, | anexa nr 3 din 02.08.2021 | SEVICII conform CONTRACT 152/07.01.2021 act additional 2, | anexa nr 3 din 02.08.2021",,Organization not found in tracker.
accounting:BT.BIT 118,no,,,UNMATCHED,,,,,,,SKIP_NO_MATCH,NONE,NONE,valuta,cms689lbq009xrt3551mhbgh2,BT.BIT 118,MASERNET GMBH,2021-11-01,EUR,685.50,3392.47,,,,,EMPTY,,,,,,"SEVICII conform CONTRACT 152/07.01.2021 act additional 2, | anexa nr 3 din 02.08.2021 | SEVICII conform CONTRACT 152/07.01.2021 act additional 2, | anexa nr 3 din 02.08.2021",,Organization not found in tracker.
accounting:BT.BIT 121,no,,,UNMATCHED,,,,,,,SKIP_NO_MATCH,NONE,NONE,valuta,cms689lci00a6rt35j8le7bjg,BT.BIT 121,MASERNET GMBH,2021-12-02,EUR,689.50,3412.34,,,,,EMPTY,,,,,,"SEVICII conform CONTRACT 152/07.01.2021 act aditional 2, | anexa nr 3 din 02.08.2021 | SEVICII conform CONTRACT 152/07.01.2021 act aditional 2, | anexa nr 3 din 02.08.2021",,Organization not found in tracker.
accounting:BT.BIT 130,no,,,UNMATCHED,,,,,,,SKIP_NO_MATCH,NONE,NONE,valuta,cms689leo00b2rt359ck2u6ux,BT.BIT 130,MASERNET GMBH,2022-01-04,EUR,689.50,3411.23,,,,,EMPTY,,,,,,SERVICII conform CONTRACT 152/07.01.2021 act aditional 2 | anexa nr 3 din 02.08.2021 | SERVICII conform CONTRACT 152/07.01.2021 act aditional 2 | anexa nr 3 din 02.08.2021,,Organization not found in tracker.
accounting:BT.BIT 134,no,,,UNMATCHED,,,,,,,SKIP_NO_MATCH,NONE,NONE,valuta,cms689lfk00bfrt35r588xhd8,BT.BIT 134,MASERNET GMBH,2022-02-03,EUR,689.50,3410.40,,,,,EMPTY,,,,,,SERVICII conform CONTRACT 152/07.01.2021 act aditional 2 | anexa nr 3 din 02.08.2021 | SERVICII conform CONTRACT 152/07.01.2021 act aditional 2 | anexa nr 3 din 02.08.2021,,Organization not found in tracker.
accounting:BT.BIT 138,no,,,UNMATCHED,,,,,,,SKIP_NO_MATCH,NONE,NONE,valuta,cms689lgc00bort3556hc0rdn,BT.BIT 138,MASERNET GMBH,2022-03-03,EUR,689.50,3412.34,,,,,EMPTY,,,,,,SERVICII conform CONTRACT 152/07.01.2021 act aditional 2 | anexa nr 3 din 02.08.2021 | SERVICII conform CONTRACT 152/07.01.2021 act aditional 2 | anexa nr 3 din 02.08.2021,,Organization not found in tracker.
accounting:BT.BIT 141,no,,,UNMATCHED,,,,,,,SKIP_NO_MATCH,NONE,NONE,valuta,cms689lh200bxrt35rwby2vt9,BT.BIT 141,MASERNET GMBH,2022-04-06,EUR,689.50,3408.27,,,,,EMPTY,,,,,,SERVICII conform CONTRACT 152/07.01.2021 act aditional 2 | anexa nr 3 din 02.08.2021 | SERVICII conform CONTRACT 152/07.01.2021 act aditional 2 | anexa nr 3 din 02.08.2021,,Organization not found in tracker.
accounting:BT.BIT 145,no,,,UNMATCHED,,,,,,,SKIP_NO_MATCH,NONE,NONE,valuta,cms689lid00cdrt35vzebkwoy,BT.BIT 145,MASERNET GMBH,2022-05-09,EUR,689.50,3412.34,,,,,EMPTY,,,,,,SERVICII conform CONTRACT 152/07.01.2021 act aditional 2 | anexa nr 3 din 02.08.2021. | SERVICII conform CONTRACT 152/07.01.2021 act aditional 2 | anexa nr 3 din 02.08.2021.,,Organization not found in tracker.
accounting:BT.BIT 148,no,,,UNMATCHED,,,,,,,SKIP_NO_MATCH,NONE,NONE,valuta,cms689liv00clrt35vp9jy6xp,BT.BIT 148,MASERNET GMBH,2022-06-09,EUR,689.50,3409.99,,,,,EMPTY,,,,,,SERVICII conform CONTRACT 152/07.01.2021 act aditional 2 | anexa nr 3 din 02.08.2021. | SERVICII conform CONTRACT 152/07.01.2021 act aditional 2 | anexa nr 3 din 02.08.2021.,,Organization not found in tracker.
accounting:BT.BIT 151,no,,,UNMATCHED,,,,,,,SKIP_NO_MATCH,NONE,NONE,valuta,cms689ljf00cwrt353kp79i85,BT.BIT 151,MASERNET GMBH,2022-07-12,EUR,689.50,3408.20,,,,,EMPTY,,,,,,SERVICII conform CONTRACT 152/07.01.2021 act aditional 2 | anexa nr 3 din 02.08.2021. | SERVICII conform CONTRACT 152/07.01.2021 act aditional 2 | anexa nr 3 din 02.08.2021.,,Organization not found in tracker.
accounting:BT.BIT 155,no,,,UNMATCHED,,,,,,,SKIP_NO_MATCH,NONE,NONE,valuta,cms689lke00d8rt35xkgds7ck,BT.BIT 155,MASERNET GMBH,2022-08-08,EUR,689.50,3396.75,,,,,EMPTY,,,,,,SERVICII conform CONTRACT 152/07.01.2021 act aditional 2 | anexa nr 3 din 02.08.2021. | SERVICII conform CONTRACT 152/07.01.2021 act aditional 2 | anexa nr 3 din 02.08.2021.,,Organization not found in tracker.
accounting:BT.BIT 215,no,,,UNMATCHED,,,,,,,SKIP_NO_MATCH,NONE,NONE,valuta,cms689lyp00idrt3503uk1uvw,BT.BIT 215,MASERNET GMBH,2024-12-10,EUR,2860.00,14216.77,avans,,,,EMPTY,,,,,,Avans conform ACT ADITIONAL NR. 1 DIN 19.11.2024 | la contractul Nr. 176/08.12.2020 | Avans conform ACT ADITIONAL NR. 1 DIN 19.11.2024 | la contractul Nr. 176/08.12.2020,,Organization not found in tracker.
accounting:BT.BIT 218,no,,,UNMATCHED,,,,,,,SKIP_NO_MATCH,NONE,NONE,valuta,cms689lzd00inrt35w3l2hxap,BT.BIT 218,MASERNET GMBH,2024-12-19,EUR,4290.00,21325.17,storno,,,,EMPTY,,,,,,"Avans conform ACT ADITIONAL NR. 1 DIN 19.11.2024 ACT ADITIONAL NR. 1 DIN 19.11.2024 la contractul Nr. | la contractul Nr. 176/08.12.2020 ( stornare factura 215/10.12.2024 , 2860 uro) | Avans conform ACT ADITIONAL NR. 1 DIN 19.11.2024 | la c",,Organization not found in tracker.
accounting:BT.BIT 478,no,RED-NIS-C-PEN-100,,SMALL,3,2,RED-NIS-C-PEN-100,0.500,0.000,MIXED/UNKNOWN,REVIEW,MEDIUM,CONTRACT,ron,cms689noj015hrt35o9u6936e,BT.BIT 478,MED-SERV UNITED SRL,2023-05-12,RON,1600.00,7891.84,avans,RED-NIS-C-PEN-100,RED-NIS-C-PEN-<limit>,"{""limit"":""100""}",UNIQUE,RED-NIS-C-PEN-100 | RED-NIS-C-AUDIT-100,837,2023-05-12,0,637/20.04.2023,SERVICII CONFORM CONTRACT 637/20.04.2023 | 1.600 euro+TVA la cursul BNR reprezentand avans | SERVICII CONFORM CONTRACT 637/20.04.2023 | 1.600 euro+TVA la cursul BNR reprezentand avans,,"CONTRACT; contract, date:0d, milestone:avans; company=SMALL; dominant=RED-NIS-C-PEN-100 (50%)"
accounting:BT.BIT 506,no,RED-NIS-C-AUDIT-100,,SMALL,3,2,RED-NIS-C-PEN-100,0.500,0.000,MIXED/UNKNOWN,REVIEW,LOW,CONTRACT,ron,cms689nuz0180rt35xz7jlmnh,BT.BIT 506,MED-SERV UNITED SRL,2023-07-10,RON,1200.00,5941.68,,RED-NIS-C-AUDIT-100,RED-NIS-C-AUDIT-<limit>,"{""limit"":""100""}",UNIQUE,RED-NIS-C-PEN-100 | RED-NIS-C-AUDIT-100,838,2023-08-31,52,637/20.04.2023,SERVICII CONFORM CONTRACT NR. 637/20.04.2023 | 1.200 euro+TVA la cursul BNR | SERVICII CONFORM CONTRACT NR. 637/20.04.2023 | 1.200 euro+TVA la cursul BNR,,"CONTRACT; contract, date:52d; company=SMALL; dominant=RED-NIS-C-PEN-100 (50%)"
accounting:BT.BIT 524,no,RED-NIS-C-PEN-100,,SMALL,3,2,RED-NIS-C-PEN-100,0.500,0.000,MIXED/UNKNOWN,REVIEW,MEDIUM,CONTRACT,ron,cms689nzc019mrt3572pmwwme,BT.BIT 524,MED-SERV UNITED SRL,2023-08-31,RON,1200.00,5929.44,,RED-NIS-C-PEN-100,RED-NIS-C-PEN-<limit>,"{""limit"":""100""}",UNIQUE,RED-NIS-C-PEN-100 | RED-NIS-C-AUDIT-100,837,2023-08-31,0,637/20.04.2023,SERVICII CONFORM CONTRACT 637/20.04.2023 articolul 3.9.3. | 1.200 euro+TVA la cursul BNR | SERVICII CONFORM CONTRACT 637/20.04.2023 articolul 3.9.3. | 1.200 euro+TVA la cursul BNR,,"CONTRACT; contract, date:0d; company=SMALL; dominant=RED-NIS-C-PEN-100 (50%)"
accounting:BT.BIT 1073,no,BLUE-IR-9,,SMALL,1,1,BLUE-IR-9,1.000,0.000,MIXED/UNKNOWN,ACCEPT_CANDIDATE,HIGH,CONTRACT,ron,cms689thc0362rt35h91ivtzh,BT.BIT 1073,MEDPLAZA HEALTH S.R.L.,2026-06-10,RON,7700.00,40337.22,,BLUE-IR-9,BLUE-IR-<limit>,"{""limit"":""9""}",UNIQUE,BLUE-IR-9,1590,2026-06-10,0,NR. 403/01.09.2026,SERVICII CONTRACT CADRU DE PRESTARI SERV.Nr 403/01.06.2026 | 7.700 euro+TVA la cursul BNR | SERVICII CONTRACT CADRU DE PRESTARI SERV.Nr 403/01.06.2026 | 7.700 euro+TVA la cursul BNR,,"CONTRACT; contract, date:0d, amount:0.0%; company=SMALL; dominant=BLUE-IR-9 (100%)"
accounting:BT.BIT 191,no,RED-PEN-B-E-B-30,,SMALL,4,3,RED-PEN-B-E-B-30,0.667,0.333,MIXED/UNKNOWN,ACCEPT_CANDIDATE,HIGH,CONTRACT,valuta,cms689lsv00g9rt3541uog8yw,BT.BIT 191,MEISTERLABS GMBH,2024-05-31,EUR,6750.00,33592.05,,RED-PEN-B-E-B-30,RED-PEN-B-E-B-<limit>,"{""limit"":""30""}",UNIQUE,RED-PEN-B-E-B-30 | RED-PEN-B-E-B-18,1267,2024-05-31,0,293/28.05.2024,Services according to the contract 293/28.05.2024 | Services according to the contract 293/28.05.2024,,"CONTRACT; contract, date:0d, amount:0.0%; company=SMALL; dominant=RED-PEN-B-E-B-30 (67%)"
accounting:BT.BIT 195,no,,,SMALL,4,3,RED-PEN-B-E-B-30,0.667,0.333,MIXED/UNKNOWN,SKIP_NO_MATCH,NONE,SOURCE_REUSE_ANOMALY,valuta,cms689ltr00glrt35jae9embx,BT.BIT 195,MEISTERLABS GMBH,2024-07-03,EUR,6750.00,33594.75,,,,,EMPTY,RED-PEN-B-E-B-30 | RED-PEN-B-E-B-18,,,5,,SERVICES ACCORDING TO the contract 293/28.05.2024 DDoS Stress Testing Services (advance) according with ANNEX | SERVICES ACCORDING TO the contract 293/28.05.2024 | DDoS Stress Testing Services (advance) according with ANNEX | 1 - SPECIFIC C,"[{""line"":1,""service"":""SERVICES ACCORDING TO the contract  293/28.05.2024"",""partNumber"":""RED-PEN-B-E-B-30"",""confidence"":""HIGH"",""trackerRow"":1267},{""line"":2,""service"":""DDoS Stress Testing Services (advance) according with ANNEX | 1 - SPECIFIC CYBER SECURITY SERVICES, to FRAMEWORK SERVICE AGREEMENT NO. 394/11.3.2026"",""partNumber"":"""",""confidence"":""NONE"",""trackerRow"":null}]",Quarantined: nr_iesire is reused by multiple organization/date/id_iesire headers inside the same source workbook; production lines may be contaminated.
accounting:BT.BIT 250,no,RED-PEN-B-E-B-30,,SMALL,4,3,RED-PEN-B-E-B-30,0.667,0.333,MIXED/UNKNOWN,ACCEPT_CANDIDATE,HIGH,CONTRACT,valuta,cms689m6t00lkrt35v1a4eyt2,BT.BIT 250,MEISTERLABS GMBH,2025-08-25,EUR,9000.00,45490.50,,RED-PEN-B-E-B-30,RED-PEN-B-E-B-<limit>,"{""limit"":""30""}",UNIQUE,RED-PEN-B-E-B-30 | RED-PEN-B-E-B-18,1268,2025-08-25,0,293/28.05.2024,Services according Addendum No. 1 | from 30.07.2025 SERVICES AGREEMENT No. 293/28.05.2024 | Services according Addendum No. 1 | from 30.07.2025 SERVICES AGREEMENT No. 293/28.05.2024,,"CONTRACT; contract, date:0d, amount:0.0%; company=SMALL; dominant=RED-PEN-B-E-B-30 (67%)"
accounting:BT.R.BIT 204,no,RED-PEN-B-E-B-18,,SMALL,4,3,RED-PEN-B-E-B-30,0.667,0.333,MIXED/UNKNOWN,ACCEPT_CANDIDATE,HIGH,CONTRACT,valuta,cms689t3i031xrt35nps78i9r,BT.R.BIT 204,MEISTERLABS GMBH,2026-06-19,EUR,9000.00,47105.10,,RED-PEN-B-E-B-18,RED-PEN-B-E-B-<limit>,"{""limit"":""18""}",UNIQUE,RED-PEN-B-E-B-18 | RED-PEN-B-E-B-30,1269,2026-06-19,0,293/28.05.2024,Services accordingly with Addendum | No. 2 from 18.05.2026 SERVICES AGREEMENT No. 293/28.05.2024 | Services accordingly with Addendum | No. 2 from 18.05.2026 SERVICES AGREEMENT No. 293/28.05.2024,,"CONTRACT; contract, date:0d, amount:0.0%; company=SMALL; dominant=RED-PEN-B-E-B-30 (67%)"
accounting:BT.BIT 979,no,,,UNMATCHED,,,,,,,SKIP_NO_MATCH,NONE,NONE,ron,cms689qtf02d3rt35nrmbkg32,BT.BIT 979,MENDOLA PRO SRL,2025-08-29,RON,425.00,2153.56,,,,,EMPTY,,,,,,Servicii de instalare conform ANEXA 1 | ? SERVICII RECURENTE DE SECURITATE INFORMATICA la contractul cu NR. 1223/13.08.2025 / NR. 352/13.08.2025(425 euro+TVA la cursul BNR) | Servicii de instalare conform ANEXA 1 | ? SERVICII RECURENTE DE S,,Organization not found in tracker.
accounting:BT.R.BIT 26,no,,,UNMATCHED,,,,,,,SKIP_NO_MATCH,NONE,NONE,ron,cms689qyw02f3rt35fxw759hz,BT.R.BIT 26,MENDOLA PRO SRL,2025-09-02,RON,344.25,1746.21,,,,,EMPTY,,,,,,"SERVICII RECURENTE CONFORM ANEXA 1 | SERVICII RECURENTE DE SECURITATE INFORMATICA la contractul NR. 1223/13.08.2025 / NR. 352/13.08.2025, 344.25 EUR+TVA la cursul BNR 5.0725 | SERVICII RECURENTE CONFORM ANEXA 1 | SERVICII RECURENTE DE SECUR",,Organization not found in tracker.
accounting:BT.R.BIT 53,no,,,UNMATCHED,,,,,,,SKIP_NO_MATCH,NONE,NONE,ron,cms689res02ksrt351tcvyfgg,BT.R.BIT 53,MENDOLA PRO SRL,2025-10-20,RON,344.25,1751.85,,,,,EMPTY,,,,,,"SERVICII RECURENTE CONFORM ANEXA 1 | SERVICII RECURENTE DE SECURITATE INFORMATICA la contractul NR. 1223/13.08.2025 / NR. 352/13.08.2025, 344.25 EUR+TVA la cursul BNR 5.0889 | SERVICII RECURENTE CONFORM ANEXA 1 | SERVICII RECURENTE DE SECUR",,Organization not found in tracker.
accounting:BT.R.BIT 80,no,,,UNMATCHED,,,,,,,SKIP_NO_MATCH,NONE,NONE,ron,cms689rjv02mbrt35z4pr7kvy,BT.R.BIT 80,MENDOLA PRO SRL,2025-11-26,RON,344.25,1751.89,,,,,EMPTY,,,,,,"SERVICII RECURENTE CONFORM ANEXA 1 | SERVICII RECURENTE DE SECURITATE INFORMATICA la contractul NR. 1223/13.08.2025 / NR. 352/13.08.2025, 344.25 EUR+TVA la cursul BNR 5.089 | SERVICII RECURENTE CONFORM ANEXA 1 | SERVICII RECURENTE DE SECURI",,Organization not found in tracker.
accounting:BT.R.BIT 107,no,,,UNMATCHED,,,,,,,SKIP_NO_MATCH,NONE,NONE,ron,cms689rvx02phrt35j4yz36ft,BT.R.BIT 107,MENDOLA PRO SRL,2025-12-23,RON,344.25,1751.58,,,,,EMPTY,,,,,,"SERVICII RECURENTE CONFORM ANEXA 1 | SERVICII RECURENTE DE SECURITATE INFORMATICA la contractul NR. 1223/13.08.2025 / NR. 352/13.08.2025, 344.25 EUR+TVA la cursul BNR 5.0881 | SERVICII RECURENTE CONFORM ANEXA 1 | SERVICII RECURENTE DE SECUR",,Organization not found in tracker.
accounting:BT.R.BIT 134,no,,,UNMATCHED,,,,,,,SKIP_NO_MATCH,NONE,NONE,ron,cms689s2c02rprt35gi6apc0n,BT.R.BIT 134,MENDOLA PRO SRL,2026-01-20,RON,344.25,1752.96,,,,,EMPTY,,,,,,"SERVICII RECURENTE CONFORM ANEXA 1 | SERVICII RECURENTE DE SECURITATE INFORMATICA la contractul NR. 1223/13.08.2025 / NR. 352/13.08.2025, 344.25 EUR+TVA la cursul BNR 5.0921 | SERVICII RECURENTE CONFORM ANEXA 1 | SERVICII RECURENTE DE SECUR",,Organization not found in tracker.
accounting:BT.R.BIT 162,no,,,UNMATCHED,,,,,,,SKIP_NO_MATCH,NONE,NONE,ron,cms689sg602vcrt351ugtc5yw,BT.R.BIT 162,MENDOLA PRO SRL,2026-02-13,RON,344.25,1753.40,,,,,EMPTY,,,,,,"SERVICII RECURENTE CONFORM ANEXA 1 | SERVICII RECURENTE DE SECURITATE INFORMATICA la contractul NR. 1223/13.08.2025 / NR. 352/13.08.2025, 344.25 EUR+TVA la cursul BNR 5.0934 | SERVICII RECURENTE CONFORM ANEXA 1 | SERVICII RECURENTE DE SECUR",,Organization not found in tracker.
accounting:BT.R.BIT 176,no,,,UNMATCHED,,,,,,,SKIP_NO_MATCH,NONE,NONE,ron,cms689sot02xxrt35hsczzfq2,BT.R.BIT 176,MENDOLA PRO SRL,2026-03-20,RON,344.25,1754.26,,,,,EMPTY,,,,,,"SERVICII RECURENTE CONFORM ANEXA 1 | SERVICII RECURENTE DE SECURITATE INFORMATICA la contractul NR. 1223/13.08.2025 / NR. 352/13.08.2025, 344.25 EUR+TVA la cursul BNR 5.0959 | SERVICII RECURENTE CONFORM ANEXA 1 | SERVICII RECURENTE DE SECUR",,Organization not found in tracker.
accounting:BT.R.BIT 205,no,,,UNMATCHED,,,,,,,SKIP_NO_MATCH,NONE,NONE,ron,cms689t3q0320rt354dsvj504,BT.R.BIT 205,MENDOLA PRO SRL,2026-04-29,RON,344.25,1753.51,,,,,EMPTY,,,,,,"SERVICII RECURENTE CONFORM ANEXA 1 | SERVICII RECURENTE DE SECURITATE INFORMATICA la contractul NR. 1223/13.08.2025 / NR. 352/13.08.2025, 344.25 EUR+TVA la cursul BNR 5.0937 | SERVICII RECURENTE CONFORM ANEXA 1 | SERVICII RECURENTE DE SECUR",,Organization not found in tracker.
accounting:BT.R.BIT 234,no,,,UNMATCHED,,,,,,,SKIP_NO_MATCH,NONE,NONE,ron,cms689tch034krt354kd0jkld,BT.R.BIT 234,MENDOLA PRO SRL,2026-05-25,RON,344.25,1806.90,,,,,EMPTY,,,,,,"SERVICII RECURENTE CONFORM ANEXA 1 | SERVICII RECURENTE DE SECURITATE INFORMATICA la contractul NR. 1223/13.08.2025 / NR. 352/13.08.2025, 344.25 EUR+TVA la cursul BNR 5.2488 | SERVICII RECURENTE CONFORM ANEXA 1 | SERVICII RECURENTE DE SECUR",,Organization not found in tracker.
accounting:BT.R.BIT 263,no,,,UNMATCHED,,,,,,,SKIP_NO_MATCH,NONE,NONE,ron,cms689tmp0378rt35tnwtqro2,BT.R.BIT 263,MENDOLA PRO SRL,2026-06-17,RON,344.25,1800.77,,,,,EMPTY,,,,,,"SERVICII RECURENTE CONFORM ANEXA 1 | SERVICII RECURENTE DE SECURITATE INFORMATICA la contractul NR. 1223/13.08.2025 / NR. 352/13.08.2025, 344.25 EUR+TVA la cursul BNR 5.231 | SERVICII RECURENTE CONFORM ANEXA 1 | SERVICII RECURENTE DE SECURI",,Organization not found in tracker.
accounting:BT.R.BIT 292,no,,,UNMATCHED,,,,,,,SKIP_NO_MATCH,NONE,NONE,ron,cms689tvs03a0rt35squxbf0u,BT.R.BIT 292,MENDOLA PRO SRL,2026-07-18,RON,344.25,1804.87,,,,,EMPTY,,,,,,"SERVICII RECURENTE CONFORM ANEXA 1 | SERVICII RECURENTE DE SECURITATE INFORMATICA la contractul NR. 1223/13.08.2025 / NR. 352/13.08.2025, 344.25 EUR+TVA la cursul BNR 5.2429 | SERVICII RECURENTE CONFORM ANEXA 1 | SERVICII RECURENTE DE SECUR",,Organization not found in tracker.
accounting:BT.BIT1069,no,RED-VA-E-B-4,,SMALL,1,1,RED-VA-E-B-<4>,1.000,0.000,MIXED/UNKNOWN,REVIEW,LOW,PROFILE,ron,cms689t9c033irt358f4je27s,BT.BIT1069,MERIDIAN TAXI SRL,2026-05-21,RON,500.00,2617.90,,RED-VA-E-B-4,RED-VA-E-B-<limit>,"{""limit"":""4""}",UNIQUE,RED-VA-E-B-<4>,1587,2026-05-21,0,CONTRACT-CADRU DE PRESTĂRI SERVICII NR. 398 DIN 11.05.2026,Servicii conform ANEXA 1 | ? SERVICII PUNCTUALE DE SECURITATE INFORMATICA LA CONTRACTUL NR. 398 DIN 11.05.2026 | Servicii conform ANEXA 1 | ? SERVICII PUNCTUALE DE SECURITATE INFORMATICA LA CONTRACTUL NR. 398 DIN 11.05.2026,,"PROFILE; date:0d, amount:0.0%; company=SMALL; dominant=RED-VA-E-B-<4> (100%)"
accounting:BT.BIT 773,no,RED-PEN-B-E-B-7,,SMALL,1,1,RED-PEN-B-E-B-7,1.000,0.000,MIXED/UNKNOWN,REVIEW,LOW,PROFILE,ron,cms689pis01vjrt35ltxene50,BT.BIT 773,METAMINDS S.A.,2024-12-11,RON,5500.00,27326.20,,RED-PEN-B-E-B-7,RED-PEN-B-E-B-<limit>,"{""limit"":""7""}",UNIQUE,RED-PEN-B-E-B-7,1311,2024-12-10,1,MMS2024175 / 26.07.2024,Livrare servicii conform CONTRACT DE PRESTARI SERVICII | Nr. MMS2024175 / 26.07.2024 (5.500 euro+TVA la cursul BNR) | Livrare servicii conform CONTRACT DE PRESTARI SERVICII | Nr. MMS2024175 / 26.07.2024 (5.500 euro+TVA la cursul BNR),,"PROFILE; date:1d, amount:0.0%; company=SMALL; dominant=RED-PEN-B-E-B-7 (100%)"
accounting:BT.BIT 804,no,BLUE-IR-5,,RECURRENT,24,26,BLUE-MDR-C-12,0.923,0.882,STABLE,ACCEPT_CANDIDATE,HIGH,CONTRACT,ron,cms689ppw01y7rt35hscy326f,BT.BIT 804,MILLENIUM PRO DESIGN SRL,2025-01-23,RON,7125.00,35456.13,avans,BLUE-IR-5,BLUE-IR-<limit>,"{""limit"":""5""}",UNIQUE,BLUE-IR-5 | RED-PEN-B-I-B-50,1340,2025-01-23,0,Nr. 325/15.1.2025,Avans SERVICII CONFORM ANEXA 1 | SERVICII DE SECURITATE INFORMATICA DE TIP INVESTIGATIE la CONTRACT-CADRU DE PRESTARI SERVICII Nr. 325/15.1.2025 ( 7125 EURO + TVA la cursul BNR) | Avans SERVICII CONFORM ANEXA 1 | SERVICII DE SECURITATE INFO,,"CONTRACT; contract, date:0d, trend-adjusted-amount:1.000:0.0%, milestone:avans; company=RECURRENT; dominant=BLUE-MDR-C-12 (92%)"
accounting:BT.BIT 805,no,RED-PEN-B-I-B-50,,RECURRENT,24,26,BLUE-MDR-C-12,0.923,0.882,STABLE,ACCEPT_CANDIDATE,HIGH,CONTRACT,ron,cms689pq301yart35si3vtmvp,BT.BIT 805,MILLENIUM PRO DESIGN SRL,2025-01-23,RON,4400.00,21895.72,,RED-PEN-B-I-B-50,RED-PEN-B-I-B-<limit>,"{""limit"":""50""}",UNIQUE,RED-PEN-B-I-B-50 | BLUE-IR-5 | BLUE-MDR-C-12,1341,2025-01-23,0,Nr. 325/15.1.2025,SERVICII CONFORM ANEXA 2 | SERVICII PUNCTUALE DE SECURITATE INFORMATICA la Contract Nr. 325/15.1.2025( 4.400 euro+TVA la cursul BNR) | SERVICII CONFORM ANEXA 2 | SERVICII PUNCTUALE DE SECURITATE INFORMATICA la Contract Nr. 325/15.1.2025( 4.,,"CONTRACT; contract, date:0d, trend-adjusted-amount:1.000:0.0%; company=RECURRENT; dominant=BLUE-MDR-C-12 (92%)"
accounting:BT.BIT 839,no,BLUE-IR-5,,RECURRENT,24,26,BLUE-MDR-C-12,0.923,0.882,STABLE,REVIEW,HIGH,STORNO_REFERENCE,ron,cms689px00215rt35w7lpdtj4,BT.BIT 839,MILLENIUM PRO DESIGN SRL,2025-03-12,RON,7125.00,0.00,storno,BLUE-IR-5,BLUE-IR-<limit>,"{""limit"":""5""}",UNIQUE,BLUE-IR-5,1340,2025-01-23,48,Nr. 325/15.1.2025,Avans SERVICII CONFORM ANEXA 1 SERVICII CONFORM ANEXA 1 | SERVICII DE SECURITATE INFORMATICA DE TIP INVESTIGATIE la CONTRACT-CADRU DE PRESTARI SERVICII Nr. 325/15.1.2025 ( 7125 EURO + TVA la cursul BNR) Stornare factura 804 | Avans SERVICII,,Storno mapped to BT.BIT 804; contract=true; amount=true; gap=48d
accounting:BT.BIT 840,no,RED-PEN-B-I-B-50,,RECURRENT,24,26,BLUE-MDR-C-12,0.923,0.882,STABLE,REVIEW,HIGH,STORNO_REFERENCE,ron,cms689px80219rt35cn4hjzz2,BT.BIT 840,MILLENIUM PRO DESIGN SRL,2025-03-12,RON,4400.00,0.00,storno,RED-PEN-B-I-B-50,RED-PEN-B-I-B-<limit>,"{""limit"":""50""}",UNIQUE,RED-PEN-B-I-B-50,1341,2025-01-23,48,Nr. 325/15.1.2025,Avans SERVICII CONFORM ANEXA 2 SERVICII CONFORM ANEXA 2 | SERVICII PUNCTUALE DE SECURITATE INFORMATICA la Contract Nr. 325/15.1.2025( 4.400 euro+TVA la cursul BNR) Stornare factura 805 | Avans SERVICII CONFORM ANEXA 2 | SERVICII PUNCTUALE D,,Storno mapped to BT.BIT 805; contract=true; amount=true; gap=48d
accounting:BT.BIT 841,no,BLUE-IR-5,,RECURRENT,24,26,BLUE-MDR-C-12,0.923,0.882,STABLE,REVIEW,HIGH,STORNO_REFERENCE,ron,cms689pxi021drt35njhz2cs5,BT.BIT 841,MILLENIUM PRO DESIGN SRL,2025-03-14,RON,7125.00,35456.13,storno,BLUE-IR-5,BLUE-IR-<limit>,"{""limit"":""5""}",UNIQUE,BLUE-IR-5,1340,2025-01-23,50,Nr. 325/15.1.2025,Stornare fact.804/23.01.2025 Avans SERVICII CONFORM ANEXA 1 | SERVICII DE SECURITATE INFORMATICA DE TIP INVESTIGATIE la CONTRACT-CADRU DE PRESTARI SERVICII Nr. 325/15.1.2025 ( 7125 EURO + TVA la cursul BNR) | Stornare fact.804/23.01.2025 Av,,Storno mapped to BT.BIT 804; contract=true; amount=true; gap=50d
accounting:BT.BIT 842,no,BLUE-MDR-C-12,,RECURRENT,24,26,BLUE-MDR-C-12,0.923,0.882,STABLE,REVIEW,MEDIUM,CONTRACT,ron,cms689pxr021grt35fquqdou0,BT.BIT 842,MILLENIUM PRO DESIGN SRL,2025-03-14,RON,14250.00,70922.25,,BLUE-MDR-C-12,BLUE-MDR-C-<limit>,"{""limit"":""12""}",UNIQUE,BLUE-MDR-C-12 | BLUE-IR-5 | RED-PEN-B-I-B-50,1342,2025-04-30,47,Act aditional nr. 1 din 21.3.2025 la contractul Nr. 325/15.1.2025,SERVICII CONFORM ANEXA 1 | SERVICII DE SECURITATE INFORMATICA DE TIP INVESTIGATIE la CONTRACT-CADRU DE PRESTARI SERVICII Nr. 325/15.1.2025 Factura finala ( 14.250 EURO + TVA la cursul BNR) | SERVICII CONFORM ANEXA 1 | SERVICII DE SECURITATE,,"CONTRACT; contract, date:47d, company-profile:92%; company=RECURRENT; dominant=BLUE-MDR-C-12 (92%)"
accounting:BT.BIT 843,no,RED-PEN-B-I-B-50,,RECURRENT,24,26,BLUE-MDR-C-12,0.923,0.882,STABLE,REVIEW,HIGH,STORNO_REFERENCE,ron,cms689py0021jrt35472mkbvk,BT.BIT 843,MILLENIUM PRO DESIGN SRL,2025-03-14,RON,4400.00,21895.72,storno,RED-PEN-B-I-B-50,RED-PEN-B-I-B-<limit>,"{""limit"":""50""}",UNIQUE,RED-PEN-B-I-B-50,1341,2025-01-23,50,Nr. 325/15.1.2025,Stornare factura 805/23.01.2025 SERVICII CONFORM ANEXA 2 | SERVICII PUNCTUALE DE SECURITATE INFORMATICA la Contract Nr. 325/15.1.2025( 4.400 euro+TVA la cursul BNR) | Stornare factura 805/23.01.2025 SERVICII CONFORM ANEXA 2 | SERVICII PUNCT,,Storno mapped to BT.BIT 805; contract=true; amount=true; gap=50d
accounting:BT.BIT 844,no,RED-PEN-B-I-B-50,,RECURRENT,24,26,BLUE-MDR-C-12,0.923,0.882,STABLE,REVIEW,HIGH,CONTRACT,ron,cms689pya021mrt35t59zkax8,BT.BIT 844,MILLENIUM PRO DESIGN SRL,2025-03-14,RON,8800.00,43797.60,,RED-PEN-B-I-B-50,RED-PEN-B-I-B-<limit>,"{""limit"":""50""}",UNIQUE,RED-PEN-B-I-B-50 | BLUE-MDR-C-12 | BLUE-IR-5,1341,2025-02-21,21,Nr. 325/15.1.2025,SERVICII CONFORM ANEXA 2 | SERVICII PUNCTUALE DE SECURITATE INFORMATICA la Contract Nr. 325/15.1.2025 Factura finala( 8.800 Euro+TVA la cursul BNR) | SERVICII CONFORM ANEXA 2 | SERVICII PUNCTUALE DE SECURITATE INFORMATICA la Contract Nr. 32,,"CONTRACT; contract, date:21d, trend-adjusted-amount:1.000:0.0%; company=RECURRENT; dominant=BLUE-MDR-C-12 (92%)"
accounting:BT.BIT 874,no,BLUE-MDR-C-12,,RECURRENT,24,26,BLUE-MDR-C-12,0.923,0.882,STABLE,ACCEPT_CANDIDATE,HIGH,RECURRENT_DATE,ron,cms689q5a0248rt35elwp9a5s,BT.BIT 874,MILLENIUM PRO DESIGN SRL,2025-04-30,RON,1800.00,8959.32,,BLUE-MDR-C-12,BLUE-MDR-C-<limit>,"{""limit"":""12""}",UNIQUE,BLUE-MDR-C-12,1343,2025-05-05,5,Act aditional nr. 1 din 21.3.2025 la contractul Nr. 325/15.1.2025,Servicii recurente de securitate informatica | conform Act Aditional nr. 1 din 21.3.2025 la contractul de prestari servicii nr. 325 din 15.1.2025 (Aprilie 2025) (1.800 euro+TVA la cursul BNR) | Servicii recurente de securitate informatica |,,"RECURRENT_DATE; date:5d, trend-adjusted-amount:1.000:0.0%, company-profile:92%; company=RECURRENT; dominant=BLUE-MDR-C-12 (92%)"
accounting:BT.BIT 892,no,BLUE-MDR-C-12,,RECURRENT,24,26,BLUE-MDR-C-12,0.923,0.882,STABLE,REVIEW,HIGH,HISTORICAL_PATTERN,ron,cms689q95025qrt356862obw0,BT.BIT 892,MILLENIUM PRO DESIGN SRL,2025-05-16,RON,1800.00,9185.76,,BLUE-MDR-C-12,BLUE-MDR-C-<limit>,"{""limit"":""12""}",UNIQUE,BLUE-MDR-C-12,1343,,16,Act aditional nr. 1 din 21.3.2025 la contractul Nr. 325/15.1.2025,Servicii recurente de securitate informatica | conform Act Aditional nr. 1 din 21.3.2025 la contractul de prestari servicii nr. nr. 325 din 15.1.2025( 1.800 euro+TVA la cursul BNR) | Servicii recurente de securitate informatica | conform Ac,,Historical recurring pattern: 15/15 similar issued invoices map to BLUE-MDR-C-12 (100%); nearest=16d; amount intentionally ignored.
accounting:BT.BIT 916,no,BLUE-MDR-C-12,,RECURRENT,24,26,BLUE-MDR-C-12,0.923,0.882,STABLE,ACCEPT_CANDIDATE,HIGH,RECURRENT_DATE,ron,cms689qen027urt35iyarch5b,BT.BIT 916,MILLENIUM PRO DESIGN SRL,2025-06-16,RON,1800.00,9057.60,,BLUE-MDR-C-12,BLUE-MDR-C-<limit>,"{""limit"":""12""}",UNIQUE,BLUE-MDR-C-12,1344,2025-06-16,0,Act aditional nr. 1 din 21.3.2025 la contractul Nr. 325/15.1.2025,Servicii recurente de securitate informatica | conform Act Aditional nr. 1 din 21.3.2025 la contractul de prestari servicii nr. nr. 325 din 15.1.2025( 1.800 euro+TVA la cursul BNR) | Servicii recurente de securitate informatica | conform Ac,,"RECURRENT_DATE; date:0d, trend-adjusted-amount:1.000:0.0%, company-profile:92%; company=RECURRENT; dominant=BLUE-MDR-C-12 (92%)"
accounting:BT.BIT 941,no,BLUE-MDR-C-12,,RECURRENT,24,26,BLUE-MDR-C-12,0.923,0.882,STABLE,REVIEW,HIGH,RECURRENT_DATE,ron,cms689qk9029xrt35noiqjpjs,BT.BIT 941,MILLENIUM PRO DESIGN SRL,2025-07-02,RON,1800.00,9138.96,,BLUE-MDR-C-12,BLUE-MDR-C-<limit>,"{""limit"":""12""}",UNIQUE,BLUE-MDR-C-12,1345,2025-07-10,8,Act aditional nr. 1 din 21.3.2025 la contractul Nr. 325/15.1.2025,Servicii recurente de securitate informatica | conform Act Aditional nr. 1 din 21.3.2025 la contractul de prestari servicii nr. nr. 325 din 15.1.2025( 1.800 euro+TVA la cursul BNR) | Servicii recurente de securitate informatica | conform Ac,,"RECURRENT_DATE; date:8d, trend-adjusted-amount:1.000:0.0%, company-profile:92%; company=RECURRENT; dominant=BLUE-MDR-C-12 (92%)"
accounting:BT.BIT 969,no,BLUE-MDR-C-12,,RECURRENT,24,26,BLUE-MDR-C-12,0.923,0.882,STABLE,ACCEPT_CANDIDATE,HIGH,RECURRENT_DATE,ron,cms689qra02c9rt35l9qicsba,BT.BIT 969,MILLENIUM PRO DESIGN SRL,2025-08-04,RON,1800.00,9138.60,,BLUE-MDR-C-12,BLUE-MDR-C-<limit>,"{""limit"":""12""}",UNIQUE,BLUE-MDR-C-12,1346,2025-08-04,0,Act aditional nr. 1 din 21.3.2025 la contractul Nr. 325/15.1.2025,Servicii recurente de securitate informatica | conform Act Aditional nr. 1 din 21.3.2025 la contractul de prestari servicii nr. nr. 325 din 15.1.2025( 1.800 euro+TVA la cursul BNR) | Servicii recurente de securitate informatica | conform Ac,,"RECURRENT_DATE; date:0d, trend-adjusted-amount:1.000:0.0%, company-profile:92%; company=RECURRENT; dominant=BLUE-MDR-C-12 (92%)"
accounting:BT.R.BIT 20,no,BLUE-MDR-C-12,,RECURRENT,24,26,BLUE-MDR-C-12,0.923,0.882,STABLE,ACCEPT_CANDIDATE,HIGH,RECURRENT_DATE,ron,cms689qxh02elrt35om9h93wu,BT.R.BIT 20,MILLENIUM PRO DESIGN SRL,2025-09-02,RON,1800.00,9130.50,,BLUE-MDR-C-12,BLUE-MDR-C-<limit>,"{""limit"":""12""}",UNIQUE,BLUE-MDR-C-12,1347,2025-09-05,3,Act aditional nr. 1 din 21.3.2025 la contractul Nr. 325/15.1.2025,"SERVICII RECURENTE DE SECURITATE INFORMATICA | Conform Anexa 1 la Contractul de prestari servicii nr. 325 din 31.3.2025, 1800 EUR+TVA la cursul BNR 5.0725 | SERVICII RECURENTE DE SECURITATE INFORMATICA | Conform Anexa 1 la Contractul de pre",,"RECURRENT_DATE; date:3d, trend-adjusted-amount:1.000:0.0%, company-profile:92%; company=RECURRENT; dominant=BLUE-MDR-C-12 (92%)"
accounting:BT.R.BIT 47,no,BLUE-MDR-C-12,,RECURRENT,24,26,BLUE-MDR-C-12,0.923,0.882,STABLE,ACCEPT_CANDIDATE,HIGH,RECURRENT_DATE,ron,cms689rbi02kart35d0476orp,BT.R.BIT 47,MILLENIUM PRO DESIGN SRL,2025-10-20,RON,1800.00,9160.02,,BLUE-MDR-C-12,BLUE-MDR-C-<limit>,"{""limit"":""12""}",UNIQUE,BLUE-MDR-C-12,1348,2025-10-20,0,Act aditional nr. 1 din 21.3.2025 la contractul Nr. 325/15.1.2025,"SERVICII RECURENTE DE SECURITATE INFORMATICA | Conform Anexa 1 la Contractul de prestari servicii nr. 325 din 31.3.2025, 1800 EUR+TVA la cursul BNR 5.0889 | SERVICII RECURENTE DE SECURITATE INFORMATICA | Conform Anexa 1 la Contractul de pre",,"RECURRENT_DATE; date:0d, trend-adjusted-amount:1.000:0.0%, company-profile:92%; company=RECURRENT; dominant=BLUE-MDR-C-12 (92%)"
accounting:BT.R.BIT 74,no,BLUE-MDR-C-12,,RECURRENT,24,26,BLUE-MDR-C-12,0.923,0.882,STABLE,ACCEPT_CANDIDATE,HIGH,RECURRENT_DATE,ron,cms689r6202i2rt35qw4n3lpw,BT.R.BIT 74,MILLENIUM PRO DESIGN SRL,2025-11-26,RON,1800.00,9160.20,,BLUE-MDR-C-12,BLUE-MDR-C-<limit>,"{""limit"":""12""}",UNIQUE,BLUE-MDR-C-12,1349,2025-11-26,0,Act aditional nr. 1 din 21.3.2025 la contractul Nr. 325/15.1.2025,"SERVICII RECURENTE DE SECURITATE INFORMATICA | Conform Anexa 1 la Contractul de prestari servicii nr. 325 din 31.3.2025, 1800 EUR+TVA la cursul BNR 5.089 | SERVICII RECURENTE DE SECURITATE INFORMATICA | Conform Anexa 1 la Contractul de pres",,"RECURRENT_DATE; date:0d, trend-adjusted-amount:1.000:0.0%, company-profile:92%; company=RECURRENT; dominant=BLUE-MDR-C-12 (92%)"
accounting:BT.R.BIT 101,no,BLUE-MDR-C-12,,RECURRENT,24,26,BLUE-MDR-C-12,0.923,0.882,STABLE,ACCEPT_CANDIDATE,HIGH,RECURRENT_DATE,ron,cms689rug02ozrt356meo9gyl,BT.R.BIT 101,MILLENIUM PRO DESIGN SRL,2025-12-23,RON,1800.00,9158.58,,BLUE-MDR-C-12,BLUE-MDR-C-<limit>,"{""limit"":""12""}",UNIQUE,BLUE-MDR-C-12,1350,2025-12-23,0,Act aditional nr. 1 din 21.3.2025 la contractul Nr. 325/15.1.2025,"SERVICII RECURENTE DE SECURITATE INFORMATICA | Conform Anexa 1 la Contractul de prestari servicii nr. 325 din 31.3.2025, 1800 EUR+TVA la cursul BNR 5.0881 | SERVICII RECURENTE DE SECURITATE INFORMATICA | Conform Anexa 1 la Contractul de pre",,"RECURRENT_DATE; date:0d, trend-adjusted-amount:1.000:0.0%, company-profile:92%; company=RECURRENT; dominant=BLUE-MDR-C-12 (92%)"
accounting:BT.R.BIT 128,no,BLUE-MDR-C-12,,RECURRENT,24,26,BLUE-MDR-C-12,0.923,0.882,STABLE,ACCEPT_CANDIDATE,HIGH,RECURRENT_DATE,ron,cms689s0o02r7rt357qtzosy1,BT.R.BIT 128,MILLENIUM PRO DESIGN SRL,2026-01-20,RON,1800.00,9165.78,,BLUE-MDR-C-12,BLUE-MDR-C-<limit>,"{""limit"":""12""}",UNIQUE,BLUE-MDR-C-12,1351,2026-01-20,0,Act aditional nr. 1 din 21.3.2025 la contractul Nr. 325/15.1.2025,"SERVICII RECURENTE DE SECURITATE INFORMATICA | Conform Anexa 1 la Contractul de prestari servicii nr. 325 din 31.3.2025, 1800 EUR+TVA la cursul BNR 5.0921 | SERVICII RECURENTE DE SECURITATE INFORMATICA | Conform Anexa 1 la Contractul de pre",,"RECURRENT_DATE; date:0d, trend-adjusted-amount:1.000:0.0%, company-profile:92%; company=RECURRENT; dominant=BLUE-MDR-C-12 (92%)"
accounting:BT.R.BIT 156,no,BLUE-MDR-C-12,,RECURRENT,24,26,BLUE-MDR-C-12,0.923,0.882,STABLE,ACCEPT_CANDIDATE,HIGH,RECURRENT_DATE,ron,cms689sdv02uurt351d6t8lc2,BT.R.BIT 156,MILLENIUM PRO DESIGN SRL,2026-02-13,RON,1800.00,9168.12,,BLUE-MDR-C-12,BLUE-MDR-C-<limit>,"{""limit"":""12""}",UNIQUE,BLUE-MDR-C-12,1352,2026-02-13,0,Act aditional nr. 1 din 21.3.2025 la contractul Nr. 325/15.1.2025,"SERVICII RECURENTE DE SECURITATE INFORMATICA | Conform Anexa 1 la Contractul de prestari servicii nr. 325 din 31.3.2025, 1800 EUR+TVA la cursul BNR 5.0934 | SERVICII RECURENTE DE SECURITATE INFORMATICA | Conform Anexa 1 la Contractul de pre",,"RECURRENT_DATE; date:0d, trend-adjusted-amount:1.000:0.0%, company-profile:92%; company=RECURRENT; dominant=BLUE-MDR-C-12 (92%)"
accounting:BT.R.BIT 177,no,BLUE-MDR-C-12,,RECURRENT,24,26,BLUE-MDR-C-12,0.923,0.882,STABLE,ACCEPT_CANDIDATE,HIGH,RECURRENT_DATE,ron,cms689sp202y0rt35z3q6ceom,BT.R.BIT 177,MILLENIUM PRO DESIGN SRL,2026-03-20,RON,1800.00,9172.62,,BLUE-MDR-C-12,BLUE-MDR-C-<limit>,"{""limit"":""12""}",UNIQUE,BLUE-MDR-C-12,1353,2026-03-20,0,Act aditional nr. 1 din 21.3.2025 la contractul Nr. 325/15.1.2025,"SERVICII RECURENTE DE SECURITATE INFORMATICA | Conform Anexa 1 la Contractul de prestari servicii nr. 325 din 31.3.2025, 1800.00 EUR+TVA la cursul BNR 5.0959 | SERVICII RECURENTE DE SECURITATE INFORMATICA | Conform Anexa 1 la Contractul de ",,"RECURRENT_DATE; date:0d, trend-adjusted-amount:1.000:0.0%, company-profile:92%; company=RECURRENT; dominant=BLUE-MDR-C-12 (92%)"
accounting:BT.R.BIT 206,no,BLUE-MDR-C-12,,RECURRENT,24,26,BLUE-MDR-C-12,0.923,0.882,STABLE,ACCEPT_CANDIDATE,HIGH,RECURRENT_DATE,ron,cms689t3y0323rt35y1i7by1x,BT.R.BIT 206,MILLENIUM PRO DESIGN SRL,2026-04-29,RON,1800.00,9168.66,,BLUE-MDR-C-12,BLUE-MDR-C-<limit>,"{""limit"":""12""}",UNIQUE,BLUE-MDR-C-12,1354,2026-04-29,0,Act aditional nr. 1 din 21.3.2025 la contractul Nr. 325/15.1.2025,"SERVICII RECURENTE DE SECURITATE INFORMATICA | Conform Anexa 1 la Contractul de prestari servicii nr. 325 din 31.3.2025, 1800.00 EUR+TVA la cursul BNR 5.0937 | SERVICII RECURENTE DE SECURITATE INFORMATICA | Conform Anexa 1 la Contractul de ",,"RECURRENT_DATE; date:0d, trend-adjusted-amount:1.000:0.0%, company-profile:92%; company=RECURRENT; dominant=BLUE-MDR-C-12 (92%)"
accounting:BT.R.BIT 235,no,BLUE-MDR-C-12,,RECURRENT,24,26,BLUE-MDR-C-12,0.923,0.882,STABLE,ACCEPT_CANDIDATE,HIGH,RECURRENT_DATE,ron,cms689tcp034nrt35aqatla9s,BT.R.BIT 235,MILLENIUM PRO DESIGN SRL,2026-05-25,RON,1800.00,9447.84,,BLUE-MDR-C-12,BLUE-MDR-C-<limit>,"{""limit"":""12""}",UNIQUE,BLUE-MDR-C-12,1355,2026-05-25,0,Act aditional nr. 1 din 21.3.2025 la contractul Nr. 325/15.1.2025,"SERVICII RECURENTE DE SECURITATE INFORMATICA | Conform Anexa 1 la Contractul de prestari servicii nr. 325 din 31.3.2025, 1800.00 EUR+TVA la cursul BNR 5.2488 | SERVICII RECURENTE DE SECURITATE INFORMATICA | Conform Anexa 1 la Contractul de ",,"RECURRENT_DATE; date:0d, trend-adjusted-amount:1.000:0.0%, company-profile:92%; company=RECURRENT; dominant=BLUE-MDR-C-12 (92%)"
accounting:BT.R.BIT 264,no,BLUE-MDR-C-12,,RECURRENT,24,26,BLUE-MDR-C-12,0.923,0.882,STABLE,ACCEPT_CANDIDATE,HIGH,RECURRENT_DATE,ron,cms689tmw037brt35cs3i1jl2,BT.R.BIT 264,MILLENIUM PRO DESIGN SRL,2026-06-17,RON,1800.00,9415.80,,BLUE-MDR-C-12,BLUE-MDR-C-<limit>,"{""limit"":""12""}",UNIQUE,BLUE-MDR-C-12,1356,2026-06-19,2,Act aditional nr. 1 din 21.3.2025 la contractul Nr. 325/15.1.2025,"SERVICII RECURENTE DE SECURITATE INFORMATICA | Conform Anexa 1 la Contractul de prestari servicii nr. 325 din 31.3.2025, 1800.00 EUR+TVA la cursul BNR 5.231 | SERVICII RECURENTE DE SECURITATE INFORMATICA | Conform Anexa 1 la Contractul de p",,"RECURRENT_DATE; date:2d, trend-adjusted-amount:1.000:0.0%, company-profile:92%; company=RECURRENT; dominant=BLUE-MDR-C-12 (92%)"
accounting:BT.R.BIT 293,no,BLUE-MDR-C-12,,RECURRENT,24,26,BLUE-MDR-C-12,0.923,0.882,STABLE,REVIEW,HIGH,RECURRENT_DATE,ron,cms689tvz03a3rt35raw18xae,BT.R.BIT 293,MILLENIUM PRO DESIGN SRL,2026-07-18,RON,1800.00,9437.22,,BLUE-MDR-C-12,BLUE-MDR-C-<limit>,"{""limit"":""12""}",UNIQUE,BLUE-MDR-C-12,1357,2026-07-05,13,Act aditional nr. 1 din 21.3.2025 la contractul Nr. 325/15.1.2025,"SERVICII RECURENTE DE SECURITATE INFORMATICA | Conform Anexa 1 la Contractul de prestari servicii nr. 325 din 31.3.2025, 1800.00 EUR+TVA la cursul BNR 5.2429 | SERVICII RECURENTE DE SECURITATE INFORMATICA | Conform Anexa 1 la Contractul de ",,"RECURRENT_DATE; date:13d, trend-adjusted-amount:1.000:0.0%, company-profile:92%; company=RECURRENT; dominant=BLUE-MDR-C-12 (92%)"
accounting:BT.BIT 318,no,RED-VA-I-B-25,,SMALL,1,1,RED-VA-I-B-25,1.000,0.000,MIXED/UNKNOWN,REVIEW,LOW,PROFILE,ron,cms689mn700rnrt35s2y0mau4,BT.BIT 318,MINDIT CONSULTING S.R.L.,2022-01-13,RON,750.00,3707.62,,RED-VA-I-B-25,RED-VA-I-B-<limit>,"{""limit"":""25""}",UNIQUE,RED-VA-I-B-25,31,2022-02-11,29,NR.204 DIN 25.11.2021,SERVICI CONFORM CONTRACT NR.204 DIN 25.11.2021 | 750 euro+TVA la cursul BNR | SERVICI CONFORM CONTRACT NR.204 DIN 25.11.2021 | 750 euro+TVA la cursul BNR,,"PROFILE; date:29d, amount:0.0%; company=SMALL; dominant=RED-VA-I-B-25 (100%)"
accounting:BT.BIT 298,no,,,UNMATCHED,,,,,,,SKIP_NO_MATCH,NONE,NONE,ron,cms689mij00pyrt35ilqv30bi,BT.BIT 298,MINDSHARE MEDIA SRL,2021-10-21,RON,3750.00,18558.00,,,,,EMPTY,,,,,,Unbreakable participare OMV Petrom Global Solutions conform | contract 202 din 13.09.2021; Po number 667455; Job No 311/03/109/16/06 ( 3.750 euro+TVA la cursul BNR) | Unbreakable participare OMV Petrom Global Solutions conform | contract 20,,Organization not found in tracker.
accounting:BT.BIT 65,no,RED-PEN-S-WB-1,,RECURRENT,26,25,RED-C-M-MM-16,0.960,0.917,STABLE,ACCEPT_CANDIDATE,HIGH,CONTRACT,valuta,cms689kxr005hrt35u83gkiwf,BT.BIT 65,MOON PAY LIMITED,2020-02-26,EUR,2850.00,13702.52,,RED-PEN-S-WB-1,RED-PEN-S-WB-<limit>,"{""limit"":""1""}",UNIQUE,RED-PEN-S-WB-1 | RED-C-M-MM-16,32,2020-02-26,0,155/24.02.2020,SERVICES AGREEMENT NO.155 /25.02.202 | advance 40% | SERVICES AGREEMENT NO.155 /25.02.202 | advance 40%,,"CONTRACT; contract, date:0d, trend-adjusted-amount:1.000:0.0%; company=RECURRENT; dominant=RED-C-M-MM-16 (96%)"
accounting:BT.BIT 66,no,RED-PEN-S-WB-1,,RECURRENT,26,25,RED-C-M-MM-16,0.960,0.917,STABLE,REVIEW,MEDIUM,STORNO_REFERENCE,valuta,cms689ky1005krt35nuq8am84,BT.BIT 66,MOON PAY LIMITED,2020-03-13,EUR,4275.00,20553.77,storno,RED-PEN-S-WB-1,RED-PEN-S-WB-<limit>,"{""limit"":""1""}",UNIQUE,RED-PEN-S-WB-1,32,2020-02-26,16,155/24.02.2020,SERVICES AGREEMENT NO.155 /25.02.2020 | Stornare invoiceBT.BIT 65/26.02.23020(advance 40% | SERVICES AGREEMENT NO.155 /25.02.2020 | Stornare invoiceBT.BIT 65/26.02.23020(advance 40% | SERVICES AGREEMENT NO.155 /25.02.2020,,Storno mapped to BT.BIT 65; contract=true; amount=false; gap=16d
accounting:BT.BIT 69,no,RED-C-M-MM-16,,RECURRENT,26,25,RED-C-M-MM-16,0.960,0.917,STABLE,ACCEPT_CANDIDATE,HIGH,CONTRACT,valuta,cms689kyw005urt354jlqc4gi,BT.BIT 69,MOON PAY LIMITED,2020-06-02,EUR,750.00,3631.95,,RED-C-M-MM-16,RED-C-M-MM-<limit>,"{""limit"":""16""}",UNIQUE,RED-C-M-MM-16,33,2020-06-02,0,155/24.02.2020,SERVICES AGREEMENT NO.155 /25.02.2020 | SERVICES AGREEMENT NO.155 /25.02.2020,,"CONTRACT; contract, date:0d, trend-adjusted-amount:1.000:0.0%, company-profile:96%; company=RECURRENT; dominant=RED-C-M-MM-16 (96%)"
accounting:BT.BIT 71,no,RED-C-M-MM-16,,RECURRENT,26,25,RED-C-M-MM-16,0.960,0.917,STABLE,ACCEPT_CANDIDATE,HIGH,CONTRACT,valuta,cms689kzk0060rt35e49tu8kr,BT.BIT 71,MOON PAY LIMITED,2020-07-06,EUR,750.00,3628.35,,RED-C-M-MM-16,RED-C-M-MM-<limit>,"{""limit"":""16""}",UNIQUE,RED-C-M-MM-16,34,2020-07-06,0,155/24.02.2020,SERVICES AGREEMENT NO.155 /25.02.2020 | SERVICES AGREEMENT NO.155 /25.02.2020,,"CONTRACT; contract, date:0d, trend-adjusted-amount:1.000:0.0%, company-profile:96%; company=RECURRENT; dominant=RED-C-M-MM-16 (96%)"
accounting:BT.BIT 75,no,RED-C-M-MM-16,,RECURRENT,26,25,RED-C-M-MM-16,0.960,0.917,STABLE,ACCEPT_CANDIDATE,HIGH,CONTRACT,valuta,cms689l0j006drt35ptu4ec6f,BT.BIT 75,MOON PAY LIMITED,2020-08-03,EUR,750.00,3623.70,,RED-C-M-MM-16,RED-C-M-MM-<limit>,"{""limit"":""16""}",UNIQUE,RED-C-M-MM-16,35,2020-08-03,0,155/24.02.2020,SERVICES AGREEMENT NO.155 /25.02.2020 | SERVICES AGREEMENT NO.155 /25.02.2020,,"CONTRACT; contract, date:0d, trend-adjusted-amount:1.000:0.0%, company-profile:96%; company=RECURRENT; dominant=RED-C-M-MM-16 (96%)"
accounting:BT.BIT 78,no,RED-C-M-MM-16,,RECURRENT,26,25,RED-C-M-MM-16,0.960,0.917,STABLE,ACCEPT_CANDIDATE,HIGH,CONTRACT,valuta,cms689l1a006mrt35l5y99bod,BT.BIT 78,MOON PAY LIMITED,2020-09-01,EUR,750.00,3630.30,,RED-C-M-MM-16,RED-C-M-MM-<limit>,"{""limit"":""16""}",UNIQUE,RED-C-M-MM-16,36,2020-09-01,0,155/24.02.2020,SERVICES AGREEMENT NO.155 /25.02.2020 | SERVICES AGREEMENT NO.155 /25.02.2020,,"CONTRACT; contract, date:0d, trend-adjusted-amount:1.000:0.0%, company-profile:96%; company=RECURRENT; dominant=RED-C-M-MM-16 (96%)"
accounting:BT.BIT 80,no,RED-C-M-MM-16,,RECURRENT,26,25,RED-C-M-MM-16,0.960,0.917,STABLE,ACCEPT_CANDIDATE,HIGH,CONTRACT,valuta,cms689l1v006srt35q98o74ou,BT.BIT 80,MOON PAY LIMITED,2020-10-01,EUR,750.00,3652.35,,RED-C-M-MM-16,RED-C-M-MM-<limit>,"{""limit"":""16""}",UNIQUE,RED-C-M-MM-16,37,2020-10-01,0,155/24.02.2020,SERVICES AGREEMENT NO.155 /25.02.2020 | SERVICES AGREEMENT NO.155 /25.02.2020,,"CONTRACT; contract, date:0d, trend-adjusted-amount:1.000:0.0%, company-profile:96%; company=RECURRENT; dominant=RED-C-M-MM-16 (96%)"
accounting:BT.BIT 82,no,RED-C-M-MM-16,,RECURRENT,26,25,RED-C-M-MM-16,0.960,0.917,STABLE,ACCEPT_CANDIDATE,HIGH,CONTRACT,valuta,cms689l2r0071rt35dydftfej,BT.BIT 82,MOON PAY LIMITED,2020-11-02,EUR,750.00,3655.73,,RED-C-M-MM-16,RED-C-M-MM-<limit>,"{""limit"":""16""}",UNIQUE,RED-C-M-MM-16,38,2020-11-02,0,155/24.02.2020,SERVICES AGREEMENT NO.155 /25.02.2020 | octombrie 2020 | SERVICES AGREEMENT NO.155 /25.02.2020 | octombrie 2020,,"CONTRACT; contract, date:0d, trend-adjusted-amount:1.000:0.0%, company-profile:96%; company=RECURRENT; dominant=RED-C-M-MM-16 (96%)"
accounting:BT.BIT 84,no,RED-C-M-MM-16,,RECURRENT,26,25,RED-C-M-MM-16,0.960,0.917,STABLE,ACCEPT_CANDIDATE,HIGH,CONTRACT,valuta,cms689l3m0077rt35975t8arm,BT.BIT 84,MOON PAY LIMITED,2020-12-02,EUR,750.00,3655.13,,RED-C-M-MM-16,RED-C-M-MM-<limit>,"{""limit"":""16""}",UNIQUE,RED-C-M-MM-16,39,2020-12-02,0,155/24.02.2020,SERVICES AGREEMENT NO.155 /25.02.2020 | noiembrie 2020 | SERVICES AGREEMENT NO.155 /25.02.2020 | noiembrie 2020,,"CONTRACT; contract, date:0d, trend-adjusted-amount:1.000:0.0%, company-profile:96%; company=RECURRENT; dominant=RED-C-M-MM-16 (96%)"
accounting:BT.BIT 88,no,RED-C-M-MM-16,,RECURRENT,26,25,RED-C-M-MM-16,0.960,0.917,STABLE,ACCEPT_CANDIDATE,HIGH,CONTRACT,valuta,cms689l4n007jrt35bapd79dz,BT.BIT 88,MOON PAY LIMITED,2021-01-14,EUR,750.00,3655.35,,RED-C-M-MM-16,RED-C-M-MM-<limit>,"{""limit"":""16""}",UNIQUE,RED-C-M-MM-16,40,2021-01-14,0,155/24.02.2020,SERVICES AGREEMENT NO.155 /25.02.2020 | ianuarie 2021 | SERVICES AGREEMENT NO.155 /25.02.2020 | ianuarie 2021,,"CONTRACT; contract, date:0d, trend-adjusted-amount:1.000:0.0%, company-profile:96%; company=RECURRENT; dominant=RED-C-M-MM-16 (96%)"
accounting:BT.BIT 89,no,RED-C-M-MM-16,,RECURRENT,26,25,RED-C-M-MM-16,0.960,0.917,STABLE,ACCEPT_CANDIDATE,HIGH,CONTRACT,valuta,cms689l4w007mrt35imws68q7,BT.BIT 89,MOON PAY LIMITED,2021-02-01,EUR,750.00,3655.73,,RED-C-M-MM-16,RED-C-M-MM-<limit>,"{""limit"":""16""}",UNIQUE,RED-C-M-MM-16,41,2021-02-01,0,155/24.02.2020,SERVICES AGREEMENT NO.155 /25.02.2020 | februarie 2021 | SERVICES AGREEMENT NO.155 /25.02.2020 | februarie 2021,,"CONTRACT; contract, date:0d, trend-adjusted-amount:1.000:0.0%, company-profile:96%; company=RECURRENT; dominant=RED-C-M-MM-16 (96%)"
accounting:BT.BIT 93,no,RED-C-M-MM-16,,RECURRENT,26,25,RED-C-M-MM-16,0.960,0.917,STABLE,ACCEPT_CANDIDATE,HIGH,CONTRACT,valuta,cms689l5v007yrt35zzhaariu,BT.BIT 93,MOON PAY LIMITED,2021-03-02,EUR,750.00,3655.80,,RED-C-M-MM-16,RED-C-M-MM-<limit>,"{""limit"":""16""}",UNIQUE,RED-C-M-MM-16,42,2021-03-02,0,155/24.02.2020,SERVICES AGREEMENT NO.155 /25.02.2020 | martie 2021 | SERVICES AGREEMENT NO.155 /25.02.2020 | martie 2021,,"CONTRACT; contract, date:0d, trend-adjusted-amount:1.000:0.0%, company-profile:96%; company=RECURRENT; dominant=RED-C-M-MM-16 (96%)"
accounting:BT.BIT 94,no,RED-C-M-MM-16,,RECURRENT,26,25,RED-C-M-MM-16,0.960,0.917,STABLE,ACCEPT_CANDIDATE,HIGH,CONTRACT,valuta,cms689l630081rt358c2g726i,BT.BIT 94,MOON PAY LIMITED,2021-04-01,EUR,750.00,3693.83,,RED-C-M-MM-16,RED-C-M-MM-<limit>,"{""limit"":""16""}",UNIQUE,RED-C-M-MM-16,43,2021-04-01,0,155/24.02.2020,SERVICES AGREEMENT NO.155 /25.02.2020 | aprilie 2021 | SERVICES AGREEMENT NO.155 /25.02.2020 | aprilie 2021,,"CONTRACT; contract, date:0d, trend-adjusted-amount:1.000:0.0%, company-profile:96%; company=RECURRENT; dominant=RED-C-M-MM-16 (96%)"
accounting:BT.BIT 96,no,RED-C-M-MM-16,,RECURRENT,26,25,RED-C-M-MM-16,0.960,0.917,STABLE,ACCEPT_CANDIDATE,HIGH,CONTRACT,valuta,cms689l6l0087rt35ppqyqy23,BT.BIT 96,MOON PAY LIMITED,2021-05-04,EUR,750.00,3693.53,,RED-C-M-MM-16,RED-C-M-MM-<limit>,"{""limit"":""16""}",UNIQUE,RED-C-M-MM-16,44,2021-05-04,0,155/24.02.2020,SERVICES AGREEMENT NO.155 /25.02.2020 | mai 2021 | SERVICES AGREEMENT NO.155 /25.02.2020 | mai 2021,,"CONTRACT; contract, date:0d, trend-adjusted-amount:1.000:0.0%, company-profile:96%; company=RECURRENT; dominant=RED-C-M-MM-16 (96%)"
accounting:BT.BIT 99,no,RED-C-M-MM-16,,RECURRENT,26,25,RED-C-M-MM-16,0.960,0.917,STABLE,ACCEPT_CANDIDATE,HIGH,CONTRACT,valuta,cms689l7a008grt35bk17g8dp,BT.BIT 99,MOON PAY LIMITED,2021-06-04,EUR,750.00,3692.03,,RED-C-M-MM-16,RED-C-M-MM-<limit>,"{""limit"":""16""}",UNIQUE,RED-C-M-MM-16,45,2021-06-04,0,155/24.02.2020,SERVICES AGREEMENT NO.155 /25.02.2020 | iunie 2021 | SERVICES AGREEMENT NO.155 /25.02.2020 | iunie 2021,,"CONTRACT; contract, date:0d, trend-adjusted-amount:1.000:0.0%, company-profile:96%; company=RECURRENT; dominant=RED-C-M-MM-16 (96%)"
accounting:BT.BIT 102,no,RED-C-M-MM-16,,RECURRENT,26,25,RED-C-M-MM-16,0.960,0.917,STABLE,ACCEPT_CANDIDATE,HIGH,CONTRACT,valuta,cms689l84008prt35rwozqldt,BT.BIT 102,MOON PAY LIMITED,2021-07-02,EUR,750.00,3694.58,,RED-C-M-MM-16,RED-C-M-MM-<limit>,"{""limit"":""16""}",UNIQUE,RED-C-M-MM-16,46,2021-07-02,0,155/24.02.2020,SERVICES AGREEMENT NO.155 /25.02.2020 | iunie 2021 | SERVICES AGREEMENT NO.155 /25.02.2020 | iunie 2021,,"CONTRACT; contract, date:0d, trend-adjusted-amount:1.000:0.0%, company-profile:96%; company=RECURRENT; dominant=RED-C-M-MM-16 (96%)"
accounting:BT.BIT 104,no,RED-C-M-MM-16,,RECURRENT,26,25,RED-C-M-MM-16,0.960,0.917,STABLE,ACCEPT_CANDIDATE,HIGH,CONTRACT,valuta,cms689l8m008vrt35hcfbgn2e,BT.BIT 104,MOON PAY LIMITED,2021-08-02,EUR,750.00,3689.85,,RED-C-M-MM-16,RED-C-M-MM-<limit>,"{""limit"":""16""}",UNIQUE,RED-C-M-MM-16,47,2021-08-02,0,155/24.02.2020,SERVICES AGREEMENT NO.155 /25.02.2020 | IULIE 2021 | SERVICES AGREEMENT NO.155 /25.02.2020 | IULIE 2021,,"CONTRACT; contract, date:0d, trend-adjusted-amount:1.000:0.0%, company-profile:96%; company=RECURRENT; dominant=RED-C-M-MM-16 (96%)"
accounting:BT.BIT 109,no,RED-C-M-MM-16,,RECURRENT,26,25,RED-C-M-MM-16,0.960,0.917,STABLE,ACCEPT_CANDIDATE,HIGH,CONTRACT,valuta,cms689l9m0098rt35yeez5bki,BT.BIT 109,MOON PAY LIMITED,2021-09-01,EUR,750.00,3701.10,,RED-C-M-MM-16,RED-C-M-MM-<limit>,"{""limit"":""16""}",UNIQUE,RED-C-M-MM-16,48,2021-09-01,0,155/24.02.2020,SERVICES AGREEMENT NO.155 /25.02.2020 | august 2021 | SERVICES AGREEMENT NO.155 /25.02.2020 | august 2021,,"CONTRACT; contract, date:0d, trend-adjusted-amount:1.000:0.0%, company-profile:96%; company=RECURRENT; dominant=RED-C-M-MM-16 (96%)"
accounting:BT.BIT 113,no,RED-C-M-MM-16,,RECURRENT,26,25,RED-C-M-MM-16,0.960,0.917,STABLE,ACCEPT_CANDIDATE,HIGH,CONTRACT,valuta,cms689lae009hrt35ldk07zyx,BT.BIT 113,MOON PAY LIMITED,2021-10-04,EUR,660.00,3265.61,,RED-C-M-MM-16,RED-C-M-MM-<limit>,"{""limit"":""16""}",UNIQUE,RED-C-M-MM-16,49,2021-10-04,0,155/24.02.2020,SERVICES AGREEMENT NO.155 /25.02.2020 | septembrie 2021 | SERVICES AGREEMENT NO.155 /25.02.2020 | septembrie 2021,,"CONTRACT; contract, date:0d, trend-adjusted-amount:1.000:12.0%, company-profile:96%; company=RECURRENT; dominant=RED-C-M-MM-16 (96%)"
accounting:BT.BIT 117,no,RED-C-M-MM-16,,RECURRENT,26,25,RED-C-M-MM-16,0.960,0.917,STABLE,ACCEPT_CANDIDATE,HIGH,CONTRACT,valuta,cms689lbh009trt35g6jci601,BT.BIT 117,MOON PAY LIMITED,2021-11-01,EUR,660.00,2803.08,,RED-C-M-MM-16,RED-C-M-MM-<limit>,"{""limit"":""16""}",UNIQUE,RED-C-M-MM-16,50,2021-11-01,0,155/24.02.2020,SERVICES AGREEMENT NO.155 /25.02.2020 | octombrie 2021 | SERVICES AGREEMENT NO.155 /25.02.2020 | octombrie 2021,,"CONTRACT; contract, date:0d, trend-adjusted-amount:1.000:12.0%, company-profile:96%; company=RECURRENT; dominant=RED-C-M-MM-16 (96%)"
accounting:BT.BIT 122,no,RED-C-M-MM-16,,RECURRENT,26,25,RED-C-M-MM-16,0.960,0.917,STABLE,ACCEPT_CANDIDATE,HIGH,CONTRACT,valuta,cms689lcq00aart3516qkq94k,BT.BIT 122,MOON PAY LIMITED,2021-12-02,EUR,750.00,3711.75,,RED-C-M-MM-16,RED-C-M-MM-<limit>,"{""limit"":""16""}",UNIQUE,RED-C-M-MM-16,51,2021-12-02,0,155/24.02.2020,SERVICES AGREEMENT NO.155 /25.02.2020 | noiembrie 2021 | SERVICES AGREEMENT NO.155 /25.02.2020 | noiembrie 2021,,"CONTRACT; contract, date:0d, trend-adjusted-amount:1.000:0.0%, company-profile:96%; company=RECURRENT; dominant=RED-C-M-MM-16 (96%)"
accounting:BT.BIT 131,no,RED-C-M-MM-16,,RECURRENT,26,25,RED-C-M-MM-16,0.960,0.917,STABLE,ACCEPT_CANDIDATE,HIGH,CONTRACT,valuta,cms689lew00b6rt35edkml7jk,BT.BIT 131,MOON PAY LIMITED,2022-01-04,EUR,750.00,3710.55,,RED-C-M-MM-16,RED-C-M-MM-<limit>,"{""limit"":""16""}",UNIQUE,RED-C-M-MM-16,52,2022-01-04,0,155/24.02.2020,SERVICES AGREEMENT NO.155 /25.02.2020 | decembrie 2021 | SERVICES AGREEMENT NO.155 /25.02.2020 | decembrie 2021,,"CONTRACT; contract, date:0d, trend-adjusted-amount:1.000:0.0%, company-profile:96%; company=RECURRENT; dominant=RED-C-M-MM-16 (96%)"
accounting:BT.BIT 135,no,RED-C-M-MM-16,,RECURRENT,26,25,RED-C-M-MM-16,0.960,0.917,STABLE,ACCEPT_CANDIDATE,HIGH,CONTRACT,valuta,cms689lfv00birt354hgbxyic,BT.BIT 135,MOON PAY LIMITED,2022-02-03,EUR,750.00,3709.65,,RED-C-M-MM-16,RED-C-M-MM-<limit>,"{""limit"":""16""}",UNIQUE,RED-C-M-MM-16,53,2022-02-03,0,155/24.02.2020,SERVICES AGREEMENT NO.155 /25.02.2020 | SERVICES AGREEMENT NO.155 /25.02.2020,,"CONTRACT; contract, date:0d, trend-adjusted-amount:1.000:0.0%, company-profile:96%; company=RECURRENT; dominant=RED-C-M-MM-16 (96%)"
accounting:BT.BIT 139,no,RED-C-M-MM-16,,RECURRENT,26,25,RED-C-M-MM-16,0.960,0.917,STABLE,ACCEPT_CANDIDATE,HIGH,CONTRACT,valuta,cms689lgm00brrt35laznp32b,BT.BIT 139,MOON PAY LIMITED,2022-03-03,EUR,750.00,3711.75,,RED-C-M-MM-16,RED-C-M-MM-<limit>,"{""limit"":""16""}",UNIQUE,RED-C-M-MM-16,54,2022-03-03,0,155/24.02.2020,SERVICES AGREEMENT NO.155 /25.02.2020 | SERVICES AGREEMENT NO.155 /25.02.2020,,"CONTRACT; contract, date:0d, trend-adjusted-amount:1.000:0.0%, company-profile:96%; company=RECURRENT; dominant=RED-C-M-MM-16 (96%)"
accounting:BT.BIT 142,no,RED-C-M-MM-16,,RECURRENT,26,25,RED-C-M-MM-16,0.960,0.917,STABLE,ACCEPT_CANDIDATE,HIGH,CONTRACT,valuta,cms689lhe00c0rt35h5n3cq3h,BT.BIT 142,MOON PAY LIMITED,2022-04-06,EUR,750.00,3707.33,,RED-C-M-MM-16,RED-C-M-MM-<limit>,"{""limit"":""16""}",UNIQUE,RED-C-M-MM-16,55,2022-04-06,0,155/24.02.2020,SERVICES AGREEMENT NO.155 /25.02.2020 | SERVICES AGREEMENT NO.155 /25.02.2020,,"CONTRACT; contract, date:0d, trend-adjusted-amount:1.000:0.0%, company-profile:96%; company=RECURRENT; dominant=RED-C-M-MM-16 (96%)"
accounting:BT.BIT 144,no,RED-C-M-MM-16,,RECURRENT,26,25,RED-C-M-MM-16,0.960,0.917,STABLE,ACCEPT_CANDIDATE,HIGH,CONTRACT,valuta,cms689li500cart352x281pv6,BT.BIT 144,MOON PAY LIMITED,2022-05-09,EUR,350.00,1732.15,,RED-C-M-MM-16,RED-C-M-MM-<limit>,"{""limit"":""16""}",UNIQUE,RED-C-M-MM-16,56,2022-05-09,0,155/24.02.2020,SERVICES AGREEMENT NO.155 /25.02.2020 | SERVICES AGREEMENT NO.155 /25.02.2020,,"CONTRACT; contract, date:0d, company-profile:96%; company=RECURRENT; dominant=RED-C-M-MM-16 (96%)"
accounting:BT.BIT 315,no,,,SMALL,2,1,BLUE-IR-10,1.000,0.000,MIXED/UNKNOWN,SKIP_NO_MATCH,NONE,NONE,ron,cms689mmi00rert351hqvuzhx,BT.BIT 315,MYCONNECTOR PLATFORM S.R.L.,2021-12-17,RON,10500.00,51966.60,,,,,EMPTY,,,,,,SERVICI CONFORM CONTRACT DIN 24.09.2021 | 10.500 euro+TVA la cursul BNR | SERVICI CONFORM CONTRACT DIN 24.09.2021 | 10.500 euro+TVA la cursul BNR,,No accounting-to-tracker activity match met the conservative threshold.
accounting:BT.BIT 902,no,BLUE-IR-10,,SMALL,2,1,BLUE-IR-10,1.000,0.000,MIXED/UNKNOWN,ACCEPT_CANDIDATE,HIGH,CONTRACT,ron,cms689qbl026ort35mx7gflza,BT.BIT 902,MYCONNECTOR PLATFORM S.R.L.,2025-06-16,RON,6000.00,30192.00,,BLUE-IR-10,BLUE-IR-<limit>,"{""limit"":""10""}",UNIQUE,BLUE-IR-10,1478,2025-06-16,0,CONTRACT-CADRU DE PRESTARI SERVICII NR. 343/14.5.2025,Servicii conform ANEXA 1 | SERVICII DE SECURITATE INFORMATICA DE TIP INVESTIGATIE LA CONTRACT NR. 343/14.5.2025( 6.000 euro+TVA la cursul BNR) | Servicii conform ANEXA 1 | SERVICII DE SECURITATE INFORMATICA DE TIP INVESTIGATIE LA CONTRACT N,,"CONTRACT; contract, date:0d, amount:0.0%; company=SMALL; dominant=BLUE-IR-10 (100%)"
accounting:BT.BIT 491,no,,,UNMATCHED,,,,,,,SKIP_NO_MATCH,NONE,NONE,ron,cms689nrm016nrt35yn7dn3cz,BT.BIT 491,"SOCIETATEA NATIONALA ""NUCLEARELECTRICA"" SA",2023-06-26,RON,,101409.39,,,,,EMPTY,,,,,,SERVICII CONFORM CONTRACT DE PRESTARI SERVICII | RUECC SNN 234/23.02.2023 | SERVICII CONFORM CONTRACT DE PRESTARI SERVICII | RUECC SNN 234/23.02.2023,,Organization not found in tracker.
accounting:BT.BIT 546,no,RED-PEN-B-E-B-5,,RECURRENT,32,37,BLUE-MDR-C-5,0.973,0.897,STABLE,ACCEPT_CANDIDATE,HIGH,CONTRACT,ron,cms689o4401bhrt35o0ulw8zf,BT.BIT 546,NESTLERS & PARTNERS SRL,2023-10-06,RON,1668.00,8278.45,avans,RED-PEN-B-E-B-5,RED-PEN-B-E-B-<limit>,"{""limit"":""5""}",UNIQUE,RED-PEN-B-E-B-5 | BLUE-MDR-C-5,874,2023-10-06,0,273/02.10.2023,SERVICII CONFORM CONTRACT 273/02.10.2023 | Avans 1.668 euro+TVA la cursul BNR | SERVICII CONFORM CONTRACT 273/02.10.2023 | Avans 1.668 euro+TVA la cursul BNR,,"CONTRACT; contract, date:0d, trend-adjusted-amount:1.000:0.0%, milestone:avans; company=RECURRENT; dominant=BLUE-MDR-C-5 (97%)"
accounting:BT.BIT 554,no,RED-PEN-B-E-B-5,,RECURRENT,32,37,BLUE-MDR-C-5,0.973,0.897,STABLE,REVIEW,HIGH,STORNO_REFERENCE,ron,cms689o5z01cbrt35bybdx7aq,BT.BIT 554,NESTLERS & PARTNERS SRL,2023-11-06,RON,1668.00,12444.37,storno,RED-PEN-B-E-B-5,RED-PEN-B-E-B-<limit>,"{""limit"":""5""}",UNIQUE,RED-PEN-B-E-B-5,874,2023-10-06,31,273/02.10.2023,SERVICII CONFORM CONTRACT 273/02.10.2023 | Stornare factura 546/06.10.2023(Avans 1.668 euro+TVA la cursul BNR | SERVICII CONFORM CONTRACT 273/02.10.2023 | Stornare factura 546/06.10.2023(Avans 1.668 euro+TVA la cursul BNR | SERVICII CONFORM,,Storno mapped to BT.BIT 546; contract=true; amount=true; gap=31d
accounting:BT.BIT 618,no,BLUE-MDR-C-5,,RECURRENT,32,37,BLUE-MDR-C-5,0.973,0.897,STABLE,ACCEPT_CANDIDATE,HIGH,CONTRACT,ron,cms689okd01hwrt357clytblq,BT.BIT 618,NESTLERS & PARTNERS SRL,2024-03-20,RON,650.00,3233.03,avans,BLUE-MDR-C-5,BLUE-MDR-C-<limit>,"{""limit"":""5""}",UNIQUE,BLUE-MDR-C-5 | RED-PEN-B-E-B-5,991,2024-03-20,0,Nr. 273/02.10.2023,SERVICII CONTRACT 273/02.10.2023 | avans 650 euro +TVA la cursul BNR conform ACT ADITIONAL NR. 1 DIN 20.02.2024 | SERVICII CONTRACT 273/02.10.2023 | avans 650 euro +TVA la cursul BNR conform ACT ADITIONAL NR. 1 DIN 20.02.2024,,"CONTRACT; contract, date:0d, trend-adjusted-amount:1.000:0.0%, milestone:avans, company-profile:97%; company=RECURRENT; dominant=BLUE-MDR-C-5 (97%)"
accounting:BT.BIT 633,no,BLUE-MDR-C-5,,RECURRENT,32,37,BLUE-MDR-C-5,0.973,0.897,STABLE,ACCEPT_CANDIDATE,HIGH,CONTRACT,ron,cms689ons01j9rt35wiep2lzx,BT.BIT 633,NESTLERS & PARTNERS SRL,2024-04-09,RON,500.00,2484.10,,BLUE-MDR-C-5,BLUE-MDR-C-<limit>,"{""limit"":""5""}",UNIQUE,BLUE-MDR-C-5,991,2024-04-09,0,Nr. 273/02.10.2023,SERVICII CONTRACT 273/02.10.2023 | ACT ADITIONAL NR. 1 DIN 19.03.2024 (500 euro+TVA la cursul BNR) | SERVICII CONTRACT 273/02.10.2023 | ACT ADITIONAL NR. 1 DIN 19.03.2024 (500 euro+TVA la cursul BNR),,"CONTRACT; contract, date:0d, trend-adjusted-amount:1.000:0.0%, company-profile:97%; company=RECURRENT; dominant=BLUE-MDR-C-5 (97%)"
accounting:BT.BIT 646,no,BLUE-MDR-C-5,,RECURRENT,32,37,BLUE-MDR-C-5,0.973,0.897,STABLE,ACCEPT_CANDIDATE,HIGH,CONTRACT,ron,cms689oqt01kdrt35lm7zkl93,BT.BIT 646,NESTLERS & PARTNERS SRL,2024-05-14,RON,500.00,2488.15,,BLUE-MDR-C-5,BLUE-MDR-C-<limit>,"{""limit"":""5""}",UNIQUE,BLUE-MDR-C-5,992,2024-05-14,0,Nr. 273/02.10.2023,SERVICII CONTRACT 273/02.10.2023 | ACT ADITIONAL NR. 1 DIN 19.03.2024 (500 euro+TVA la cursul BNR) | SERVICII CONTRACT 273/02.10.2023 | ACT ADITIONAL NR. 1 DIN 19.03.2024 (500 euro+TVA la cursul BNR),,"CONTRACT; contract, date:0d, trend-adjusted-amount:1.000:0.0%, company-profile:97%; company=RECURRENT; dominant=BLUE-MDR-C-5 (97%)"
accounting:BT.BIT 659,no,BLUE-MDR-C-5,,RECURRENT,32,37,BLUE-MDR-C-5,0.973,0.897,STABLE,ACCEPT_CANDIDATE,HIGH,CONTRACT,ron,cms689otj01lhrt35nlip6vo9,BT.BIT 659,NESTLERS & PARTNERS SRL,2024-06-06,RON,500.00,2488.15,,BLUE-MDR-C-5,BLUE-MDR-C-<limit>,"{""limit"":""5""}",UNIQUE,BLUE-MDR-C-5,993,2024-06-06,0,Nr. 273/02.10.2023,SERVICII CONTRACT 273/02.10.2023 | ACT ADITIONAL NR. 1 DIN 19.03.2024 (500 euro+TVA la cursul BNR) | SERVICII CONTRACT 273/02.10.2023 | ACT ADITIONAL NR. 1 DIN 19.03.2024 (500 euro+TVA la cursul BNR),,"CONTRACT; contract, date:0d, trend-adjusted-amount:1.000:0.0%, company-profile:97%; company=RECURRENT; dominant=BLUE-MDR-C-5 (97%)"
accounting:BT.BIT 674,no,BLUE-MDR-C-5,,RECURRENT,32,37,BLUE-MDR-C-5,0.973,0.897,STABLE,ACCEPT_CANDIDATE,HIGH,CONTRACT,ron,cms689ox501mtrt35krap69t6,BT.BIT 674,NESTLERS & PARTNERS SRL,2024-07-02,RON,500.00,2488.50,,BLUE-MDR-C-5,BLUE-MDR-C-<limit>,"{""limit"":""5""}",UNIQUE,BLUE-MDR-C-5,994,2024-07-02,0,Nr. 273/02.10.2023,SERVICII CONTRACT 273/02.10.2023 | ACT ADITIONAL NR. 1 DIN 19.03.2024 (500 euro+TVA la cursul BNR) | SERVICII CONTRACT 273/02.10.2023 | ACT ADITIONAL NR. 1 DIN 19.03.2024 (500 euro+TVA la cursul BNR),,"CONTRACT; contract, date:0d, trend-adjusted-amount:1.000:0.0%, company-profile:97%; company=RECURRENT; dominant=BLUE-MDR-C-5 (97%)"
accounting:BT.BIT 693,no,BLUE-MDR-C-5,,RECURRENT,32,37,BLUE-MDR-C-5,0.973,0.897,STABLE,ACCEPT_CANDIDATE,HIGH,CONTRACT,ron,cms689p1m01ofrt35d0ey6e17,BT.BIT 693,NESTLERS & PARTNERS SRL,2024-08-01,RON,500.00,2488.00,,BLUE-MDR-C-5,BLUE-MDR-C-<limit>,"{""limit"":""5""}",UNIQUE,BLUE-MDR-C-5,995,2024-08-01,0,Nr. 273/02.10.2023,SERVICII CONTRACT 273/02.10.2023 | ACT ADITIONAL NR. 1 DIN 19.03.2024 (500 euro+TVA la cursul BNR) | SERVICII CONTRACT 273/02.10.2023 | ACT ADITIONAL NR. 1 DIN 19.03.2024 (500 euro+TVA la cursul BNR),,"CONTRACT; contract, date:0d, trend-adjusted-amount:1.000:0.0%, company-profile:97%; company=RECURRENT; dominant=BLUE-MDR-C-5 (97%)"
accounting:BT.BIT 709,no,BLUE-MDR-C-5,,RECURRENT,32,37,BLUE-MDR-C-5,0.973,0.897,STABLE,ACCEPT_CANDIDATE,HIGH,CONTRACT,ron,cms689p5401pxrt35fhrqgp1a,BT.BIT 709,NESTLERS & PARTNERS SRL,2024-09-02,RON,500.00,3234.99,,BLUE-MDR-C-5,BLUE-MDR-C-<limit>,"{""limit"":""5""}",UNIQUE,BLUE-MDR-C-5,996,2024-09-02,0,Nr. 273/02.10.2023,SERVICII CONTRACT 273/02.10.2023 | ACT ADITIONAL NR. 1 DIN 19.03.2024 (500 euro+TVA la cursul BNR) | SERVICII CONTRACT 273/02.10.2023 | ACT ADITIONAL NR. 1 DIN 19.03.2024 (500 euro+TVA la cursul BNR),,"CONTRACT; contract, date:0d, trend-adjusted-amount:1.000:0.0%, company-profile:97%; company=RECURRENT; dominant=BLUE-MDR-C-5 (97%)"
accounting:BT.BIT 723,no,BLUE-MDR-C-5,,RECURRENT,32,37,BLUE-MDR-C-5,0.973,0.897,STABLE,ACCEPT_CANDIDATE,HIGH,CONTRACT,ron,cms689p7z01r4rt35wwrn4uj4,BT.BIT 723,NESTLERS & PARTNERS SRL,2024-10-03,RON,500.00,2488.20,,BLUE-MDR-C-5,BLUE-MDR-C-<limit>,"{""limit"":""5""}",UNIQUE,BLUE-MDR-C-5,997,2024-10-04,1,Nr. 273/02.10.2023,SERVICII CONTRACT 273/02.10.2023 | ACT ADITIONAL NR. 1 DIN 19.03.2024 (500 euro+TVA la cursul BNR) | SERVICII CONTRACT 273/02.10.2023 | ACT ADITIONAL NR. 1 DIN 19.03.2024 (500 euro+TVA la cursul BNR),,"CONTRACT; contract, date:1d, trend-adjusted-amount:1.000:0.0%, company-profile:97%; company=RECURRENT; dominant=BLUE-MDR-C-5 (97%)"
accounting:BT.BIT 727,no,BLUE-MDR-C-5,,RECURRENT,32,37,BLUE-MDR-C-5,0.973,0.897,STABLE,REVIEW,HIGH,STORNO_REFERENCE,ron,cms689p8s01rmrt35o73eseoe,BT.BIT 727,NESTLERS & PARTNERS SRL,2024-10-05,RON,500.00,746.54,storno,BLUE-MDR-C-5,BLUE-MDR-C-<limit>,"{""limit"":""5""}",UNIQUE,BLUE-MDR-C-5,997,2024-10-04,2,Nr. 273/02.10.2023,SERVICII CONTRACT 273/02.10.2023 | ACT ADITIONAL NR. 1 DIN 19.03.2024 (500 euro+TVA la cursul BNR) stornare factura 709/02.09.2024 | SERVICII CONTRACT 273/02.10.2023 | ACT ADITIONAL NR. 1 DIN 19.03.2024 (500 euro+TVA la cursul BNR) stornare,,Storno mapped to BT.BIT 723; contract=true; amount=true; gap=2d
accounting:BT.BIT 748,no,BLUE-MDR-C-5,,RECURRENT,32,37,BLUE-MDR-C-5,0.973,0.897,STABLE,ACCEPT_CANDIDATE,HIGH,CONTRACT,ron,cms689pd801tert35xl13e27y,BT.BIT 748,NESTLERS & PARTNERS SRL,2024-11-02,RON,500.00,2487.35,,BLUE-MDR-C-5,BLUE-MDR-C-<limit>,"{""limit"":""5""}",UNIQUE,BLUE-MDR-C-5,998,2024-11-05,3,Nr. 273/02.10.2023,SERVICII CONTRACT 273/02.10.2023 | ACT ADITIONAL NR. 1 DIN 19.03.2024 (500 euro+TVA la cursul BNR) | SERVICII CONTRACT 273/02.10.2023 | ACT ADITIONAL NR. 1 DIN 19.03.2024 (500 euro+TVA la cursul BNR),,"CONTRACT; contract, date:3d, trend-adjusted-amount:1.000:0.0%, company-profile:97%; company=RECURRENT; dominant=BLUE-MDR-C-5 (97%)"
accounting:BT.BIT 770,no,BLUE-MDR-C-5,,RECURRENT,32,37,BLUE-MDR-C-5,0.973,0.897,STABLE,ACCEPT_CANDIDATE,HIGH,CONTRACT,ron,cms689pi401vart353y1bminn,BT.BIT 770,NESTLERS & PARTNERS SRL,2024-12-03,RON,500.00,2488.50,,BLUE-MDR-C-5,BLUE-MDR-C-<limit>,"{""limit"":""5""}",UNIQUE,BLUE-MDR-C-5,999,2024-12-07,4,Nr. 273/02.10.2023,SERVICII CONTRACT 273/02.10.2023 | ACT ADITIONAL NR. 1 DIN 19.03.2024 (500 euro+TVA la cursul BNR) | SERVICII CONTRACT 273/02.10.2023 | ACT ADITIONAL NR. 1 DIN 19.03.2024 (500 euro+TVA la cursul BNR),,"CONTRACT; contract, date:4d, trend-adjusted-amount:1.000:0.0%, company-profile:97%; company=RECURRENT; dominant=BLUE-MDR-C-5 (97%)"
accounting:BT.BIT 800,no,BLUE-MDR-C-5,,RECURRENT,32,37,BLUE-MDR-C-5,0.973,0.897,STABLE,ACCEPT_CANDIDATE,HIGH,CONTRACT,ron,cms689pot01xtrt35gmf9u07x,BT.BIT 800,NESTLERS & PARTNERS SRL,2025-01-15,RON,500.00,2487.10,,BLUE-MDR-C-5,BLUE-MDR-C-<limit>,"{""limit"":""5""}",UNIQUE,BLUE-MDR-C-5,1000,2025-01-05,10,Nr. 273/02.10.2023,SERVICII CONTRACT 273/02.10.2023 | ACT ADITIONAL NR. 1 DIN 19.03.2024 (500 euro+TVA la cursul BNR) | SERVICII CONTRACT 273/02.10.2023 | ACT ADITIONAL NR. 1 DIN 19.03.2024 (500 euro+TVA la cursul BNR),,"CONTRACT; contract, date:10d, trend-adjusted-amount:1.000:0.0%, company-profile:97%; company=RECURRENT; dominant=BLUE-MDR-C-5 (97%)"
accounting:BT.BIT 822,no,BLUE-MDR-C-5,,RECURRENT,32,37,BLUE-MDR-C-5,0.973,0.897,STABLE,ACCEPT_CANDIDATE,HIGH,CONTRACT,ron,cms689ptg01zqrt35gicj4b8z,BT.BIT 822,NESTLERS & PARTNERS SRL,2025-02-03,RON,500.00,2488.35,,BLUE-MDR-C-5,BLUE-MDR-C-<limit>,"{""limit"":""5""}",UNIQUE,BLUE-MDR-C-5,1001,2025-02-05,2,Nr. 273/02.10.2023,SERVICII CONTRACT 273/02.10.2023 | ACT ADITIONAL NR. 1 DIN 19.03.2024 (500 euro+TVA la cursul BNR) | SERVICII CONTRACT 273/02.10.2023 | ACT ADITIONAL NR. 1 DIN 19.03.2024 (500 euro+TVA la cursul BNR),,"CONTRACT; contract, date:2d, trend-adjusted-amount:1.000:0.0%, company-profile:97%; company=RECURRENT; dominant=BLUE-MDR-C-5 (97%)"
accounting:BT.BIT 838,no,BLUE-MDR-C-5,,RECURRENT,32,37,BLUE-MDR-C-5,0.973,0.897,STABLE,ACCEPT_CANDIDATE,HIGH,CONTRACT,ron,cms689pwt0212rt35polhqpic,BT.BIT 838,NESTLERS & PARTNERS SRL,2025-03-06,RON,500.00,2488.50,,BLUE-MDR-C-5,BLUE-MDR-C-<limit>,"{""limit"":""5""}",UNIQUE,BLUE-MDR-C-5,1002,2025-03-05,1,Nr. 273/02.10.2023,SERVICII CONTRACT 273/02.10.2023 | ACT ADITIONAL NR. 1 DIN 19.03.2024 (500 euro+TVA la cursul BNR) | SERVICII CONTRACT 273/02.10.2023 | ACT ADITIONAL NR. 1 DIN 19.03.2024 (500 euro+TVA la cursul BNR),,"CONTRACT; contract, date:1d, trend-adjusted-amount:1.000:0.0%, company-profile:97%; company=RECURRENT; dominant=BLUE-MDR-C-5 (97%)"
accounting:BT.BIT 862,no,BLUE-MDR-C-5,,RECURRENT,32,37,BLUE-MDR-C-5,0.973,0.897,STABLE,ACCEPT_CANDIDATE,HIGH,CONTRACT,ron,cms689q2d0234rt35y98bik8h,BT.BIT 862,NESTLERS & PARTNERS SRL,2025-04-02,RON,500.00,2488.50,,BLUE-MDR-C-5,BLUE-MDR-C-<limit>,"{""limit"":""5""}",UNIQUE,BLUE-MDR-C-5,1003,2025-04-05,3,Act aditional Nr. 2 la contract 273/02.10.2023,SERVICII CONTRACT 273/02.10.2023 | ACT ADITIONAL NR. 1 DIN 19.03.2024 (500 euro+TVA la cursul BNR) | SERVICII CONTRACT 273/02.10.2023 | ACT ADITIONAL NR. 1 DIN 19.03.2024 (500 euro+TVA la cursul BNR),,"CONTRACT; contract, date:3d, trend-adjusted-amount:1.000:0.0%, company-profile:97%; company=RECURRENT; dominant=BLUE-MDR-C-5 (97%)"
accounting:BT.BIT 891,no,BLUE-MDR-C-5,,RECURRENT,32,37,BLUE-MDR-C-5,0.973,0.897,STABLE,ACCEPT_CANDIDATE,HIGH,CONTRACT,ron,cms689q8x025nrt351gt51fxs,BT.BIT 891,NESTLERS & PARTNERS SRL,2025-05-13,RON,500.00,2549.65,,BLUE-MDR-C-5,BLUE-MDR-C-<limit>,"{""limit"":""5""}",UNIQUE,BLUE-MDR-C-5,1004,2025-05-05,8,Act aditional Nr. 2 la contract 273/02.10.2023,SERVICII CONTRACT 273/02.10.2023 | ACT ADITIONAL NR. 1 DIN 19.03.2024 (500 euro+TVA la cursul BNR) | SERVICII CONTRACT 273/02.10.2023 | ACT ADITIONAL NR. 1 DIN 19.03.2024 (500 euro+TVA la cursul BNR),,"CONTRACT; contract, date:8d, trend-adjusted-amount:1.000:0.0%, company-profile:97%; company=RECURRENT; dominant=BLUE-MDR-C-5 (97%)"
accounting:BT.BIT 915,no,BLUE-MDR-C-5,,RECURRENT,32,37,BLUE-MDR-C-5,0.973,0.897,STABLE,ACCEPT_CANDIDATE,HIGH,CONTRACT,ron,cms689qef027rrt35bactnic6,BT.BIT 915,NESTLERS & PARTNERS SRL,2025-06-16,RON,500.00,2516.00,,BLUE-MDR-C-5,BLUE-MDR-C-<limit>,"{""limit"":""5""}",UNIQUE,BLUE-MDR-C-5,1005,2025-06-16,0,Act aditional Nr. 2 la contract 273/02.10.2023,SERVICII CONTRACT 273/02.10.2023 | ACT ADITIONAL NR. 1 DIN 19.03.2024 (500 euro+TVA la cursul BNR) | SERVICII CONTRACT 273/02.10.2023 | ACT ADITIONAL NR. 1 DIN 19.03.2024 (500 euro+TVA la cursul BNR),,"CONTRACT; contract, date:0d, trend-adjusted-amount:1.000:0.0%, company-profile:97%; company=RECURRENT; dominant=BLUE-MDR-C-5 (97%)"
accounting:BT.BIT 940,no,BLUE-MDR-C-5,,RECURRENT,32,37,BLUE-MDR-C-5,0.973,0.897,STABLE,ACCEPT_CANDIDATE,HIGH,CONTRACT,ron,cms689qk2029urt35zwojgzpd,BT.BIT 940,NESTLERS & PARTNERS SRL,2025-07-02,RON,500.00,2538.60,,BLUE-MDR-C-5,BLUE-MDR-C-<limit>,"{""limit"":""5""}",UNIQUE,BLUE-MDR-C-5,1006,2025-07-10,8,Act aditional Nr. 2 la contract 273/02.10.2023,SERVICII CONTRACT 273/02.10.2023 | ACT ADITIONAL NR. 1 DIN 19.03.2024 (500 euro+TVA la cursul BNR) | SERVICII CONTRACT 273/02.10.2023 | ACT ADITIONAL NR. 1 DIN 19.03.2024 (500 euro+TVA la cursul BNR),,"CONTRACT; contract, date:8d, trend-adjusted-amount:1.000:0.0%, company-profile:97%; company=RECURRENT; dominant=BLUE-MDR-C-5 (97%)"
accounting:BT.BIT 968,no,BLUE-MDR-C-5,,RECURRENT,32,37,BLUE-MDR-C-5,0.973,0.897,STABLE,ACCEPT_CANDIDATE,HIGH,CONTRACT,ron,cms689qr202c6rt350q0ov8q1,BT.BIT 968,NESTLERS & PARTNERS SRL,2025-08-04,RON,500.00,2538.50,,BLUE-MDR-C-5,BLUE-MDR-C-<limit>,"{""limit"":""5""}",UNIQUE,BLUE-MDR-C-5,1007,2025-08-04,0,Act aditional Nr. 2 la contract 273/02.10.2023,SERVICII CONTRACT 273/02.10.2023 | ACT ADITIONAL NR. 1 DIN 19.03.2024 (500 euro+TVA la cursul BNR) | SERVICII CONTRACT 273/02.10.2023 | ACT ADITIONAL NR. 1 DIN 19.03.2024 (500 euro+TVA la cursul BNR),,"CONTRACT; contract, date:0d, trend-adjusted-amount:1.000:0.0%, company-profile:97%; company=RECURRENT; dominant=BLUE-MDR-C-5 (97%)"
accounting:BT.R.BIT 19,no,BLUE-MDR-C-5,,RECURRENT,32,37,BLUE-MDR-C-5,0.973,0.897,STABLE,ACCEPT_CANDIDATE,HIGH,CONTRACT,ron,cms689qx802eirt35o4w3dmww,BT.R.BIT 19,NESTLERS & PARTNERS SRL,2025-09-02,RON,500.00,2536.25,,BLUE-MDR-C-5,BLUE-MDR-C-<limit>,"{""limit"":""5""}",UNIQUE,BLUE-MDR-C-5,1008,2025-09-05,3,Act aditional Nr. 2 la contract 273/02.10.2023,"SERVICII CONTRACT 273/02.10.2023 | ACT ADITIONAL NR. 1 DIN 19.03.2024, 500 EUR+TVA la cursul BNR 5.0725 | SERVICII CONTRACT 273/02.10.2023 | ACT ADITIONAL NR. 1 DIN 19.03.2024, 500 EUR+TVA la cursul BNR 5.0725",,"CONTRACT; contract, date:3d, trend-adjusted-amount:1.000:0.0%, company-profile:97%; company=RECURRENT; dominant=BLUE-MDR-C-5 (97%)"
accounting:BT.R.BIT 46,no,BLUE-MDR-C-5,,RECURRENT,32,37,BLUE-MDR-C-5,0.973,0.897,STABLE,ACCEPT_CANDIDATE,HIGH,CONTRACT,ron,cms689rba02k7rt35ymlrj5jo,BT.R.BIT 46,NESTLERS & PARTNERS SRL,2025-10-20,RON,500.00,2544.45,,BLUE-MDR-C-5,BLUE-MDR-C-<limit>,"{""limit"":""5""}",UNIQUE,BLUE-MDR-C-5,1009,2025-10-20,0,Act aditional Nr. 2 la contract 273/02.10.2023,"SERVICII CONTRACT 273/02.10.2023 | ACT ADITIONAL NR. 1 DIN 19.03.2024, 500 EUR+TVA la cursul BNR 5.0889 | SERVICII CONTRACT 273/02.10.2023 | ACT ADITIONAL NR. 1 DIN 19.03.2024, 500 EUR+TVA la cursul BNR 5.0889",,"CONTRACT; contract, date:0d, trend-adjusted-amount:1.000:0.0%, company-profile:97%; company=RECURRENT; dominant=BLUE-MDR-C-5 (97%)"
accounting:BT.R.BIT 73,no,BLUE-MDR-C-5,,RECURRENT,32,37,BLUE-MDR-C-5,0.973,0.897,STABLE,ACCEPT_CANDIDATE,HIGH,CONTRACT,ron,cms689r5v02hzrt357wk57tvq,BT.R.BIT 73,NESTLERS & PARTNERS SRL,2025-11-26,RON,500.00,2544.50,,BLUE-MDR-C-5,BLUE-MDR-C-<limit>,"{""limit"":""5""}",UNIQUE,BLUE-MDR-C-5,1010,2025-11-26,0,Act aditional Nr. 2 la contract 273/02.10.2023,"SERVICII CONTRACT 273/02.10.2023 | ACT ADITIONAL NR. 1 DIN 19.03.2024, 500 EUR+TVA la cursul BNR 5.089 | SERVICII CONTRACT 273/02.10.2023 | ACT ADITIONAL NR. 1 DIN 19.03.2024, 500 EUR+TVA la cursul BNR 5.089",,"CONTRACT; contract, date:0d, trend-adjusted-amount:1.000:0.0%, company-profile:97%; company=RECURRENT; dominant=BLUE-MDR-C-5 (97%)"
accounting:BT.R.BIT 100,no,BLUE-MDR-C-5,,RECURRENT,32,37,BLUE-MDR-C-5,0.973,0.897,STABLE,ACCEPT_CANDIDATE,HIGH,CONTRACT,ron,cms689ru802owrt35u8e4sq65,BT.R.BIT 100,NESTLERS & PARTNERS SRL,2025-12-23,RON,500.00,2544.05,,BLUE-MDR-C-5,BLUE-MDR-C-<limit>,"{""limit"":""5""}",UNIQUE,BLUE-MDR-C-5,1011,2025-12-23,0,Act aditional Nr. 2 la contract 273/02.10.2023,"SERVICII CONTRACT 273/02.10.2023 | ACT ADITIONAL NR. 1 DIN 19.03.2024, 500 EUR+TVA la cursul BNR 5.0881 | SERVICII CONTRACT 273/02.10.2023 | ACT ADITIONAL NR. 1 DIN 19.03.2024, 500 EUR+TVA la cursul BNR 5.0881",,"CONTRACT; contract, date:0d, trend-adjusted-amount:1.000:0.0%, company-profile:97%; company=RECURRENT; dominant=BLUE-MDR-C-5 (97%)"
accounting:BT.R.BIT 127,no,BLUE-MDR-C-5,,RECURRENT,32,37,BLUE-MDR-C-5,0.973,0.897,STABLE,ACCEPT_CANDIDATE,HIGH,CONTRACT,ron,cms689s0f02r4rt35gfd85fxi,BT.R.BIT 127,NESTLERS & PARTNERS SRL,2026-01-20,RON,500.00,2546.05,,BLUE-MDR-C-5,BLUE-MDR-C-<limit>,"{""limit"":""5""}",UNIQUE,BLUE-MDR-C-5,1012,2026-01-20,0,Act aditional Nr. 2 la contract 273/02.10.2023,"SERVICII CONTRACT 273/02.10.2023 | ACT ADITIONAL NR. 1 DIN 19.03.2024, 500 EUR+TVA la cursul BNR 5.0921 | SERVICII CONTRACT 273/02.10.2023 | ACT ADITIONAL NR. 1 DIN 19.03.2024, 500 EUR+TVA la cursul BNR 5.0921",,"CONTRACT; contract, date:0d, trend-adjusted-amount:1.000:0.0%, company-profile:97%; company=RECURRENT; dominant=BLUE-MDR-C-5 (97%)"
accounting:BT.R.BIT 155,no,BLUE-MDR-C-5,,RECURRENT,32,37,BLUE-MDR-C-5,0.973,0.897,STABLE,ACCEPT_CANDIDATE,HIGH,CONTRACT,ron,cms689sdm02urrt35ac3yvlao,BT.R.BIT 155,NESTLERS & PARTNERS SRL,2026-02-13,RON,500.00,2546.70,,BLUE-MDR-C-5,BLUE-MDR-C-<limit>,"{""limit"":""5""}",UNIQUE,BLUE-MDR-C-5,1013,2026-02-13,0,Act aditional Nr. 2 la contract 273/02.10.2023,"SERVICII CONTRACT 273/02.10.2023 | ACT ADITIONAL NR. 1 DIN 19.03.2024, 500 EUR+TVA la cursul BNR 5.0934 | SERVICII CONTRACT 273/02.10.2023 | ACT ADITIONAL NR. 1 DIN 19.03.2024, 500 EUR+TVA la cursul BNR 5.0934",,"CONTRACT; contract, date:0d, trend-adjusted-amount:1.000:0.0%, company-profile:97%; company=RECURRENT; dominant=BLUE-MDR-C-5 (97%)"
accounting:BT.R.BIT 178,no,BLUE-MDR-C-5,,RECURRENT,32,37,BLUE-MDR-C-5,0.973,0.897,STABLE,ACCEPT_CANDIDATE,HIGH,CONTRACT,ron,cms689spb02y3rt354ymjnhuj,BT.R.BIT 178,NESTLERS & PARTNERS SRL,2026-03-20,RON,500.00,2547.95,,BLUE-MDR-C-5,BLUE-MDR-C-<limit>,"{""limit"":""5""}",UNIQUE,BLUE-MDR-C-5,1014,2026-03-20,0,Act aditional Nr. 2 la contract 273/02.10.2023,"SERVICII CONTRACT 273/02.10.2023 | ACT ADITIONAL NR. 1 DIN 19.03.2024, 500.00 EUR+TVA la cursul BNR 5.0959 | SERVICII CONTRACT 273/02.10.2023 | ACT ADITIONAL NR. 1 DIN 19.03.2024, 500.00 EUR+TVA la cursul BNR 5.0959",,"CONTRACT; contract, date:0d, trend-adjusted-amount:1.000:0.0%, company-profile:97%; company=RECURRENT; dominant=BLUE-MDR-C-5 (97%)"
accounting:BT.R.BIT 207,no,BLUE-MDR-C-5,,RECURRENT,32,37,BLUE-MDR-C-5,0.973,0.897,STABLE,ACCEPT_CANDIDATE,HIGH,CONTRACT,ron,cms689t4w0326rt3558l3fryc,BT.R.BIT 207,NESTLERS & PARTNERS SRL,2026-04-29,RON,500.00,2546.85,,BLUE-MDR-C-5,BLUE-MDR-C-<limit>,"{""limit"":""5""}",UNIQUE,BLUE-MDR-C-5,1015,2026-04-29,0,Act aditional Nr. 2 la contract 273/02.10.2023,"SERVICII CONTRACT 273/02.10.2023 | ACT ADITIONAL NR. 1 DIN 19.03.2024, 500.00 EUR+TVA la cursul BNR 5.0937 | SERVICII CONTRACT 273/02.10.2023 | ACT ADITIONAL NR. 1 DIN 19.03.2024, 500.00 EUR+TVA la cursul BNR 5.0937",,"CONTRACT; contract, date:0d, trend-adjusted-amount:1.000:0.0%, company-profile:97%; company=RECURRENT; dominant=BLUE-MDR-C-5 (97%)"
accounting:BT.R.BIT 236,no,BLUE-MDR-C-5,,RECURRENT,32,37,BLUE-MDR-C-5,0.973,0.897,STABLE,ACCEPT_CANDIDATE,HIGH,CONTRACT,ron,cms689tcy034qrt35hdmh7mo4,BT.R.BIT 236,NESTLERS & PARTNERS SRL,2026-05-25,RON,500.00,2624.40,,BLUE-MDR-C-5,BLUE-MDR-C-<limit>,"{""limit"":""5""}",UNIQUE,BLUE-MDR-C-5,1016,2026-05-25,0,Act aditional Nr. 2 la contract 273/02.10.2023,"SERVICII CONTRACT 273/02.10.2023 | ACT ADITIONAL NR. 1 DIN 19.03.2024, 500.00 EUR+TVA la cursul BNR 5.2488 | SERVICII CONTRACT 273/02.10.2023 | ACT ADITIONAL NR. 1 DIN 19.03.2024, 500.00 EUR+TVA la cursul BNR 5.2488",,"CONTRACT; contract, date:0d, trend-adjusted-amount:1.000:0.0%, company-profile:97%; company=RECURRENT; dominant=BLUE-MDR-C-5 (97%)"
accounting:BT.R.BIT 265,no,BLUE-MDR-C-5,,RECURRENT,32,37,BLUE-MDR-C-5,0.973,0.897,STABLE,ACCEPT_CANDIDATE,HIGH,CONTRACT,ron,cms689tn7037ert35jg40lebw,BT.R.BIT 265,NESTLERS & PARTNERS SRL,2026-06-17,RON,500.00,2615.50,,BLUE-MDR-C-5,BLUE-MDR-C-<limit>,"{""limit"":""5""}",UNIQUE,BLUE-MDR-C-5,1017,2026-06-19,2,Act aditional Nr. 2 la contract 273/02.10.2023,"SERVICII CONTRACT 273/02.10.2023 | ACT ADITIONAL NR. 1 DIN 19.03.2024, 500.00 EUR+TVA la cursul BNR 5.231 | SERVICII CONTRACT 273/02.10.2023 | ACT ADITIONAL NR. 1 DIN 19.03.2024, 500.00 EUR+TVA la cursul BNR 5.231",,"CONTRACT; contract, date:2d, trend-adjusted-amount:1.000:0.0%, company-profile:97%; company=RECURRENT; dominant=BLUE-MDR-C-5 (97%)"
accounting:BT.R.BIT 294,no,BLUE-MDR-C-5,,RECURRENT,32,37,BLUE-MDR-C-5,0.973,0.897,STABLE,ACCEPT_CANDIDATE,HIGH,CONTRACT,ron,cms689tw803a6rt35sn7la1v6,BT.R.BIT 294,NESTLERS & PARTNERS SRL,2026-07-18,RON,500.00,2621.45,,BLUE-MDR-C-5,BLUE-MDR-C-<limit>,"{""limit"":""5""}",UNIQUE,BLUE-MDR-C-5,1018,2026-07-05,13,Act aditional Nr. 2 la contract 273/02.10.2023,"SERVICII CONTRACT 273/02.10.2023 | ACT ADITIONAL NR. 1 DIN 19.03.2024, 500.00 EUR+TVA la cursul BNR 5.2429 | SERVICII CONTRACT 273/02.10.2023 | ACT ADITIONAL NR. 1 DIN 19.03.2024, 500.00 EUR+TVA la cursul BNR 5.2429",,"CONTRACT; contract, date:13d, trend-adjusted-amount:1.000:0.0%, company-profile:97%; company=RECURRENT; dominant=BLUE-MDR-C-5 (97%)"
accounting:BT.R.BIT 965,no,PHISH-T-MM-FM-500-3,,SMALL,1,1,PHISH-T-MM-FM-<500>-<3>,1.000,0.000,MIXED/UNKNOWN,ACCEPT_CANDIDATE,HIGH,CONTRACT,ron,cms689r7v02ivrt35cn6a83h6,BT.R.BIT 965,NET BRINEL SA,2025-10-15,RON,5250.00,26711.48,,PHISH-T-MM-FM-500-3,PHISH-T-MM-FM-<limit1>-<limit2>,"{""limit1"":""500"",""limit2"":""3""}",UNIQUE,PHISH-T-MM-FM-<500>-<3>,1479,2025-10-15,0,CONTRACT DE PRESTĂRI SERVICII Nr. de inregistrare 344/16.6.2025,Servicii de training conform cu ACT ADITIONAL NR. 1 | DIN 16.06.2025 LA CONTRACTUL DE PRESTARI SERVICII Nr. 344/16.06.2025 ( 5.250 euro+TVA la cursul BNR) | Servicii de training conform cu ACT ADITIONAL NR. 1 | DIN 16.06.2025 LA CONTRACTUL ,,"CONTRACT; contract, date:0d, amount:0.0%; company=SMALL; dominant=PHISH-T-MM-FM-<500>-<3> (100%)"
accounting:441,no,BLUE-IR-10,,SMALL,2,1,BLUE-IR-10,1.000,0.000,MIXED/UNKNOWN,ACCEPT_CANDIDATE,HIGH,CONTRACT,ron,cms689ng10126rt35dyer8owa,441,NEW ECLIPSA SHOES S.R.L.,2022-12-23,RON,2250.00,11029.50,,BLUE-IR-10,BLUE-IR-<limit>,"{""limit"":""10""}",UNIQUE,BLUE-IR-10,140,2022-12-23,0,251/21.12.2022,SERVICII CONFORM CONTRACT 251/23.12.2022 | 2.250 euro+TVA reprezentand 50% din valoare servicii | SERVICII CONFORM CONTRACT 251/23.12.2022 | 2.250 euro+TVA reprezentand 50% din valoare servicii,,"CONTRACT; contract, date:0d, amount:0.0%; company=SMALL; dominant=BLUE-IR-10 (100%)"
accounting:448,no,BLUE-IR-10,,SMALL,2,1,BLUE-IR-10,1.000,0.000,MIXED/UNKNOWN,REVIEW,HIGH,STORNO_REFERENCE,ron,cms689nhk012rrt35zwwpfbvz,448,NEW ECLIPSA SHOES S.R.L.,2023-01-10,RON,2250.00,11134.35,storno,BLUE-IR-10,BLUE-IR-<limit>,"{""limit"":""10""}",UNIQUE,BLUE-IR-10,140,2022-12-23,18,251/21.12.2022,SERVICII CONFORM CONTRACT 251/23.12.2022 | Stornare factura 441/23.12.2022 reprezentand 2.250 euro+TVA reprezentand 50% din valoare servicii | SERVICII CONFORM CONTRACT 251/23.12.2022 | Stornare factura 441/23.12.2022 reprezentand 2.250 eur,,Storno mapped to 441; contract=true; amount=true; gap=18d
accounting:BT.BIT 253,no,RED-PEN-B-E-B-7,,SMALL,3,2,RED-PEN-B-E-B-7,1.000,0.000,MIXED/UNKNOWN,REVIEW,LOW,PROFILE,valuta,cms689m7h00lurt35vjbzd4c9,BT.BIT 253,NEXOG LTD,2025-09-23,EUR,2275.00,11546.31,,RED-PEN-B-E-B-7,RED-PEN-B-E-B-<limit>,"{""limit"":""7""}",UNIQUE,RED-PEN-B-E-B-7,1482,2025-09-23,0,NO. 350 - 4.8.2025,Advance amount accordingly with ANNEX 1 | - SPECIFIC CYBER SECURITY SERVICES to FRAMEWORK SERVICE AGREEMENT NO. 350 - 4.8.2025 | Advance amount accordingly with ANNEX 1 | - SPECIFIC CYBER SECURITY SERVICES to FRAMEWORK SERVICE AGREEMENT NO.,,"PROFILE; date:0d, amount:0.0%; company=SMALL; dominant=RED-PEN-B-E-B-7 (100%)"
accounting:BT.BIT 258,no,RED-PEN-B-E-B-7,,SMALL,3,2,RED-PEN-B-E-B-7,1.000,0.000,MIXED/UNKNOWN,REVIEW,LOW,PROFILE,valuta,cms689m8e00m6rt35q88e36fu,BT.BIT 258,NEXOG LTD,2025-10-08,EUR,2275.00,11583.39,,RED-PEN-B-E-B-7,RED-PEN-B-E-B-<limit>,"{""limit"":""7""}",UNIQUE,RED-PEN-B-E-B-7,1482,2025-10-08,0,NO. 350 - 4.8.2025,Difference amount accordingly with ANNEX 1 | - SPECIFIC CYBER SECURITY SERVICES to FRAMEWORK SERVICE AGREEMENT NO. 350 - 4.8.2025 | Difference amount accordingly with ANNEX 1 | - SPECIFIC CYBER SECURITY SERVICES to FRAMEWORK SERVICE AGREEME,,"PROFILE; date:0d, amount:0.0%; company=SMALL; dominant=RED-PEN-B-E-B-7 (100%)"
accounting:BT.R.BIT 58,no,RED-PEN-B-E-B-7,,SMALL,3,2,RED-PEN-B-E-B-7,1.000,0.000,MIXED/UNKNOWN,REVIEW,LOW,PROFILE,valuta,cms689r2w02gqrt356astuc4z,BT.R.BIT 58,NEXOG LTD,2025-11-28,EUR,455.00,2316.00,,RED-PEN-B-E-B-7,RED-PEN-B-E-B-<limit>,"{""limit"":""7""}",UNIQUE,RED-PEN-B-E-B-7,1483,2025-11-28,0,NO. 350 - 4.8.2025,Additional retesting services according with | FRAMEWORK SERVICE AGREEMENT NO. 350 - 4.8.2025 | Additional retesting services according with | FRAMEWORK SERVICE AGREEMENT NO. 350 - 4.8.2025,,"PROFILE; date:0d, amount:0.0%; company=SMALL; dominant=RED-PEN-B-E-B-7 (100%)"
accounting:BT.BIT 123,no,,,UNMATCHED,,,,,,,SKIP_NO_MATCH,NONE,NONE,valuta,cms689lcz00adrt357ilnbxeo,BT.BIT 123,NORWEGIAN UNIVERSITY OF SCIENCE AND TECHNOLOGY,2021-12-13,EUR,10000.00,49490.00,,,,,EMPTY,,,,,,"Kostnadssted: 633006, Prosjektnummer: 68123731 | Analyse: CG6302 | Kostnadssted: 633006, Prosjektnummer: 68123731 | Analyse: CG6302",,Organization not found in tracker.
accounting:BT.BIT 179,no,,,UNMATCHED,,,,,,,SKIP_NO_MATCH,NONE,NONE,valuta,cms689loj00enrt358316ibdu,BT.BIT 179,NORWEGIAN UNIVERSITY OF SCIENCE AND TECHNOLOGY,2023-10-30,EUR,25501.00,126691.52,,,,,EMPTY,,,,,,7 Attack & Defence exercises K.sted: 63300501 | Project number: 991368102 | 7 Attack & Defence exercises K.sted: 63300501 | Project number: 991368102,,Organization not found in tracker.
accounting:BT.BIT 594,no,RED-NIS-C-PEN-100,,SMALL,3,3,RED-NIS-C-PEN-100,0.667,0.000,MIXED/UNKNOWN,REVIEW,MEDIUM,CONTRACT,ron,cms689of701ftrt35e9nsttci,BT.BIT 594,NOVA POWER & GAS SRL,2024-01-23,RON,7610.00,37872.69,avans,RED-NIS-C-PEN-100,RED-NIS-C-PEN-<limit>,"{""limit"":""100""}",UNIQUE,RED-NIS-C-PEN-100 | RED-NIS-C-AUDIT-100,943,2024-01-23,0,NR. 282/19.01.2024,SERVICII DE AUDIT CALIFICAT DE SECURITATE CIBERNETICA | SI TESTE DE PENETRARE CONFORM CONTRACT NR. 282/19.01.2024(Avans 40% din total reprezentand 7.610 euro+TVA la cursul BNR ) | SERVICII DE AUDIT CALIFICAT DE SECURITATE CIBERNETICA | SI T,,"CONTRACT; contract, date:0d, milestone:avans; company=SMALL; dominant=RED-NIS-C-PEN-100 (67%)"
accounting:BT.BIT 620,no,RED-NIS-C-PEN-100,,SMALL,3,3,RED-NIS-C-PEN-100,0.667,0.000,MIXED/UNKNOWN,REVIEW,HIGH,STORNO_REFERENCE,ron,cms689okt01i3rt359oljpwno,BT.BIT 620,NOVA POWER & GAS SRL,2024-03-26,RON,7610.00,28329.93,storno,RED-NIS-C-PEN-100,RED-NIS-C-PEN-<limit>,"{""limit"":""100""}",UNIQUE,RED-NIS-C-PEN-100,943,2024-01-23,63,NR. 282/19.01.2024,SERVICII DE AUDIT CALIFICAT DE SECURITATE CIBERNETICA | SI TESTE DE PENETRARE CONFORM CONTRACT NR. 282/19.01.2024(Avans 40% din total reprezentand 7.610 euro+TVA la cursul BNR ) Stornare factura 594/23.01.2024 | SERVICII DE AUDIT CALIFICAT ,,Storno mapped to BT.BIT 594; contract=true; amount=true; gap=63d
accounting:BT.BIT 683,no,RED-NIS-C-PEN-100,,SMALL,3,3,RED-NIS-C-PEN-100,0.667,0.000,MIXED/UNKNOWN,REVIEW,MEDIUM,CONTRACT,ron,cms689ozi01nlrt3526bjmwbv,BT.BIT 683,NOVA POWER & GAS SRL,2024-07-31,RON,5707.50,28395.96,,RED-NIS-C-PEN-100,RED-NIS-C-PEN-<limit>,"{""limit"":""100""}",UNIQUE,RED-NIS-C-PEN-100 | RED-NIS-C-AUDIT-100,944,2024-05-15,77,NR. 282/19.01.2024,"CONTRACT PENTRU PRESTAREA DE SERVICII DE AUDIT CALIFICAT | DE SECURITATE CIBERNETICA SI TESTE DE PENETRARE contract NR. 282/19.01.2024 , 3.9.3 30% din total, adica a 5,707.5 EURO+ TVA la cursul BNR | CONTRACT PENTRU PRESTAREA DE SERVICII DE",,"CONTRACT; contract, date:77d, amount:0.0%; company=SMALL; dominant=RED-NIS-C-PEN-100 (67%)"
accounting:BT.BIT 623,no,BLUE-IR-10,,SMALL,2,1,BLUE-IR-10,1.000,0.000,MIXED/UNKNOWN,ACCEPT_CANDIDATE,HIGH,CONTRACT,ron,cms689olh01ifrt35kqlasb1f,BT.BIT 623,NUTRIPAW PET NUTRITION S.R.L.,2024-04-05,RON,1750.00,8694.18,avans,BLUE-IR-10,BLUE-IR-<limit>,"{""limit"":""10""}",UNIQUE,BLUE-IR-10,1027,2024-04-05,0,Nr. 287/01.04.2024,"SERVICII CONFORM CONTRACT Nr. 287/01.04.2024 | 50% din valoarea total?, adic? 1,750 euro + TVA la cursul BNR va fi achitata ca avans | SERVICII CONFORM CONTRACT Nr. 287/01.04.2024 | 50% din valoarea total?, adic? 1,750 euro + TVA la cursul ",,"CONTRACT; contract, date:0d, amount:0.0%, milestone:avans; company=SMALL; dominant=BLUE-IR-10 (100%)"
accounting:BT.BIT 634,no,BLUE-IR-10,,SMALL,2,1,BLUE-IR-10,1.000,0.000,MIXED/UNKNOWN,REVIEW,HIGH,STORNO_REFERENCE,ron,cms689onz01jcrt35cxkgke17,BT.BIT 634,NUTRIPAW PET NUTRITION S.R.L.,2024-04-24,RON,1750.00,8722.17,storno,BLUE-IR-10,BLUE-IR-<limit>,"{""limit"":""10""}",UNIQUE,BLUE-IR-10,1027,2024-04-05,19,Nr. 287/01.04.2024,"SERVICII CONFORM CONTRACT Nr. 287/01.04.2024 | Stornare factura 623/05.04.2024(50% din valoarea total?, adic? 1,750 euro + TVA la cursul BNR va fi achitata ca avans | SERVICII CONFORM CONTRACT Nr. 287/01.04.2024 | Stornare factura 623/05.04",,Storno mapped to BT.BIT 623; contract=true; amount=true; gap=19d
accounting:BT.BIT 266,no,RED-PEN-S-B-1,,STANDARD,6,2,RED-PEN-S-B-1,1.000,0.000,MIXED/UNKNOWN,REVIEW,HIGH,STORNO_REFERENCE,ron,cms689mae00mtrt35a6n95kj5,BT.BIT 266,ONLINE VENUES & EVENTS SRL,2021-05-04,RON,2200.00,16366.46,storno,RED-PEN-S-B-1,RED-PEN-S-B-<limit>,"{""limit"":""1""}",UNIQUE,RED-PEN-S-B-1,184,2021-03-03,62,181/09.02.2021,STORNARE FACTURA 256 DIN 03.03.2021 SERVICI CONFORM CONTRACT NR.181 DIN 09.02.2021 | stornare avans 2.200 euro la cursul BNR | STORNARE FACTURA 256 DIN 03.03.2021 | stornare avans 2.200 euro la cursul BNR | SERVICI CONFORM CONTRACT NR.181 D,,Storno mapped to BT.BIT 256; contract=true; amount=true; gap=62d
accounting:BT.BIT 282,no,ORO-TEM-L-10000,,MANY,139,296,BLUE-IR-OC-6,0.209,0.385,MIXED/UNKNOWN,REVIEW,MEDIUM,SCORED,ron,cms689mef00o9rt35upidw6bu,BT.BIT 282,ORANGE ROMANIA SA,2021-08-16,RON,4000.00,103147.80,,ORO-TEM-L-10000,ORO-TEM-L-<limit>,"{""limit"":""10000""}",UNIQUE,ORO-TEM-L-10000 | ORO-TEM-DEV-500 | RED-MISC-10 | PHISH-P-L-YY-A-15000,692,2021-08-16,0,PO 40444774,Fendly Discovery Scanner: Licenta 10000 de scanari Fendly Network Pro Scanner: Licenta 10000 de scanari Fendly Web Pro Scanner: Licenta 10000 de scanari Licenta Fendly Vulnerability Signal Monitor pentru 12 | Nr Notificare C102686; Nr PO/Re,"[{""line"":1,""service"":""Fendly Discovery Scanner: Licenta 10000 de scanari | Nr Notificare C102686; Nr PO/Release 40444774: Nr Receptie 183385(  4000 euro+TVA la cursul BNR"",""partNumber"":""ORO-TEM-L-10000"",""confidence"":""MEDIUM"",""trackerRow"":692},{""line"":2,""service"":""Fendly Network Pro Scanner: Licenta 10000 de scanari | Nr Notificare C102686; Nr PO/Release 40444774 : Nr Receptie 183385(  6000 euro+TVA la cursul BNR"",""partNumber"":"""",""confidence"":""NONE"",""trackerRow"":null},{""line"":3,""service"":""Fendly Web Pro Scanner: Licenta 10000 de scanari | Nr Notificare C102686; Nr PO/Release 40444774 : Nr Receptie 183385(  5000 euro+TVA la cursul BNR"",""partNumber"":"""",""confidence"":""NONE"",""trackerRow"":null},{""line"":4,""service"":""Licenta Fendly Vulnerability Signal Monitor pentru 12 | Nr Notificare C102686; Nr PO/Release 40444774 : Nr Receptie 183385(  6000 euro+TVA la cursul BNR"",""partNumber"":"""",""confidence"":""NONE"",""trackerRow"":null}]",SCORED; date:0d; company=MANY; dominant=BLUE-IR-OC-6 (21%)
accounting:BT.BIT 289,no,ORO-TEM-DEV-500,,MANY,139,296,BLUE-IR-OC-6,0.209,0.385,MIXED/UNKNOWN,REVIEW,MEDIUM,SCORED,ron,cms689mg700ozrt35u2ig2xm6,BT.BIT 289,ORANGE ROMANIA SA,2021-09-06,RON,31070.00,221944.85,,ORO-TEM-DEV-500,ORO-TEM-DEV-<limit>,"{""limit"":""500""}",UNIQUE,ORO-TEM-DEV-500 | ORO-TEM-L-10000 | RED-MISC-10 | PHISH-P-L-YY-A-15000,690,2021-09-06,0,PO 40444776,Dezvoltarea de functionalitati noi Imbunatatirea proceselor si functionalitatilor existente | Nr Notificare C104052; Nr PO/Release 40444776; Nr Receptie 184577 ( 31.070 euro+TVA la cursul BNR) | Dezvoltarea de functionalitati noi | Nr Notif,"[{""line"":1,""service"":""Dezvoltarea de functionalitati noi | Nr Notificare C104052; Nr PO/Release 40444776; Nr Receptie 184577 ( 31.070 euro+TVA la cursul BNR)"",""partNumber"":""ORO-TEM-DEV-500"",""confidence"":""MEDIUM"",""trackerRow"":690},{""line"":2,""service"":""Imbunatatirea proceselor si functionalitatilor existente | Nr Notificare C104052; Nr PO/Release 40444776; Nr Receptie 184577 ( 13.790 euro+TVA la cursul BNR)"",""partNumber"":"""",""confidence"":""NONE"",""trackerRow"":null}]",SCORED; date:0d; company=MANY; dominant=BLUE-IR-OC-6 (21%)
accounting:BT.BIT 292,no,RED-MISC-10,,MANY,139,296,BLUE-IR-OC-6,0.209,0.385,MIXED/UNKNOWN,REVIEW,MEDIUM,SCORED,ron,cms689mh100p9rt35mhunukjb,BT.BIT 292,ORANGE ROMANIA SA,2021-09-28,RON,4200.00,61612.56,,RED-MISC-10,RED-MISC-<limit>,"{""limit"":""10""}",UNIQUE,RED-MISC-10 | PHISH-P-L-YY-A-15000 | ORO-TEM-L-10000 | ORO-TEM-DEV-500,683,2021-09-28,0,PO 40448315,"Writing Reports and follow-up Run the tests (3 simulations, includes preparation, running Develop the methodology for testing (includes labs, tests et | Nr. notificare C104880; Nr PO/Release 40448315; Nr Receptie 185307( 4.200 euro+TVA la c","[{""line"":1,""service"":""Writing Reports and follow-up | Nr. notificare C104880; Nr PO/Release 40448315; Nr Receptie 185307( 4.200 euro+TVA la cursul BNR)"",""partNumber"":""RED-MISC-10"",""confidence"":""MEDIUM"",""trackerRow"":683},{""line"":2,""service"":""Run the tests (3 simulations, includes preparation, running | Nr. notificare C104880; Nr PO/Release 40448315; Nr Receptie 185307( 6.600 euro+TVA la cursul BNR)"",""partNumber"":"""",""confidence"":""NONE"",""trackerRow"":null},{""line"":3,""service"":""Develop the methodology for testing (includes labs, tests et | Nr. notificare C104880; Nr PO/Release 40448315; Nr Receptie 185307( 1.650 euro+TVA la cursul BNR)"",""partNumber"":"""",""confidence"":""NONE"",""trackerRow"":null}]",SCORED; date:0d; company=MANY; dominant=BLUE-IR-OC-6 (21%)
accounting:BT.BIT 297,no,,,MANY,139,296,BLUE-IR-OC-6,0.209,0.385,MIXED/UNKNOWN,SKIP_NO_MATCH,LOW,MULTI_LINE,ron,cms689mi700pqrt35sgbcaehs,BT.BIT 297,ORANGE ROMANIA SA,2021-10-19,RON,2000.00,188062.00,,,,,EMPTY,PHISH-P-L-YY-A-15000 | ORO-TEM-L-10000 | RED-MISC-10 | ORO-TEM-DEV-500 | RED-PEN-B-I-B-50,,,,,BSS Fendly RBL Scanner BSS Fendly RoHacked BSS Fendly SSL Vulnerability Scanner BSS Fendly Email Data Breach Monitoring BSS Fendly IP/Domain Reputation Scanner Licenta Phish Enterprise pentru 30 clienti cu pana la 500 de | 2000 euro +TVA la,"[{""line"":1,""service"":""BSS Fendly RBL Scanner | 2000 euro +TVA la cursul BNR ( Nr Notificare C106283; Nr PO/Release  40451579; Nr Receptie 186492)"",""partNumber"":""ORO-TEM-L-10000"",""confidence"":""MEDIUM"",""trackerRow"":682},{""line"":2,""service"":""BSS Fendly RoHacked | 3000 euro +TVA la cursul BNR ( Nr Notificare C106283; Nr PO/Release  40451579; Nr Receptie 186492)"",""partNumber"":"""",""confidence"":""NONE"",""trackerRow"":null},{""line"":3,""service"":""BSS Fendly SSL Vulnerability Scanner | 2000 euro +TVA la cursul BNR ( Nr Notificare C106283; Nr PO/Release  40451579; Nr Receptie 186492)"",""partNumber"":"""",""confidence"":""NONE"",""trackerRow"":null},{""line"":4,""service"":""BSS Fendly Email Data Breach Monitoring | 6000 euro +TVA la cursul BNR ( Nr Notificare C106283; Nr PO/Release  40451579; Nr Receptie 186492)"",""partNumber"":"""",""confidence"":""NONE"",""trackerRow"":null},{""line"":5,""service"":""BSS Fendly IP/Domain Reputation Scanner | 2000 euro +TVA la cursul BNR ( Nr Notificare C106283; Nr PO/Release  40451579; Nr Receptie 186492)"",""partNumber"":"""",""confidence"":""NONE"",""trackerRow"":null},{""line"":6,""service"":""Licenta Phish Enterprise pentru 30 clienti cu pana la 500 de | angajati si numar nelimitat de emailuri trimise. 23.000 euro +TVA la cursul BNR ( Nr Notificare C106283; Nr PO/Release  40451579; Nr Receptie 186492)"",""partNumber"":""PHISH-P-L-YY-A-15000"",""confidence"":""MEDIUM"",""trackerRow"":681}]",Invoice lines map to multiple part numbers: ORO-TEM-L-10000 | PHISH-P-L-YY-A-15000. Invoice schema stores only one; manual decision required.
accounting:BT.BIT 310,no,RED-PEN-B-I-B-50,,MANY,139,296,BLUE-IR-OC-6,0.209,0.385,MIXED/UNKNOWN,REVIEW,MEDIUM,SCORED,ron,cms689mla00qzrt35blqyozhe,BT.BIT 310,ORANGE ROMANIA SA,2021-12-06,RON,6500.00,32163.95,,RED-PEN-B-I-B-50,RED-PEN-B-I-B-<limit>,"{""limit"":""50""}",UNIQUE,RED-PEN-B-I-B-50 | CYBEREDU-RUN-EX-4 | PHISH-P-L-YY-A-15000 | ORO-TEM-L-10000 | RED-MISC-10,691,2021-12-06,0,PO 40450160,"PenTest Grey Box | Nr Notificare/Notification No O109225 : Livrare pentru PO/Delivery for PO 40450160 , Nr Receptie 188830( 6.500 euro+TVA la cursul BNR) | PenTest Grey Box | Nr Notificare/Notification No O109225 : Livrare pentru PO/Deliver",,"SCORED; date:0d, amount:0.0%; company=MANY; dominant=BLUE-IR-OC-6 (21%)"
accounting:BT.BIT 311,no,,,MANY,139,296,BLUE-IR-OC-6,0.209,0.385,MIXED/UNKNOWN,SKIP_NO_MATCH,NONE,NONE,ron,cms689mli00r2rt357nzew5l4,BT.BIT 311,ORANGE ROMANIA SA,2021-12-09,RON,16125.00,79799.40,,,,,EMPTY,,,,,,"PENETRATION TESTING SERVICES | Nr Notificare/Notification No C109529 : Livrare pentru PO/Delivery for PO 40452726, Nr Receptie 189147 ( 16.125 euro la cursul BNR) | PENETRATION TESTING SERVICES | Nr Notificare/Notification No C109529 : Livr",,No accounting-to-tracker activity match met the conservative threshold.
accounting:B.CYB 1,no,CYBEREDU-RUN-EX-4,,MANY,139,296,BLUE-IR-OC-6,0.209,0.385,MIXED/UNKNOWN,REVIEW,MEDIUM,SCORED,ron,cms68cdlv03bnrt35gwokv3l3,B.CYB 1,ORANGE ROMANIA SA,2022-01-01,RON,90000.00,445419.00,,CYBEREDU-RUN-EX-4,CYBEREDU-RUN-EX-<limit>,"{""limit"":""4""}",UNIQUE,CYBEREDU-RUN-EX-4 | RED-PEN-B-I-B-50 | PHISH-P-L-YY-A-15000 | ORO-TEM-L-10000 | RED-MISC-10,852,2022-01-01,0,40453216,"Solutie pentru dezvoltarea capabilitatilor de securitate | cibernetica in platforma CyberEdu ( Nr Notificare/Notification No C109623 : Livrare pentru PO/Delivery for PO 40453216, Nr Receptie 189255( 90.000 euro+TVA la cursul BNR) | Solutie ",,"SCORED; date:0d, amount:0.0%, description:0.36; company=MANY; dominant=BLUE-IR-OC-6 (21%)"
accounting:B.CYB 5,no,CYBEREDU-UNR,,MANY,139,296,BLUE-IR-OC-6,0.209,0.385,MIXED/UNKNOWN,REVIEW,MEDIUM,SCORED,ron,cms68cdnx03c2rt35br82co8y,B.CYB 5,ORANGE ROMANIA SA,2022-05-03,RON,10000.00,49469.00,,CYBEREDU-UNR,CYBEREDU-UNR,,UNIQUE,CYBEREDU-UNR | RED-MISC-10 | ORO-TEM-DEV-300 | PHISH-P-L-YY-A-15000,853,2022-05-30,27,40469783,"Parteneriat UNbreakable 2022 - concursul national de | securitate cibernetica - Faza 1 ( Nr Notificare O117243, Nr PO/Release 40469783, Nr Receptie 195643, valoare 10.000 euro+TVA la cursul BNR) | Parteneriat UNbreakable 2022 - concursul na",,"SCORED; date:27d, amount:0.0%; company=MANY; dominant=BLUE-IR-OC-6 (21%)"
accounting:B.CYB 6,no,CYBEREDU-UNR,,MANY,139,296,BLUE-IR-OC-6,0.209,0.385,MIXED/UNKNOWN,REVIEW,MEDIUM,SCORED,ron,cms68cdod03c5rt35upfh48j3,B.CYB 6,ORANGE ROMANIA SA,2022-05-30,RON,16000.00,79086.40,,CYBEREDU-UNR,CYBEREDU-UNR,,UNIQUE,CYBEREDU-UNR | ORO-TEM-DEV-300 | PHISH-P-L-YY-A-15000 | ORO-TEM-L-10000,853,2022-05-03,27,40469783,"Parteneriat UNbreakable 2022 | - concursul national de securitate cibernetica - Faza 2 ( 16.000 euro+TVA la cursul BNR , Nr Notificare O118280, Nr PO/Release 40469783, Nr Receptie 196558) | Parteneriat UNbreakable 2022 | - concursul nationa",,"SCORED; date:27d, amount:0.0%; company=MANY; dominant=BLUE-IR-OC-6 (21%)"
accounting:BT.BIT 387,no,,,MANY,139,296,BLUE-IR-OC-6,0.209,0.385,MIXED/UNKNOWN,SKIP_NO_MATCH,LOW,MULTI_LINE,ron,cms689n4000xirt35r5suqdsz,BT.BIT 387,ORANGE ROMANIA SA,2022-09-01,RON,12600.00,333853.50,,,,,EMPTY,ORO-TEM-DEV-300 | PHISH-P-L-YY-A-15000 | ORO-TEM-L-10000 | RED-MISC-10 | ORO-TEM-SUPPORT-50-12 | CYBEREDU-DEV-EX-5 | CYBEREDU-RUN-EX-1,,,,,Dezvoltare functionalitati noi si imbunatatiri TEMP BSS Fendly RBL Scanner BSS Fendly SSL Vulnerability Scanner BSS Fendly IP/Domain Reputation Scanner Fendly Web Pro Scanner:Licenta10000de scanari pentru12 luni Fendly Network Pro Scanner: ,"[{""line"":1,""service"":""Dezvoltare functionalitati noi si imbunatatiri TEMP | Nr Notificare C123160; Nr PO/Release 40481119;Nr Receptie 200764( 12.600 euro+TVA la cursul BNR)"",""partNumber"":""ORO-TEM-DEV-300"",""confidence"":""MEDIUM"",""trackerRow"":698},{""line"":2,""service"":""BSS Fendly RBL Scanner | Nr Notificare C123160; Nr PO/Release 40481119;Nr Receptie 200764( 2.200 euro+TVA la cursul BNR)"",""partNumber"":""ORO-TEM-L-10000"",""confidence"":""MEDIUM"",""trackerRow"":700},{""line"":3,""service"":""BSS Fendly SSL Vulnerability Scanner | Nr Notificare C123160; Nr PO/Release 40481119;Nr Receptie 200764( 2.200 euro+TVA la cursul BNR)"",""partNumber"":"""",""confidence"":""NONE"",""trackerRow"":null},{""line"":4,""service"":""BSS Fendly IP/Domain Reputation Scanner | Nr Notificare C123160; Nr PO/Release 40481119;Nr Receptie 200764( 2.200 euro+TVA la cursul BNR)"",""partNumber"":"""",""confidence"":""NONE"",""trackerRow"":null},{""line"":5,""service"":""Fendly Web Pro Scanner:Licenta10000de scanari pentru12 luni | Nr Notificare C123160; Nr PO/Release 40481119;Nr Receptie 200764( 5.500 euro+TVA la cursul BNR)"",""partNumber"":"""",""confidence"":""NONE"",""trackerRow"":null},{""line"":6,""service"":""Fendly Network Pro Scanner: Licenta 10000 de scanari | pentru 12 luni;Nr Notificare C123160; Nr PO/Release 40481119;Nr Receptie 200764( 6.700 euro+TVA la cursul BNR)"",""partNumber"":"""",""confidence"":""NONE"",""trackerRow"":null},{""line"":7,""service"":""Fendly Discovery Scanner: Licenta 10000 de scanari | pentru 12 luni;Nr Notificare C123160; Nr PO/Release 40481119;Nr Receptie 200764( 4.400 euro+TVA la cursul BNR)"",""partNumber"":"""",""confidence"":""NONE"",""trackerRow"":null},{""line"":8,""service"":""Licenta Phish Enterprise pentru 30 clienti cu pana la 500 de | angajati si numar nelimitat de emailuri trimise;Nr Notificare C123160; Nr PO/Release 40481119;Nr Receptie 200764( 26.000 euro+TVA la cursul BNR)"",""partNumber"":""PHISH-P-L-YY-A-15000"",""confidence"":""MEDIUM"",""trackerRow"":699},{""line"":9,""service"":""Licenta CVE Monitor pentru 12 luni | Nr Notificare C123160; Nr PO/Release 40481119;Nr Receptie 200764( 7.000 euro+TVA la cursul BNR)"",""partNumber"":"""",""confidence"":""NONE"",""trackerRow"":null}]",Invoice lines map to multiple part numbers: ORO-TEM-DEV-300 | ORO-TEM-L-10000 | PHISH-P-L-YY-A-15000. Invoice schema stores only one; manual decision required.
accounting:431,no,PHISH-P-L-MM-F-250-3,,MANY,139,296,BLUE-IR-OC-6,0.209,0.385,MIXED/UNKNOWN,REVIEW,MEDIUM,SCORED,ron,cms689ndn011brt35n8lp9rvy,431,ORANGE ROMANIA SA,2022-12-20,RON,4865.50,23833.15,,PHISH-P-L-MM-F-250-3,PHISH-P-L-MM-F-<limit1>-<limit2>,"{""limit1"":""250"",""limit2"":""3""}",UNIQUE,PHISH-P-L-MM-F-250-3 | ORO-TEM-DEV-300 | CYBEREDU-DEV-EX-5 | CYBEREDU-RUN-EX-1 | ORO-TEM-DEV-79,701,2022-12-20,0,PO 00007142,"Instruire si constientizare in securitatea cibernetica | UP ROMANIA SRL( Nr. notificare O1204037, Nr.PO PO00007142, Nr.receptie 11000773, 4865,5 euro+TVA la cursul BNR) | Instruire si constientizare in securitatea cibernetica | UP ROMANIA S",,"SCORED; date:0d, amount:0.4%; company=MANY; dominant=BLUE-IR-OC-6 (21%)"
accounting:432,no,ORO-TEM-DEV-300,,MANY,139,296,BLUE-IR-OC-6,0.209,0.385,MIXED/UNKNOWN,REVIEW,MEDIUM,SCORED,ron,cms689ndu011ert35q7zesha2,432,ORANGE ROMANIA SA,2022-12-20,RON,2500.00,191540.52,,ORO-TEM-DEV-300,ORO-TEM-DEV-<limit>,"{""limit"":""300""}",UNIQUE,ORO-TEM-DEV-300 | CYBEREDU-RUN-EX-1 | PHISH-P-L-MM-F-250-3 | CYBEREDU-DEV-EX-5,702,2022-12-20,0,PO 00010666,"Servicii asistenta presales (pachet 10 clienti) Servicii dezvoltare functionalitati noi si integrare | Nr.notificare C1204050, Nr. PO PO00010666, Nr. receptie OPA_26926( 2.500 euro+TVA la cursul BNR) | Servicii asistenta presales (pachet 10","[{""line"":1,""service"":""Servicii asistenta presales (pachet 10 clienti) | Nr.notificare C1204050, Nr. PO PO00010666, Nr. receptie OPA_26926( 2.500 euro+TVA la cursul BNR)"",""partNumber"":"""",""confidence"":""NONE"",""trackerRow"":null},{""line"":2,""service"":""Servicii dezvoltare functionalitati noi si integrare | cu sisteme ORO(540 ore) Nr.notificare C1204050, Nr. PO PO00010666, Nr. receptie OPA_26926( 36.450 euro+TVA la cursul BNR)"",""partNumber"":""ORO-TEM-DEV-300"",""confidence"":""MEDIUM"",""trackerRow"":702}]","SCORED; date:0d, amount:6.4%; company=MANY; dominant=BLUE-IR-OC-6 (21%)"
accounting:B.CYB 7,no,CYBEREDU-RUN-EX-1,,MANY,139,296,BLUE-IR-OC-6,0.209,0.385,MIXED/UNKNOWN,REVIEW,MEDIUM,SCORED,ron,cms68cdoz03cbrt35q5ib0o9y,B.CYB 7,ORANGE ROMANIA SA,2022-12-22,RON,32280.00,158246.24,,CYBEREDU-RUN-EX-1,CYBEREDU-RUN-EX-<limit>,"{""limit"":""1""}",UNIQUE,CYBEREDU-RUN-EX-1 | CYBEREDU-DEV-EX-5 | ORO-TEM-DEV-300 | PHISH-P-L-MM-F-250-3 | ORO-TEM-L-10000,855,2022-12-22,0,PO00010977,"RoEduCyberSkills platform - integration, 12 | month license & tenant , Nr.notificare C1204265, Nr.PO PO00010977, Nr. receptie OPA_27208, ( 32.280 euro+TVA la cursul BNR) | RoEduCyberSkills platform - integration, 12 | month license & tenant",,"SCORED; date:0d, amount:0.0%, description:0.32; company=MANY; dominant=BLUE-IR-OC-6 (21%)"
accounting:B.CYB 8,no,CYBEREDU-DEV-EX-5,,MANY,139,296,BLUE-IR-OC-6,0.209,0.385,MIXED/UNKNOWN,REVIEW,MEDIUM,SCORED,ron,cms68crcz00bjpj384rww1y6l,B.CYB 8,ORANGE ROMANIA SA,2022-12-22,RON,30000.00,147069.00,,CYBEREDU-DEV-EX-5,CYBEREDU-DEV-EX-<limit>,"{""limit"":""5""}",UNIQUE,CYBEREDU-DEV-EX-5 | CYBEREDU-RUN-EX-1 | PHISH-P-L-MM-F-250-3 | ORO-TEM-DEV-300 | ORO-TEM-L-10000,854,2022-12-22,0,PO00011232,"Dezvoltare laboratoare practice de | securitate cibernetica in poligonul CyberEdu - Pachet minimal laboratoare, Nr. notificare C1204270, Nr. PO PO00011232, Nr. receptie OPA_27209( 30.000 euro+TVA la cursul BNR) | Dezvoltare laboratoare prac",,"SCORED; date:0d, amount:0.0%, description:0.43; company=MANY; dominant=BLUE-IR-OC-6 (21%)"
accounting:BT.BIT 490,no,RED-NIS-NC-PEN-50,,MANY,139,296,BLUE-IR-OC-6,0.209,0.385,MIXED/UNKNOWN,REVIEW,MEDIUM,SCORED,ron,cms689nre016krt35fxgru31u,BT.BIT 490,ORANGE ROMANIA SA,2023-06-21,RON,590.00,43919.90,,RED-NIS-NC-PEN-50,RED-NIS-NC-PEN-<limit>,"{""limit"":""50""}",UNIQUE,RED-NIS-NC-PEN-50 | ORO-TEM-SUPPORT-50-12,759,2023-06-21,0,PO 00007141,"Audit directiva NIS, GAZ EST SA | 15*590 euro=8.850 euro+TVA la cursul BNR conform Bon de comanda nr. PO_300000001874030_PO00007141_0 din 18.11.2022 | Audit directiva NIS, GAZ EST SA | 15*590 euro=8.850 euro+TVA la cursul BNR conform Bon de",,"SCORED; date:0d, description:0.17; company=MANY; dominant=BLUE-IR-OC-6 (21%)"
accounting:BT.BIT 494,no,CYBEREDU-OP-U-5,,MANY,139,296,BLUE-IR-OC-6,0.209,0.385,MIXED/UNKNOWN,REVIEW,MEDIUM,SCORED,ron,cms689nsc016xrt355lw21utw,BT.BIT 494,ORANGE ROMANIA SA,2023-07-03,RON,,2035115.00,,CYBEREDU-OP-U-5,CYBEREDU-OP-U-<limit>,"{""limit"":""5""}",UNIQUE,ORO-TEM-SUPPORT-50-12 | CYBEREDU-OP-U-5,757,2023-07-03,0,PO 00027496,SERVICII IMPLEMENTARE MINISTERUL AFACERILOR INTERNE | Bon de comanda nr. PO00027496/03.07.2023 | SERVICII IMPLEMENTARE MINISTERUL AFACERILOR INTERNE | Bon de comanda nr. PO00027496/03.07.2023,,SCORED; date:0d; company=MANY; dominant=BLUE-IR-OC-6 (21%)
accounting:BT.BIT 495,no,ORO-TEM-SUPPORT-50-12,,MANY,139,296,BLUE-IR-OC-6,0.209,0.385,MIXED/UNKNOWN,REVIEW,MEDIUM,SCORED,ron,cms689nsk0170rt35bmcvoz65,BT.BIT 495,ORANGE ROMANIA SA,2023-07-03,RON,1875.00,37137.76,,ORO-TEM-SUPPORT-50-12,ORO-TEM-SUPPORT-<limit1>-<limit2>,"{""limit1"":""50"",""limit2"":""12""}",UNIQUE,ORO-TEM-SUPPORT-50-12,703,2023-07-03,0,PO 00025528,Servicii suport TEM L2/L3 Data de livrare: 31-03-2023 Servicii suport TEM L2/L3 Data de livrare: 30-04-2023 Servicii suport TEM L2/L3 Data de livrare: 31-05-2023 Servicii suport TEM L2/L3 Data de livrare: 30-06-2023 | Bon de comanda nr. PO0,"[{""line"":1,""service"":""Servicii suport TEM L2/L3 Data de livrare: 31-03-2023 | Bon de comanda nr. PO00025528 /08.06.2023( 1.875 euro+TVA la cursul BNR)"",""partNumber"":""ORO-TEM-SUPPORT-50-12"",""confidence"":""MEDIUM"",""trackerRow"":703},{""line"":2,""service"":""Servicii suport TEM L2/L3 Data de livrare: 30-04-2023 | Bon de comanda nr. PO00025528 /08.06.2023( 1.875 euro+TVA la cursul BNR)"",""partNumber"":""ORO-TEM-SUPPORT-50-12"",""confidence"":""MEDIUM"",""trackerRow"":704},{""line"":3,""service"":""Servicii suport TEM L2/L3 Data de livrare: 31-05-2023 | Bon de comanda nr. PO00025528 /08.06.2023( 1.875 euro+TVA la cursul BNR)"",""partNumber"":""ORO-TEM-SUPPORT-50-12"",""confidence"":""MEDIUM"",""trackerRow"":705},{""line"":4,""service"":""Servicii suport TEM L2/L3 Data de livrare: 30-06-2023 | Bon de comanda nr. PO00025528 /08.06.2023( 1.875 euro+TVA la cursul BNR)"",""partNumber"":""ORO-TEM-SUPPORT-50-12"",""confidence"":""MEDIUM"",""trackerRow"":706}]","SCORED; date:0d, amount:0.0%; company=MANY; dominant=BLUE-IR-OC-6 (21%)"
accounting:BT.BIT 517,no,ORO-TEM-SUPPORT-50-12,,MANY,139,296,BLUE-IR-OC-6,0.209,0.385,MIXED/UNKNOWN,REVIEW,MEDIUM,SCORED,ron,cms689nxs0191rt35q1kg87dl,BT.BIT 517,ORANGE ROMANIA SA,2023-08-07,RON,1875.00,9279.38,,ORO-TEM-SUPPORT-50-12,ORO-TEM-SUPPORT-<limit1>-<limit2>,"{""limit1"":""50"",""limit2"":""12""}",UNIQUE,ORO-TEM-SUPPORT-50-12,707,2023-08-07,0,PO 00025528,Servicii suport TEM L2/L3 Data de livrare: 30-07-2023 | PO00025528( 1.875 euro+TVA la cursul BNR | Servicii suport TEM L2/L3 Data de livrare: 30-07-2023 | PO00025528( 1.875 euro+TVA la cursul BNR,,"SCORED; date:0d, amount:0.0%; company=MANY; dominant=BLUE-IR-OC-6 (21%)"
accounting:BT.BIT 532,no,ORO-TEM-SUPPORT-50-12,,MANY,139,296,BLUE-IR-OC-6,0.209,0.385,MIXED/UNKNOWN,REVIEW,MEDIUM,SCORED,ron,cms689o1301aart35phgetsxd,BT.BIT 532,ORANGE ROMANIA SA,2023-09-05,RON,1875.00,9274.69,,ORO-TEM-SUPPORT-50-12,ORO-TEM-SUPPORT-<limit1>-<limit2>,"{""limit1"":""50"",""limit2"":""12""}",UNIQUE,ORO-TEM-SUPPORT-50-12 | ORO-TEM-SUPPORT-50-4,708,2023-09-06,1,PO 00025528,Servicii suport TEM L2/L3 Data de livrare: 31-08-2023 | PO00025528 ( 1.875 euro+TVA la cursul BNR) | Servicii suport TEM L2/L3 Data de livrare: 31-08-2023 | PO00025528 ( 1.875 euro+TVA la cursul BNR),,"SCORED; date:1d, amount:0.0%; company=MANY; dominant=BLUE-IR-OC-6 (21%)"
accounting:BT.BIT 533,no,ORO-TEM-DEV-100,,MANY,139,296,BLUE-IR-OC-6,0.209,0.385,MIXED/UNKNOWN,REVIEW,MEDIUM,SCORED,ron,cms689o1a01adrt35051rxya4,BT.BIT 533,ORANGE ROMANIA SA,2023-09-08,RON,12238.00,61235.96,,ORO-TEM-DEV-100,ORO-TEM-DEV-<limit>,"{""limit"":""100""}",UNIQUE,ORO-TEM-DEV-100 | ORO-TEM-SUPPORT-50-4 | ORO-TEM-SUPPORT-50-12 | RED-PEN-B-I-B-50,762,2023-09-08,0,PO00032455,Implementare change requests- sesiunea 2 (august 2023) | Nr Notificare C1216047; Nr PO PO00032455; Nr Receptie OPA_37026; ( 12.238 euro+TVA la cursul BNR) | Implementare change requests- sesiunea 2 (august 2023) | Nr Notificare C1216047; Nr,,"SCORED; date:0d, amount:0.0%; company=MANY; dominant=BLUE-IR-OC-6 (21%)"
accounting:BT.BIT 534,no,ORO-TEM-SUPPORT-50-4,,MANY,139,296,BLUE-IR-OC-6,0.209,0.385,MIXED/UNKNOWN,REVIEW,MEDIUM,SCORED,ron,cms689o1h01agrt35ba00ghl1,BT.BIT 534,ORANGE ROMANIA SA,2023-09-08,RON,625.00,37224.00,,ORO-TEM-SUPPORT-50-4,ORO-TEM-SUPPORT-<limit1>-<limit2>,"{""limit1"":""50"",""limit2"":""4""}",UNIQUE,ORO-TEM-SUPPORT-50-4 | ORO-TEM-DEV-100 | ORO-TEM-SUPPORT-50-12,760,2023-09-08,0,PO00032588,TEM- Ore suplimentare suport L2/L3 2023 | Nr Notificare O2216052; Nr PO PO00032588; ( 625 euro*12=7.500 euro+TVA la cursul BNR) | TEM- Ore suplimentare suport L2/L3 2023 | Nr Notificare O2216052; Nr PO PO00032588; ( 625 euro*12=7.500 euro+T,,"SCORED; date:0d, description:0.16; company=MANY; dominant=BLUE-IR-OC-6 (21%)"
accounting:BT.BIT 542,no,ORO-TEM-SUPPORT-50-12,,MANY,139,296,BLUE-IR-OC-6,0.209,0.385,MIXED/UNKNOWN,REVIEW,MEDIUM,SCORED,ron,cms689o3301b5rt3541zbgycf,BT.BIT 542,ORANGE ROMANIA SA,2023-10-02,RON,,9327.00,,ORO-TEM-SUPPORT-50-12,ORO-TEM-SUPPORT-<limit1>-<limit2>,"{""limit1"":""50"",""limit2"":""12""}",UNIQUE,ORO-TEM-SUPPORT-50-12 | ORO-TEM-SUPPORT-50-4 | ORO-TEM-DEV-100 | CYBEREDU-RUN-EX-1,709,2023-10-02,0,PO 00025528,"Servicii suport TEM L2/L3 | PO00025528 , Data de livrare: 31-08-2023 | Servicii suport TEM L2/L3 | PO00025528 , Data de livrare: 31-08-2023",,"SCORED; date:0d, description:0.13; company=MANY; dominant=BLUE-IR-OC-6 (21%)"
accounting:BT.BIT 551,no,,,MANY,139,296,BLUE-IR-OC-6,0.209,0.385,MIXED/UNKNOWN,SKIP_NO_MATCH,LOW,MULTI_LINE,ron,cms689o5901bwrt3563qb7807,BT.BIT 551,ORANGE ROMANIA SA,2023-10-31,RON,2200.00,244262.75,,,,,EMPTY,ORO-TEM-SUPPORT-50-12 | PHISH-P-L-YY-A-15000 | ORO-TEM-L-10000 | CYBEREDU-RUN-EX-1 | ORO-TEM-DEV-240,,,,,BSS Fendly IP/Domain Reputation Scanner BSS Fendly RBL Scanner BSS Fendly SSL Vulnerability Scanner Fendly Discovery Scanner Fendly Network Pro Scanner Fendly Web Pro Scanner Licenta Phish Enterprise pentru 30 clienti | 2.200 euro+TVA la cu,"[{""line"":1,""service"":""BSS Fendly IP/Domain Reputation Scanner | 2.200 euro+TVA la cursul BNR"",""partNumber"":""PHISH-P-L-YY-A-15000"",""confidence"":""MEDIUM"",""trackerRow"":764},{""line"":2,""service"":""BSS Fendly RBL Scanner | 2.200 euro+TVA la cursul BNR"",""partNumber"":""CYBEREDU-RUN-EX-1"",""confidence"":""MEDIUM"",""trackerRow"":856},{""line"":3,""service"":""BSS Fendly SSL Vulnerability Scanner | 2.200 euro+TVA la cursul BNR"",""partNumber"":""CYBEREDU-RUN-EX-1"",""confidence"":""MEDIUM"",""trackerRow"":857},{""line"":4,""service"":""Fendly Discovery Scanner | 4.400 euro+TVA la cursul BNR"",""partNumber"":"""",""confidence"":""NONE"",""trackerRow"":null},{""line"":5,""service"":""Fendly Network Pro Scanner | 6.700 euro+TVA la cursul BNR"",""partNumber"":"""",""confidence"":""NONE"",""trackerRow"":null},{""line"":6,""service"":""Fendly Web Pro Scanner | 5.500 euro+TVA la cursul BNR"",""partNumber"":"""",""confidence"":""NONE"",""trackerRow"":null},{""line"":7,""service"":""Licenta Phish Enterprise pentru 30 clienti | 26.000 euro+TVA la cursul BNR"",""partNumber"":""ORO-TEM-L-10000"",""confidence"":""MEDIUM"",""trackerRow"":765}]",Invoice lines map to multiple part numbers: PHISH-P-L-YY-A-15000 | CYBEREDU-RUN-EX-1 | ORO-TEM-L-10000. Invoice schema stores only one; manual decision required.
accounting:BT.BIT 559,no,ORO-TEM-SUPPORT-50-12,,MANY,139,296,BLUE-IR-OC-6,0.209,0.385,MIXED/UNKNOWN,REVIEW,MEDIUM,SCORED,ron,cms689o7701csrt35dqmvbsos,BT.BIT 559,ORANGE ROMANIA SA,2023-11-06,RON,1875.00,9317.82,,ORO-TEM-SUPPORT-50-12,ORO-TEM-SUPPORT-<limit1>-<limit2>,"{""limit1"":""50"",""limit2"":""12""}",UNIQUE,ORO-TEM-SUPPORT-50-12,710,2023-11-07,1,PO 00025528,Servicii suport TEM L2/L3 Data de livrare: 31-10-2023 | PO00025528( 1.875 euro+TVA la cursul BNR) | Servicii suport TEM L2/L3 Data de livrare: 31-10-2023 | PO00025528( 1.875 euro+TVA la cursul BNR),,"SCORED; date:1d, amount:0.0%; company=MANY; dominant=BLUE-IR-OC-6 (21%)"
accounting:BT.BIT 563,no,ORO-TEM-DEV-240,,MANY,139,296,BLUE-IR-OC-6,0.209,0.385,MIXED/UNKNOWN,REVIEW,MEDIUM,SCORED,ron,cms689o8001d6rt35h96304q1,BT.BIT 563,ORANGE ROMANIA SA,2023-11-29,RON,27000.00,134260.20,,ORO-TEM-DEV-240,ORO-TEM-DEV-<limit>,"{""limit"":""240""}",UNIQUE,ORO-TEM-DEV-240 | ORO-TEM-L-10000 | PHISH-P-L-YY-A-15000 | ORO-TEM-SUPPORT-50-12 | ORO-TEM-DEV-79,766,2023-11-29,0,Anexa 5 PO00034623,"Implementare modificari si servicii noi | 27.000 euro +TVA la cursul BNR conform Nr Notificare C1219483, Nr PO PO00034623, Nr Receptie OPA_38906 | Implementare modificari si servicii noi | 27.000 euro +TVA la cursul BNR conform Nr Notificar",,"SCORED; date:0d, amount:0.0%; company=MANY; dominant=BLUE-IR-OC-6 (21%)"
accounting:BT.BIT 566,no,RED-PEN-B-I-B-50,,MANY,139,296,BLUE-IR-OC-6,0.209,0.385,MIXED/UNKNOWN,REVIEW,MEDIUM,SCORED,ron,cms689o8n01dgrt3572268u5e,BT.BIT 566,ORANGE ROMANIA SA,2023-12-11,RON,12150.00,60357.55,,RED-PEN-B-I-B-50,RED-PEN-B-I-B-<limit>,"{""limit"":""50""}",UNIQUE,RED-PEN-B-I-B-50 | ORO-TEM-DEV-79 | ORO-TEM-SUPPORT-50-12 | ORO-TEM-DEV-100 | ORO-TEM-DEV-240,929,2023-12-12,1,PO00037565-1,Penetration Testing Services Pro Tier | ( 2 Seniors + 1 Mid =10 WD) - IMPULS LEASING ROMANIA IFN SA; 12.150 euro+TVA la cursul BNR conform Bon de comanda nr. PO00037565-1/10.11.2023 PO_300000001874030_PO00037565_1 ;codul: O1220702 | Penetra,,"SCORED; date:1d, amount:0.0%; company=MANY; dominant=BLUE-IR-OC-6 (21%)"
accounting:BT.BIT 572,no,ORO-TEM-SUPPORT-50-12,,MANY,139,296,BLUE-IR-OC-6,0.209,0.385,MIXED/UNKNOWN,REVIEW,MEDIUM,SCORED,ron,cms689o9x01dyrt35w2aamc3v,BT.BIT 572,ORANGE ROMANIA SA,2023-12-11,RON,1875.00,9314.44,,ORO-TEM-SUPPORT-50-12,ORO-TEM-SUPPORT-<limit1>-<limit2>,"{""limit1"":""50"",""limit2"":""12""}",UNIQUE,ORO-TEM-SUPPORT-50-12,711,2023-12-08,3,PO 00025528,Servicii suport TEM L2/L3 Data de livrare: 31-11-2023 | PO00025528 ( 1.875 euro+TVA la cursul BNR) | Servicii suport TEM L2/L3 Data de livrare: 31-11-2023 | PO00025528 ( 1.875 euro+TVA la cursul BNR),,"SCORED; date:3d, amount:0.0%; company=MANY; dominant=BLUE-IR-OC-6 (21%)"
accounting:BT.BIT 579,no,ORO-TEM-DEV-79,,MANY,139,296,BLUE-IR-OC-6,0.209,0.385,MIXED/UNKNOWN,REVIEW,MEDIUM,SCORED,ron,cms689obp01ejrt35i6vp469k,BT.BIT 579,ORANGE ROMANIA SA,2023-12-11,RON,5900.00,29309.43,,ORO-TEM-DEV-79,ORO-TEM-DEV-<limit>,"{""limit"":""79""}",UNIQUE,ORO-TEM-DEV-79 | RED-PEN-B-I-B-50 | ORO-TEM-SUPPORT-50-12 | ORO-TEM-DEV-50 | ORO-TEM-DEV-240,761,2023-12-12,1,PO00032531-1,Servicii de change requests | Bon de comanda nr. PO00032531-1/07.09.2023; PO_300000001874030_PO00032531_1; codul: O1220675( 5.900 euro+TVA la cursul BNR) | Servicii de change requests | Bon de comanda nr. PO00032531-1/07.09.2023; PO_3000000,,"SCORED; date:1d, amount:0.0%; company=MANY; dominant=BLUE-IR-OC-6 (21%)"
accounting:BT.BIT 582,no,ORO-TEM-DEV-50,,MANY,139,296,BLUE-IR-OC-6,0.209,0.385,MIXED/UNKNOWN,REVIEW,MEDIUM,SCORED,ron,cms689ocj01etrt35deha7hp8,BT.BIT 582,ORANGE ROMANIA SA,2024-01-09,RON,7050.00,35052.60,,ORO-TEM-DEV-50,ORO-TEM-DEV-<limit>,"{""limit"":""50""}",UNIQUE,ORO-TEM-DEV-50 | ORO-TEM-SUPPORT-50-12 | ORO-TEM-DEV-79 | RED-PEN-B-I-B-50 | CYBEREDU-RUN-EX-1,752,2024-01-11,2,PO00042373,Servicii de Quality Assurance si audit de UI/UX | Nr Notificare C1221994; Nr PO PO00042373; Nr Receptie OPA_42137 ( 7.050 euro+TVA la cursul BNR) | Servicii de Quality Assurance si audit de UI/UX | Nr Notificare C1221994; Nr PO PO00042373; ,,"SCORED; date:2d, amount:0.0%; company=MANY; dominant=BLUE-IR-OC-6 (21%)"
accounting:BT.BIT 587,no,ORO-TEM-SUPPORT-50-12,,MANY,139,296,BLUE-IR-OC-6,0.209,0.385,MIXED/UNKNOWN,REVIEW,MEDIUM,SCORED,ron,cms689odp01f8rt35gkodlmhu,BT.BIT 587,ORANGE ROMANIA SA,2024-01-11,RON,1875.00,9323.06,,ORO-TEM-SUPPORT-50-12,ORO-TEM-SUPPORT-<limit1>-<limit2>,"{""limit1"":""50"",""limit2"":""12""}",UNIQUE,ORO-TEM-SUPPORT-50-12,712,2024-01-11,0,PO 00025528,Servicii suport TEM L2/L3 Data de livrare: 31-12-2023 | PO00025528(1.875 euro+TVA la cursul BNR | Servicii suport TEM L2/L3 Data de livrare: 31-12-2023 | PO00025528(1.875 euro+TVA la cursul BNR,,"SCORED; date:0d, amount:0.0%; company=MANY; dominant=BLUE-IR-OC-6 (21%)"
accounting:BT.BIT 604,no,ORO-TEM-SUPPORT-50-12,,MANY,139,296,BLUE-IR-OC-6,0.209,0.385,MIXED/UNKNOWN,REVIEW,MEDIUM,SCORED,ron,cms689oha01gprt35x7njwucd,BT.BIT 604,ORANGE ROMANIA SA,2024-02-12,RON,1875.00,9328.69,,ORO-TEM-SUPPORT-50-12,ORO-TEM-SUPPORT-<limit1>-<limit2>,"{""limit1"":""50"",""limit2"":""12""}",UNIQUE,ORO-TEM-SUPPORT-50-12,713,2024-02-12,0,PO 00025528,Servicii suport TEM L2/L3 Data de livrare: 31-01-2024 | Referinta comenzii (BT-13) PO00025528( 1.875 euro+TVA la cursul BNR) | Servicii suport TEM L2/L3 Data de livrare: 31-01-2024 | Referinta comenzii (BT-13) PO00025528( 1.875 euro+TVA la ,,"SCORED; date:0d, amount:0.0%; company=MANY; dominant=BLUE-IR-OC-6 (21%)"
accounting:BT.BIT 614,no,ORO-TEM-SUPPORT-50-12,,MANY,139,296,BLUE-IR-OC-6,0.209,0.385,MIXED/UNKNOWN,REVIEW,MEDIUM,SCORED,ron,cms689oji01hkrt35sxzjrmxg,BT.BIT 614,ORANGE ROMANIA SA,2024-03-01,RON,1875.00,9318.56,,ORO-TEM-SUPPORT-50-12,ORO-TEM-SUPPORT-<limit1>-<limit2>,"{""limit1"":""50"",""limit2"":""12""}",UNIQUE,ORO-TEM-SUPPORT-50-12,714,2024-03-01,0,PO 00025528,Servicii suport TEM L2/L3 Data de livrare: 31-02-2024 | Referinta comenzii (BT-13) PO00025528( 1.875 euro+TVA la cursul BNR) | Servicii suport TEM L2/L3 Data de livrare: 31-02-2024 | Referinta comenzii (BT-13) PO00025528( 1.875 euro+TVA la ,,"SCORED; date:0d, amount:0.0%; company=MANY; dominant=BLUE-IR-OC-6 (21%)"
accounting:BT.BIT 622,no,,,MANY,139,296,BLUE-IR-OC-6,0.209,0.385,MIXED/UNKNOWN,SKIP_NO_MATCH,NONE,SOURCE_REUSE_ANOMALY,ron,cms689ol801iart35wh21976g,BT.BIT 622,ORANGE ROMANIA SA,2024-03-28,RON,4500.00,22378.50,storno,,,,EMPTY,,,,,,"SERVICII CONFORM Nr Notificare O1224658, Nr PO SERVICII CONFORM articol 3.9 din Contract NR. 286/21.02.2024 | PenStest - METAPLAST SRL ,Nr Receptie 11005575(4500 euro +TVA la cursul BNR) | SERVICII CONFORM Nr Notificare O1224658, Nr PO | Pe",,Quarantined: nr_iesire is reused by multiple organization/date/id_iesire headers inside the same source workbook; production lines may be contaminated.
accounting:BT.BIT 628,no,ORO-TEM-SUPPORT-50-12,,MANY,139,296,BLUE-IR-OC-6,0.209,0.385,MIXED/UNKNOWN,REVIEW,MEDIUM,SCORED,ron,cms689omk01iurt35wu4clnpq,BT.BIT 628,ORANGE ROMANIA SA,2024-04-09,RON,1875.00,9315.38,,ORO-TEM-SUPPORT-50-12,ORO-TEM-SUPPORT-<limit1>-<limit2>,"{""limit1"":""50"",""limit2"":""12""}",UNIQUE,ORO-TEM-SUPPORT-50-12,715,2024-04-09,0,PO00049528,Servicii suport TEM L2/L3 Data de livrare: 31-03-2024 | PO00049528 (1.875 euro+TVA la cursul BNR) | Servicii suport TEM L2/L3 Data de livrare: 31-03-2024 | PO00049528 (1.875 euro+TVA la cursul BNR),,"SCORED; date:0d, amount:0.0%, description:0.15; company=MANY; dominant=BLUE-IR-OC-6 (21%)"
accounting:BT.BIT 641,no,ORO-TEM-SUPPORT-50-12,,MANY,139,296,BLUE-IR-OC-6,0.209,0.385,MIXED/UNKNOWN,REVIEW,MEDIUM,SCORED,ron,cms689opq01jyrt35yi17pzjn,BT.BIT 641,ORANGE ROMANIA SA,2024-05-14,RON,1875.00,9330.56,,ORO-TEM-SUPPORT-50-12,ORO-TEM-SUPPORT-<limit1>-<limit2>,"{""limit1"":""50"",""limit2"":""12""}",UNIQUE,ORO-TEM-SUPPORT-50-12,716,2024-05-14,0,PO00049528,"Servicii suport TEM L2/L3 Data de livrare: 31-04-2024 | 1.875 euro+TVA la cursul BNR ,PO00049528 | Servicii suport TEM L2/L3 Data de livrare: 31-04-2024 | 1.875 euro+TVA la cursul BNR ,PO00049528",,"SCORED; date:0d, amount:0.0%, description:0.15; company=MANY; dominant=BLUE-IR-OC-6 (21%)"
accounting:BT.BIT 648,no,ORO-TEM-SUPPORT-50-12,,MANY,139,296,BLUE-IR-OC-6,0.209,0.385,MIXED/UNKNOWN,REVIEW,LOW,SCORED,ron,cms689or901kkrt35t2h3mrln,BT.BIT 648,ORANGE ROMANIA SA,2024-06-05,RON,7500.00,37318.50,,ORO-TEM-SUPPORT-50-12,ORO-TEM-SUPPORT-<limit1>-<limit2>,"{""limit1"":""50"",""limit2"":""12""}",UNIQUE,ORO-TEM-SUPPORT-50-12 | ORO-TEM-SUPPORT-50-4 | BLUE-IR-OC-6,751,2024-04-16,50,PO00051313,"Servicii suplimentare suport L2/L3 | Nr Notificare O1227422, Nr PO PO00051313, Nr Receptie OPA_46755( 7.500 euro+TVA la cursul BNR) | Servicii suplimentare suport L2/L3 | Nr Notificare O1227422, Nr PO PO00051313, Nr Receptie OPA_46755( 7.50",,"SCORED; date:50d, amount:0.0%; company=MANY; dominant=BLUE-IR-OC-6 (21%)"
accounting:BT.BIT 654,no,ORO-TEM-SUPPORT-50-12,,MANY,139,296,BLUE-IR-OC-6,0.209,0.385,MIXED/UNKNOWN,REVIEW,MEDIUM,SCORED,ron,cms689osg01l2rt35ww516n2d,BT.BIT 654,ORANGE ROMANIA SA,2024-06-06,RON,1875.00,9330.56,,ORO-TEM-SUPPORT-50-12,ORO-TEM-SUPPORT-<limit1>-<limit2>,"{""limit1"":""50"",""limit2"":""12""}",UNIQUE,ORO-TEM-SUPPORT-50-12,717,2024-06-06,0,PO00049528,Servicii suport TEM L2/L3 Data de livrare: 31-05-2024 | PO00049528 (1.875 euro+TVA la cursul BNR) | Servicii suport TEM L2/L3 Data de livrare: 31-05-2024 | PO00049528 (1.875 euro+TVA la cursul BNR),,"SCORED; date:0d, amount:0.0%, description:0.15; company=MANY; dominant=BLUE-IR-OC-6 (21%)"
accounting:BT.BIT 661,no,,,MANY,139,296,BLUE-IR-OC-6,0.209,0.385,MIXED/UNKNOWN,SKIP_NO_MATCH,LOW,MULTI_LINE,ron,cms689otz01lnrt350nd74hgr,BT.BIT 661,ORANGE ROMANIA SA,2024-06-14,RON,4800.00,123434.56,,,,,EMPTY,RED-PEN-B-E-B-7 | BLUE-IR-OC-6 | ORO-TEM-SUPPORT-50-12,,,,,Servicii de audit informatic de tip security Servicii de �nrolare Echipa de cyber Echipa de cyber security on-call - Pachet | code review pentru identificarea si evaluarea vulnerabilitatilor si riscurilor informatice - UP ROMANIA SRL( Nr No,"[{""line"":1,""service"":""Servicii de audit informatic de tip security | code review pentru identificarea si evaluarea vulnerabilitatilor si riscurilor informatice - UP ROMANIA SRL( Nr Notificare O1227722 ,Nr PO PO00052981 ,Nr Receptie 11006510 -4.800 euro+TVA la cursul BNR)"",""partNumber"":""RED-PEN-B-E-B-7"",""confidence"":""MEDIUM"",""trackerRow"":1044},{""line"":2,""service"":""Servicii de �nrolare Echipa de cyber | security on-call(prima data) - UP ROMANIA SRL  ( Nr Notificare O1227722 ,Nr PO PO00052981 ,Nr Receptie 11006510 -2.000 euro+TVA la cursul BNR)"",""partNumber"":""BLUE-IR-OC-6"",""confidence"":""MEDIUM"",""trackerRow"":1108},{""line"":3,""service"":""Echipa de cyber security on-call - Pachet | Basic - UP ROMANIA SRL - UP ROMANIA SRL ( Nr Notificare O1227722 ,Nr PO PO00052981 ,Nr Receptie 11006510 -18.000 euro+TVA la cursul BNR)"",""partNumber"":""BLUE-IR-OC-6"",""confidence"":""MEDIUM"",""trackerRow"":1109}]",Invoice lines map to multiple part numbers: RED-PEN-B-E-B-7 | BLUE-IR-OC-6. Invoice schema stores only one; manual decision required.
accounting:BT.BIT 662,no,BLUE-IR-OC-6,,MANY,139,296,BLUE-IR-OC-6,0.209,0.385,MIXED/UNKNOWN,REVIEW,MEDIUM,SCORED,ron,cms689ou801lsrt35hw12xqcn,BT.BIT 662,ORANGE ROMANIA SA,2024-06-14,RON,18000.00,99544.00,,BLUE-IR-OC-6,BLUE-IR-OC-<limit>,"{""limit"":""6""}",UNIQUE,BLUE-IR-OC-6 | ORO-TEM-SUPPORT-50-12,1110,2024-06-17,3,09.05.2024,"Servicii de Securitate Cibernetica - BOROMIR IND SRL Servicii Inrolare - BOROMIR IND SRL | Nr Notificare O1227721,Nr PO PO00052979,Nr Receptie11006509( 18.000 euro+TVA la cursul BNR) | Servicii de Securitate Cibernetica - BOROMIR IND SRL | ","[{""line"":1,""service"":""Servicii de Securitate Cibernetica - BOROMIR IND SRL | Nr Notificare O1227721,Nr PO PO00052979,Nr Receptie11006509( 18.000 euro+TVA la cursul BNR)"",""partNumber"":""BLUE-IR-OC-6"",""confidence"":""MEDIUM"",""trackerRow"":1110},{""line"":2,""service"":""Servicii Inrolare - BOROMIR IND SRL | Nr Notificare O1227721,Nr PO PO00052979,Nr Receptie11006509( 2.000 eur+TVA la cursul BNR)"",""partNumber"":""BLUE-IR-OC-6"",""confidence"":""MEDIUM"",""trackerRow"":1111}]",SCORED; date:3d; company=MANY; dominant=BLUE-IR-OC-6 (21%)
accounting:BT.BIT 664,no,RED-PEN-B-I-B-20,,MANY,139,296,BLUE-IR-OC-6,0.209,0.385,MIXED/UNKNOWN,REVIEW,MEDIUM,SCORED,ron,cms689ous01lzrt35fy1hv8wl,BT.BIT 664,ORANGE ROMANIA SA,2024-06-20,RON,3300.00,16421.79,,RED-PEN-B-I-B-20,RED-PEN-B-I-B-<limit>,"{""limit"":""20""}",UNIQUE,RED-PEN-B-I-B-20 | BLUE-IR-OC-6,1228,2024-06-20,0,27.5.2024,"Vulnerability Scanning/Vulnerability | Assessment/Manual Blackbox Penetration - ELBA SA( Nr Notificare O1227834, Nr PO PO00053904, Nr Receptie 11006542-3.300 euro+TVA la cursul BNR) | Vulnerability Scanning/Vulnerability | Assessment/Manual",,"SCORED; date:0d, amount:0.0%; company=MANY; dominant=BLUE-IR-OC-6 (21%)"
accounting:BT.BIT 669,no,ORO-TEM-SUPPORT-50-12,,MANY,139,296,BLUE-IR-OC-6,0.209,0.385,MIXED/UNKNOWN,REVIEW,MEDIUM,SCORED,ron,cms689ow001mert355kh54890,BT.BIT 669,ORANGE ROMANIA SA,2024-07-02,RON,1875.00,9331.87,,ORO-TEM-SUPPORT-50-12,ORO-TEM-SUPPORT-<limit1>-<limit2>,"{""limit1"":""50"",""limit2"":""12""}",UNIQUE,ORO-TEM-SUPPORT-50-12,718,2024-07-02,0,PO00049528,Servicii suport TEM L2/L3 Data de livrare: 31-06-2024 | 1.875 euro+TVA la cursul BNR conform PO00049528 | Servicii suport TEM L2/L3 Data de livrare: 31-06-2024 | 1.875 euro+TVA la cursul BNR conform PO00049528,,"SCORED; date:0d, amount:0.0%, description:0.15; company=MANY; dominant=BLUE-IR-OC-6 (21%)"
accounting:BT.BIT 688,no,ORO-TEM-SUPPORT-50-12,,MANY,139,296,BLUE-IR-OC-6,0.209,0.385,MIXED/UNKNOWN,REVIEW,MEDIUM,SCORED,ron,cms689p0p01o0rt35gaws91cx,BT.BIT 688,ORANGE ROMANIA SA,2024-08-01,RON,1875.00,9330.00,,ORO-TEM-SUPPORT-50-12,ORO-TEM-SUPPORT-<limit1>-<limit2>,"{""limit1"":""50"",""limit2"":""12""}",UNIQUE,ORO-TEM-SUPPORT-50-12,719,2024-08-01,0,PO00049528,Servicii suport TEM L2/L3 Data de livrare: 31-07-2024 | PO00049528 ( 1.875 euro+TVA la cursul BNR) | Servicii suport TEM L2/L3 Data de livrare: 31-07-2024 | PO00049528 ( 1.875 euro+TVA la cursul BNR),,"SCORED; date:0d, amount:0.0%, description:0.15; company=MANY; dominant=BLUE-IR-OC-6 (21%)"
accounting:BT.BIT 704,no,ORO-TEM-SUPPORT-50-12,,MANY,139,296,BLUE-IR-OC-6,0.209,0.385,MIXED/UNKNOWN,REVIEW,MEDIUM,SCORED,ron,cms689p4701pirt35nf5dkuy3,BT.BIT 704,ORANGE ROMANIA SA,2024-09-02,RON,1875.00,9331.69,,ORO-TEM-SUPPORT-50-12,ORO-TEM-SUPPORT-<limit1>-<limit2>,"{""limit1"":""50"",""limit2"":""12""}",UNIQUE,ORO-TEM-SUPPORT-50-12,720,2024-09-02,0,PO00049528,Servicii suport TEM L2/L3 Data de livrare: 31-07-2024 | PO00049528( 1875 euro + tva la cursul BNR) | Servicii suport TEM L2/L3 Data de livrare: 31-07-2024 | PO00049528( 1875 euro + tva la cursul BNR),,"SCORED; date:0d, amount:0.0%, description:0.15; company=MANY; dominant=BLUE-IR-OC-6 (21%)"
accounting:BT.BIT 718,no,ORO-TEM-SUPPORT-50-12,,MANY,139,296,BLUE-IR-OC-6,0.209,0.385,MIXED/UNKNOWN,REVIEW,MEDIUM,SCORED,ron,cms689p6v01qprt3543um2mrs,BT.BIT 718,ORANGE ROMANIA SA,2024-10-03,RON,1875.00,9330.75,,ORO-TEM-SUPPORT-50-12,ORO-TEM-SUPPORT-<limit1>-<limit2>,"{""limit1"":""50"",""limit2"":""12""}",UNIQUE,ORO-TEM-SUPPORT-50-12,721,2024-10-04,1,PO00049528,Servicii suport TEM L2/L3 Data de livrare: 31-09-2024 | PO00049528( 1.875 euro+TVA la cursul BNR) | Servicii suport TEM L2/L3 Data de livrare: 31-09-2024 | PO00049528( 1.875 euro+TVA la cursul BNR),,"SCORED; date:1d, amount:0.0%, description:0.15; company=MANY; dominant=BLUE-IR-OC-6 (21%)"
accounting:BT.BIT 724,no,ORO-TEM-DEV-494,,MANY,139,296,BLUE-IR-OC-6,0.209,0.385,MIXED/UNKNOWN,REVIEW,MEDIUM,SCORED,ron,cms689p8601r7rt35mc7bosky,BT.BIT 724,ORANGE ROMANIA SA,2024-10-04,RON,37050.00,184383.03,,ORO-TEM-DEV-494,ORO-TEM-DEV-<limit>,"{""limit"":""494""}",UNIQUE,ORO-TEM-DEV-494 | ORO-TEM-SUPPORT-50-12 | ORO-TEM-DEV-100 | PHISH-P-L-YY-A-15000 | ORO-TEM-L-10000,767,2024-10-04,0,PO00062653,"Gestionarea modific?rilor si solicit?rile de servicii noi | Nr Notificare C1230629,Nr PO PO00062653, Nr Receptie OPA_48901( 37.050 euro+TVA la cursul BNR) | Gestionarea modific?rilor si solicit?rile de servicii noi | Nr Notificare C1230629,",,"SCORED; date:0d, amount:0.0%; company=MANY; dominant=BLUE-IR-OC-6 (21%)"
accounting:BT.BIT 725,no,,,MANY,139,296,BLUE-IR-OC-6,0.209,0.385,MIXED/UNKNOWN,SKIP_NO_MATCH,LOW,MULTI_LINE,ron,cms689p8d01rart35jkdy2927,BT.BIT 725,ORANGE ROMANIA SA,2024-10-04,RON,2500.00,271224.70,,,,,EMPTY,ORO-TEM-L-10000 | ORO-TEM-SUPPORT-50-12 | ORO-TEM-DEV-494 | ORO-TEM-DEV-100 | PHISH-P-L-YY-A-15000,,,,,BSS Fendly IP/Domain Reputation Scanner BSS Fendly RBL Scanner BSS Fendly SSL Vulnerability Scanner Fendly Discovery Scanner: Licenta 10000 de scanari pentru 12 Fendly Network Pro Scanner: Licenta 10000 de scanari pentru Fendly Web Pro Scan,"[{""line"":1,""service"":""BSS Fendly IP/Domain Reputation Scanner | Nr Notificare C1230630, Nr PO PO00062656, Nr Receptie OPA_52002, (2.500 euro+TVA la cursul BNR)"",""partNumber"":"""",""confidence"":""NONE"",""trackerRow"":null},{""line"":2,""service"":""BSS Fendly RBL Scanner | Nr Notificare C1230630, Nr PO PO00062656, Nr Receptie OPA_52002, (2.500 euro+TVA la cursul BNR)"",""partNumber"":"""",""confidence"":""NONE"",""trackerRow"":null},{""line"":3,""service"":""BSS Fendly SSL Vulnerability Scanner | Nr Notificare C1230630, Nr PO PO00062656, Nr Receptie OPA_52002, (2.500 euro+TVA la cursul BNR)"",""partNumber"":"""",""confidence"":""NONE"",""trackerRow"":null},{""line"":4,""service"":""Fendly Discovery Scanner: Licenta 10000 de scanari pentru 12 | luni,Nr Notificare C1230630, Nr PO PO00062656, Nr Receptie OPA_52002, (4.900 euro+TVA la cursul BNR)"",""partNumber"":""ORO-TEM-L-10000"",""confidence"":""MEDIUM"",""trackerRow"":770},{""line"":5,""service"":""Fendly Network Pro Scanner: Licenta 10000 de scanari pentru | 12 luni,Nr Notificare C1230630, Nr PO PO00062656, Nr Receptie OPA_52002, (7.400 euro+TVA la cursul BNR)"",""partNumber"":"""",""confidence"":""NONE"",""trackerRow"":null},{""line"":6,""service"":""Fendly Web Pro Scanner: Licenta 10000 de scanari pentru 12 | luni,Nr Notificare C1230630, Nr PO PO00062656, Nr Receptie OPA_52002, (6.100 euro+TVA la cursul BNR)"",""partNumber"":"""",""confidence"":""NONE"",""trackerRow"":null},{""line"":7,""service"":""Licenta Phish Enterprise pentru 30 clienti cu pana la 500 de | angajati si numar nelimitat de emailuri trimise,Nr Notificare C1230630, Nr PO PO00062656, Nr Receptie OPA_52002, (28.600 euro+TVA la cursul BNR)"",""partNumber"":""PHISH-P-L-YY-A-15000"",""confidence"":""MEDIUM"",""trackerRow"":769}]",Invoice lines map to multiple part numbers: ORO-TEM-L-10000 | PHISH-P-L-YY-A-15000. Invoice schema stores only one; manual decision required.
accounting:BT.BIT 726,no,ORO-TEM-DEV-100,,MANY,139,296,BLUE-IR-OC-6,0.209,0.385,MIXED/UNKNOWN,REVIEW,MEDIUM,SCORED,ron,cms689p8m01rjrt35th91663w,BT.BIT 726,ORANGE ROMANIA SA,2024-10-04,RON,18375.00,91445.03,,ORO-TEM-DEV-100,ORO-TEM-DEV-<limit>,"{""limit"":""100""}",UNIQUE,ORO-TEM-DEV-100 | ORO-TEM-SUPPORT-50-12 | ORO-TEM-DEV-494 | PHISH-P-L-YY-A-15000 | ORO-TEM-L-10000,768,2024-10-04,0,PO00062657,"Software development services for CR4 implementation | Nr Notificare C1230631, Nr PO PO00062657, Nr Receptie OPA_52003( 18.375 euro+TVA la cursul BNR) | Software development services for CR4 implementation | Nr Notificare C1230631, Nr PO PO",,"SCORED; date:0d, amount:0.0%, description:0.21; company=MANY; dominant=BLUE-IR-OC-6 (21%)"
accounting:BT.BIT 744,no,ORO-TEM-SUPPORT-50-12,,MANY,139,296,BLUE-IR-OC-6,0.209,0.385,MIXED/UNKNOWN,REVIEW,MEDIUM,SCORED,ron,cms689pcb01t2rt35xhbhlrib,BT.BIT 744,ORANGE ROMANIA SA,2024-11-02,RON,1875.00,9327.56,,ORO-TEM-SUPPORT-50-12,ORO-TEM-SUPPORT-<limit1>-<limit2>,"{""limit1"":""50"",""limit2"":""12""}",UNIQUE,ORO-TEM-SUPPORT-50-12,722,2024-11-05,3,PO00049528,Servicii suport TEM L2/L3 Data de livrare: 31-07-2024 | PO00049528( 1.875 euro+TVA la cursul BNR) | Servicii suport TEM L2/L3 Data de livrare: 31-07-2024 | PO00049528( 1.875 euro+TVA la cursul BNR),,"SCORED; date:3d, amount:0.0%, description:0.15; company=MANY; dominant=BLUE-IR-OC-6 (21%)"
accounting:BT.BIT 749,no,ORO-TEM-DEV-200,,MANY,139,296,BLUE-IR-OC-6,0.209,0.385,MIXED/UNKNOWN,REVIEW,MEDIUM,SCORED,ron,cms689pdg01thrt35ux7z4t5v,BT.BIT 749,ORANGE ROMANIA SA,2024-11-05,RON,1200.00,5970.00,,ORO-TEM-DEV-200,ORO-TEM-DEV-<limit>,"{""limit"":""200""}",UNIQUE,ORO-TEM-DEV-200 | ORO-TEM-SUPPORT-50-12 | ORO-TEM-DEV-494,776,2024-11-05,0,PO00063654,"Knowledge transfer pentru echipa ORO L1 | (prezentare aplicatie, verificarea/rezolvarea unor incidente simple) Nr Notificare C1233569, Nr PO PO00063654, Nr Receptie OPA_53442, ( 1.200 euro+TVA la cursul BNR) | Knowledge transfer pentru echi",,"SCORED; date:0d, amount:0.0%, description:0.52; company=MANY; dominant=BLUE-IR-OC-6 (21%)"
accounting:BT.BIT 766,no,ORO-TEM-SUPPORT-50-12,,MANY,139,296,BLUE-IR-OC-6,0.209,0.385,MIXED/UNKNOWN,REVIEW,MEDIUM,SCORED,ron,cms689ph901uyrt35z03uwk79,BT.BIT 766,ORANGE ROMANIA SA,2024-12-03,RON,1875.00,9331.87,,ORO-TEM-SUPPORT-50-12,ORO-TEM-SUPPORT-<limit1>-<limit2>,"{""limit1"":""50"",""limit2"":""12""}",UNIQUE,ORO-TEM-SUPPORT-50-12,723,2024-12-07,4,PO00049528,Servicii suport TEM L2/L3 Data de livrare: 31-11-2024 | 1.875 euro+TVA la cursul BNR (PO00049528) | Servicii suport TEM L2/L3 Data de livrare: 31-11-2024 | 1.875 euro+TVA la cursul BNR (PO00049528),,"SCORED; date:4d, amount:0.0%, description:0.15; company=MANY; dominant=BLUE-IR-OC-6 (21%)"
accounting:B.CYB 13,no,CYBEREDU-RUN-EX-1,,MANY,139,296,BLUE-IR-OC-6,0.209,0.385,MIXED/UNKNOWN,REVIEW,MEDIUM,SCORED,ron,cms68creh00c6pj38la9imn7y,B.CYB 13,ORANGE ROMANIA SA,2024-12-19,RON,13466.80,66831.82,,CYBEREDU-RUN-EX-1,CYBEREDU-RUN-EX-<limit>,"{""limit"":""1""}",UNIQUE,CYBEREDU-RUN-EX-1 | RED-PEN-B-I-B-20 | ORO-TEM-SUPPORT-50-12,858,2024-12-20,1,PO00093408,"CyberEDU - cyber-range platform | Nr Notificare C1236299 , Nr PO PO00093408, Nr Receptie OPA_58361( 13.466,8 euro+TVA la cursul BNR) | CyberEDU - cyber-range platform | Nr Notificare C1236299 , Nr PO PO00093408, Nr Receptie OPA_58361( 13.46",,"SCORED; date:1d, amount:0.2%, description:0.25; company=MANY; dominant=BLUE-IR-OC-6 (21%)"
accounting:B.CYB 15,no,CYBEREDU-RUN-EX-1,,MANY,139,296,BLUE-IR-OC-6,0.209,0.385,MIXED/UNKNOWN,REVIEW,MEDIUM,STORNO_REFERENCE,ron,cms68crey00ccpj38tzeo6r7b,B.CYB 15,ORANGE ROMANIA SA,2024-12-19,RON,13466.80,66831.82,storno,CYBEREDU-RUN-EX-1,CYBEREDU-RUN-EX-<limit>,"{""limit"":""1""}",UNIQUE,CYBEREDU-RUN-EX-1,858,2024-12-20,0,PO00093408,"CyberEDU - cyber-range platform | Nr Notificare C1236299 , Nr PO PO00093408, Nr Receptie OPA_58361( 13.466,8 euro+TVA la cursul BNR) stornare pentru motiv adresa gresita | CyberEDU - cyber-range platform | Nr Notificare C1236299 , Nr PO PO0",,Storno mapped to B.CYB 13; contract=false; amount=true; gap=0d
accounting:B.CYB 17,no,,,MANY,139,296,BLUE-IR-OC-6,0.209,0.385,MIXED/UNKNOWN,SKIP_NO_MATCH,NONE,NONE,ron,cms68crfe00cipj38hpjjtrwu,B.CYB 17,ORANGE ROMANIA SA,2024-12-19,RON,13466.80,66831.82,,,,,EMPTY,,,,,,"CyberEDU - cyber-range platform | Nr Notificare C1236299 , Nr PO PO00093408, Nr Receptie OPA_58361( 13.466,8 euro+TVA la cursul BNR) | CyberEDU - cyber-range platform | Nr Notificare C1236299 , Nr PO PO00093408, Nr Receptie OPA_58361( 13.46",,No accounting-to-tracker activity match met the conservative threshold.
accounting:B.CYB 14,no,CYBEREDU-RUN-EX-1,,MANY,139,296,BLUE-IR-OC-6,0.209,0.385,MIXED/UNKNOWN,REVIEW,MEDIUM,SCORED,ron,cms68creo00c9pj381ppegyls,B.CYB 14,ORANGE ROMANIA SA,2024-12-20,RON,34200.00,170141.58,,CYBEREDU-RUN-EX-1,CYBEREDU-RUN-EX-<limit>,"{""limit"":""1""}",UNIQUE,CYBEREDU-RUN-EX-1 | RED-PEN-B-I-B-20 | ORO-TEM-DEV-494 | ORO-TEM-SUPPORT-50-12,859,2024-12-21,1,PO00094270,"UNbreakable Romania competition software support services | Nr Notificare O1236379 , Nr PO PO00094270, Nr Receptie OPA_58481( 34.200 euro+TVA la cursul BNR) | UNbreakable Romania competition software support services | Nr Notificare O123637",,"SCORED; date:1d, amount:0.0%, description:0.28; company=MANY; dominant=BLUE-IR-OC-6 (21%)"
accounting:B.CYB 16,no,CYBEREDU-RUN-EX-1,,MANY,139,296,BLUE-IR-OC-6,0.209,0.385,MIXED/UNKNOWN,REVIEW,MEDIUM,STORNO_REFERENCE,ron,cms68crf600cfpj38wuo7kfbl,B.CYB 16,ORANGE ROMANIA SA,2024-12-20,RON,34200.00,170141.58,storno,CYBEREDU-RUN-EX-1,CYBEREDU-RUN-EX-<limit>,"{""limit"":""1""}",UNIQUE,CYBEREDU-RUN-EX-1,859,2024-12-21,0,PO00094270,"UNbreakable Romania competition software support services | Nr Notificare O1236379 , Nr PO PO00094270, Nr Receptie OPA_58481( 34.200 euro+TVA la cursul BNR) stornare motiv adresa gresita pe factura | UNbreakable Romania competition software",,Storno mapped to B.CYB 14; contract=false; amount=true; gap=0d
accounting:B.CYB 18,no,,,MANY,139,296,BLUE-IR-OC-6,0.209,0.385,MIXED/UNKNOWN,SKIP_NO_MATCH,NONE,NONE,ron,cms68crfm00clpj3874dnzbyb,B.CYB 18,ORANGE ROMANIA SA,2024-12-20,RON,34200.00,170141.58,,,,,EMPTY,,,,,,"UNbreakable Romania competition software support services | Nr Notificare O1236379 , Nr PO PO00094270, Nr Receptie OPA_58481( 34.200 euro+TVA la cursul BNR) | UNbreakable Romania competition software support services | Nr Notificare O123637",,No accounting-to-tracker activity match met the conservative threshold.
accounting:BT.BIT 787,no,RED-PEN-B-I-B-20,,MANY,139,296,BLUE-IR-OC-6,0.209,0.385,MIXED/UNKNOWN,REVIEW,MEDIUM,SCORED,ron,cms689plw01wprt35ned2051m,BT.BIT 787,ORANGE ROMANIA SA,2024-12-27,RON,2700.00,26873.10,,RED-PEN-B-I-B-20,RED-PEN-B-I-B-<limit>,"{""limit"":""20""}",UNIQUE,RED-PEN-B-I-B-20 | CYBEREDU-RUN-EX-1 | ORO-TEM-SUPPORT-50-12,1220,2024-12-27,0,28.11.2024,"Penetration Testing Services (external),ROZOTI PRODCOM SRL Penetration Testing Services (internal),ROZOTI PRODCOM SRL | Nr Notificare O1236444,Nr PO PO00086036, Nr Receptie 11009178(2.700 euro+TVA la cursul BNR) | Penetration Testing Servic","[{""line"":1,""service"":""Penetration Testing Services (external),ROZOTI PRODCOM SRL | Nr Notificare O1236444,Nr PO PO00086036, Nr Receptie 11009178(2.700 euro+TVA la cursul BNR)"",""partNumber"":""RED-PEN-B-I-B-20"",""confidence"":""MEDIUM"",""trackerRow"":1220},{""line"":2,""service"":""Penetration Testing Services (internal),ROZOTI PRODCOM SRL | Nr Notificare O1236444,Nr PO PO00086036, Nr Receptie 11009178(2.700 euro+TVA la cursul BNR)"",""partNumber"":"""",""confidence"":""NONE"",""trackerRow"":null}]",SCORED; date:0d; company=MANY; dominant=BLUE-IR-OC-6 (21%)
accounting:B.CYB 19,no,CYBEREDU-RUN-EX-1,,MANY,139,296,BLUE-IR-OC-6,0.209,0.385,MIXED/UNKNOWN,REVIEW,MEDIUM,SCORED,ron,cms68crfu00copj38wtnisw4o,B.CYB 19,ORANGE ROMANIA SA,2025-01-13,RON,12000.00,59673.60,,CYBEREDU-RUN-EX-1,CYBEREDU-RUN-EX-<limit>,"{""limit"":""1""}",UNIQUE,CYBEREDU-RUN-EX-1 | ORO-TEM-SUPPORT-50-12 | RED-PEN-B-I-B-20,860,2025-01-08,5,,"UNbreakable- concurs Capture the Flag | Nr Notificare O1236962, Nr PO PO00094826,Nr Receptie OPA_58922 ( 12.000 euro+TVA la cursul BNR de 4,9728 lei) | UNbreakable- concurs Capture the Flag | Nr Notificare O1236962, Nr PO PO00094826,Nr Rece",,"SCORED; date:5d, amount:0.0%; company=MANY; dominant=BLUE-IR-OC-6 (21%)"
accounting:BT.BIT 797,no,ORO-TEM-SUPPORT-50-12,,MANY,139,296,BLUE-IR-OC-6,0.209,0.385,MIXED/UNKNOWN,REVIEW,MEDIUM,SCORED,ron,cms689po201xkrt35xrfitz1q,BT.BIT 797,ORANGE ROMANIA SA,2025-01-15,RON,1875.00,9326.62,,ORO-TEM-SUPPORT-50-12,ORO-TEM-SUPPORT-<limit1>-<limit2>,"{""limit1"":""50"",""limit2"":""12""}",UNIQUE,ORO-TEM-SUPPORT-50-12,724,2025-01-08,7,PO00049528,Servicii suport TEM L2/L3 Data de livrare: 31-12-2024 | PO00049528( 1.875 euro+TVA la cursul BNR) | Servicii suport TEM L2/L3 Data de livrare: 31-12-2024 | PO00049528( 1.875 euro+TVA la cursul BNR),,"SCORED; date:7d, amount:0.0%, description:0.15; company=MANY; dominant=BLUE-IR-OC-6 (21%)"
accounting:BT.BIT 818,no,ORO-TEM-SUPPORT-50-12,,MANY,139,296,BLUE-IR-OC-6,0.209,0.385,MIXED/UNKNOWN,REVIEW,MEDIUM,SCORED,ron,cms689pso01zert35wxcjwdr8,BT.BIT 818,ORANGE ROMANIA SA,2025-02-03,RON,1875.00,9331.31,,ORO-TEM-SUPPORT-50-12,ORO-TEM-SUPPORT-<limit1>-<limit2>,"{""limit1"":""50"",""limit2"":""12""}",UNIQUE,ORO-TEM-SUPPORT-50-12,725,2025-02-09,6,PO00049528,Servicii suport TEM L2/L3 Data de livrare: 31-01-2025 | PO00049528 (1.875 euro+TVA la cursul BNR) | Servicii suport TEM L2/L3 Data de livrare: 31-01-2025 | PO00049528 (1.875 euro+TVA la cursul BNR),,"SCORED; date:6d, amount:0.0%, description:0.15; company=MANY; dominant=BLUE-IR-OC-6 (21%)"
accounting:BT.BIT 823,no,BLUE-INTEGRATION,,MANY,139,296,BLUE-IR-OC-6,0.209,0.385,MIXED/UNKNOWN,REVIEW,MEDIUM,SCORED,ron,cms689ptn01ztrt350o7qf8m0,BT.BIT 823,ORANGE ROMANIA SA,2025-02-11,RON,18500.00,92065.25,,BLUE-INTEGRATION,BLUE-INTEGRATION,,UNIQUE,BLUE-INTEGRATION | ORO-TEM-SUPPORT-50-12 | ORO-TEM-DEV-100,1219,2025-02-18,7,28.11.2024,"Implementare SIEM,Dimensionarea implementarii,BIOFARM SA | Nr Notificare O1238274,Nr PO PO00086476, Nr Receptie 11009875( 18.500 euro+TVA la cursul BNR) | Implementare SIEM,Dimensionarea implementarii,BIOFARM SA | Nr Notificare O1238274,Nr ",,"SCORED; date:7d, amount:0.0%; company=MANY; dominant=BLUE-IR-OC-6 (21%)"
accounting:BT.BIT 858,no,ORO-TEM-SUPPORT-50-12,,MANY,139,296,BLUE-IR-OC-6,0.209,0.385,MIXED/UNKNOWN,REVIEW,MEDIUM,SCORED,ron,cms689q1g022srt35yh4ex4fh,BT.BIT 858,ORANGE ROMANIA SA,2025-04-02,RON,1875.00,9331.88,,ORO-TEM-SUPPORT-50-12,ORO-TEM-SUPPORT-<limit1>-<limit2>,"{""limit1"":""50"",""limit2"":""12""}",UNIQUE,ORO-TEM-SUPPORT-50-12,726,2025-03-13,20,PO00049528,Servicii suport TEM L2/L3 | PO00049528( 1875 euro + tva la cursul BNR) | Servicii suport TEM L2/L3 | PO00049528( 1875 euro + tva la cursul BNR),,"SCORED; date:20d, amount:0.0%, description:0.20; company=MANY; dominant=BLUE-IR-OC-6 (21%)"
accounting:BT.BIT 864,no,ORO-TEM-SUPPORT-50-12,,MANY,139,296,BLUE-IR-OC-6,0.209,0.385,MIXED/UNKNOWN,REVIEW,MEDIUM,STORNO_REFERENCE,ron,cms689q2s023art35ig8fx3ke,BT.BIT 864,ORANGE ROMANIA SA,2025-04-13,RON,1875.00,9331.88,storno,ORO-TEM-SUPPORT-50-12,ORO-TEM-SUPPORT-<limit1>-<limit2>,"{""limit1"":""50"",""limit2"":""12""}",UNIQUE,ORO-TEM-SUPPORT-50-12,727,2025-04-14,0,PO00112619,Servicii suport TEM L2/L3 | PO00049528( 1875 euro + tva la cursul BNR) Stornare factura 858/02.04.2025 care are PO gresit | Servicii suport TEM L2/L3 | PO00049528( 1875 euro + tva la cursul BNR) Stornare factura 858/02.04.2025 care are PO g,,Storno mapped to BT.BIT 865; contract=false; amount=true; gap=0d
accounting:BT.BIT 865,no,ORO-TEM-SUPPORT-50-12,,MANY,139,296,BLUE-IR-OC-6,0.209,0.385,MIXED/UNKNOWN,REVIEW,MEDIUM,SCORED,ron,cms689q31023drt35wufcrrtl,BT.BIT 865,ORANGE ROMANIA SA,2025-04-13,RON,1875.00,9332.63,,ORO-TEM-SUPPORT-50-12,ORO-TEM-SUPPORT-<limit1>-<limit2>,"{""limit1"":""50"",""limit2"":""12""}",UNIQUE,ORO-TEM-SUPPORT-50-12,727,2025-04-14,1,PO00112619,Servicii suport TEM L2/L3 | PO 00112619( 1.875 euro+TVA la cursul BNR) | Servicii suport TEM L2/L3 | PO 00112619( 1.875 euro+TVA la cursul BNR),,"SCORED; date:1d, amount:0.0%; company=MANY; dominant=BLUE-IR-OC-6 (21%)"
accounting:BT.BIT 875,no,BLUE-IR-5,,MANY,139,296,BLUE-IR-OC-6,0.209,0.385,MIXED/UNKNOWN,REVIEW,MEDIUM,SCORED,ron,cms689q5h024brt35aux2bocu,BT.BIT 875,ORANGE ROMANIA SA,2025-04-30,RON,33900.00,168733.86,,BLUE-IR-5,BLUE-IR-<limit>,"{""limit"":""5""}",UNIQUE,BLUE-IR-5 | RED-PEN-B-E-B-25 | RED-PEN-B-I-B-15 | CYBEREDU-RUN-EX-1 | ORO-TEM-SUPPORT-50-12,1223,2025-04-30,0,30.04.2025,Pentest extern MyAccount B2B / B2C + Forensics workstation | Bon de comanda nr. PO00114865 (33.900 euro+TVA la cursul BNR) | Pentest extern MyAccount B2B / B2C + Forensics workstation | Bon de comanda nr. PO00114865 (33.900 euro+TVA la curs,,SCORED; date:0d; company=MANY; dominant=BLUE-IR-OC-6 (21%)
accounting:BT.BIT 887,no,ORO-TEM-SUPPORT-50-12,,MANY,139,296,BLUE-IR-OC-6,0.209,0.385,MIXED/UNKNOWN,REVIEW,MEDIUM,SCORED,ron,cms689q82025brt35c1czo7c6,BT.BIT 887,ORANGE ROMANIA SA,2025-05-13,RON,1875.00,9561.19,,ORO-TEM-SUPPORT-50-12,ORO-TEM-SUPPORT-<limit1>-<limit2>,"{""limit1"":""50"",""limit2"":""12""}",UNIQUE,ORO-TEM-SUPPORT-50-12,728,2025-05-16,3,PO00112619,Servicii suport TEM L2/L3 Data de livrare: 31-04-2025 | PO00112619 ( 1875 euro + tva la cursul BNR) | Servicii suport TEM L2/L3 Data de livrare: 31-04-2025 | PO00112619 ( 1875 euro + tva la cursul BNR),,"SCORED; date:3d, amount:0.0%, description:0.15; company=MANY; dominant=BLUE-IR-OC-6 (21%)"
accounting:BT.BIT 896,no,,,MANY,139,296,BLUE-IR-OC-6,0.209,0.385,MIXED/UNKNOWN,SKIP_NO_MATCH,LOW,MULTI_LINE,ron,cms689qa90262rt35014cdxly,BT.BIT 896,ORANGE ROMANIA SA,2025-05-27,RON,4500.00,164468.76,,,,,EMPTY,CONSULTANCY-MISC-32 | BLUE-IR-OC-6 | PHISH-P-L-MM-F-350-12 | CONSULTANCY-MISC-8 | ORO-TEM-SUPPORT-50-12,,,,,"Consultanta exclusiva pe zona de politici pentru 24/7 Incident Notification Hotline, Incident Response | pregatirea alinierii cu cerintele Directivei NIS 2( in limita a 30 de zile/om),BOROMIR ; Bon de comanda nr. PO00120051/27.05.2025( 4.50","[{""line"":1,""service"":""Consultanta exclusiva pe zona de politici pentru | pregatirea alinierii cu cerintele Directivei NIS 2( in limita a 30 de zile/om),BOROMIR  ; Bon de comanda nr. PO00120051/27.05.2025( 4.500 euro+TVA la cursul BNR)"",""partNumber"":""CONSULTANCY-MISC-32"",""confidence"":""MEDIUM"",""trackerRow"":1144},{""line"":2,""service"":""24/7 Incident Notification Hotline, Incident Response | Readiness Assessment,  Training cu Phish Enterprise odata pe an (pentru 350 de angajati), teste de penetrare, evaluarea vulnerabilitatii, servicii de consultanta CISO,  BOROMIR ( 27.996 euro+TVA la cursul BNR) Bon de comanda nr. PO00120051"",""partNumber"":""PHISH-P-L-MM-F-350-12"",""confidence"":""MEDIUM"",""trackerRow"":1171}]",Invoice lines map to multiple part numbers: CONSULTANCY-MISC-32 | PHISH-P-L-MM-F-350-12. Invoice schema stores only one; manual decision required.
accounting:BT.BIT 898,no,,,MANY,139,296,BLUE-IR-OC-6,0.209,0.385,MIXED/UNKNOWN,SKIP_NO_MATCH,LOW,MULTI_LINE,ron,cms689qap0269rt35h16bads1,BT.BIT 898,ORANGE ROMANIA SA,2025-06-03,RON,4500.00,164468.76,,,,,EMPTY,CONSULTANCY-MISC-32 | BLUE-IR-OC-6 | PHISH-P-L-MM-F-350-12 | CONSULTANCY-MISC-8,,,,,"Consultanta exclusiva pe zona de politici pentru 24/7 Incident Notification Hotline, Incident Response | pregatirea alinierii cu cerintele Directivei NIS 2( in limita a 30 de zile/om),BOROMIR ; Bon de comanda nr. PO00120051/27.05.2025( 4.50","[{""line"":1,""service"":""Consultanta exclusiva pe zona de politici pentru | pregatirea alinierii cu cerintele Directivei NIS 2( in limita a 30 de zile/om),BOROMIR  ; Bon de comanda nr. PO00120051/27.05.2025( 4.500 euro+TVA la cursul BNR)"",""partNumber"":""BLUE-IR-OC-6"",""confidence"":""MEDIUM"",""trackerRow"":1145},{""line"":2,""service"":""24/7 Incident Notification Hotline, Incident Response | Readiness Assessment,  Training cu Phish Enterprise odata pe an (pentru 350 de angajati), teste de penetrare, evaluarea vulnerabilitatii, servicii de consultanta CISO,  BOROMIR ( 27.996 euro+TVA la cursul BNR) Bon de comanda nr. PO00120051"",""partNumber"":""PHISH-P-L-MM-F-350-12"",""confidence"":""MEDIUM"",""trackerRow"":1170}]",Invoice lines map to multiple part numbers: BLUE-IR-OC-6 | PHISH-P-L-MM-F-350-12. Invoice schema stores only one; manual decision required.
accounting:BT.BIT 899,no,,,MANY,139,296,BLUE-IR-OC-6,0.209,0.385,MIXED/UNKNOWN,SKIP_NO_MATCH,LOW,MULTI_LINE,ron,cms689qax026drt35suqrax2d,BT.BIT 899,ORANGE ROMANIA SA,2025-06-03,RON,4500.00,34555.85,,,,,EMPTY,CONSULTANCY-MISC-32 | BLUE-IR-OC-6 | PHISH-P-L-MM-F-350-12 | CONSULTANCY-MISC-8,,,,,"Consultanta exclusiva pe zona de politici pentru 24/7 Incident Notification Hotline, Incident Response | pregatirea alinierii cu cerintele Directivei NIS 2( in limita a 30 de zile/om),BOROMIR ; Bon de comanda nr PO00120051/27.05.2025( 4.500","[{""line"":1,""service"":""Consultanta exclusiva pe zona de politici pentru | pregatirea alinierii cu cerintele Directivei NIS 2( in limita a 30 de zile/om),BOROMIR ; Bon de comanda nr PO00120051/27.05.2025( 4.500 euro+TVA la cursul BNR)"",""partNumber"":""CONSULTANCY-MISC-8"",""confidence"":""MEDIUM"",""trackerRow"":1195},{""line"":2,""service"":""24/7 Incident Notification Hotline, Incident Response | Readiness Assessment, Training cu Phish Enterprise odata pe an (pentru 350 de angajati), teste de penetrare, evaluarea vulnerabilitatii, servicii de consultanta CISO, BOROMIR ( 2.333 euro+TVA la cursul BNR)  Bon de comanda nr. PO00120051"",""partNumber"":""BLUE-IR-OC-6"",""confidence"":""MEDIUM"",""trackerRow"":1146}]",Invoice lines map to multiple part numbers: CONSULTANCY-MISC-8 | BLUE-IR-OC-6. Invoice schema stores only one; manual decision required.
accounting:BT.BIT 911,no,ORO-TEM-SUPPORT-50-12,,MANY,139,296,BLUE-IR-OC-6,0.209,0.385,MIXED/UNKNOWN,REVIEW,MEDIUM,SCORED,ron,cms689qdl027frt35pll6kr24,BT.BIT 911,ORANGE ROMANIA SA,2025-06-16,RON,1875.00,9435.00,,ORO-TEM-SUPPORT-50-12,ORO-TEM-SUPPORT-<limit1>-<limit2>,"{""limit1"":""50"",""limit2"":""12""}",UNIQUE,ORO-TEM-SUPPORT-50-12,729,2025-06-17,1,PO00112619,Servicii suport TEM L2/L3 | PO00049528( 1875 euro + tva la cursul BNR) | Servicii suport TEM L2/L3 | PO00049528( 1875 euro + tva la cursul BNR),,"SCORED; date:1d, amount:0.0%; company=MANY; dominant=BLUE-IR-OC-6 (21%)"
accounting:BT.BIT 921,no,CONSULTANCY-MISC-40,,MANY,139,296,BLUE-IR-OC-6,0.209,0.385,MIXED/UNKNOWN,REVIEW,MEDIUM,SCORED,ron,cms689qfs0289rt35erksp8ea,BT.BIT 921,ORANGE ROMANIA SA,2025-06-18,RON,23900.00,120128.57,,CONSULTANCY-MISC-40,CONSULTANCY-MISC-<limit>,"{""limit"":""40""}",UNIQUE,CONSULTANCY-MISC-40 | RED-PEN-B-E-B-25 | ORO-TEM-SUPPORT-50-12 | BLUE-IR-OC-6 | PHISH-P-L-MM-F-350-12,1082,2025-06-18,0,13.06.2025,"Servicii de pre audit informatic pentru identificarea | si evaluarea vulnerabilitatilor si riscurilor informatice, UP ROMANIA, Bon de comanda nr. PO00124685/13.06.2025( 23.900 euro+TVA la cursul BNR) | Servicii de pre audit informatic pentr",,SCORED; date:0d; company=MANY; dominant=BLUE-IR-OC-6 (21%)
accounting:BT.BIT 926,no,CYBEREDU-OP-U-3,,MANY,139,296,BLUE-IR-OC-6,0.209,0.385,MIXED/UNKNOWN,REVIEW,MEDIUM,SCORED,ron,cms689qgw028ort35tvv9phza,BT.BIT 926,ORANGE ROMANIA SA,2025-07-01,RON,125000.00,634712.50,,CYBEREDU-OP-U-3,CYBEREDU-OP-U-<limit>,"{""limit"":""3""}",UNIQUE,CYBEREDU-OP-U-3 | PHISH-P-L-MM-F-250-12 | BLUE-IR-OC-6 | PHISH-P-L-MM-F-350-12,984,2025-07-02,1,PO00124670,"Licenta Cyberedu - 3 ani, UNIVERSITATEA ""AL.I. CUZA"" IASI | Bon de comanda nr. PO00124670 ( 125.000 euro+TVA la cursul BNR) | Licenta Cyberedu - 3 ani, UNIVERSITATEA ""AL.I. CUZA"" IASI | Bon de comanda nr. PO00124670 ( 125.000 euro+TVA la cu",,"SCORED; date:1d, amount:0.0%, description:0.12; company=MANY; dominant=BLUE-IR-OC-6 (21%)"
accounting:BT.BIT 936,no,ORO-TEM-SUPPORT-50-12,,MANY,139,296,BLUE-IR-OC-6,0.209,0.385,MIXED/UNKNOWN,REVIEW,MEDIUM,SCORED,ron,cms689qj7029irt35nnnv51n7,BT.BIT 936,ORANGE ROMANIA SA,2025-07-02,RON,1875.00,9519.75,,ORO-TEM-SUPPORT-50-12,ORO-TEM-SUPPORT-<limit1>-<limit2>,"{""limit1"":""50"",""limit2"":""12""}",UNIQUE,ORO-TEM-SUPPORT-50-12,730,2025-07-19,17,PO00112619,Servicii suport TEM | PO00112619 ( 1875 euro + tva la cursul BNR) | Servicii suport TEM | PO00112619 ( 1875 euro + tva la cursul BNR),,"SCORED; date:17d, amount:0.0%, description:0.20; company=MANY; dominant=BLUE-IR-OC-6 (21%)"
accounting:BT.BIT 945,no,PHISH-P-L-MM-F-350-12,,MANY,139,296,BLUE-IR-OC-6,0.209,0.385,MIXED/UNKNOWN,REVIEW,MEDIUM,SCORED,ron,cms689ql302a9rt35r18u63qz,BT.BIT 945,ORANGE ROMANIA SA,2025-07-02,RON,2333.00,11845.11,,PHISH-P-L-MM-F-350-12,PHISH-P-L-MM-F-<limit1>-<limit2>,"{""limit1"":""350"",""limit2"":""12""}",UNIQUE,CYBEREDU-OP-U-3 | PHISH-P-L-MM-F-350-12 | PHISH-P-L-MM-F-250-12,1172,2025-07-10,8,27.05.2025,"Conform: PO PO00120051 24/7 Incident Notification Hotline, | Incident Response Readiness Assessment, Training cu Phish Enterprise odata pe an (pentru 350 de angajati), teste de penetrare, evaluarea vulnerabilita?ii, servicii de consultanta ",,"SCORED; date:8d, description:0.10; company=MANY; dominant=BLUE-IR-OC-6 (21%)"
accounting:BT.BIT 948,no,BLUE-IR-OC-6,,MANY,139,296,BLUE-IR-OC-6,0.209,0.385,MIXED/UNKNOWN,REVIEW,MEDIUM,SCORED,ron,cms689qlu02airt35p8uw0szs,BT.BIT 948,ORANGE ROMANIA SA,2025-07-21,RON,1500.00,7610.40,,BLUE-IR-OC-6,BLUE-IR-OC-<limit>,"{""limit"":""6""}",UNIQUE,ORO-TEM-SUPPORT-50-12 | BLUE-IR-OC-6,1147,2025-07-10,11,27.05.2025,"Servicii Incident Response Advance, UP ROMANIA | PO00124685 ( 1.500 euro+TVA la cursul BNR) | Servicii Incident Response Advance, UP ROMANIA | PO00124685 ( 1.500 euro+TVA la cursul BNR)",,"SCORED; date:11d, amount:12.5%, description:0.17; company=MANY; dominant=BLUE-IR-OC-6 (21%)"
accounting:BT.BIT 964,no,ORO-TEM-SUPPORT-50-12,,MANY,139,296,BLUE-IR-OC-6,0.209,0.385,MIXED/UNKNOWN,REVIEW,MEDIUM,SCORED,ron,cms689qq602burt35e5e4xxe5,BT.BIT 964,ORANGE ROMANIA SA,2025-08-04,RON,1875.00,9519.38,,ORO-TEM-SUPPORT-50-12,ORO-TEM-SUPPORT-<limit1>-<limit2>,"{""limit1"":""50"",""limit2"":""12""}",UNIQUE,ORO-TEM-SUPPORT-50-12,731,2025-08-20,16,PO00112619,Servicii suport TEM L2/L3 Data de livrare: 31-07-2025 | PO00112619 ( 1.875 euro+TVA la cursul BNR) | Servicii suport TEM L2/L3 Data de livrare: 31-07-2025 | PO00112619 ( 1.875 euro+TVA la cursul BNR),,"SCORED; date:16d, amount:0.0%, description:0.15; company=MANY; dominant=BLUE-IR-OC-6 (21%)"
accounting:BT.BIT 973,no,PHISH-P-L-MM-F-350-12,,MANY,139,296,BLUE-IR-OC-6,0.209,0.385,MIXED/UNKNOWN,REVIEW,MEDIUM,SCORED,ron,cms689qs502clrt35dui3kfzx,BT.BIT 973,ORANGE ROMANIA SA,2025-08-04,RON,2333.00,11844.64,,PHISH-P-L-MM-F-350-12,PHISH-P-L-MM-F-<limit1>-<limit2>,"{""limit1"":""350"",""limit2"":""12""}",UNIQUE,PHISH-P-L-MM-F-350-12 | PHISH-P-L-MM-F-250-12 | BLUE-IR-OC-6 | CONSULTANCY-MISC-8,1173,2025-08-04,0,27.05.2025,"Conform: PO PO00120051 24/7 Incident Notification Hotline, | Incident Response Readiness Assessment, Training cu Phish Enterprise odata pe an (pentru 350 de angajati), teste de penetrare, evaluarea vulnerabilita?ii, servicii de consultanta ",,"SCORED; date:0d, description:0.10; company=MANY; dominant=BLUE-IR-OC-6 (21%)"
accounting:BT.BIT 974,no,BLUE-IR-OC-6,,MANY,139,296,BLUE-IR-OC-6,0.209,0.385,MIXED/UNKNOWN,REVIEW,MEDIUM,SCORED,ron,cms689qsc02cort35ee5g4xik,BT.BIT 974,ORANGE ROMANIA SA,2025-08-04,RON,1500.00,7615.50,,BLUE-IR-OC-6,BLUE-IR-OC-<limit>,"{""limit"":""6""}",UNIQUE,BLUE-IR-OC-6 | PHISH-P-L-MM-F-250-12 | PHISH-P-L-MM-F-350-12,1148,2025-08-04,0,27.05.2025,"Conform PO00124685, Servicii Incident Response Advance, | UP ROMANIA ( 1.500 euro+TVA la cursul BNR) | Conform PO00124685, Servicii Incident Response Advance, | UP ROMANIA ( 1.500 euro+TVA la cursul BNR)",,"SCORED; date:0d, amount:12.5%, description:0.17; company=MANY; dominant=BLUE-IR-OC-6 (21%)"
accounting:BT.R.BIT 13,no,ORO-TEM-SUPPORT-50-12,,MANY,139,296,BLUE-IR-OC-6,0.209,0.385,MIXED/UNKNOWN,REVIEW,MEDIUM,SCORED,ron,cms689qvu02e0rt35141vpqza,BT.R.BIT 13,ORANGE ROMANIA SA,2025-09-02,RON,1875.00,9510.94,,ORO-TEM-SUPPORT-50-12,ORO-TEM-SUPPORT-<limit1>-<limit2>,"{""limit1"":""50"",""limit2"":""12""}",UNIQUE,ORO-TEM-SUPPORT-50-12,732,2025-09-21,19,PO00112619,"SERVICII SUPORT TEM L2/L3 DATA DE LIVRARE: 31-07-2025 | PO00112619, 1875 EUR+TVA la cursul BNR 5.0725 | SERVICII SUPORT TEM L2/L3 DATA DE LIVRARE: 31-07-2025 | PO00112619, 1875 EUR+TVA la cursul BNR 5.0725",,"SCORED; date:19d, amount:0.0%, description:0.14; company=MANY; dominant=BLUE-IR-OC-6 (21%)"
accounting:BT.R.BIT 14,no,PHISH-P-L-MM-F-350-12,,MANY,139,296,BLUE-IR-OC-6,0.209,0.385,MIXED/UNKNOWN,REVIEW,MEDIUM,SCORED,ron,cms689qw302e3rt35aedx66ky,BT.R.BIT 14,ORANGE ROMANIA SA,2025-09-02,RON,2333.00,11834.14,,PHISH-P-L-MM-F-350-12,PHISH-P-L-MM-F-<limit1>-<limit2>,"{""limit1"":""350"",""limit2"":""12""}",UNIQUE,PHISH-P-L-MM-F-350-12 | BLUE-IR-OC-6 | PHISH-P-L-MM-F-250-12 | CONSULTANCY-MISC-8,1174,2025-09-05,3,27.05.2025,"SERVICII CONFORM: PO PO00120051 24/7 | Incident Notification Hotline, Incident Response Readiness Assessment, Training cu Phish Enterprise odata pe an (pentru 350 de angajati), teste de penetrare, ev | SERVICII CONFORM: PO PO00120051 24/7 |",,"SCORED; date:3d, description:0.15; company=MANY; dominant=BLUE-IR-OC-6 (21%)"
accounting:BT.R.BIT 15,no,BLUE-IR-OC-6,,MANY,139,296,BLUE-IR-OC-6,0.209,0.385,MIXED/UNKNOWN,REVIEW,MEDIUM,SCORED,ron,cms689qwb02e6rt35tdu1wc6m,BT.R.BIT 15,ORANGE ROMANIA SA,2025-09-02,RON,1500.00,7608.75,,BLUE-IR-OC-6,BLUE-IR-OC-<limit>,"{""limit"":""6""}",UNIQUE,BLUE-IR-OC-6 | PHISH-P-L-MM-F-250-12 | PHISH-P-L-MM-F-350-12,1149,2025-09-05,3,27.05.2025,"SERVICII CONFORM PO00124685 | Servicii Incident Response Advance, UP ROMANIA, 1500 EUR+TVA la cursul BNR 5.0725 | SERVICII CONFORM PO00124685 | Servicii Incident Response Advance, UP ROMANIA, 1500 EUR+TVA la cursul BNR 5.0725",,"SCORED; date:3d, amount:12.5%, description:0.15; company=MANY; dominant=BLUE-IR-OC-6 (21%)"
accounting:BT. BIT 991,no,CYBEREDU-OP-U-7,,MANY,139,296,BLUE-IR-OC-6,0.209,0.385,MIXED/UNKNOWN,REVIEW,MEDIUM,SCORED,ron,cms689r1j02g7rt350ovfs8ut,BT. BIT 991,ORANGE ROMANIA SA,2025-10-07,RON,527073.07,2682064.00,,CYBEREDU-OP-U-7,CYBEREDU-OP-U-<limit>,"{""limit"":""7""}",UNIQUE,CYBEREDU-OP-U-7 | RED-PEN-B-E-B-9 | ORO-TEM-DEV-100 | ORO-TEM-L-10000 | PHISH-P-L-MM-F-250-12,869,2025-10-08,1,CONTRACT DE SUBCONTRACTARE NR. 25/B2B/21675/32311 din 21 august 2025,"Licenta cyberedu,SERVICIUL DE TEL.SPECIALE Servicii de implementare, SERVICIUL DE TEL. SPECIALE | Nr Notificare O1247889; Nr PO PO00143965; Nr Receptie 1013038 | Licenta cyberedu,SERVICIUL DE TEL.SPECIALE | Nr Notificare O1247889; Nr PO PO0","[{""line"":1,""service"":""Licenta cyberedu,SERVICIUL DE TEL.SPECIALE | Nr Notificare O1247889; Nr PO PO00143965; Nr Receptie 1013038"",""partNumber"":""CYBEREDU-OP-U-7"",""confidence"":""MEDIUM"",""trackerRow"":869},{""line"":2,""service"":""Servicii de implementare, SERVICIUL DE TEL. SPECIALE | Nr Notificare O1247889; Nr PO PO00143965; Nr Receptie 1013038"",""partNumber"":"""",""confidence"":""NONE"",""trackerRow"":null}]",SCORED; date:1d; company=MANY; dominant=BLUE-IR-OC-6 (21%)
accounting:BT.R.BIT 962,no,RED-PEN-B-E-B-9,,MANY,139,296,BLUE-IR-OC-6,0.209,0.385,MIXED/UNKNOWN,REVIEW,MEDIUM,SCORED,ron,cms689r7702ihrt35dujfq6xw,BT.R.BIT 962,ORANGE ROMANIA SA,2025-10-13,RON,5400.00,27500.58,,RED-PEN-B-E-B-9,RED-PEN-B-E-B-<limit>,"{""limit"":""9""}",UNIQUE,RED-PEN-B-E-B-9 | ORO-TEM-DEV-100 | ORO-TEM-L-10000 | CYBEREDU-OP-U-7,1229,2025-10-13,0,04.09.2025,"Penetration Testing Services, SMART DIESEL SRL | Nr Notificare O1247918, PO00139760, Nr Receptie 11013109( 5.400 euro+TVA la cursul BNR) | Penetration Testing Services, SMART DIESEL SRL | Nr Notificare O1247918, PO00139760, Nr Receptie 1101",,"SCORED; date:0d, amount:0.0%; company=MANY; dominant=BLUE-IR-OC-6 (21%)"
accounting:BT.R.BIT 963,no,ORO-TEM-DEV-100,,MANY,139,296,BLUE-IR-OC-6,0.209,0.385,MIXED/UNKNOWN,REVIEW,MEDIUM,SCORED,ron,cms689r7f02ikrt353gq1uwe0,BT.R.BIT 963,ORANGE ROMANIA SA,2025-10-15,RON,37000.00,188252.30,,ORO-TEM-DEV-100,ORO-TEM-DEV-<limit>,"{""limit"":""100""}",UNIQUE,ORO-TEM-DEV-100 | ORO-TEM-L-10000 | RED-PEN-B-E-B-9 | PHISH-P-L-MM-F-250-12,771,2025-10-15,0,,"Gestionarea modificarilor si solicitarile de servicii noi | Nr Notificare C1248145, Nr PO PO00146286, Nr Receptie OPA_70109,(37.000 euro+TVA la cursul BNR) | Gestionarea modificarilor si solicitarile de servicii noi | Nr Notificare C1248145",,"SCORED; date:0d, amount:0.0%, description:0.21; company=MANY; dominant=BLUE-IR-OC-6 (21%)"
accounting:BT.R.BIT 964,no,,,MANY,139,296,BLUE-IR-OC-6,0.209,0.385,MIXED/UNKNOWN,SKIP_NO_MATCH,LOW,MULTI_LINE,ron,cms689r7m02inrt35bj0xbeyx,BT.R.BIT 964,ORANGE ROMANIA SA,2025-10-15,RON,3200.00,162812.80,,,,,EMPTY,ORO-TEM-DEV-100 | ORO-TEM-L-10000 | RED-PEN-B-E-B-9 | PHISH-P-L-MM-F-250-12 | BLUE-IR-OC-6,,,,,"BSS Fendly IP/Domain Reputation Scanner BSS Fendly RBL Scanner BSS Fendly SSL Vulnerability Scanner Fendly Discovery Scanner Fendly Network Pro Scanner Fendly Web Pro Scanner | Nr Notificare C1248144, PO00146285, Nr Receptie OPA_70107 ( 3.2","[{""line"":1,""service"":""BSS Fendly IP/Domain Reputation Scanner | Nr Notificare C1248144, PO00146285, Nr Receptie OPA_70107 ( 3.200 euro+TVA la cursul BNR)"",""partNumber"":""ORO-TEM-L-10000"",""confidence"":""MEDIUM"",""trackerRow"":773},{""line"":2,""service"":""BSS Fendly RBL Scanner | Nr Notificare C1248144, PO00146285, Nr Receptie OPA_70107 ( 3.200 euro+TVA la cursul BNR)"",""partNumber"":""PHISH-P-L-MM-F-250-12"",""confidence"":""MEDIUM"",""trackerRow"":1087},{""line"":3,""service"":""BSS Fendly SSL Vulnerability Scanner | Nr Notificare C1248144, PO00146285, Nr Receptie OPA_70107 ( 3.200 euro+TVA la cursul BNR)"",""partNumber"":""PHISH-P-L-MM-F-350-12"",""confidence"":""MEDIUM"",""trackerRow"":1175},{""line"":4,""service"":""Fendly Discovery Scanner | Nr Notificare C1248144, PO00146285, Nr Receptie OPA_70107 ( 5.900 euro+TVA la cursul BNR)"",""partNumber"":""CONSULTANCY-MISC-8"",""confidence"":""MEDIUM"",""trackerRow"":1199},{""line"":5,""service"":""Fendly Network Pro Scanner | Nr Notificare C1248144, PO00146285, Nr Receptie OPA_70107 ( 8.400 euro+TVA la cursul BNR)"",""partNumber"":""RED-PEN-B-I-B-15"",""confidence"":""LOW"",""trackerRow"":1225},{""line"":6,""service"":""Fendly Web Pro Scanner | Nr Notificare C1248144, PO00146285, Nr Receptie OPA_70107 ( 8.100 euro+TVA la cursul BNR)"",""partNumber"":"""",""confidence"":""NONE"",""trackerRow"":null}]",Invoice lines map to multiple part numbers: ORO-TEM-L-10000 | PHISH-P-L-MM-F-250-12 | PHISH-P-L-MM-F-350-12 | CONSULTANCY-MISC-8 | RED-PEN-B-I-B-15. Invoice schema stores only one; manual decision required.
accounting:BT.R.BIT 40,no,ORO-TEM-SUPPORT-50-12,,MANY,139,296,BLUE-IR-OC-6,0.209,0.385,MIXED/UNKNOWN,REVIEW,MEDIUM,SCORED,ron,cms689r9w02jprt35zjye2y0u,BT.R.BIT 40,ORANGE ROMANIA SA,2025-10-20,RON,1875.00,9541.69,,ORO-TEM-SUPPORT-50-12,ORO-TEM-SUPPORT-<limit1>-<limit2>,"{""limit1"":""50"",""limit2"":""12""}",UNIQUE,ORO-TEM-SUPPORT-50-12,733,2025-10-23,3,PO00112619,"SERVICII SUPORT TEM L2/L3 DATA DE LIVRARE: 31-07-2025 | PO00112619, 1875 EUR+TVA la cursul BNR 5.0889 | SERVICII SUPORT TEM L2/L3 DATA DE LIVRARE: 31-07-2025 | PO00112619, 1875 EUR+TVA la cursul BNR 5.0889",,"SCORED; date:3d, amount:0.0%, description:0.14; company=MANY; dominant=BLUE-IR-OC-6 (21%)"
accounting:BT.R.BIT 41,no,BLUE-IR-OC-6,,MANY,139,296,BLUE-IR-OC-6,0.209,0.385,MIXED/UNKNOWN,REVIEW,MEDIUM,SCORED,ron,cms689ra402jsrt35cc3k5shj,BT.R.BIT 41,ORANGE ROMANIA SA,2025-10-20,RON,,11872.40,,BLUE-IR-OC-6,BLUE-IR-OC-<limit>,"{""limit"":""6""}",UNIQUE,BLUE-IR-OC-6 | PHISH-P-L-MM-F-350-12 | PHISH-P-L-MM-F-250-12 | CONSULTANCY-MISC-8,1099,2025-10-20,0,13.06.2025,"SERVICII CONFORM: PO PO00120051 24/7 | O1247910 Incident Notification Hotline, Incident Response Readiness Assessment, Training cu Phish Enterprise odata pe an (pentru 350 de angajati), teste de pene | SERVICII CONFORM: PO PO00120051 24/7 |",,"SCORED; date:0d, description:0.11; company=MANY; dominant=BLUE-IR-OC-6 (21%)"
accounting:BT.R.BIT 42,no,BLUE-IR-OC-6,,MANY,139,296,BLUE-IR-OC-6,0.209,0.385,MIXED/UNKNOWN,REVIEW,MEDIUM,SCORED,ron,cms689rac02jvrt3515zgk7tt,BT.R.BIT 42,ORANGE ROMANIA SA,2025-10-20,RON,1500.00,7633.35,,BLUE-IR-OC-6,BLUE-IR-OC-<limit>,"{""limit"":""6""}",UNIQUE,BLUE-IR-OC-6 | ORO-TEM-SUPPORT-50-12 | PHISH-P-L-MM-F-250-12 | PHISH-P-L-MM-F-350-12,1150,2025-10-20,0,27.05.2025,"SERVICII CONFORM PO00124685 | O1247912 Servicii Incident Response Advance, UP ROMANIA, 1500 EUR+TVA la cursul BNR 5.0889 | SERVICII CONFORM PO00124685 | O1247912 Servicii Incident Response Advance, UP ROMANIA, 1500 EUR+TVA la cursul BNR 5.0",,"SCORED; date:0d, amount:12.5%, description:0.14; company=MANY; dominant=BLUE-IR-OC-6 (21%)"
accounting:BT.R.BIT 67,no,ORO-TEM-SUPPORT-50-12,,MANY,139,296,BLUE-IR-OC-6,0.209,0.385,MIXED/UNKNOWN,REVIEW,MEDIUM,SCORED,ron,cms689r4n02hhrt35ixfzcd6k,BT.R.BIT 67,ORANGE ROMANIA SA,2025-11-26,RON,1875.00,9541.88,,ORO-TEM-SUPPORT-50-12,ORO-TEM-SUPPORT-<limit1>-<limit2>,"{""limit1"":""50"",""limit2"":""12""}",UNIQUE,ORO-TEM-SUPPORT-50-12,734,2025-11-24,2,PO00112619,"SERVICII SUPORT TEM L2/L3 DATA DE LIVRARE: 31-10-2025 | PO00112619 OPA_70420, 1875 EUR+TVA la cursul BNR 5.089 | SERVICII SUPORT TEM L2/L3 DATA DE LIVRARE: 31-10-2025 | PO00112619 OPA_70420, 1875 EUR+TVA la cursul BNR 5.089",,"SCORED; date:2d, amount:0.0%, description:0.13; company=MANY; dominant=BLUE-IR-OC-6 (21%)"
accounting:BT.R.BIT 68,no,BLUE-IR-OC-6,,MANY,139,296,BLUE-IR-OC-6,0.209,0.385,MIXED/UNKNOWN,REVIEW,MEDIUM,SCORED,ron,cms689r4u02hkrt350rlr2b40,BT.R.BIT 68,ORANGE ROMANIA SA,2025-11-26,RON,,11872.64,,BLUE-IR-OC-6,BLUE-IR-OC-<limit>,"{""limit"":""6""}",UNIQUE,BLUE-IR-OC-6 | PHISH-P-L-MM-F-350-12 | PHISH-P-L-MM-F-250-12 | CONSULTANCY-MISC-8,1100,2025-11-26,0,13.06.2025,"SERVICII CONFORM: PO PO00120051 24/7 | 11013421 Incident Notification Hotline, Incident Response Readiness Assessment, Training cu Phish Enterprise odata pe an (pentru 350 de angajati), teste de pene | SERVICII CONFORM: PO PO00120051 24/7 |",,"SCORED; date:0d, description:0.11; company=MANY; dominant=BLUE-IR-OC-6 (21%)"
accounting:BT.R.BIT 69,no,BLUE-IR-OC-6,,MANY,139,296,BLUE-IR-OC-6,0.209,0.385,MIXED/UNKNOWN,REVIEW,MEDIUM,SCORED,ron,cms689r5102hnrt35308f8ffq,BT.R.BIT 69,ORANGE ROMANIA SA,2025-11-26,RON,1500.00,7633.50,,BLUE-IR-OC-6,BLUE-IR-OC-<limit>,"{""limit"":""6""}",UNIQUE,BLUE-IR-OC-6 | ORO-TEM-SUPPORT-50-12 | PHISH-P-L-MM-F-250-12 | PHISH-P-L-MM-F-350-12,1151,2025-11-26,0,27.05.2025,"SERVICII CONFORM PO00124685 | 11013422 Servicii Incident Response Advance, UP ROMANIA, 1500 EUR+TVA la cursul BNR 5.089 | SERVICII CONFORM PO00124685 | 11013422 Servicii Incident Response Advance, UP ROMANIA, 1500 EUR+TVA la cursul BNR 5.08",,"SCORED; date:0d, amount:12.5%, description:0.14; company=MANY; dominant=BLUE-IR-OC-6 (21%)"
accounting:BT.BIT 1002,no,RED-PEN-B-E-B-9,,MANY,139,296,BLUE-IR-OC-6,0.209,0.385,MIXED/UNKNOWN,REVIEW,MEDIUM,SCORED,ron,cms689rn402n2rt35lxz254oj,BT.BIT 1002,ORANGE ROMANIA SA,2025-12-03,RON,5400.00,27482.22,,RED-PEN-B-E-B-9,RED-PEN-B-E-B-<limit>,"{""limit"":""9""}",UNIQUE,RED-PEN-B-E-B-9 | PHISH-P-L-MM-F-250-12 | BLUE-IR-OC-6,1230,2025-12-02,1,19.11.2025,"Penetration Testing Services, SMART MANAGEMENT INVEST SRL | Nr Notificare O1250433, Nr PO PO00152834, Nr Receptie 11013771 ( 5.400 euro+TVA la cursul BNR) | Penetration Testing Services, SMART MANAGEMENT INVEST SRL | Nr Notificare O1250433,",,"SCORED; date:1d, amount:0.0%; company=MANY; dominant=BLUE-IR-OC-6 (21%)"
accounting:BT.R.BIT 95,no,BLUE-IR-OC-6,,MANY,139,296,BLUE-IR-OC-6,0.209,0.385,MIXED/UNKNOWN,REVIEW,MEDIUM,SCORED,ron,cms689rsx02ohrt35m4wtdm74,BT.R.BIT 95,ORANGE ROMANIA SA,2025-12-23,RON,,11870.54,,BLUE-IR-OC-6,BLUE-IR-OC-<limit>,"{""limit"":""6""}",UNIQUE,BLUE-IR-OC-6 | PHISH-P-L-MM-F-350-12 | PHISH-P-L-MM-F-250-12 | CONSULTANCY-MISC-8,1101,2025-12-23,0,13.06.2025,"SERVICII CONFORM: PO PO00120051 24/7 | O1250396 Incident Notification Hotline, Incident Response Readiness Assessment, Training cu Phish Enterprise odata pe an (pentru 350 de angajati), teste de pene | SERVICII CONFORM: PO PO00120051 24/7 |",,"SCORED; date:0d, description:0.11; company=MANY; dominant=BLUE-IR-OC-6 (21%)"
accounting:BT.R.BIT 96,no,BLUE-IR-OC-6,,MANY,139,296,BLUE-IR-OC-6,0.209,0.385,MIXED/UNKNOWN,REVIEW,MEDIUM,SCORED,ron,cms689rt702okrt350mmgsk5k,BT.R.BIT 96,ORANGE ROMANIA SA,2025-12-23,RON,1500.00,7632.15,,BLUE-IR-OC-6,BLUE-IR-OC-<limit>,"{""limit"":""6""}",UNIQUE,BLUE-IR-OC-6 | ORO-TEM-SUPPORT-50-12 | PHISH-P-L-MM-F-250-12 | PHISH-P-L-MM-F-350-12,1152,2025-12-23,0,27.05.2025,"SERVICII CONFORM PO00124685 | O1250399 Servicii Incident Response Advance, UP ROMANIA, 1500 EUR+TVA la cursul BNR 5.0881 | SERVICII CONFORM PO00124685 | O1250399 Servicii Incident Response Advance, UP ROMANIA, 1500 EUR+TVA la cursul BNR 5.0",,"SCORED; date:0d, amount:12.5%, description:0.14; company=MANY; dominant=BLUE-IR-OC-6 (21%)"
accounting:B.CYB 26,no,PHISH-P-L-MM-F-250-12,,MANY,139,296,BLUE-IR-OC-6,0.209,0.385,MIXED/UNKNOWN,REVIEW,MEDIUM,SCORED,ron,cms68crhn00dfpj38qk59mcxo,B.CYB 26,ORANGE ROMANIA SA,2026-01-05,RON,12000.00,61182.00,,PHISH-P-L-MM-F-250-12,PHISH-P-L-MM-F-<limit1>-<limit2>,"{""limit1"":""250"",""limit2"":""12""}",UNIQUE,CYBEREDU-RUN-EX-1 | ORO-TEM-SUPPORT-50-12 | PHISH-P-L-MM-F-250-12 | BLUE-IR-OC-6,1089,2025-12-23,13,13.06.2025,"Capture the Flag?type competition - UNbreakable | Nr Notificare O1251706 , PO00160298, Nr Receptie OPA_73693(12.000 euro + TVA la cursul BNR) | Capture the Flag?type competition - UNbreakable | Nr Notificare O1251706 , PO00160298, Nr Recept",,SCORED; date:13d; company=MANY; dominant=BLUE-IR-OC-6 (21%)
accounting:B.CYB 27,no,PHISH-P-L-MM-F-350-12,,MANY,139,296,BLUE-IR-OC-6,0.209,0.385,MIXED/UNKNOWN,REVIEW,MEDIUM,SCORED,ron,cms68crhw00dipj38sb7052b2,B.CYB 27,ORANGE ROMANIA SA,2026-01-09,RON,34200.00,173978.82,,PHISH-P-L-MM-F-350-12,PHISH-P-L-MM-F-<limit1>-<limit2>,"{""limit1"":""350"",""limit2"":""12""}",UNIQUE,ORO-TEM-DEV-100 | ORO-TEM-L-10000 | PHISH-P-L-MM-F-250-12 | BLUE-IR-OC-6,1177,2025-12-23,17,27.05.2025,"CyberEDU SAAS licence-Advanced | Nr Notificare C1252436, PO00160164, Nr Receptie OPA_74331 (34.200 euro +TVA la cursul BNR) | CyberEDU SAAS licence-Advanced | Nr Notificare C1252436, PO00160164, Nr Receptie OPA_74331 (34.200 euro +TVA la cu",,SCORED; date:17d; company=MANY; dominant=BLUE-IR-OC-6 (21%)
accounting:BT.BIT 1010,no,,,MANY,139,296,BLUE-IR-OC-6,0.209,0.385,MIXED/UNKNOWN,SKIP_NO_MATCH,LOW,MULTI_LINE,ron,cms689rwm02pqrt35196rrle9,BT.BIT 1010,ORANGE ROMANIA SA,2026-01-12,RON,18750.00,203420.79,,,,,EMPTY,BLUE-INTEGRATION | PHISH-P-L-MM-F-250-12 | BLUE-IR-OC-6 | PHISH-P-L-MM-F-350-12 | CONSULTANCY-MISC-8 | RED-PEN-B-E-B-25,,,,,"Backend Development and Integration Deployment and Bug Tracking Frontend Development and Integration | Nr Notificare C1252456, PO00160149, Nr Receptie OPA_74359, (18.750 euro+TVA la cursul BNR) | Backend Development and Integration | Nr Not","[{""line"":1,""service"":""Backend Development and Integration | Nr Notificare C1252456, PO00160149, Nr Receptie OPA_74359, (18.750 euro+TVA la cursul BNR)"",""partNumber"":""PHISH-P-L-MM-F-350-12"",""confidence"":""MEDIUM"",""trackerRow"":1178},{""line"":2,""service"":""Deployment and Bug Tracking | Nr Notificare C1252456, PO00160149, Nr Receptie OPA_74359, (6.225 euro+TVA la cursul BNR)"",""partNumber"":""CONSULTANCY-MISC-8"",""confidence"":""MEDIUM"",""trackerRow"":1202},{""line"":3,""service"":""Frontend Development and Integration | Nr Notificare C1252456, PO00160149, Nr Receptie OPA_74359, (15.000 euro+TVA la cursul BNR)"",""partNumber"":""RED-PEN-B-E-B-25"",""confidence"":""LOW"",""trackerRow"":1083}]",Invoice lines map to multiple part numbers: PHISH-P-L-MM-F-350-12 | CONSULTANCY-MISC-8 | RED-PEN-B-E-B-25. Invoice schema stores only one; manual decision required.
accounting:BT.BIT 1011,no,PHISH-P-L-MM-F-250-12,,MANY,139,296,BLUE-IR-OC-6,0.209,0.385,MIXED/UNKNOWN,REVIEW,MEDIUM,SCORED,ron,cms689rww02pvrt35gjjsfp2q,BT.BIT 1011,ORANGE ROMANIA SA,2026-01-20,RON,9853.33,50174.14,,PHISH-P-L-MM-F-250-12,PHISH-P-L-MM-F-<limit1>-<limit2>,"{""limit1"":""250"",""limit2"":""12""}",UNIQUE,PHISH-P-L-MM-F-250-12 | BLUE-IR-OC-6 | PHISH-P-L-MM-F-350-12 | CONSULTANCY-MISC-8,1090,2026-01-20,0,13.06.2025,"Servicii profesionale, U.M. 0296 Bucuresti | Nr Notificare O1251991, PO00161296, Nr Receptie 11014204 | Servicii profesionale, U.M. 0296 Bucuresti | Nr Notificare O1251991, PO00161296, Nr Receptie 11014204",,SCORED; date:0d; company=MANY; dominant=BLUE-IR-OC-6 (21%)
accounting:BT.R.BIT 122,no,BLUE-IR-OC-6,,MANY,139,296,BLUE-IR-OC-6,0.209,0.385,MIXED/UNKNOWN,REVIEW,MEDIUM,SCORED,ron,cms689rza02qprt35zhert242,BT.R.BIT 122,ORANGE ROMANIA SA,2026-01-20,RON,,11879.87,,BLUE-IR-OC-6,BLUE-IR-OC-<limit>,"{""limit"":""6""}",UNIQUE,BLUE-IR-OC-6 | PHISH-P-L-MM-F-350-12 | PHISH-P-L-MM-F-250-12 | CONSULTANCY-MISC-8,1102,2026-01-20,0,13.06.2025,"SERVICII CONFORM: PO PO00120051 24/7 | O1252383 Incident Notification Hotline, Incident Response Readiness Assessment, Training cu Phish Enterprise odata pe an (pentru 350 de angajati), teste de pene | SERVICII CONFORM: PO PO00120051 24/7 |",,"SCORED; date:0d, description:0.11; company=MANY; dominant=BLUE-IR-OC-6 (21%)"
accounting:BT.R.BIT 123,no,BLUE-IR-OC-6,,MANY,139,296,BLUE-IR-OC-6,0.209,0.385,MIXED/UNKNOWN,REVIEW,MEDIUM,SCORED,ron,cms689rzi02qsrt35cqded2fi,BT.R.BIT 123,ORANGE ROMANIA SA,2026-01-20,RON,1500.00,7638.15,,BLUE-IR-OC-6,BLUE-IR-OC-<limit>,"{""limit"":""6""}",UNIQUE,BLUE-IR-OC-6 | ORO-TEM-SUPPORT-50-12 | PHISH-P-L-MM-F-250-12 | PHISH-P-L-MM-F-350-12,1153,2026-01-20,0,27.05.2025,"SERVICII CONFORM PO00124685 | O1252385 Servicii Incident Response Advance, UP ROMANIA, 1500 EUR+TVA la cursul BNR 5.0921 | SERVICII CONFORM PO00124685 | O1252385 Servicii Incident Response Advance, UP ROMANIA, 1500 EUR+TVA la cursul BNR 5.0",,"SCORED; date:0d, amount:12.5%, description:0.14; company=MANY; dominant=BLUE-IR-OC-6 (21%)"
accounting:BT.BIT 1012,no,ORO-TEM-SUPPORT-50-12,,MANY,139,296,BLUE-IR-OC-6,0.209,0.385,MIXED/UNKNOWN,REVIEW,MEDIUM,SCORED,ron,cms689s3h02ryrt35n6awmz75,BT.BIT 1012,ORANGE ROMANIA SA,2026-01-21,RON,1875.00,19098.38,,ORO-TEM-SUPPORT-50-12,ORO-TEM-SUPPORT-<limit1>-<limit2>,"{""limit1"":""50"",""limit2"":""12""}",UNIQUE,ORO-TEM-SUPPORT-50-12,736,2026-01-27,6,PO00112619,SERVICII SUPORT TEM L2/L3 DATA DE LIVRARE: 31-11-2025 SERVICII SUPORT TEM L2/L3 DATA DE LIVRARE: 31-12-2025 | PO00112619( 1.875 euro+TVA la cursul BNR) | SERVICII SUPORT TEM L2/L3 DATA DE LIVRARE: 31-11-2025 | PO00112619( 1.875 euro+TVA la ,"[{""line"":1,""service"":""SERVICII SUPORT TEM L2/L3 DATA DE LIVRARE: 31-11-2025 | PO00112619( 1.875 euro+TVA la cursul BNR)"",""partNumber"":""ORO-TEM-SUPPORT-50-12"",""confidence"":""MEDIUM"",""trackerRow"":736},{""line"":2,""service"":""SERVICII SUPORT TEM L2/L3 DATA DE LIVRARE: 31-12-2025 | PO00112619( 1.875 euro+TVA la cursul BNR)"",""partNumber"":""ORO-TEM-SUPPORT-50-12"",""confidence"":""MEDIUM"",""trackerRow"":735}]","SCORED; date:6d, amount:0.0%, description:0.15; company=MANY; dominant=BLUE-IR-OC-6 (21%)"
accounting:BT.R.BIT 149,no,ORO-TEM-SUPPORT-50-12,,MANY,139,296,BLUE-IR-OC-6,0.209,0.385,MIXED/UNKNOWN,REVIEW,MEDIUM,SCORED,ron,cms689sbv02u9rt35za0f1fe6,BT.R.BIT 149,ORANGE ROMANIA SA,2026-02-13,RON,1875.00,9550.12,,ORO-TEM-SUPPORT-50-12,ORO-TEM-SUPPORT-<limit1>-<limit2>,"{""limit1"":""50"",""limit2"":""12""}",UNIQUE,ORO-TEM-SUPPORT-50-12,737,2026-02-28,15,PO00112619,"SERVICII SUPORT TEM L2/L3 DATA DE LIVRARE: 31-01-2026 | PO00112619 OPA_70420, 1875 EUR+TVA la cursul BNR 5.0934 | SERVICII SUPORT TEM L2/L3 DATA DE LIVRARE: 31-01-2026 | PO00112619 OPA_70420, 1875 EUR+TVA la cursul BNR 5.0934",,"SCORED; date:15d, amount:0.0%, description:0.13; company=MANY; dominant=BLUE-IR-OC-6 (21%)"
accounting:BT.R.BIT 150,no,BLUE-IR-OC-6,,MANY,139,296,BLUE-IR-OC-6,0.209,0.385,MIXED/UNKNOWN,REVIEW,MEDIUM,SCORED,ron,cms689sc402ucrt35f6aa4jgu,BT.R.BIT 150,ORANGE ROMANIA SA,2026-02-13,RON,2333.00,11882.90,,BLUE-IR-OC-6,BLUE-IR-OC-<limit>,"{""limit"":""6""}",UNIQUE,BLUE-IR-OC-6 | PHISH-P-L-MM-F-350-12 | PHISH-P-L-MM-F-250-12 | CONSULTANCY-MISC-8,1103,2026-02-13,0,13.06.2025,"SERVICII CONFORM: PO PO00120051 24/7 | O1253403 Incident Notification Hotline, Incident Response Readiness Assessment, Training cu Phish Enterprise odata pe an (pentru 350 de angajati), teste de pene | SERVICII CONFORM: PO PO00120051 24/7 |",,"SCORED; date:0d, description:0.11; company=MANY; dominant=BLUE-IR-OC-6 (21%)"
accounting:BT.R.BIT 151,no,BLUE-IR-OC-6,,MANY,139,296,BLUE-IR-OC-6,0.209,0.385,MIXED/UNKNOWN,REVIEW,MEDIUM,SCORED,ron,cms689scd02ufrt35vuad6tct,BT.R.BIT 151,ORANGE ROMANIA SA,2026-02-13,RON,1500.00,7640.10,,BLUE-IR-OC-6,BLUE-IR-OC-<limit>,"{""limit"":""6""}",UNIQUE,BLUE-IR-OC-6 | PHISH-P-L-MM-F-250-12 | PHISH-P-L-MM-F-350-12 | CONSULTANCY-MISC-8,1154,2026-02-13,0,27.05.2025,"SERVICII CONFORM PO00124685 | O1253404 Servicii Incident Response Advance, UP ROMANIA, 1500 EUR+TVA la cursul BNR 5.0934 | SERVICII CONFORM PO00124685 | O1253404 Servicii Incident Response Advance, UP ROMANIA, 1500 EUR+TVA la cursul BNR 5.0",,"SCORED; date:0d, amount:12.5%, description:0.14; company=MANY; dominant=BLUE-IR-OC-6 (21%)"
accounting:BT.BIT 1039,no,PHISH-P-L-YY-F-410-12,,MANY,139,296,BLUE-IR-OC-6,0.209,0.385,MIXED/UNKNOWN,REVIEW,MEDIUM,SCORED,ron,cms689sji02wgrt35xompypc8,BT.BIT 1039,ORANGE ROMANIA SA,2026-03-11,RON,5400.00,55031.40,,PHISH-P-L-YY-F-410-12,PHISH-P-L-YY-F-<limit1>-<limit2>,"{""limit1"":""410"",""limit2"":""12""}",UNIQUE,PHISH-P-L-YY-F-<410>-<12> | ORO-TEM-SUPPORT-50-12 | RED-PEN-B-E-B-9,1221,2026-03-11,0,18.02.2026,"BitSentinel - platforma instruire securitate | 1YR 410 useri, Transavia, Nr Notificare O1254295, PO00170797, Nr Receptie 11014900 (5400 euro+TVA la cursul BNR) | BitSentinel - platforma instruire securitate | 1YR 410 useri, Transavia, Nr No",,"SCORED; date:0d, amount:0.0%; company=MANY; dominant=BLUE-IR-OC-6 (21%)"
accounting:BT.BIT 1044,no,PHISH-P-L-MM-F-250-12,,MANY,139,296,BLUE-IR-OC-6,0.209,0.385,MIXED/UNKNOWN,REVIEW,MEDIUM,STORNO_REFERENCE,ron,cms689skv02wxrt35qqmu03rj,BT.BIT 1044,ORANGE ROMANIA SA,2026-03-18,RON,5400.00,55031.40,storno,PHISH-P-L-MM-F-250-12,PHISH-P-L-MM-F-<limit1>-<limit2>,"{""limit1"":""250"",""limit2"":""12""}",UNIQUE,PHISH-P-L-MM-F-250-12,1092,2026-03-20,0,13.06.2025,"BitSentinel - platforma instruire securitate | 1YR 410 useri, Transavia, Nr Notificare O1254295, PO00170797, Nr Receptie 11014900 (5400 euro+TVA la cursul BNR) Stornare factura 1039/11.03.2026 | BitSentinel - platforma instruire securitate ",,Storno mapped to BT.BIT 1045; contract=false; amount=true; gap=0d
accounting:BT.BIT 1045,no,PHISH-P-L-MM-F-250-12,,MANY,139,296,BLUE-IR-OC-6,0.209,0.385,MIXED/UNKNOWN,REVIEW,MEDIUM,SCORED,ron,cms689sl302x0rt3581z0v207,BT.BIT 1045,ORANGE ROMANIA SA,2026-03-18,RON,5400.00,27505.98,,PHISH-P-L-MM-F-250-12,PHISH-P-L-MM-F-<limit1>-<limit2>,"{""limit1"":""250"",""limit2"":""12""}",UNIQUE,PHISH-P-L-YY-F-<410>-<12> | PHISH-P-L-MM-F-250-12 | BLUE-IR-OC-6 | PHISH-P-L-MM-F-350-12,1092,2026-03-20,2,13.06.2025,"BitSentinel - platforma instruire securitate | 1YR 410 useri, Transavia, Nr Notificare O1254295, PO00170797, Nr Receptie 11014900 (5400 euro+TVA la cursul BNR) | BitSentinel - platforma instruire securitate | 1YR 410 useri, Transavia, Nr No",,SCORED; date:2d; company=MANY; dominant=BLUE-IR-OC-6 (21%)
accounting:BT.R.BIT 179,no,ORO-TEM-SUPPORT-50-12,,MANY,139,296,BLUE-IR-OC-6,0.209,0.385,MIXED/UNKNOWN,REVIEW,MEDIUM,SCORED,ron,cms689spk02y6rt35p2cqp9fr,BT.R.BIT 179,ORANGE ROMANIA SA,2026-03-20,RON,1875.00,9554.81,,ORO-TEM-SUPPORT-50-12,ORO-TEM-SUPPORT-<limit1>-<limit2>,"{""limit1"":""50"",""limit2"":""12""}",UNIQUE,ORO-TEM-SUPPORT-50-12,739,2026-03-22,2,PO00171558,"SERVICII SUPORT TEM L2/L3 DATA DE LIVRARE: 31-01-2026 | PO00112619 OPA_70420, 1875.00 EUR+TVA la cursul BNR 5.0959 | SERVICII SUPORT TEM L2/L3 DATA DE LIVRARE: 31-01-2026 | PO00112619 OPA_70420, 1875.00 EUR+TVA la cursul BNR 5.0959",,"SCORED; date:2d, amount:0.0%; company=MANY; dominant=BLUE-IR-OC-6 (21%)"
accounting:BT.R.BIT 180,no,BLUE-IR-OC-6,,MANY,139,296,BLUE-IR-OC-6,0.209,0.385,MIXED/UNKNOWN,REVIEW,MEDIUM,SCORED,ron,cms689spt02y9rt35m40el5g6,BT.R.BIT 180,ORANGE ROMANIA SA,2026-03-20,RON,,11888.73,,BLUE-IR-OC-6,BLUE-IR-OC-<limit>,"{""limit"":""6""}",UNIQUE,BLUE-IR-OC-6 | PHISH-P-L-MM-F-350-12 | PHISH-P-L-MM-F-250-12 | CONSULTANCY-MISC-8,1104,2026-03-20,0,13.06.2025,"SERVICII CONFORM: PO PO00120051 24/7 | O1253403 Incident Notification Hotline, Incident Response Readiness Assessment, Training cu Phish Enterprise odata pe an (pentru 350 de angajati), teste de pene | SERVICII CONFORM: PO PO00120051 24/7 |",,"SCORED; date:0d, description:0.11; company=MANY; dominant=BLUE-IR-OC-6 (21%)"
accounting:BT.R.BIT 181,no,BLUE-IR-OC-6,,MANY,139,296,BLUE-IR-OC-6,0.209,0.385,MIXED/UNKNOWN,REVIEW,MEDIUM,SCORED,ron,cms689sq202ycrt35c2a134pb,BT.R.BIT 181,ORANGE ROMANIA SA,2026-03-20,RON,1500.00,7643.85,,BLUE-IR-OC-6,BLUE-IR-OC-<limit>,"{""limit"":""6""}",UNIQUE,BLUE-IR-OC-6 | ORO-TEM-SUPPORT-50-12 | PHISH-P-L-MM-F-250-12 | PHISH-P-L-MM-F-350-12,1155,2026-03-20,0,27.05.2025,"SERVICII CONFORM PO00124685 | O1254588 Servicii Incident Response Advance, UP ROMANIA, 1500.00 EUR+TVA la cursul BNR 5.0959 | SERVICII CONFORM PO00124685 | O1254588 Servicii Incident Response Advance, UP ROMANIA, 1500.00 EUR+TVA la cursul B",,"SCORED; date:0d, amount:12.5%, description:0.14; company=MANY; dominant=BLUE-IR-OC-6 (21%)"
accounting:BT.BIT 1046,no,CYBEREDU-SM-Y-25-36,,MANY,139,296,BLUE-IR-OC-6,0.209,0.385,MIXED/UNKNOWN,REVIEW,MEDIUM,SCORED,ron,cms689st302z9rt356fanqo63,BT.BIT 1046,ORANGE ROMANIA SA,2026-03-27,RON,45000.00,229288.50,,CYBEREDU-SM-Y-25-36,CYBEREDU-SM-Y-<limit1>-<limit2>,"{""limit1"":""25"",""limit2"":""36""}",UNIQUE,CYBEREDU-SM-Y-25-36 | ORO-TEM-SUPPORT-50-12 | PHISH-P-L-MM-F-250-12 | BLUE-IR-OC-6,985,2026-03-27,0,PO00174870,"Cyberedu SaaS, 3 ani Univ. Tehnica ""Gh. Asachi"" Iasi | Nr Notificare O1255723; PO00174870; Nr Receptie 11015362( 45.000 euro+TVA la cursul BNR) | Cyberedu SaaS, 3 ani Univ. Tehnica ""Gh. Asachi"" Iasi | Nr Notificare O1255723; PO00174870; Nr ",,"SCORED; date:0d, amount:0.0%, description:0.11; company=MANY; dominant=BLUE-IR-OC-6 (21%)"
accounting:BT.R.BIT 208,no,ORO-TEM-SUPPORT-50-12,,MANY,139,296,BLUE-IR-OC-6,0.209,0.385,MIXED/UNKNOWN,REVIEW,MEDIUM,SCORED,ron,cms689t5e0329rt357f6qj1r5,BT.R.BIT 208,ORANGE ROMANIA SA,2026-04-29,RON,1875.00,9550.69,,ORO-TEM-SUPPORT-50-12,ORO-TEM-SUPPORT-<limit1>-<limit2>,"{""limit1"":""50"",""limit2"":""12""}",UNIQUE,ORO-TEM-SUPPORT-50-12,741,2026-04-13,16,PO00171558,"SERVICII SUPORT TEM L2/L3 DATA DE LIVRARE: 31-03-2026 | PO00171558 OPA_70420, 1875.00 EUR+TVA la cursul BNR 5.0937 | SERVICII SUPORT TEM L2/L3 DATA DE LIVRARE: 31-03-2026 | PO00171558 OPA_70420, 1875.00 EUR+TVA la cursul BNR 5.0937",,"SCORED; date:16d, amount:0.0%, description:0.13; company=MANY; dominant=BLUE-IR-OC-6 (21%)"
accounting:BT.R.BIT 209,no,BLUE-IR-OC-6,,MANY,139,296,BLUE-IR-OC-6,0.209,0.385,MIXED/UNKNOWN,REVIEW,MEDIUM,SCORED,ron,cms689t5o032crt35ghhiwezi,BT.R.BIT 209,ORANGE ROMANIA SA,2026-04-29,RON,,11883.60,,BLUE-IR-OC-6,BLUE-IR-OC-<limit>,"{""limit"":""6""}",UNIQUE,BLUE-IR-OC-6 | PHISH-P-L-MM-F-350-12 | PHISH-P-L-MM-F-250-12 | CONSULTANCY-MISC-8,1105,2026-04-29,0,13.06.2025,"SERVICII CONFORM: PO PO00120051 24/7 | O1257224 Incident Notification Hotline, Incident Response Readiness Assessment, Training cu Phish Enterprise odata pe an (pentru 350 de angajati), teste de pene | SERVICII CONFORM: PO PO00120051 24/7 |",,"SCORED; date:0d, description:0.11; company=MANY; dominant=BLUE-IR-OC-6 (21%)"
accounting:BT.R.BIT 210,no,BLUE-IR-OC-6,,MANY,139,296,BLUE-IR-OC-6,0.209,0.385,MIXED/UNKNOWN,REVIEW,MEDIUM,SCORED,ron,cms689t5v032frt35pjj6doc4,BT.R.BIT 210,ORANGE ROMANIA SA,2026-04-29,RON,1500.00,7640.55,,BLUE-IR-OC-6,BLUE-IR-OC-<limit>,"{""limit"":""6""}",UNIQUE,BLUE-IR-OC-6 | PHISH-P-L-MM-F-250-12 | PHISH-P-L-MM-F-350-12 | CONSULTANCY-MISC-8,1156,2026-04-29,0,27.05.2025,"SERVICII CONFORM PO00124685 | O1254588 Servicii Incident Response Advance, UP ROMANIA, 1500.00 EUR+TVA la cursul BNR 5.0937 | SERVICII CONFORM PO00124685 | O1254588 Servicii Incident Response Advance, UP ROMANIA, 1500.00 EUR+TVA la cursul B",,"SCORED; date:0d, amount:12.5%, description:0.14; company=MANY; dominant=BLUE-IR-OC-6 (21%)"
accounting:BT.R.BIT 237,no,ORO-TEM-SUPPORT-50-12,,MANY,139,296,BLUE-IR-OC-6,0.209,0.385,MIXED/UNKNOWN,REVIEW,LOW,SCORED,ron,cms689td6034trt35vd92i8at,BT.R.BIT 237,ORANGE ROMANIA SA,2026-05-25,RON,1875.00,9841.50,,ORO-TEM-SUPPORT-50-12,ORO-TEM-SUPPORT-<limit1>-<limit2>,"{""limit1"":""50"",""limit2"":""12""}",UNIQUE,ORO-TEM-SUPPORT-50-12,740,2026-04-02,53,PO00171558,"SERVICII SUPORT TEM L2/L3 DATA DE LIVRARE: 31-04-2026 | PO00171558 OPA_70420, 1875.00 EUR+TVA la cursul BNR 5.2488 | SERVICII SUPORT TEM L2/L3 DATA DE LIVRARE: 31-04-2026 | PO00171558 OPA_70420, 1875.00 EUR+TVA la cursul BNR 5.2488",,"SCORED; date:53d, amount:0.0%, description:0.13; company=MANY; dominant=BLUE-IR-OC-6 (21%)"
accounting:BT.R.BIT 238,no,BLUE-IR-OC-6,,MANY,139,296,BLUE-IR-OC-6,0.209,0.385,MIXED/UNKNOWN,REVIEW,MEDIUM,SCORED,ron,cms689tdi034wrt35nufhya4p,BT.R.BIT 238,ORANGE ROMANIA SA,2026-05-25,RON,2333.00,12245.45,,BLUE-IR-OC-6,BLUE-IR-OC-<limit>,"{""limit"":""6""}",UNIQUE,BLUE-IR-OC-6 | PHISH-P-L-MM-F-350-12 | PHISH-P-L-MM-F-250-12 | CONSULTANCY-MISC-8,1106,2026-05-25,0,13.06.2025,"SERVICII CONFORM: PO PO00120051 24/7 | O1257713 Incident Notification Hotline, Incident Response Readiness Assessment, Training cu Phish Enterprise odata pe an (pentru 350 de angajati), teste de pene | SERVICII CONFORM: PO PO00120051 24/7 |",,"SCORED; date:0d, description:0.11; company=MANY; dominant=BLUE-IR-OC-6 (21%)"
accounting:BT.R.BIT 239,no,BLUE-IR-OC-6,,MANY,139,296,BLUE-IR-OC-6,0.209,0.385,MIXED/UNKNOWN,REVIEW,MEDIUM,SCORED,ron,cms689tdz034zrt358ux21t48,BT.R.BIT 239,ORANGE ROMANIA SA,2026-05-25,RON,1500.00,7873.20,,BLUE-IR-OC-6,BLUE-IR-OC-<limit>,"{""limit"":""6""}",UNIQUE,BLUE-IR-OC-6 | PHISH-P-L-MM-F-250-12 | PHISH-P-L-MM-F-350-12 | CONSULTANCY-MISC-8,1157,2026-05-25,0,27.05.2025,"SERVICII CONFORM PO00124685 | O1257585 Servicii Incident Response Advance, UP ROMANIA, 1500.00 EUR+TVA la cursul BNR 5.2488 | SERVICII CONFORM PO00124685 | O1257585 Servicii Incident Response Advance, UP ROMANIA, 1500.00 EUR+TVA la cursul B",,"SCORED; date:0d, amount:12.5%, description:0.14; company=MANY; dominant=BLUE-IR-OC-6 (21%)"
accounting:BT.R.BIT 266,no,ORO-TEM-SUPPORT-50-12,,MANY,139,296,BLUE-IR-OC-6,0.209,0.385,MIXED/UNKNOWN,REVIEW,MEDIUM,SCORED,ron,cms689tnf037hrt35u47q2fso,BT.R.BIT 266,ORANGE ROMANIA SA,2026-06-17,RON,1875.00,9808.13,,ORO-TEM-SUPPORT-50-12,ORO-TEM-SUPPORT-<limit1>-<limit2>,"{""limit1"":""50"",""limit2"":""12""}",UNIQUE,ORO-TEM-SUPPORT-50-12,742,2026-07-01,14,PO00171558,"SERVICII SUPORT TEM L2/L3 DATA DE LIVRARE: 31-04-2026 | PO00171558 OPA_70420, 1875.00 EUR+TVA la cursul BNR 5.231 | SERVICII SUPORT TEM L2/L3 DATA DE LIVRARE: 31-04-2026 | PO00171558 OPA_70420, 1875.00 EUR+TVA la cursul BNR 5.231",,"SCORED; date:14d, amount:0.0%, description:0.13; company=MANY; dominant=BLUE-IR-OC-6 (21%)"
accounting:BT.R.BIT 267,no,BLUE-IR-OC-6,,MANY,139,296,BLUE-IR-OC-6,0.209,0.385,MIXED/UNKNOWN,REVIEW,MEDIUM,SCORED,ron,cms689tnp037krt35xr4wupid,BT.R.BIT 267,ORANGE ROMANIA SA,2026-06-17,RON,,13250.12,,BLUE-IR-OC-6,BLUE-IR-OC-<limit>,"{""limit"":""6""}",UNIQUE,BLUE-IR-OC-6 | PHISH-P-L-MM-F-350-12 | PHISH-P-L-MM-F-250-12 | CONSULTANCY-MISC-8,1107,2026-06-19,2,13.06.2025,"SERVICII CONFORM: PO PO00180569 24/7 | O1259392 Incident Notification Hotline, Incident Response Readiness Assessment, Training cu Phish Enterprise odata pe an (pentru 350 de angajati), teste de pene | SERVICII CONFORM: PO PO00180569 24/7 |",,"SCORED; date:2d, description:0.11; company=MANY; dominant=BLUE-IR-OC-6 (21%)"
accounting:BT.R.BIT 268,no,BLUE-IR-OC-6,,MANY,139,296,BLUE-IR-OC-6,0.209,0.385,MIXED/UNKNOWN,REVIEW,MEDIUM,SCORED,ron,cms689to0037nrt35yfmcivii,BT.R.BIT 268,ORANGE ROMANIA SA,2026-06-17,RON,1500.00,7846.50,,BLUE-IR-OC-6,BLUE-IR-OC-<limit>,"{""limit"":""6""}",UNIQUE,BLUE-IR-OC-6 | PHISH-P-L-MM-F-250-12 | PHISH-P-L-MM-F-350-12 | CONSULTANCY-MISC-8,1158,2026-06-19,2,25.05.2026,"SERVICII CONFORM PO00124685 | 11016626 Servicii Incident Response Advance, UP ROMANIA, 1500.00 EUR+TVA la cursul BNR 5.231 | SERVICII CONFORM PO00124685 | 11016626 Servicii Incident Response Advance, UP ROMANIA, 1500.00 EUR+TVA la cursul BN",,"SCORED; date:2d, description:0.14; company=MANY; dominant=BLUE-IR-OC-6 (21%)"
accounting:BT.BIT 1077,no,,,MANY,139,296,BLUE-IR-OC-6,0.209,0.385,MIXED/UNKNOWN,SKIP_NO_MATCH,LOW,MULTI_LINE,ron,cms689tra038krt35w31mo4hf,BT.BIT 1077,ORANGE ROMANIA SA,2026-06-18,RON,17647.06,158830.87,,,,,EMPTY,PHISH-P-L-MM-F-250-12 | BLUE-IR-OC-6 | PHISH-P-L-MM-F-350-12 | CONSULTANCY-MISC-8,,,,,Dezvoltare agent scanare cross-platform Integrare TEM | Nr Notificare C1259638; Nr PO PO00182490; Nr Receptie OPA_80890 ( 17647.06 euro+TVA la cursul BNR) | Dezvoltare agent scanare cross-platform | Nr Notificare C1259638; Nr PO PO00182490;,"[{""line"":1,""service"":""Dezvoltare agent scanare cross-platform | Nr Notificare C1259638; Nr PO PO00182490; Nr Receptie OPA_80890 ( 17647.06 euro+TVA la cursul BNR)"",""partNumber"":""PHISH-P-L-MM-F-350-12"",""confidence"":""MEDIUM"",""trackerRow"":1183},{""line"":2,""service"":""Integrare TEM | Nr Notificare C1259638; Nr PO PO00182490; Nr Receptie OPA_80890 ( 12705.88 euro+TVA la cursul BNR)"",""partNumber"":""CONSULTANCY-MISC-8"",""confidence"":""MEDIUM"",""trackerRow"":1207}]",Invoice lines map to multiple part numbers: PHISH-P-L-MM-F-350-12 | CONSULTANCY-MISC-8. Invoice schema stores only one; manual decision required.
accounting:BT.R.BIT 295,no,ORO-TEM-SUPPORT-50-12,,MANY,139,296,BLUE-IR-OC-6,0.209,0.385,MIXED/UNKNOWN,REVIEW,MEDIUM,SCORED,ron,cms689twg03a9rt355xz20akg,BT.R.BIT 295,ORANGE ROMANIA SA,2026-07-18,RON,1875.00,9830.44,,ORO-TEM-SUPPORT-50-12,ORO-TEM-SUPPORT-<limit1>-<limit2>,"{""limit1"":""50"",""limit2"":""12""}",UNIQUE,ORO-TEM-SUPPORT-50-12,743,2026-08-01,14,PO00171558,"SERVICII SUPORT TEM L2/L3 DATA DE LIVRARE: 31-06-2026 | PO00171558 O1261118, 1875.00 EUR+TVA la cursul BNR 5.2429 | SERVICII SUPORT TEM L2/L3 DATA DE LIVRARE: 31-06-2026 | PO00171558 O1261118, 1875.00 EUR+TVA la cursul BNR 5.2429",,"SCORED; date:14d, amount:0.0%, description:0.13; company=MANY; dominant=BLUE-IR-OC-6 (21%)"
accounting:BT.R.BIT 296,no,PHISH-P-L-YY-A-15000,,MANY,139,296,BLUE-IR-OC-6,0.209,0.385,MIXED/UNKNOWN,REVIEW,MEDIUM,SCORED,ron,cms689twu03acrt35lk5g0p5x,BT.R.BIT 296,ORANGE ROMANIA SA,2026-07-18,RON,,13280.27,,PHISH-P-L-YY-A-15000,,,MISSING,PHISH-P-L-YY-A-15000 | BLUE-IR-OC-6 | PHISH-P-L-MM-F-350-12,772,2026-07-20,2,,"SERVICII CONFORM: PO PO00180569 24/7 | O1261128 Incident Notification Hotline, Incident Response Readiness Assessment, Training cu Phish Enterprise odata pe an (pentru 350 de angajati), teste de pene | SERVICII CONFORM: PO PO00180569 24/7 |",,SCORED; date:2d; company=MANY; dominant=BLUE-IR-OC-6 (21%)
accounting:BT.R.BIT 297,no,PHISH-P-L-MM-F-250-12,,MANY,139,296,BLUE-IR-OC-6,0.209,0.385,MIXED/UNKNOWN,REVIEW,MEDIUM,SCORED,ron,cms689tx503afrt352tkqa8xl,BT.R.BIT 297,ORANGE ROMANIA SA,2026-07-18,RON,470.59,2467.26,,PHISH-P-L-MM-F-250-12,PHISH-P-L-MM-F-<limit1>-<limit2>,"{""limit1"":""250"",""limit2"":""12""}",UNIQUE,PHISH-P-L-MM-F-250-12 | PHISH-P-L-YY-A-15000 | PHISH-P-L-MM-F-350-12,1095,2026-06-19,29,13.06.2025,"SERVICII SUPORT PO00182490 31-06-2026 | C1261132 Comanda PO00182490 , 470.59 EUR+TVA la cursul BNR 5.2429 | SERVICII SUPORT PO00182490 31-06-2026 | C1261132 Comanda PO00182490 , 470.59 EUR+TVA la cursul BNR 5.2429",,"SCORED; date:29d, amount:5.9%; company=MANY; dominant=BLUE-IR-OC-6 (21%)"
accounting:BT.BIT 125,no,,,UNMATCHED,,,,,,,SKIP_NO_MATCH,NONE,NONE,valuta,cms689ldh00ajrt356gvaly2i,BT.BIT 125,ORION INC,2021-12-08,EUR,1750.00,8659.88,avans,,,,EMPTY,,,,,,AVANS CONFORM CONTRACT PRESTARI SERVICII | NR.205/25.11.2021 | AVANS CONFORM CONTRACT PRESTARI SERVICII | NR.205/25.11.2021,,Organization not found in tracker.
accounting:BT.BIT 128,no,,,UNMATCHED,,,,,,,SKIP_NO_MATCH,NONE,NONE,valuta,cms689le600asrt35s3ws2im9,BT.BIT 128,ORION INC,2021-12-24,EUR,1750.00,8659.87,storno,,,,EMPTY,,,,,,STORNO AVANS CONFORM CONTRACT PRESTARI SERVICII SERVICII CONFORM CONTRACT PRESTARI SERVICII | NR.205/25.11.2021( FACT 125/081.12.2021) | STORNO AVANS CONFORM CONTRACT PRESTARI SERVICII | NR.205/25.11.2021( FACT 125/081.12.2021) | SERVICII C,,Organization not found in tracker.
accounting:BT.BIT 146,no,RED-PEN-S-B-1,,SMALL,1,1,RED-PEN-S-B-1,1.000,0.000,MIXED/UNKNOWN,ACCEPT_CANDIDATE,HIGH,CONTRACT,valuta,cms689lhn00c3rt35ruhvveeg,BT.BIT 146,"SOCIETATEA OVEIT ,INC",2022-05-12,EUR,5500.00,27214.00,,RED-PEN-S-B-1,RED-PEN-S-B-<limit>,"{""limit"":""1""}",UNIQUE,RED-PEN-S-B-1,185,2022-05-12,0,215/18.03.2022,SERVICII CONFORM CONTRACT 215/18.03.2022 | SERVICII CONFORM CONTRACT 215/18.03.2022,,"CONTRACT; contract, date:0d, amount:0.0%; company=SMALL; dominant=RED-PEN-S-B-1 (100%)"
accounting:436,no,RED-NIS-C-PEN-12,,SMALL,2,4,RED-NIS-C-PEN-12,0.500,0.000,MIXED/UNKNOWN,REVIEW,LOW,SCORED,ron,cms689nez011rrt35wr4j5z7o,436,OVIDIU DEVELOPMENT S.A.,2022-12-21,RON,6000.00,29413.80,,RED-NIS-C-PEN-12,RED-NIS-C-PEN-<limit>,"{""limit"":""12""}",UNIQUE,RED-NIS-C-PEN-12 | RED-NIS-C-AUDIT-12,94,2022-12-21,0,Nr. RO80/48 din data de 22.09.2022,SERVICII CONFORM CONTRACT RO/80/48 DIN 22.09.2022 | 6.000 euro+TVA la cursul BNR | SERVICII CONFORM CONTRACT RO/80/48 DIN 22.09.2022 | 6.000 euro+TVA la cursul BNR,,SCORED; date:0d; company=SMALL; dominant=RED-NIS-C-PEN-12 (50%)
accounting:BT.BIT 777,no,RED-NIS-C-PEN-12,,SMALL,2,4,RED-NIS-C-PEN-12,0.500,0.000,MIXED/UNKNOWN,REVIEW,MEDIUM,CONTRACT,ron,cms689pjo01vvrt35d8li6tzy,BT.BIT 777,OVIDIU DEVELOPMENT S.A.,2024-12-18,RON,6890.00,34281.88,,RED-NIS-C-PEN-12,RED-NIS-C-PEN-<limit>,"{""limit"":""12""}",UNIQUE,RED-NIS-C-PEN-12 | RED-NIS-C-AUDIT-12,96,2024-12-18,0,Nr. RO80 / 24 / 30.09.2024,"Servicii de audit informatic pentru identificarea | si evaluarea vulnerabilitatilor si riscurilor informatice in conformitate cu Legea 362/2018 (NIS)?, conform CONTRACT DE SERVICII Nr. RO80 / 24 / 30.09.2024( 6.890 euro+TVA la cursul BNR) |",,"CONTRACT; contract, date:0d, description:0.25; company=SMALL; dominant=RED-NIS-C-PEN-12 (50%)"
accounting:BT.BIT 33,no,,,UNMATCHED,,,,,,,SKIP_NO_MATCH,NONE,NONE,valuta,cms689kpu002srt350qt59kyi,BT.BIT 33,PANBET CURACAO N.V.,2018-08-27,EUR,10000.00,46377.00,,,,,EMPTY,,,,,,Services under contract no.126 of 15.08.2018 | Services under contract no.126 of 15.08.2018,,Organization not found in tracker.
accounting:BT.BIT 40,no,,,UNMATCHED,,,,,,,SKIP_NO_MATCH,NONE,NONE,valuta,cms689krl003ert35wh46ldif,BT.BIT 40,PANBET CURACAO N.V.,2018-12-20,EUR,10000.00,46571.00,,,,,EMPTY,,,,,,Services under contract no.126 of 15.08.2018 | Services under contract no.126 of 15.08.2018,,Organization not found in tracker.
accounting:BT.BIT 45,no,,,UNMATCHED,,,,,,,SKIP_NO_MATCH,NONE,NONE,valuta,cms689kt2003trt35ot3zcup4,BT.BIT 45,PANBET CURACAO N.V.,2019-03-07,EUR,10000.00,46571.00,,,,,EMPTY,,,,,,Services under contract no.126 of 15.08.2018 | Services under contract no.126 of 15.08.2018,,Organization not found in tracker.
accounting:BT.BIT 46,no,,,UNMATCHED,,,,,,,SKIP_NO_MATCH,NONE,NONE,valuta,cms689ktb003wrt35pijtq26f,BT.BIT 46,PANBET CURACAO N.V.,2019-03-07,EUR,10000.00,47473.00,,,,,EMPTY,,,,,,Services under contract no.126 of 15.08.2018 | Services under contract no.126 of 15.08.2018,,Organization not found in tracker.
accounting:BT.BIT 64,no,,,UNMATCHED,,,,,,,SKIP_NO_MATCH,NONE,NONE,valuta,cms689kxi005ert35mjs1xqbt,BT.BIT 64,PANBET CURACAO N.V.,2020-01-29,EUR,800.00,3822.96,,,,,EMPTY,,,,,,SERServices under contract no.126 of 15.08.2018 | SERServices under contract no.126 of 15.08.2018,,Organization not found in tracker.
accounting:BT.BIT 263,no,,,UNMATCHED,,,,,,,SKIP_NO_MATCH,NONE,NONE,ron,cms689m9800mhrt35huy7n9i3,BT.BIT 263,PASTEL AGE SRL,2021-04-01,RON,1200.00,5910.12,,,,,EMPTY,,,,,,SERVICII CONFORM CONTRACT 185 DIN 29.03.2021 | PG3285( 1.200 euro+TVA la cursul BNR) | SERVICII CONFORM CONTRACT 185 DIN 29.03.2021 | PG3285( 1.200 euro+TVA la cursul BNR),,Organization not found in tracker.
accounting:BT.BIT 262,no,,,UNMATCHED,,,,,,,SKIP_NO_MATCH,NONE,NONE,ron,cms689m9h00mkrt35zcnaalh9,BT.BIT 262,PENTESTTOOLS S.R.L.,2021-03-30,RON,1500.00,7345.80,,,,,EMPTY,,,,,,SERVICII CONFORM CONTRACT NR.184 DIN 16.03.2021 | 1.500 euro+TVA la cursul BNR | SERVICII CONFORM CONTRACT NR.184 DIN 16.03.2021 | 1.500 euro+TVA la cursul BNR,,Organization not found in tracker.
accounting:B.CYB 29,no,,,UNMATCHED,,,,,,,SKIP_NO_MATCH,NONE,NONE,ron,cms68crij00drpj38nryj2m61,B.CYB 29,PENTESTTOOLS S.A.,2026-04-08,RON,1000.00,5096.30,,,,,EMPTY,,,,,,SERVICII CONFORM CONTRACT 134/11.03.2026 | 1000 euro +TVA la cursul BNR | SERVICII CONFORM CONTRACT 134/11.03.2026 | 1000 euro +TVA la cursul BNR,,Organization not found in tracker.
accounting:BT.BIT 259,no,,,UNMATCHED,,,,,,,SKIP_NO_MATCH,NONE,NONE,ron,cms689m8p00mart35bfana480,BT.BIT 259,PINK POST OFFICE  SRL,2021-03-16,RON,2400.00,17609.52,storno,,,,EMPTY,,,,,,SERVICII CONFORM CONTRACT 180/21.01.2021 | (Stornare factura 250/04.02.2021)Avans 2400 euro+TVA la cursul BNR | SERVICII CONFORM CONTRACT 180/21.01.2021 | (Stornare factura 250/04.02.2021)Avans 2400 euro+TVA la cursul BNR | SERVICII CONFORM,,Organization not found in tracker.
accounting:BT.BIT 1016,no,BLUE-MDR-I,,MANY,15,14,BLUE-MDR-C-65,0.857,0.444,MIXED/UNKNOWN,REVIEW,MEDIUM,CONTRACT,ron,cms689s4s02sbrt35dwop88w8,BT.BIT 1016,PLURIDIO SRL,2026-01-26,RON,1425.00,7259.38,,BLUE-MDR-I,BLUE-MDR-I,,UNIQUE,BLUE-MDR-I | BLUE-MDR-C-65 | CONSULTANCY-MISC-20,1558,2026-01-26,0,CONTRACT-CADRU DE PRESTARI SERVICII NR. 373/4.12.2025,Servicii de instalare conform ANEXA 1 | ? SERVICII RECURENTE DE SECURITATE INFORMATICA la Contractul NR. 373/4.12.2025( 1425 EURO + TVA la cursul BNR) | Servicii de instalare conform ANEXA 1 | ? SERVICII RECURENTE DE SECURITATE INFORMATICA ,,"CONTRACT; contract, date:0d; company=MANY; dominant=BLUE-MDR-C-65 (86%)"
accounting:BT.BIT 1017,no,BLUE-MDR-C-65,,MANY,15,14,BLUE-MDR-C-65,0.857,0.444,MIXED/UNKNOWN,REVIEW,MEDIUM,CONTRACT,ron,cms689s5102sert35v3hgcp2q,BT.BIT 1017,PLURIDIO SRL,2026-01-26,RON,1425.00,7259.38,,BLUE-MDR-C-65,BLUE-MDR-C-<limit>,"{""limit"":""65""}",UNIQUE,BLUE-MDR-I | BLUE-MDR-C-65 | CONSULTANCY-MISC-20,1565,2026-08-05,191,CONTRACT-CADRU DE PRESTARI SERVICII NR. 373/4.12.2025,Servicii de instalare conform ANEXA 1 | ? SERVICII RECURENTE DE SECURITATE INFORMATICA la Contractul NR. 373/4.12.2025( 1425 EURO + TVA la cursul BNR) | Servicii de instalare conform ANEXA 1 | ? SERVICII RECURENTE DE SECURITATE INFORMATICA ,,"CONTRACT; contract, amount:2.6%, company-profile:86%; company=MANY; dominant=BLUE-MDR-C-65 (86%)"
accounting:BT.BIT 1018,no,BLUE-MDR-C-65,,MANY,15,14,BLUE-MDR-C-65,0.857,0.444,MIXED/UNKNOWN,REVIEW,MEDIUM,CONTRACT,ron,cms689s5902shrt35lj8h0p7e,BT.BIT 1018,PLURIDIO SRL,2026-01-26,RON,1425.00,7259.38,,BLUE-MDR-C-65,BLUE-MDR-C-<limit>,"{""limit"":""65""}",UNIQUE,BLUE-MDR-I | BLUE-MDR-C-65 | CONSULTANCY-MISC-20,1566,2026-09-05,222,CONTRACT-CADRU DE PRESTARI SERVICII NR. 373/4.12.2025,Servicii de instalare conform ANEXA 1 | ? SERVICII RECURENTE DE SECURITATE INFORMATICA la Contractul NR. 373/4.12.2025( 1425 EURO + TVA la cursul BNR) | Servicii de instalare conform ANEXA 1 | ? SERVICII RECURENTE DE SECURITATE INFORMATICA ,,"CONTRACT; contract, amount:2.6%, company-profile:86%; company=MANY; dominant=BLUE-MDR-C-65 (86%)"
accounting:BT.BIT 1019,no,CONSULTANCY-MISC-20,,MANY,15,14,BLUE-MDR-C-65,0.857,0.444,MIXED/UNKNOWN,REVIEW,MEDIUM,CONTRACT,ron,cms689s5i02skrt358zmj54v5,BT.BIT 1019,PLURIDIO SRL,2026-01-27,RON,1425.00,7259.38,,CONSULTANCY-MISC-20,CONSULTANCY-MISC-<limit>,"{""limit"":""20""}",UNIQUE,BLUE-MDR-I | BLUE-MDR-C-65 | CONSULTANCY-MISC-20,1557,2026-02-16,20,CONTRACT-CADRU DE PRESTARI SERVICII NR. 373/4.12.2025,Servicii de instalare conform ANEXA 1 | ? SERVICII RECURENTE DE SECURITATE INFORMATICA la Contractul NR. 373/4.12.2025( 1425 EURO + TVA la cursul BNR) | Servicii de instalare conform ANEXA 1 | ? SERVICII RECURENTE DE SECURITATE INFORMATICA ,,"CONTRACT; contract, date:20d, amount:5.0%; company=MANY; dominant=BLUE-MDR-C-65 (86%)"
accounting:BT.BIT 1020,no,BLUE-MDR-I,,MANY,15,14,BLUE-MDR-C-65,0.857,0.444,MIXED/UNKNOWN,ACCEPT_CANDIDATE,HIGH,CONTRACT,ron,cms689s5y02snrt35wmyll62j,BT.BIT 1020,PLURIDIO SRL,2026-01-27,RON,1425.00,7261.80,avans,BLUE-MDR-I,BLUE-MDR-I,,UNIQUE,BLUE-MDR-I | CONSULTANCY-MISC-20,1558,2026-01-26,1,CONTRACT-CADRU DE PRESTARI SERVICII NR. 373/4.12.2025,Avans Servicii de instalare conform ANEXA 1 | ? SERVICII RECURENTE DE SECURITATE INFORMATICA la Contractul NR. 373/4.12.2025( 1425 EURO + TVA la cursul BNR) | Avans Servicii de instalare conform ANEXA 1 | ? SERVICII RECURENTE DE SECURITATE ,,"CONTRACT; contract, date:1d, amount:0.0%, milestone:avans; company=MANY; dominant=BLUE-MDR-C-65 (86%)"
accounting:BT.BIT 1026,no,CONSULTANCY-MISC-20,,MANY,15,14,BLUE-MDR-C-65,0.857,0.444,MIXED/UNKNOWN,ACCEPT_CANDIDATE,HIGH,CONTRACT,ron,cms689s7i02t5rt35ideuzlo2,BT.BIT 1026,PLURIDIO SRL,2026-02-04,RON,1500.00,7642.50,avans,CONSULTANCY-MISC-20,CONSULTANCY-MISC-<limit>,"{""limit"":""20""}",UNIQUE,CONSULTANCY-MISC-20 | BLUE-MDR-I,1557,2026-02-04,0,CONTRACT-CADRU DE PRESTARI SERVICII NR. 373/4.12.2025,Avans conform ANEXA 2 | ? SERVICII PUNCTUALE DE SECURITATE INFORMATICA la CONTRACT NR. 373/4.12.2025( 1.500 euro+TVA la cursul BNR) | Avans conform ANEXA 2 | ? SERVICII PUNCTUALE DE SECURITATE INFORMATICA la CONTRACT NR. 373/4.12.2025( 1.50,,"CONTRACT; contract, date:0d, amount:0.0%, milestone:avans; company=MANY; dominant=BLUE-MDR-C-65 (86%)"
accounting:BT.BIT 1030,no,CONSULTANCY-MISC-20,,MANY,15,14,BLUE-MDR-C-65,0.857,0.444,MIXED/UNKNOWN,REVIEW,HIGH,STORNO_REFERENCE,ron,cms689sgv02vlrt35p2wims2u,BT.BIT 1030,PLURIDIO SRL,2026-02-16,RON,1500.00,7640.40,storno,CONSULTANCY-MISC-20,CONSULTANCY-MISC-<limit>,"{""limit"":""20""}",UNIQUE,CONSULTANCY-MISC-20,1557,2026-02-04,12,CONTRACT-CADRU DE PRESTARI SERVICII NR. 373/4.12.2025,Avans conform ANEXA 2 Servicii conform ANEXA 2 | ? SERVICII PUNCTUALE DE SECURITATE INFORMATICA la CONTRACT NR. 373/4.12.2025( 1.500 euro+TVA la cursul BNR) stornare factura avans 1026 din Data 04.02.2026 | Avans conform ANEXA 2 | ? SERVICI,,Storno mapped to BT.BIT 1026; contract=true; amount=true; gap=12d
accounting:BT.BIT 1031,no,BLUE-MDR-C-65,,MANY,15,14,BLUE-MDR-C-65,0.857,0.444,MIXED/UNKNOWN,ACCEPT_CANDIDATE,HIGH,CONTRACT,ron,cms689sh402vprt351c9cidp8,BT.BIT 1031,PLURIDIO SRL,2026-02-17,RON,1463.00,7454.42,,BLUE-MDR-C-65,BLUE-MDR-C-<limit>,"{""limit"":""65""}",UNIQUE,BLUE-MDR-C-65 | CONSULTANCY-MISC-20,1559,2026-02-05,12,CONTRACT-CADRU DE PRESTARI SERVICII NR. 373/4.12.2025,"Servicii de tip SOC-as-a-Service / Managed Detection | and Response (MDR) pachetul PREMIUM-MDR , conform ANEXA 1 ? SERVICII RECURENTE DE SECURITATE INFORMATICA la Contractul NR. 373/4.12.2025( 1.463 euro+TVA la cursul BNR) | Servicii de tip",,"CONTRACT; contract, date:12d, amount:0.0%, company-profile:86%; company=MANY; dominant=BLUE-MDR-C-65 (86%)"
accounting:BT.R.BIT 182,no,BLUE-MDR-C-65,,MANY,15,14,BLUE-MDR-C-65,0.857,0.444,MIXED/UNKNOWN,ACCEPT_CANDIDATE,HIGH,CONTRACT,ron,cms689sqb02yfrt35jbex3ofl,BT.R.BIT 182,PLURIDIO SRL,2026-03-20,RON,,7455.30,,BLUE-MDR-C-65,BLUE-MDR-C-<limit>,"{""limit"":""65""}",UNIQUE,BLUE-MDR-C-65,1560,2026-03-20,0,CONTRACT-CADRU DE PRESTARI SERVICII NR. 373/4.12.2025,"CONTRACTUL NR. 373/4.12.2025 | Servicii de tip SOC-as-a-Service / Managed Detection and Response (MDR) pachetul PREMIUM-MDR , conform ANEXA 1 ? SERVICII RECURENTE DE SECURITATE INFORMATICA , | CONTRACTUL NR. 373/4.12.2025 | Servicii de tip ",,"CONTRACT; contract, date:0d, company-profile:86%; company=MANY; dominant=BLUE-MDR-C-65 (86%)"
accounting:BT.R.BIT 211,no,BLUE-MDR-C-65,,MANY,15,14,BLUE-MDR-C-65,0.857,0.444,MIXED/UNKNOWN,ACCEPT_CANDIDATE,HIGH,CONTRACT,ron,cms689t64032irt35dgb8zsbk,BT.R.BIT 211,PLURIDIO SRL,2026-04-29,RON,,7452.08,,BLUE-MDR-C-65,BLUE-MDR-C-<limit>,"{""limit"":""65""}",UNIQUE,BLUE-MDR-C-65,1561,2026-04-29,0,CONTRACT-CADRU DE PRESTARI SERVICII NR. 373/4.12.2025,"CONTRACTUL NR. 373/4.12.2025 | Servicii de tip SOC-as-a-Service / Managed Detection and Response (MDR) pachetul PREMIUM-MDR , conform ANEXA 1 ? SERVICII RECURENTE DE SECURITATE INFORMATICA , | CONTRACTUL NR. 373/4.12.2025 | Servicii de tip ",,"CONTRACT; contract, date:0d, company-profile:86%; company=MANY; dominant=BLUE-MDR-C-65 (86%)"
accounting:BT.R.BIT 240,no,BLUE-MDR-C-65,,MANY,15,14,BLUE-MDR-C-65,0.857,0.444,MIXED/UNKNOWN,ACCEPT_CANDIDATE,HIGH,CONTRACT,ron,cms689te80352rt35m0cg3pjv,BT.R.BIT 240,PLURIDIO SRL,2026-05-25,RON,1463.00,7678.99,,BLUE-MDR-C-65,BLUE-MDR-C-<limit>,"{""limit"":""65""}",UNIQUE,BLUE-MDR-C-65,1562,2026-05-25,0,CONTRACT-CADRU DE PRESTARI SERVICII NR. 373/4.12.2025,"CONTRACTUL NR. 373/4.12.2025 | Servicii de tip SOC-as-a-Service / Managed Detection and Response (MDR) pachetul PREMIUM-MDR , conform ANEXA 1 ? SERVICII RECURENTE DE SECURITATE INFORMATICA , | CONTRACTUL NR. 373/4.12.2025 | Servicii de tip ",,"CONTRACT; contract, date:0d, amount:0.0%, company-profile:86%; company=MANY; dominant=BLUE-MDR-C-65 (86%)"
accounting:BT.BIT 1071,no,BLUE-MDR-C-65,,MANY,15,14,BLUE-MDR-C-65,0.857,0.444,MIXED/UNKNOWN,REVIEW,HIGH,STORNO_REFERENCE,ron,cms689tgw035wrt35sclcph4j,BT.BIT 1071,PLURIDIO SRL,2026-06-02,RON,1425.00,7261.80,storno,BLUE-MDR-C-65,BLUE-MDR-C-<limit>,"{""limit"":""65""}",UNIQUE,BLUE-MDR-C-65,1563,2026-06-05,0,CONTRACT-CADRU DE PRESTARI SERVICII NR. 373/4.12.2025,Avans Servicii de instalare conform ANEXA 1 | ? SERVICII RECURENTE DE SECURITATE INFORMATICA la Contractul NR. 373/4.12.2025( 1425 EURO + TVA la cursul BNR) Stornare factura 1020 gresti scris avans | Avans Servicii de instalare conform ANEX,,Storno mapped to BT.BIT 1072; contract=true; amount=true; gap=0d
accounting:BT.BIT 1072,no,BLUE-MDR-C-65,,MANY,15,14,BLUE-MDR-C-65,0.857,0.444,MIXED/UNKNOWN,ACCEPT_CANDIDATE,HIGH,CONTRACT,ron,cms689th3035zrt3524ekr7i5,BT.BIT 1072,PLURIDIO SRL,2026-06-02,RON,1425.00,7261.80,,BLUE-MDR-C-65,BLUE-MDR-C-<limit>,"{""limit"":""65""}",UNIQUE,BLUE-MDR-C-65,1563,2026-06-05,3,CONTRACT-CADRU DE PRESTARI SERVICII NR. 373/4.12.2025,Servicii de instalare conform ANEXA 1 | ? SERVICII RECURENTE DE SECURITATE INFORMATICA la Contractul NR. 373/4.12.2025( 1425 EURO + TVA la cursul BNR) | Servicii de instalare conform ANEXA 1 | ? SERVICII RECURENTE DE SECURITATE INFORMATICA ,,"CONTRACT; contract, date:3d, amount:2.6%, company-profile:86%; company=MANY; dominant=BLUE-MDR-C-65 (86%)"
accounting:BT.R.BIT 269,no,BLUE-MDR-C-65,,MANY,15,14,BLUE-MDR-C-65,0.857,0.444,MIXED/UNKNOWN,REVIEW,HIGH,CONTRACT,ron,cms689to8037qrt35iarx28s7,BT.R.BIT 269,PLURIDIO SRL,2026-06-17,RON,,7652.95,,BLUE-MDR-C-65,BLUE-MDR-C-<limit>,"{""limit"":""65""}",UNIQUE,BLUE-MDR-C-65,1567,2026-10-05,110,CONTRACT-CADRU DE PRESTARI SERVICII NR. 373/4.12.2025,"CONTRACTUL NR. 373/4.12.2025 | Servicii de tip SOC-as-a-Service / Managed Detection and Response (MDR) pachetul PREMIUM-MDR , conform ANEXA 1 ? SERVICII RECURENTE DE SECURITATE INFORMATICA , | CONTRACTUL NR. 373/4.12.2025 | Servicii de tip ",,"CONTRACT; contract, date:110d, company-profile:86%; company=MANY; dominant=BLUE-MDR-C-65 (86%)"
accounting:BT.R.BIT 298,no,BLUE-MDR-C-65,,MANY,15,14,BLUE-MDR-C-65,0.857,0.444,MIXED/UNKNOWN,ACCEPT_CANDIDATE,HIGH,CONTRACT,ron,cms689txe03airt359m83o0m5,BT.R.BIT 298,PLURIDIO SRL,2026-07-18,RON,,7670.36,,BLUE-MDR-C-65,BLUE-MDR-C-<limit>,"{""limit"":""65""}",UNIQUE,BLUE-MDR-C-65,1564,2026-07-05,13,CONTRACT-CADRU DE PRESTARI SERVICII NR. 373/4.12.2025,"CONTRACTUL NR. 373/4.12.2025 | Servicii de tip SOC-as-a-Service / Managed Detection and Response (MDR) pachetul PREMIUM-MDR , conform ANEXA 1 ? SERVICII RECURENTE DE SECURITATE INFORMATICA , | CONTRACTUL NR. 373/4.12.2025 | Servicii de tip ",,"CONTRACT; contract, date:13d, company-profile:86%; company=MANY; dominant=BLUE-MDR-C-65 (86%)"
accounting:BT.BIT 781,no,RED-NIS-C-PEN-58,,SMALL,2,3,RED-NIS-C-PEN-58,0.333,0.000,MIXED/UNKNOWN,REVIEW,MEDIUM,CONTRACT,ron,cms689pkl01w7rt35azkhunnk,BT.BIT 781,PREMIER ENERGY FURNIZARE S.A.,2024-12-18,RON,9090.00,45227.29,,RED-NIS-C-PEN-58,RED-NIS-C-PEN-<limit>,"{""limit"":""58""}",UNIQUE,RED-NIS-C-PEN-58 | RED-NIS-C-AUDIT-58,87,2024-12-18,0,Nr. 314/ 21.10.2024,Servicii de audit informatic pentru identificarea | si evaluarea vulnerabilitatilor si riscurilor informatice in conformitate cu Legea 362/2018 (NIS)? conform CONTRACT DE SERVICII Nr. 314/ 21.10.2024( 9090 euro +TVA la cursul BNR) | Servici,,"CONTRACT; contract, date:0d, description:0.25; company=SMALL; dominant=RED-NIS-C-PEN-58 (33%)"
accounting:BT.BIT 1078,no,RED-PEN-B-E-B-15,,SMALL,2,3,RED-NIS-C-PEN-58,0.333,0.000,MIXED/UNKNOWN,REVIEW,LOW,SCORED,ron,cms689tri038ort353kn6p4ol,BT.BIT 1078,PREMIER ENERGY FURNIZARE S.A.,2026-06-19,RON,7200.00,37684.08,,RED-PEN-B-E-B-15,RED-PEN-B-E-B-<limit>,"{""limit"":""15""}",UNIQUE,RED-PEN-B-E-B-15,89,2026-06-19,0,CONTRACT-CADRU DE PRESTARI SERVICII NR. 390 DIN 2.2.2026,"Servicii conform Anexa. Nr. 1 la Actul aditional nr. 1 | . din 05.06.2026 ACT ADITIONAL NR. 1 DIN 05.06.2026 LA CONTRACT-CADRU DE PRESTARI SERVICII NR. 390 DIN 02.02.2026 ( 7,200 EURO + TVA la cursul BNR) | Servicii conform Anexa. Nr. 1 la ",,"SCORED; date:0d, amount:0.0%; company=SMALL; dominant=RED-NIS-C-PEN-58 (33%)"
accounting:BT.BIT 863,no,BLUE-MDR-C-5,,RECURRENT,16,24,BLUE-MDR-C-5,1.000,0.933,STABLE,ACCEPT_CANDIDATE,HIGH,CONTRACT,ron,cms689q2l0237rt35h3ych6o6,BT.BIT 863,PRIMONET RO SRL,2025-04-11,RON,1200.00,5972.64,,BLUE-MDR-C-5,BLUE-MDR-C-<limit>,"{""limit"":""5""}",UNIQUE,BLUE-MDR-C-5,1441,2025-04-11,0,332/3.3.2025,Costuri de instalare conform Anexa 1 | Servicii recurente de securitate informatica la Contractul nr. 332/3.3.2025( 1.200 euro+TVA la cursul BNR) | Costuri de instalare conform Anexa 1 | Servicii recurente de securitate informatica la Contr,,"CONTRACT; contract, date:0d, trend-adjusted-amount:1.000:0.0%, company-profile:100%; company=RECURRENT; dominant=BLUE-MDR-C-5 (100%)"
accounting:BT.BIT 895,no,BLUE-MDR-C-5,,RECURRENT,16,24,BLUE-MDR-C-5,1.000,0.933,STABLE,ACCEPT_CANDIDATE,HIGH,CONTRACT,ron,cms689qa1025zrt352pyjpl62,BT.BIT 895,PRIMONET RO SRL,2025-05-16,RON,500.00,2551.60,,BLUE-MDR-C-5,BLUE-MDR-C-<limit>,"{""limit"":""5""}",UNIQUE,BLUE-MDR-C-5,1442,2025-05-15,1,332/3.3.2025,Servicii recurente de securitate informatica | la Contractul nr. 332/3.3.2025( 500 euro+TVA la cursul BNR) | Servicii recurente de securitate informatica | la Contractul nr. 332/3.3.2025( 500 euro+TVA la cursul BNR),,"CONTRACT; contract, date:1d, trend-adjusted-amount:1.000:0.0%, company-profile:100%; company=RECURRENT; dominant=BLUE-MDR-C-5 (100%)"
accounting:BT.BIT 919,no,BLUE-MDR-C-5,,RECURRENT,16,24,BLUE-MDR-C-5,1.000,0.933,STABLE,ACCEPT_CANDIDATE,HIGH,CONTRACT,ron,cms689qfb0283rt3596rund6q,BT.BIT 919,PRIMONET RO SRL,2025-06-16,RON,500.00,2516.00,,BLUE-MDR-C-5,BLUE-MDR-C-<limit>,"{""limit"":""5""}",UNIQUE,BLUE-MDR-C-5,1443,2025-06-16,0,332/3.3.2025,Servicii recurente de securitate informatica | la Contractul nr. 332/3.3.2025( 500 euro+TVA la cursul BNR) | Servicii recurente de securitate informatica | la Contractul nr. 332/3.3.2025( 500 euro+TVA la cursul BNR),,"CONTRACT; contract, date:0d, trend-adjusted-amount:1.000:0.0%, company-profile:100%; company=RECURRENT; dominant=BLUE-MDR-C-5 (100%)"
accounting:BT.BIT 944,no,BLUE-MDR-C-5,,RECURRENT,16,24,BLUE-MDR-C-5,1.000,0.933,STABLE,ACCEPT_CANDIDATE,HIGH,CONTRACT,ron,cms689qkv02a6rt35snatacmg,BT.BIT 944,PRIMONET RO SRL,2025-07-02,RON,500.00,2538.60,,BLUE-MDR-C-5,BLUE-MDR-C-<limit>,"{""limit"":""5""}",UNIQUE,BLUE-MDR-C-5,1444,2025-07-10,8,332/3.3.2025,Servicii recurente de securitate informatica | la Contractul nr. 332/3.3.2025( 500 euro+TVA la cursul BNR) | Servicii recurente de securitate informatica | la Contractul nr. 332/3.3.2025( 500 euro+TVA la cursul BNR),,"CONTRACT; contract, date:8d, trend-adjusted-amount:1.000:0.0%, company-profile:100%; company=RECURRENT; dominant=BLUE-MDR-C-5 (100%)"
accounting:BT.BIT 972,no,BLUE-MDR-C-5,,RECURRENT,16,24,BLUE-MDR-C-5,1.000,0.933,STABLE,ACCEPT_CANDIDATE,HIGH,CONTRACT,ron,cms689qry02cirt355an6me20,BT.BIT 972,PRIMONET RO SRL,2025-08-04,RON,500.00,2538.50,,BLUE-MDR-C-5,BLUE-MDR-C-<limit>,"{""limit"":""5""}",UNIQUE,BLUE-MDR-C-5,1445,2025-08-04,0,332/3.3.2025,Servicii recurente de securitate informatica | la Contractul nr. 332/3.3.2025( 500 euro+TVA la cursul BNR) | Servicii recurente de securitate informatica | la Contractul nr. 332/3.3.2025( 500 euro+TVA la cursul BNR),,"CONTRACT; contract, date:0d, trend-adjusted-amount:1.000:0.0%, company-profile:100%; company=RECURRENT; dominant=BLUE-MDR-C-5 (100%)"
accounting:BT.R.BIT 23,no,BLUE-MDR-C-5,,RECURRENT,16,24,BLUE-MDR-C-5,1.000,0.933,STABLE,ACCEPT_CANDIDATE,HIGH,CONTRACT,ron,cms689qy902eurt35frr9cern,BT.R.BIT 23,PRIMONET RO SRL,2025-09-02,RON,500.00,2536.25,,BLUE-MDR-C-5,BLUE-MDR-C-<limit>,"{""limit"":""5""}",UNIQUE,BLUE-MDR-C-5,1446,2025-09-05,3,332/3.3.2025,"SERVICII RECURENTE DE SECURITATE INFORMATICA | Conform Contractul nr. 332/3.3.2025, 500 EUR+TVA la cursul BNR 5.0725 | SERVICII RECURENTE DE SECURITATE INFORMATICA | Conform Contractul nr. 332/3.3.2025, 500 EUR+TVA la cursul BNR 5.0725",,"CONTRACT; contract, date:3d, trend-adjusted-amount:1.000:0.0%, company-profile:100%; company=RECURRENT; dominant=BLUE-MDR-C-5 (100%)"
accounting:BT.R.BIT 50,no,BLUE-MDR-C-5,,RECURRENT,16,24,BLUE-MDR-C-5,1.000,0.933,STABLE,ACCEPT_CANDIDATE,HIGH,CONTRACT,ron,cms689rdu02kjrt359qrizc8z,BT.R.BIT 50,PRIMONET RO SRL,2025-10-20,RON,500.00,2544.45,,BLUE-MDR-C-5,BLUE-MDR-C-<limit>,"{""limit"":""5""}",UNIQUE,BLUE-MDR-C-5,1447,2025-10-20,0,332/3.3.2025,"SERVICII RECURENTE DE SECURITATE INFORMATICA | Conform Contractul nr. 332/3.3.2025, 500 EUR+TVA la cursul BNR 5.0889 | SERVICII RECURENTE DE SECURITATE INFORMATICA | Conform Contractul nr. 332/3.3.2025, 500 EUR+TVA la cursul BNR 5.0889",,"CONTRACT; contract, date:0d, trend-adjusted-amount:1.000:0.0%, company-profile:100%; company=RECURRENT; dominant=BLUE-MDR-C-5 (100%)"
accounting:BT.R.BIT 77,no,BLUE-MDR-C-5,,RECURRENT,16,24,BLUE-MDR-C-5,1.000,0.933,STABLE,ACCEPT_CANDIDATE,HIGH,CONTRACT,ron,cms689r6u02ibrt359jyvc5o4,BT.R.BIT 77,PRIMONET RO SRL,2025-11-26,RON,500.00,2544.50,,BLUE-MDR-C-5,BLUE-MDR-C-<limit>,"{""limit"":""5""}",UNIQUE,BLUE-MDR-C-5,1448,2025-11-26,0,332/3.3.2025,"SERVICII RECURENTE DE SECURITATE INFORMATICA | Conform Contractul nr. 332/3.3.2025, 500 EUR+TVA la cursul BNR 5.089 | SERVICII RECURENTE DE SECURITATE INFORMATICA | Conform Contractul nr. 332/3.3.2025, 500 EUR+TVA la cursul BNR 5.089",,"CONTRACT; contract, date:0d, trend-adjusted-amount:1.000:0.0%, company-profile:100%; company=RECURRENT; dominant=BLUE-MDR-C-5 (100%)"
accounting:BT.R.BIT 104,no,BLUE-MDR-C-5,,RECURRENT,16,24,BLUE-MDR-C-5,1.000,0.933,STABLE,ACCEPT_CANDIDATE,HIGH,CONTRACT,ron,cms689rv702p8rt35ix9v6tme,BT.R.BIT 104,PRIMONET RO SRL,2025-12-23,RON,500.00,2544.05,,BLUE-MDR-C-5,BLUE-MDR-C-<limit>,"{""limit"":""5""}",UNIQUE,BLUE-MDR-C-5,1449,2025-12-23,0,332/3.3.2025,"SERVICII RECURENTE DE SECURITATE INFORMATICA | Conform Contractul nr. 332/3.3.2025, 500 EUR+TVA la cursul BNR 5.0881 | SERVICII RECURENTE DE SECURITATE INFORMATICA | Conform Contractul nr. 332/3.3.2025, 500 EUR+TVA la cursul BNR 5.0881",,"CONTRACT; contract, date:0d, trend-adjusted-amount:1.000:0.0%, company-profile:100%; company=RECURRENT; dominant=BLUE-MDR-C-5 (100%)"
accounting:BT.R.BIT 131,no,BLUE-MDR-C-5,,RECURRENT,16,24,BLUE-MDR-C-5,1.000,0.933,STABLE,ACCEPT_CANDIDATE,HIGH,CONTRACT,ron,cms689s1c02rgrt357ywogpzk,BT.R.BIT 131,PRIMONET RO SRL,2026-01-20,RON,500.00,2546.05,,BLUE-MDR-C-5,BLUE-MDR-C-<limit>,"{""limit"":""5""}",UNIQUE,BLUE-MDR-C-5,1450,2026-01-20,0,332/3.3.2025,"SERVICII RECURENTE DE SECURITATE INFORMATICA | Conform Contractul nr. 332/3.3.2025, 500 EUR+TVA la cursul BNR 5.0921 | SERVICII RECURENTE DE SECURITATE INFORMATICA | Conform Contractul nr. 332/3.3.2025, 500 EUR+TVA la cursul BNR 5.0921",,"CONTRACT; contract, date:0d, trend-adjusted-amount:1.000:0.0%, company-profile:100%; company=RECURRENT; dominant=BLUE-MDR-C-5 (100%)"
accounting:BT.R.BIT 159,no,BLUE-MDR-C-5,,RECURRENT,16,24,BLUE-MDR-C-5,1.000,0.933,STABLE,ACCEPT_CANDIDATE,HIGH,CONTRACT,ron,cms689sew02v3rt35k0eyoeea,BT.R.BIT 159,PRIMONET RO SRL,2026-02-13,RON,500.00,2546.70,,BLUE-MDR-C-5,BLUE-MDR-C-<limit>,"{""limit"":""5""}",UNIQUE,BLUE-MDR-C-5,1451,2026-02-13,0,332/3.3.2025,"SERVICII RECURENTE DE SECURITATE INFORMATICA | Conform Contractul nr. 332/3.3.2025, 500 EUR+TVA la cursul BNR 5.0934 | SERVICII RECURENTE DE SECURITATE INFORMATICA | Conform Contractul nr. 332/3.3.2025, 500 EUR+TVA la cursul BNR 5.0934",,"CONTRACT; contract, date:0d, trend-adjusted-amount:1.000:0.0%, company-profile:100%; company=RECURRENT; dominant=BLUE-MDR-C-5 (100%)"
accounting:BT.R.BIT 183,no,BLUE-MDR-C-5,,RECURRENT,16,24,BLUE-MDR-C-5,1.000,0.933,STABLE,ACCEPT_CANDIDATE,HIGH,CONTRACT,ron,cms689sqm02yirt355i03k7in,BT.R.BIT 183,PRIMONET RO SRL,2026-03-20,RON,500.00,2547.95,,BLUE-MDR-C-5,BLUE-MDR-C-<limit>,"{""limit"":""5""}",UNIQUE,BLUE-MDR-C-5,1452,2026-03-20,0,332/3.3.2025,"SERVICII RECURENTE DE SECURITATE INFORMATICA | Conform Contractul nr. 332/3.3.2025, 500.00 EUR+TVA la cursul BNR 5.0959 | SERVICII RECURENTE DE SECURITATE INFORMATICA | Conform Contractul nr. 332/3.3.2025, 500.00 EUR+TVA la cursul BNR 5.095",,"CONTRACT; contract, date:0d, trend-adjusted-amount:1.000:0.0%, company-profile:100%; company=RECURRENT; dominant=BLUE-MDR-C-5 (100%)"
accounting:BT.R.BIT 212,no,BLUE-MDR-C-5,,RECURRENT,16,24,BLUE-MDR-C-5,1.000,0.933,STABLE,ACCEPT_CANDIDATE,HIGH,CONTRACT,ron,cms689t6b032lrt35udm1z8a4,BT.R.BIT 212,PRIMONET RO SRL,2026-04-29,RON,500.00,2546.85,,BLUE-MDR-C-5,BLUE-MDR-C-<limit>,"{""limit"":""5""}",UNIQUE,BLUE-MDR-C-5,1453,2026-04-29,0,332/3.3.2025,"SERVICII RECURENTE DE SECURITATE INFORMATICA | Conform Contractul nr. 332/3.3.2025, 500.00 EUR+TVA la cursul BNR 5.0937 | SERVICII RECURENTE DE SECURITATE INFORMATICA | Conform Contractul nr. 332/3.3.2025, 500.00 EUR+TVA la cursul BNR 5.093",,"CONTRACT; contract, date:0d, trend-adjusted-amount:1.000:0.0%, company-profile:100%; company=RECURRENT; dominant=BLUE-MDR-C-5 (100%)"
accounting:BT.R.BIT 241,no,BLUE-MDR-C-5,,RECURRENT,16,24,BLUE-MDR-C-5,1.000,0.933,STABLE,ACCEPT_CANDIDATE,HIGH,CONTRACT,ron,cms689tef0355rt35b09b0c08,BT.R.BIT 241,PRIMONET RO SRL,2026-05-25,RON,500.00,2624.40,,BLUE-MDR-C-5,BLUE-MDR-C-<limit>,"{""limit"":""5""}",UNIQUE,BLUE-MDR-C-5,1454,2026-05-25,0,332/3.3.2025,"SERVICII RECURENTE DE SECURITATE INFORMATICA | Conform Contractul nr. 332/3.3.2025, 500.00 EUR+TVA la cursul BNR 5.2488 | SERVICII RECURENTE DE SECURITATE INFORMATICA | Conform Contractul nr. 332/3.3.2025, 500.00 EUR+TVA la cursul BNR 5.248",,"CONTRACT; contract, date:0d, trend-adjusted-amount:1.000:0.0%, company-profile:100%; company=RECURRENT; dominant=BLUE-MDR-C-5 (100%)"
accounting:BT.R.BIT 270,no,BLUE-MDR-C-5,,RECURRENT,16,24,BLUE-MDR-C-5,1.000,0.933,STABLE,ACCEPT_CANDIDATE,HIGH,CONTRACT,ron,cms689tof037trt35ytlgcssp,BT.R.BIT 270,PRIMONET RO SRL,2026-06-17,RON,500.00,2615.50,,BLUE-MDR-C-5,BLUE-MDR-C-<limit>,"{""limit"":""5""}",UNIQUE,BLUE-MDR-C-5,1455,2026-06-19,2,332/3.3.2025,"SERVICII RECURENTE DE SECURITATE INFORMATICA | Conform Contractul nr. 332/3.3.2025, 500.00 EUR+TVA la cursul BNR 5.231 | SERVICII RECURENTE DE SECURITATE INFORMATICA | Conform Contractul nr. 332/3.3.2025, 500.00 EUR+TVA la cursul BNR 5.231",,"CONTRACT; contract, date:2d, trend-adjusted-amount:1.000:0.0%, company-profile:100%; company=RECURRENT; dominant=BLUE-MDR-C-5 (100%)"
accounting:BT.R.BIT 299,no,BLUE-MDR-C-5,,RECURRENT,16,24,BLUE-MDR-C-5,1.000,0.933,STABLE,ACCEPT_CANDIDATE,HIGH,CONTRACT,ron,cms689txp03alrt351jzz0tc6,BT.R.BIT 299,PRIMONET RO SRL,2026-07-18,RON,500.00,2621.45,,BLUE-MDR-C-5,BLUE-MDR-C-<limit>,"{""limit"":""5""}",UNIQUE,BLUE-MDR-C-5,1456,2026-07-05,13,332/3.3.2025,"SERVICII RECURENTE DE SECURITATE INFORMATICA | Conform Contractul nr. 332/3.3.2025, 500.00 EUR+TVA la cursul BNR 5.2429 | SERVICII RECURENTE DE SECURITATE INFORMATICA | Conform Contractul nr. 332/3.3.2025, 500.00 EUR+TVA la cursul BNR 5.242",,"CONTRACT; contract, date:13d, trend-adjusted-amount:1.000:0.0%, company-profile:100%; company=RECURRENT; dominant=BLUE-MDR-C-5 (100%)"
accounting:BT.BIT 772,no,CONSULTANCY-MISC-8,,STANDARD,7,8,CONSULTANCY-MISC-8,0.250,0.000,MIXED/UNKNOWN,ACCEPT_CANDIDATE,HIGH,CONTRACT,ron,cms689pik01vgrt35zv0fz9gd,BT.BIT 772,PRO TV SRL,2024-12-10,RON,3600.00,17895.24,,CONSULTANCY-MISC-8,CONSULTANCY-MISC-<limit>,"{""limit"":""8""}",UNIQUE,CONSULTANCY-MISC-8 | CONSULTANCY-MISC-6 | RED-PEN-B-E-B-7,1326,2024-12-10,0,COMANDA FERMA 053/08.11.2024,COMANDA FERMA 053/08.11.2024 la CONTRACT-CADRU | DE PRESTARI SERVICII NR. 315/24.10.2024 ( 3.600 euro+TVA la cursul BNR) | COMANDA FERMA 053/08.11.2024 la CONTRACT-CADRU | DE PRESTARI SERVICII NR. 315/24.10.2024 ( 3.600 euro+TVA la cursul B,,"CONTRACT; contract, date:0d, amount:0.0%; company=STANDARD; dominant=CONSULTANCY-MISC-8 (25%)"
accounting:BT.BIT 867,no,CONSULTANCY-MISC-8,,STANDARD,7,8,CONSULTANCY-MISC-8,0.250,0.000,MIXED/UNKNOWN,ACCEPT_CANDIDATE,HIGH,CONTRACT,ron,cms689q3h023jrt35fok62724,BT.BIT 867,PRO TV SRL,2025-04-16,RON,3600.00,17918.64,,CONSULTANCY-MISC-8,CONSULTANCY-MISC-<limit>,"{""limit"":""8""}",UNIQUE,CONSULTANCY-MISC-8 | CONSULTANCY-MISC-6 | RED-PEN-B-E-B-7 | CONSULTANCY-MISC-23,1327,2025-04-16,0,COMANDA FERMA 011/01.04.2025,COMANDA FERMA 011/01.04.2025 | CONTRACT-CADRU DE PRESTARI SERVICII NR. 315/24.10.2024 ( 3.600 euro+TVA la cursul BNR) | COMANDA FERMA 011/01.04.2025 | CONTRACT-CADRU DE PRESTARI SERVICII NR. 315/24.10.2024 ( 3.600 euro+TVA la cursul BNR),,"CONTRACT; contract, date:0d, amount:0.0%; company=STANDARD; dominant=CONSULTANCY-MISC-8 (25%)"
accounting:BT.BIT 975,no,CONSULTANCY-MISC-23,,STANDARD,7,8,CONSULTANCY-MISC-8,0.250,0.000,MIXED/UNKNOWN,REVIEW,MEDIUM,SCORED,ron,cms689qsi02crrt35h667nnol,BT.BIT 975,PRO TV SRL,2025-08-12,RON,11500.00,58277.40,,CONSULTANCY-MISC-23,CONSULTANCY-MISC-<limit>,"{""limit"":""23""}",UNIQUE,CONSULTANCY-MISC-23 | CONSULTANCY-MISC-6 | RED-PEN-B-E-B-7 | CONSULTANCY-MISC-8,1328,2025-08-12,0,COMANDA FERMA /22.7.2025,Servicii conform COMANDA FERMA 021/22.07.2025 | la CONTRACT-CADRU DE PRESTARI SERVICII NR. 315/24.10.2024 | Servicii conform COMANDA FERMA 021/22.07.2025 | la CONTRACT-CADRU DE PRESTARI SERVICII NR. 315/24.10.2024,,"SCORED; date:0d, amount:0.0%; company=STANDARD; dominant=CONSULTANCY-MISC-8 (25%)"
accounting:BT.R.BIT 970,no,,,STANDARD,7,8,CONSULTANCY-MISC-8,0.250,0.000,MIXED/UNKNOWN,SKIP_NO_MATCH,NONE,SOURCE_REUSE_ANOMALY,ron,cms689rhh02lort35p0z6vr0t,BT.R.BIT 970,PRO TV SRL,2025-10-30,RON,3600.00,18298.44,storno,,,,EMPTY,CONSULTANCY-MISC-23,,,35,,Servicii conform COMANDA FERMA CC\_FIT 201PO0102881 SERVICII PUNCTUALE DE SECURITATE INFORMATICA | la CONTRACT-CADRU DE PRESTARI SERVICII NR. 315/24.10.2024 (3.600 euro+TVA la cursul BNR) | Servicii conform COMANDA FERMA CC\_FIT 201PO010288,,Quarantined: nr_iesire is reused by multiple organization/date/id_iesire headers inside the same source workbook; production lines may be contaminated.
accounting:BT.R.BIT 972,no,RED-PEN-B-E-B-7,,STANDARD,7,8,CONSULTANCY-MISC-8,0.250,0.000,MIXED/UNKNOWN,REVIEW,MEDIUM,SCORED,ron,cms689r2o02gnrt359m10w4ef,BT.R.BIT 972,PRO TV SRL,2025-11-24,RON,3640.00,18524.32,,RED-PEN-B-E-B-7,RED-PEN-B-E-B-<limit>,"{""limit"":""7""}",UNIQUE,RED-PEN-B-E-B-7 | CONSULTANCY-MISC-6 | CONSULTANCY-MISC-8 | CONSULTANCY-MISC-23,1330,2025-11-24,0,Comanda ferma CC_FIT 201PO0103125,"Servicii conform comanda | CC\_FIT 201PO0103125 la Contract nr. 3895 / Data 28.10.2025( 3,640 EURO + TVA la cursul BNR) | Servicii conform comanda | CC\_FIT 201PO0103125 la Contract nr. 3895 / Data 28.10.2025( 3,640 EURO + TVA la cursul BNR",,"SCORED; date:0d, amount:0.0%; company=STANDARD; dominant=CONSULTANCY-MISC-8 (25%)"
accounting:BT.BIT 1003,no,CONSULTANCY-MISC-23,,STANDARD,7,8,CONSULTANCY-MISC-8,0.250,0.000,MIXED/UNKNOWN,REVIEW,MEDIUM,SCORED,ron,cms689rne02n5rt35n1v4oj2j,BT.BIT 1003,PRO TV SRL,2025-12-04,RON,1800.00,9163.80,,CONSULTANCY-MISC-23,CONSULTANCY-MISC-<limit>,"{""limit"":""23""}",UNIQUE,CONSULTANCY-MISC-23 | RED-PEN-B-E-B-7 | CONSULTANCY-MISC-6 | CONSULTANCY-MISC-5,1333,2025-12-04,0,Comanda CC_FIT 201PO0103808,Servicii conform comanda CC\_FIT 201PO0103808 | din 18.11.2025 la Contract nr. 315 din 24.10.2024( 1.800 euro+TVA la cursul BNR) | Servicii conform comanda CC\_FIT 201PO0103808 | din 18.11.2025 la Contract nr. 315 din 24.10.2024( 1.800 euro,,"SCORED; date:0d, amount:0.0%; company=STANDARD; dominant=CONSULTANCY-MISC-8 (25%)"
accounting:BT.BIT 1052,no,CONSULTANCY-MISC-56,,STANDARD,7,8,CONSULTANCY-MISC-8,0.250,0.000,MIXED/UNKNOWN,REVIEW,MEDIUM,CONTRACT,ron,cms689suy02ztrt35v1cg6p3u,BT.BIT 1052,PRO TV SRL,2026-03-31,RON,2872.00,14644.04,,CONSULTANCY-MISC-56,CONSULTANCY-MISC-<limit>,"{""limit"":""56""}",UNIQUE,CONSULTANCY-MISC-56 | CONSULTANCY-MISC-5 | CONSULTANCY-MISC-23 | RED-PEN-B-E-B-7 | CONSULTANCY-MISC-6,1332,2026-12-31,275,ACT ADITIONAL NR. 2 DIN 16.3.2026 CONTRACT DE PRESTARI SERVICII NR. 351/11.8.2025,"Servicii conform ACT ADITIONAL NR. 1 | DIN 13.10.2025 CONTRACT DE PRESTARI SERVICII NR. 351/11.8.2025( 2,872 EURO + TVA la cursul BNR) | Servicii conform ACT ADITIONAL NR. 1 | DIN 13.10.2025 CONTRACT DE PRESTARI SERVICII NR. 351/11.8.2025( ",,CONTRACT; contract; company=STANDARD; dominant=CONSULTANCY-MISC-8 (25%)
accounting:BT.BIT 238,no,BLUE-MDR-C-5,,RECURRENT,15,24,BLUE-MDR-C-16,0.167,0.857,STABLE,ACCEPT_CANDIDATE,HIGH,CONTRACT,valuta,cms689m4100kert35tg56ikvf,BT.BIT 238,PVOLVE LLC,2025-05-30,USD,2500.00,11230.00,,BLUE-MDR-C-5,BLUE-MDR-C-<limit>,"{""limit"":""5""}",UNIQUE,BLUE-MDR-C-5 | BLUE-MDR-C-6 | BLUE-MDR-C-7 | BLUE-MDR-C-8 | BLUE-MDR-C-9,1414,2025-05-30,0,NO. 322/17.12.2024,Installation costs ANNEX 2 | - RECURRENT IT SECURITY SERVICES to FRAMEWORK SERVICE AGREEMENT NO. 322/17.12.2024 | Installation costs ANNEX 2 | - RECURRENT IT SECURITY SERVICES to FRAMEWORK SERVICE AGREEMENT NO. 322/17.12.2024,,"CONTRACT; contract, date:0d, trend-adjusted-amount:1.041:8.8%; company=RECURRENT; dominant=BLUE-MDR-C-16 (17%)"
accounting:BT.BIT 241,no,BLUE-MDR-C-6,,RECURRENT,15,24,BLUE-MDR-C-16,0.167,0.857,STABLE,ACCEPT_CANDIDATE,HIGH,CONTRACT,valuta,cms689m4r00ktrt35y46t1fpo,BT.BIT 241,PVOLVE LLC,2025-06-16,USD,1140.00,4977.81,,BLUE-MDR-C-6,BLUE-MDR-C-<limit>,"{""limit"":""6""}",UNIQUE,BLUE-MDR-C-6 | BLUE-MDR-C-7 | BLUE-MDR-C-8 | BLUE-MDR-C-5 | BLUE-MDR-C-9,1415,2025-06-16,0,NO. 322/17.12.2024,"Contract no. 322/17.12.2024, RECURRENT IT SECURITY SERVICES | to FRAMEWORK SERVICE AGREEMENT | Contract no. 322/17.12.2024, RECURRENT IT SECURITY SERVICES | to FRAMEWORK SERVICE AGREEMENT",,"CONTRACT; contract, date:0d, trend-adjusted-amount:1.041:0.0%; company=RECURRENT; dominant=BLUE-MDR-C-16 (17%)"
accounting:BT.BIT 245,no,BLUE-MDR-C-7,,RECURRENT,15,24,BLUE-MDR-C-16,0.167,0.857,STABLE,ACCEPT_CANDIDATE,HIGH,CONTRACT,valuta,cms689m5n00l5rt35gy1xtbf6,BT.BIT 245,PVOLVE LLC,2025-07-02,USD,1140.00,4897.21,,BLUE-MDR-C-7,BLUE-MDR-C-<limit>,"{""limit"":""7""}",UNIQUE,BLUE-MDR-C-7 | BLUE-MDR-C-6 | BLUE-MDR-C-8 | BLUE-MDR-C-9 | BLUE-MDR-C-5,1416,2025-07-10,8,NO. 322/17.12.2024,"Contract no. 322/17.12.2024, RECURRENT IT SECURITY | Contract no. 322/17.12.2024, RECURRENT IT SECURITY",,"CONTRACT; contract, date:8d, trend-adjusted-amount:1.041:0.0%; company=RECURRENT; dominant=BLUE-MDR-C-16 (17%)"
accounting:BT.BIT 248,no,BLUE-MDR-C-8,,RECURRENT,15,24,BLUE-MDR-C-16,0.167,0.857,STABLE,ACCEPT_CANDIDATE,HIGH,CONTRACT,valuta,cms689m6e00lert356qjp4mf9,BT.BIT 248,PVOLVE LLC,2025-08-04,USD,1140.00,5079.50,,BLUE-MDR-C-8,BLUE-MDR-C-<limit>,"{""limit"":""8""}",UNIQUE,BLUE-MDR-C-8 | BLUE-MDR-C-7 | BLUE-MDR-C-9 | BLUE-MDR-C-6 | BLUE-MDR-C-10,1417,2025-08-04,0,NO. 322/17.12.2024,"Contract no. 322/17.12.2024, | RECURRENT IT SECURITY SERVICES to FRAMEWORK SERVICE AGREEMENT | Contract no. 322/17.12.2024, | RECURRENT IT SECURITY SERVICES to FRAMEWORK SERVICE AGREEMENT",,"CONTRACT; contract, date:0d, trend-adjusted-amount:1.041:0.0%; company=RECURRENT; dominant=BLUE-MDR-C-16 (17%)"
accounting:BT.R.BIT 3,no,BLUE-MDR-C-9,,RECURRENT,15,24,BLUE-MDR-C-16,0.167,0.857,STABLE,ACCEPT_CANDIDATE,HIGH,CONTRACT,valuta,cms68c39q0084pj38i9snhpvo,BT.R.BIT 3,PVOLVE LLC,2025-09-02,USD,1140.00,4932.89,,BLUE-MDR-C-9,BLUE-MDR-C-<limit>,"{""limit"":""9""}",UNIQUE,BLUE-MDR-C-9 | BLUE-MDR-C-8 | BLUE-MDR-C-10 | BLUE-MDR-C-7 | BLUE-MDR-C-6,1418,2025-09-05,3,NO. 322/17.12.2024,CONTRACT NO. 322/17.12.2024 | RECURRENT IT SECURITY SERVICES to FRAMEWORK SERVICE AGREEMENT | CONTRACT NO. 322/17.12.2024 | RECURRENT IT SECURITY SERVICES to FRAMEWORK SERVICE AGREEMENT,,"CONTRACT; contract, date:3d, trend-adjusted-amount:1.041:0.0%; company=RECURRENT; dominant=BLUE-MDR-C-16 (17%)"
accounting:BT.R.BIT 30,no,BLUE-MDR-C-10,,RECURRENT,15,24,BLUE-MDR-C-16,0.167,0.857,STABLE,ACCEPT_CANDIDATE,HIGH,CONTRACT,valuta,cms68c3cu008npj38c6gqxagq,BT.R.BIT 30,PVOLVE LLC,2025-10-20,USD,1140.00,4957.75,,BLUE-MDR-C-10,BLUE-MDR-C-<limit>,"{""limit"":""10""}",UNIQUE,BLUE-MDR-C-10 | BLUE-MDR-C-11 | BLUE-MDR-C-9 | BLUE-MDR-C-12 | BLUE-MDR-C-8,1419,2025-10-20,0,NO. 322/17.12.2024,CONTRACT NO. 322/17.12.2024 | RECURRENT IT SECURITY SERVICES to FRAMEWORK SERVICE AGREEMENT | CONTRACT NO. 322/17.12.2024 | RECURRENT IT SECURITY SERVICES to FRAMEWORK SERVICE AGREEMENT,,"CONTRACT; contract, date:0d, trend-adjusted-amount:1.041:0.0%; company=RECURRENT; dominant=BLUE-MDR-C-16 (17%)"
accounting:BT.R.BIT 57,no,BLUE-MDR-C-11,,RECURRENT,15,24,BLUE-MDR-C-16,0.167,0.857,STABLE,ACCEPT_CANDIDATE,HIGH,CONTRACT,valuta,cms68c3et0093pj38goc4pyoo,BT.R.BIT 57,PVOLVE LLC,2025-11-26,USD,1140.00,5028.77,,BLUE-MDR-C-11,BLUE-MDR-C-<limit>,"{""limit"":""11""}",UNIQUE,BLUE-MDR-C-11 | BLUE-MDR-C-12 | BLUE-MDR-C-10 | BLUE-MDR-C-13 | BLUE-MDR-C-14,1420,2025-11-26,0,NO. 322/17.12.2024,CONTRACT NO. 322/17.12.2024 | RECURRENT IT SECURITY SERVICES to FRAMEWORK SERVICE AGREEMENT | CONTRACT NO. 322/17.12.2024 | RECURRENT IT SECURITY SERVICES to FRAMEWORK SERVICE AGREEMENT,,"CONTRACT; contract, date:0d, trend-adjusted-amount:1.041:0.0%; company=RECURRENT; dominant=BLUE-MDR-C-16 (17%)"
accounting:BT.R.BIT 85,no,BLUE-MDR-C-12,,RECURRENT,15,24,BLUE-MDR-C-16,0.167,0.857,STABLE,ACCEPT_CANDIDATE,HIGH,CONTRACT,valuta,cms689rll02mqrt35u40zqkpf,BT.R.BIT 85,PVOLVE LLC,2025-12-23,USD,1140.00,4943.50,,BLUE-MDR-C-12,BLUE-MDR-C-<limit>,"{""limit"":""12""}",UNIQUE,BLUE-MDR-C-12 | BLUE-MDR-C-11 | BLUE-MDR-C-13 | BLUE-MDR-C-14 | BLUE-MDR-C-10,1421,2025-12-23,0,NO. 322/17.12.2024,CONTRACT NO. 322/17.12.2024 | RECURRENT IT SECURITY SERVICES to FRAMEWORK SERVICE AGREEMENT | CONTRACT NO. 322/17.12.2024 | RECURRENT IT SECURITY SERVICES to FRAMEWORK SERVICE AGREEMENT,,"CONTRACT; contract, date:0d, trend-adjusted-amount:1.041:0.0%; company=RECURRENT; dominant=BLUE-MDR-C-16 (17%)"
accounting:BT.R.BIT 112,no,BLUE-MDR-C-13,,RECURRENT,15,24,BLUE-MDR-C-16,0.167,0.857,STABLE,ACCEPT_CANDIDATE,HIGH,CONTRACT,valuta,cms68c3i3009mpj38tah8v5jb,BT.R.BIT 112,PVOLVE LLC,2026-01-20,USD,1140.00,4993.09,,BLUE-MDR-C-13,BLUE-MDR-C-<limit>,"{""limit"":""13""}",UNIQUE,BLUE-MDR-C-13 | BLUE-MDR-C-14 | BLUE-MDR-C-12 | BLUE-MDR-C-11 | BLUE-MDR-C-15,1422,2026-01-20,0,NO. 322/17.12.2024,CONTRACT NO. 322/17.12.2024 | RECURRENT IT SECURITY SERVICES to FRAMEWORK SERVICE AGREEMENT | CONTRACT NO. 322/17.12.2024 | RECURRENT IT SECURITY SERVICES to FRAMEWORK SERVICE AGREEMENT,,"CONTRACT; contract, date:0d, trend-adjusted-amount:1.041:0.0%; company=RECURRENT; dominant=BLUE-MDR-C-16 (17%)"
accounting:BT.R.BIT 139,no,BLUE-MDR-C-14,,RECURRENT,15,24,BLUE-MDR-C-16,0.167,0.857,STABLE,ACCEPT_CANDIDATE,HIGH,CONTRACT,valuta,cms68c3ir009vpj38joj04urq,BT.R.BIT 139,PVOLVE LLC,2026-02-13,USD,1140.00,4925.83,,BLUE-MDR-C-14,BLUE-MDR-C-<limit>,"{""limit"":""14""}",UNIQUE,BLUE-MDR-C-14 | BLUE-MDR-C-13 | BLUE-MDR-C-15 | BLUE-MDR-C-12 | BLUE-MDR-C-16,1423,2026-02-13,0,NO. 322/17.12.2024,CONTRACT NO. 322/17.12.2024 | RECURRENT IT SECURITY SERVICES to FRAMEWORK SERVICE AGREEMENT | CONTRACT NO. 322/17.12.2024 | RECURRENT IT SECURITY SERVICES to FRAMEWORK SERVICE AGREEMENT,,"CONTRACT; contract, date:0d, trend-adjusted-amount:1.041:0.0%; company=RECURRENT; dominant=BLUE-MDR-C-16 (17%)"
accounting:BT.R.BIT 184,no,BLUE-MDR-C-15,,RECURRENT,15,24,BLUE-MDR-C-16,0.167,0.857,STABLE,ACCEPT_CANDIDATE,HIGH,CONTRACT,valuta,cms68c3j800a1pj38pbahrlfj,BT.R.BIT 184,PVOLVE LLC,2026-03-20,USD,1140.00,5063.88,,BLUE-MDR-C-15,BLUE-MDR-C-<limit>,"{""limit"":""15""}",UNIQUE,BLUE-MDR-C-15 | BLUE-MDR-C-14 | BLUE-MDR-C-16 | BLUE-MDR-C-13,1424,2026-03-20,0,NO. 322/17.12.2024,CONTRACT NO. 322/17.12.2024 | RECURRENT IT SECURITY SERVICES to FRAMEWORK SERVICE AGREEMENT | CONTRACT NO. 322/17.12.2024 | RECURRENT IT SECURITY SERVICES to FRAMEWORK SERVICE AGREEMENT,,"CONTRACT; contract, date:0d, trend-adjusted-amount:1.041:0.0%; company=RECURRENT; dominant=BLUE-MDR-C-16 (17%)"
accounting:BT.R.BIT 213,no,BLUE-MDR-C-16,,RECURRENT,15,24,BLUE-MDR-C-16,0.167,0.857,STABLE,ACCEPT_CANDIDATE,HIGH,CONTRACT,valuta,cms68c3jy00aapj38doqzyaop,BT.R.BIT 213,PVOLVE LLC,2026-04-29,USD,1140.00,4963.67,,BLUE-MDR-C-16,BLUE-MDR-C-<limit>,"{""limit"":""16""}",UNIQUE,BLUE-MDR-C-16 | BLUE-MDR-C-15 | BLUE-MDR-C-7,1425,2026-04-29,0,NO. 322/17.12.2024,CONTRACT NO. 322/17.12.2024 | RECURRENT IT SECURITY SERVICES to FRAMEWORK SERVICE AGREEMENT | CONTRACT NO. 322/17.12.2024 | RECURRENT IT SECURITY SERVICES to FRAMEWORK SERVICE AGREEMENT,,"CONTRACT; contract, date:0d, trend-adjusted-amount:1.041:0.0%; company=RECURRENT; dominant=BLUE-MDR-C-16 (17%)"
accounting:BT.R.BIT 242,no,BLUE-MDR-C-16,,RECURRENT,15,24,BLUE-MDR-C-16,0.167,0.857,STABLE,ACCEPT_CANDIDATE,HIGH,CONTRACT,valuta,cms68c3kq00ajpj38lwmgggkr,BT.R.BIT 242,PVOLVE LLC,2026-05-25,USD,1140.00,5156.33,,BLUE-MDR-C-16,BLUE-MDR-C-<limit>,"{""limit"":""16""}",UNIQUE,BLUE-MDR-C-16 | BLUE-MDR-C-7 | BLUE-MDR-C-15,1426,2026-06-08,14,NO. 322/17.12.2024,CONTRACT NO. 322/17.12.2024 | RECURRENT IT SECURITY SERVICES to FRAMEWORK SERVICE AGREEMENT | CONTRACT NO. 322/17.12.2024 | RECURRENT IT SECURITY SERVICES to FRAMEWORK SERVICE AGREEMENT,,"CONTRACT; contract, date:14d, trend-adjusted-amount:1.041:0.0%; company=RECURRENT; dominant=BLUE-MDR-C-16 (17%)"
accounting:BT.R.BIT 271,no,BLUE-MDR-C-16,,RECURRENT,15,24,BLUE-MDR-C-16,0.167,0.857,STABLE,ACCEPT_CANDIDATE,HIGH,CONTRACT,valuta,cms68c3l900appj38lf38i0he,BT.R.BIT 271,PVOLVE LLC,2026-06-17,USD,1140.00,5140.37,,BLUE-MDR-C-16,BLUE-MDR-C-<limit>,"{""limit"":""16""}",UNIQUE,BLUE-MDR-C-16 | BLUE-MDR-C-7 | BLUE-MDR-C-8,1427,2026-06-19,2,NO. 322/17.12.2024,CONTRACT NO. 322/17.12.2024 | RECURRENT IT SECURITY SERVICES to FRAMEWORK SERVICE AGREEMENT | CONTRACT NO. 322/17.12.2024 | RECURRENT IT SECURITY SERVICES to FRAMEWORK SERVICE AGREEMENT,,"CONTRACT; contract, date:2d, trend-adjusted-amount:1.041:0.0%; company=RECURRENT; dominant=BLUE-MDR-C-16 (17%)"
accounting:BT.R.BIT 300,no,BLUE-MDR-C-7,,RECURRENT,15,24,BLUE-MDR-C-16,0.167,0.857,STABLE,REVIEW,MEDIUM,CONTRACT,valuta,cms68c3mb00azpj384c1lwmjg,BT.R.BIT 300,PVOLVE LLC,2026-07-18,USD,1140.00,5224.85,,BLUE-MDR-C-7,BLUE-MDR-C-<limit>,"{""limit"":""7""}",UNIQUE,BLUE-MDR-C-7 | BLUE-MDR-C-8 | BLUE-MDR-C-16 | BLUE-MDR-C-9,1428,2026-07-05,13,NO. 322/17.12.2024,CONTRACT NO. 322/17.12.2024 | RECURRENT IT SECURITY SERVICES to FRAMEWORK SERVICE AGREEMENT | CONTRACT NO. 322/17.12.2024 | RECURRENT IT SECURITY SERVICES to FRAMEWORK SERVICE AGREEMENT,,"CONTRACT; contract, date:13d, trend-adjusted-amount:1.041:0.0%; company=RECURRENT; dominant=BLUE-MDR-C-16 (17%)"
accounting:BT.BIT 355,no,RED-PEN-B-E-B-50,,STANDARD,9,4,RED-PEN-B-E-B-50,1.000,0.143,MIXED/UNKNOWN,ACCEPT_CANDIDATE,HIGH,CONTRACT,ron,cms689mvw00urrt35w6bh2b5b,BT.BIT 355,QUANTIC LAB S.R.L.,2022-06-09,RON,1700.00,8407.52,avans,RED-PEN-B-E-B-50,RED-PEN-B-E-B-<limit>,"{""limit"":""50""}",UNIQUE,RED-PEN-B-E-B-50,202,2022-06-09,0,225/06.06.2022,SERV. CONF. CONTRACT NR.225/06.06.2022 | 1.700 euro+TVA reprezentand avans contract | SERV. CONF. CONTRACT NR.225/06.06.2022 | 1.700 euro+TVA reprezentand avans contract,,"CONTRACT; contract, date:0d, amount:0.0%, milestone:avans; company=STANDARD; dominant=RED-PEN-B-E-B-50 (100%)"
accounting:BT.BIT 378,no,RED-PEN-B-E-B-50,,STANDARD,9,4,RED-PEN-B-E-B-50,1.000,0.143,MIXED/UNKNOWN,ACCEPT_CANDIDATE,HIGH,CONTRACT,ron,cms689n1t00wrrt35uccyf692,BT.BIT 378,QUANTIC LAB S.R.L.,2022-08-03,RON,2550.00,12561.81,,RED-PEN-B-E-B-50,RED-PEN-B-E-B-<limit>,"{""limit"":""50""}",UNIQUE,RED-PEN-B-E-B-50,202,2022-08-03,0,225/06.06.2022,SERV. CONF. CONTRACT NR.225/06.06.2022 | 2.550 euro+TVA la cursul BNR | SERV. CONF. CONTRACT NR.225/06.06.2022 | 2.550 euro+TVA la cursul BNR,,"CONTRACT; contract, date:0d, amount:0.0%; company=STANDARD; dominant=RED-PEN-B-E-B-50 (100%)"
accounting:BT.BIT 774,no,RED-PEN-B-E-B-50,,STANDARD,9,4,RED-PEN-B-E-B-50,1.000,0.143,MIXED/UNKNOWN,REVIEW,HIGH,PROFILE,ron,cms689pj101vmrt35gdttpr86,BT.BIT 774,QUANTIC LAB S.R.L.,2024-12-18,RON,3900.00,19404.84,avans,RED-PEN-B-E-B-50,RED-PEN-B-E-B-<limit>,"{""limit"":""50""}",UNIQUE,RED-PEN-B-E-B-50,203,2024-12-18,0,ACT ADITIONAL NR. 1 DIN 11.12.2024,Avans conform ACT ADITIONAL | NR. 1 DIN 11.12.2024 CONTRACT DE PRESTARI SERVICII Nr. 225/06.06.2022( 3.900 euro+TVA la cursul BNR) | Avans conform ACT ADITIONAL | NR. 1 DIN 11.12.2024 CONTRACT DE PRESTARI SERVICII Nr. 225/06.06.2022( 3.900 ,,"PROFILE; date:0d, amount:0.0%, milestone:avans; company=STANDARD; dominant=RED-PEN-B-E-B-50 (100%)"
accounting:BT.BIT 803,no,,,STANDARD,9,4,RED-PEN-B-E-B-50,1.000,0.143,MIXED/UNKNOWN,SKIP_NO_MATCH,NONE,NONE,ron,cms689ppn01y3rt35zlpn8yqa,BT.BIT 803,QUANTIC LAB S.R.L.,2025-01-23,RON,3900.00,19410.30,avans,,,,EMPTY,,,,,,Sornare Avans conform ACT ADITIONAL VALOAREA FINALA conform ACT ADITIONAL NR. 1 DIN 11.12.2024 | NR. 1 DIN 11.12.2024 CONTRACT DE PRESTARI SERVICII Nr. 225/06.06.2022( 3.900 euro+TVA la cursul BNR) | Sornare Avans conform ACT ADITIONAL | NR,"[{""line"":1,""service"":""Sornare Avans conform ACT ADITIONAL | NR. 1 DIN 11.12.2024 CONTRACT DE PRESTARI SERVICII Nr. 225/06.06.2022( 3.900 euro+TVA la cursul BNR)"",""partNumber"":"""",""confidence"":""NONE"",""trackerRow"":null},{""line"":2,""service"":""VALOAREA FINALA conform ACT ADITIONAL NR. 1 DIN 11.12.2024 | CONTRACT DE PRESTARI SERVICII Nr. 225/06.06.2022(7.800 euro+TVA la cursul BNR"",""partNumber"":"""",""confidence"":""NONE"",""trackerRow"":null}]",No accounting-to-tracker activity match met the conservative threshold.
accounting:BT.BIT 1063,no,RED-PEN-B-E-B-50,,STANDARD,9,4,RED-PEN-B-E-B-50,1.000,0.143,MIXED/UNKNOWN,REVIEW,HIGH,PROFILE,ron,cms689sz5030trt356igewiz0,BT.BIT 1063,QUANTIC LAB S.R.L.,2026-04-14,RON,4500.00,22921.65,avans,RED-PEN-B-E-B-50,RED-PEN-B-E-B-<limit>,"{""limit"":""50""}",UNIQUE,RED-PEN-B-E-B-50,204,2026-04-14,0,ACT ADITIONAL NR. 2 DIN 7.4.2026,"Servicii de tip penetration testing | avans conform ACT ADITIONAL NR. 2 DIN 07.04.2026 la CONTRACTUL DE PRESTARI SERVICII Nr. 225/06.06.2022( 4,500 EURO + TVA la cursul BNR) | Servicii de tip penetration testing | avans conform ACT ADITIONA",,"PROFILE; date:0d, amount:0.0%, milestone:avans; company=STANDARD; dominant=RED-PEN-B-E-B-50 (100%)"
accounting:BT.BIT 1065,no,,,STANDARD,9,4,RED-PEN-B-E-B-50,1.000,0.143,MIXED/UNKNOWN,SKIP_NO_MATCH,NONE,NONE,ron,cms689szu030zrt35msa3gia5,BT.BIT 1065,QUANTIC LAB S.R.L.,2026-04-27,RON,4500.00,22921.65,avans,,,,EMPTY,,,,,,"Servicii de tip penetration testing Servicii de tip penetration testing conform | avans conform ACT ADITIONAL NR. 2 DIN 07.04.2026 la CONTRACTUL DE PRESTARI SERVICII Nr. 225/06.06.2022( 4,500 EURO + TVA la cursul BNR) Sornare factura 1063/1","[{""line"":1,""service"":""Servicii de tip penetration testing | avans conform ACT ADITIONAL NR. 2 DIN 07.04.2026 la CONTRACTUL DE PRESTARI SERVICII Nr. 225/06.06.2022( 4,500 EURO + TVA la cursul BNR)  Sornare factura 1063/14.04.2026"",""partNumber"":"""",""confidence"":""NONE"",""trackerRow"":null},{""line"":2,""service"":""Servicii de tip penetration testing conform | ACT ADITIONAL NR. 2 DIN 07.04.2026 la CONTRACTUL DE PRESTARI SERVICII Nr. 225/06.06.2022( factura finala 9,000 EURO + TVA la cursul BNR)"",""partNumber"":"""",""confidence"":""NONE"",""trackerRow"":null}]",No accounting-to-tracker activity match met the conservative threshold.
accounting:BT.BIT 87,no,RED-PEN-S-B-1,,SMALL,1,15,RED-VA-E-S-50,0.800,0.000,MIXED/UNKNOWN,REVIEW,HIGH,CONTRACT,valuta,cms689l4e007grt3534ucwclt,BT.BIT 87,S.C. QUANTO MASERNET GMBH,2020-12-22,EUR,2000.00,9732.60,,RED-PEN-S-B-1,RED-PEN-S-B-<limit>,"{""limit"":""1""}",UNIQUE,RED-PEN-S-B-1 | RED-VA-E-S-50,4,2024-12-10,1449,176/08.12.2020,SERVICII CONFORM CONTRACT 176/08.12.2020 | SERVICII CONFORM CONTRACT 176/08.12.2020,,CONTRACT; contract; company=SMALL; dominant=RED-VA-E-S-50 (80%)
accounting:BT.BIT 136,no,RED-PEN-S-B-1,,SMALL,2,3,RED-PEN-S-B-1,0.667,0.000,MIXED/UNKNOWN,REVIEW,MEDIUM,SCORED,valuta,cms689lfb00bcrt35mbldyea1,BT.BIT 136,QUANTOPAY LTD,2022-02-28,EUR,9500.00,47005.05,,RED-PEN-S-B-1,RED-PEN-S-B-<limit>,"{""limit"":""1""}",UNIQUE,RED-PEN-S-B-1 | RED-PEN-B-I-B-100,144,2022-02-28,0,01/2021,External Penetration Testing | External Penetration Testing,,"SCORED; date:0d, amount:0.0%, description:0.17; company=SMALL; dominant=RED-PEN-S-B-1 (67%)"
accounting:BT.BIT 162,no,,,SMALL,2,3,RED-PEN-S-B-1,0.667,0.000,MIXED/UNKNOWN,SKIP_NO_MATCH,LOW,MULTI_LINE,valuta,cms689lm000dtrt356lr21l2s,BT.BIT 162,QUANTOPAY LTD,2022-11-23,EUR,14000.00,68954.20,,,,,EMPTY,RED-PEN-S-B-1 | RED-PEN-B-I-B-100,,,,,"Services according to Annex 1 [01]/[2021], section 5.1, no 3 Services according to Annex 1 [01]/[2021], section 5.1, no 4 | Perform external penetration testing at least annually and after any significant infrastructure or application upgra","[{""line"":1,""service"":""Services according to Annex 1 [01]/[2021], section 5.1, no 3 | Perform external penetration testing at least annually and after any significant infrastructure or application upgrade or modification(such as an operating system upgrade,a sub-network added to the environment, or a web server added to the"",""partNumber"":""RED-PEN-S-B-1"",""confidence"":""LOW"",""trackerRow"":145},{""line"":2,""service"":""Services according to Annex 1 [01]/[2021], section 5.1, no 4 | Perform internal penetration testing at least annually and after any significant infrastructure or application upgrade or modification (such as  an operating system upgrade, a sub-network added to the environment, or a web server added to t"",""partNumber"":""RED-PEN-B-I-B-100"",""confidence"":""LOW"",""trackerRow"":146}]",Invoice lines map to multiple part numbers: RED-PEN-S-B-1 | RED-PEN-B-I-B-100. Invoice schema stores only one; manual decision required.
accounting:BT.BIT 1081,no,,,UNMATCHED,,,,,,,SKIP_NO_MATCH,NONE,NONE,ron,cms689ts8038xrt351omfm2as,BT.BIT 1081,QUANTUM CONTA S.R.L.,2026-06-24,RON,2000.00,8671.07,,,,,EMPTY,,,,,,SERVICII CONFORM ANEXA 1 LA CONTRACT 405/24.06.2026 | 2000 euro+TVA la cursul BNR | SERVICII CONFORM ANEXA 1 LA CONTRACT 405/24.06.2026 | 2000 euro+TVA la cursul BNR,,Organization not found in tracker.
accounting:BT.BIT 824,no,RED-PEN-B-E-B-11,,SMALL,3,1,RED-PEN-B-E-B-11,1.000,0.000,MIXED/UNKNOWN,ACCEPT_CANDIDATE,HIGH,CONTRACT,ron,cms689ptv01zwrt35g7tqrsid,BT.BIT 824,QUEHENBERGER LOGISTICS ROU SRL,2025-02-18,RON,3300.00,13801.76,,RED-PEN-B-E-B-11,RED-PEN-B-E-B-<limit>,"{""limit"":""11""}",UNIQUE,RED-PEN-B-E-B-11,1438,2025-02-18,0,327/4.2.2025,Servicii punctuale de securitate informatica | la contractul Nr. 327/4.2.2025. Conform Anexa 1 ( 3.300 euro+TVA la cursul BNR) | Servicii punctuale de securitate informatica | la contractul Nr. 327/4.2.2025. Conform Anexa 1 ( 3.300 euro+TVA,,"CONTRACT; contract, date:0d, amount:0.0%; company=SMALL; dominant=RED-PEN-B-E-B-11 (100%)"
accounting:BT.BIT 845,no,RED-PEN-B-E-B-11,,SMALL,3,1,RED-PEN-B-E-B-11,1.000,0.000,MIXED/UNKNOWN,REVIEW,HIGH,STORNO_REFERENCE,ron,cms689pyi021prt35jdbhpgow,BT.BIT 845,QUEHENBERGER LOGISTICS ROU SRL,2025-03-14,RON,3300.00,13801.76,storno,RED-PEN-B-E-B-11,RED-PEN-B-E-B-<limit>,"{""limit"":""11""}",UNIQUE,RED-PEN-B-E-B-11,1438,2025-02-18,24,327/4.2.2025,Servicii punctuale de securitate informatica | la contractul Nr. 327/4.2.2025. Conform Anexa 1 Stornare factura 824/18.02.2025 ( 3.300 euro+TVA la cursul BNR) | Servicii punctuale de securitate informatica | la contractul Nr. 327/4.2.2025. ,,Storno mapped to BT.BIT 824; contract=true; amount=true; gap=24d
accounting:BT.BIT 846,no,RED-PEN-B-E-B-11,,SMALL,3,1,RED-PEN-B-E-B-11,1.000,0.000,MIXED/UNKNOWN,ACCEPT_CANDIDATE,HIGH,CONTRACT,ron,cms689pyr021srt35evpya59s,BT.BIT 846,QUEHENBERGER LOGISTICS ROU SRL,2025-03-14,RON,6600.00,32848.20,,RED-PEN-B-E-B-11,RED-PEN-B-E-B-<limit>,"{""limit"":""11""}",UNIQUE,RED-PEN-B-E-B-11,1438,2025-03-04,10,327/4.2.2025,Servicii punctuale de securitate informatica | la contractul Nr. 327/4.2.2025. Factura finala conform Anexa 1 ( 6.600 euro +TVA la cursul BNR) | Servicii punctuale de securitate informatica | la contractul Nr. 327/4.2.2025. Factura finala c,,"CONTRACT; contract, date:10d, amount:0.0%; company=SMALL; dominant=RED-PEN-B-E-B-11 (100%)"
accounting:424,no,RED-NIS-C-PEN-200,,SMALL,2,4,RED-NIS-C-PEN-200,1.000,0.000,MIXED/UNKNOWN,ACCEPT_CANDIDATE,HIGH,CONTRACT,ron,cms689nc1010qrt35w8ts7s88,424,R.T.C. RADIOLOGY THERAPEUTIC CENTER SRL,2022-12-14,RON,2950.00,14528.16,,RED-NIS-C-PEN-200,RED-NIS-C-PEN-<limit>,"{""limit"":""200""}",UNIQUE,RED-NIS-C-PEN-200,117,2022-12-14,0,103/28.11.2022,SERVICII CONFORM CONTRACT 103/28.11.2022 | 2.950 euro+TVA la cursul BNR | SERVICII CONFORM CONTRACT 103/28.11.2022 | 2.950 euro+TVA la cursul BNR,,"CONTRACT; contract, date:0d; company=SMALL; dominant=RED-NIS-C-PEN-200 (100%)"
accounting:425,no,RED-NIS-C-PEN-200,,SMALL,2,4,RED-NIS-C-PEN-200,1.000,0.000,MIXED/UNKNOWN,ACCEPT_CANDIDATE,HIGH,CONTRACT,ron,cms689nc9010trt3554c7c74s,425,R.T.C. RADIOLOGY THERAPEUTIC CENTER SRL,2022-12-14,RON,2950.00,14528.16,,RED-NIS-C-PEN-200,RED-NIS-C-PEN-<limit>,"{""limit"":""200""}",UNIQUE,RED-NIS-C-PEN-200,115,2022-12-14,0,262/28.11.2022,SERVICII CONFORM CONTRACT 262/28.11.2022 | 2.950 euro+TVA la cursul BNR | SERVICII CONFORM CONTRACT 262/28.11.2022 | 2.950 euro+TVA la cursul BNR,,"CONTRACT; contract, date:0d; company=SMALL; dominant=RED-NIS-C-PEN-200 (100%)"
accounting:427,no,RED-NIS-C-PEN-200,,SMALL,1,2,RED-NIS-C-PEN-200,1.000,0.000,MIXED/UNKNOWN,ACCEPT_CANDIDATE,HIGH,CONTRACT,ron,cms689nco010zrt35c7qskxez,427,RADIOTHERAPY CENTER CLUJ SRL,2022-12-14,RON,2950.00,14528.16,,RED-NIS-C-PEN-200,RED-NIS-C-PEN-<limit>,"{""limit"":""200""}",UNIQUE,RED-NIS-C-PEN-200,113,2022-12-14,0,711/28.11.2022,SERVICII CONFORM CONTRACT 711/28.11.2022 | 2.950 euro+TVA la cursul BNR | SERVICII CONFORM CONTRACT 711/28.11.2022 | 2.950 euro+TVA la cursul BNR,,"CONTRACT; contract, date:0d; company=SMALL; dominant=RED-NIS-C-PEN-200 (100%)"
accounting:B.CYB 20,no,,,UNMATCHED,,,,,,,SKIP_NO_MATCH,NONE,NONE,ron,cms68crg600cupj38a32iumuj,B.CYB 20,REMILT SECURE S.R.L.,2025-06-26,RON,7000.00,35376.60,,,,,EMPTY,,,,,,SERVICII CONFORM CONTRACT 128/23.05.2025 | 7.000 euro+TVA la cursul BNR | SERVICII CONFORM CONTRACT 128/23.05.2025 | 7.000 euro+TVA la cursul BNR,,Organization not found in tracker.
accounting:BT.BIT 25,no,,,UNMATCHED,,,,,,,SKIP_NO_MATCH,NONE,NONE,valuta,cms689knw0024rt35ijsnxitz,BT.BIT 25,SC REPAY.ME FL GMBH SRL,2018-05-02,EUR,11000.00,51247.90,,,,,EMPTY,,,,,,ADVANCE UNDER CONTRACT NR.124 / 26.04.2018 | ADVANCE UNDER CONTRACT NR.124 / 26.04.2018,,Organization not found in tracker.
accounting:BT.BIT 28,no,,,UNMATCHED,,,,,,,SKIP_NO_MATCH,NONE,NONE,valuta,cms689kol002drt35km21jbym,BT.BIT 28,SC REPAY.ME FL GMBH SRL,2018-05-21,EUR,16000.00,74084.80,,,,,EMPTY,,,,,,Payment difference according to contract 144/26.04.2018 | Payment difference according to contract 144/26.04.2018,,Organization not found in tracker.
accounting:BT.BIT 41,no,,,UNMATCHED,,,,,,,SKIP_NO_MATCH,NONE,NONE,valuta,cms689krr003hrt35ffuy4yup,BT.BIT 41,SC REPAY.ME FL GMBH SRL,2019-01-23,EUR,5000.00,23571.00,avans,,,,EMPTY,,,,,,AVANS ADDITIONAL ACT.1 /CONTRACT NR.124/26.04.2018 | AVANS ADDITIONAL ACT.1 /CONTRACT NR.124/26.04.2018,,Organization not found in tracker.
accounting:BT.BIT 43,no,,,UNMATCHED,,,,,,,SKIP_NO_MATCH,NONE,NONE,valuta,cms689ks9003nrt35y6g4xvqy,BT.BIT 43,SC REPAY.ME FL GMBH SRL,2019-01-29,EUR,6000.00,28819.80,avans,,,,EMPTY,,,,,,AVANS ADDITIONAL ACT.1 /CONTRACT NR.124/26.04.2018 ADDITIONAL ACT.1 /CONTRACT NR.124/26.04.2018 | AVANS ADDITIONAL ACT.1 /CONTRACT NR.124/26.04.2018 | ADDITIONAL ACT.1 /CONTRACT NR.124/26.04.2018,,Organization not found in tracker.
accounting:BT.BIT 274,no,RED-PEN-S-WB-1,,STANDARD,6,3,RED-PEN-S-WB-1,0.667,0.000,MIXED/UNKNOWN,ACCEPT_CANDIDATE,HIGH,CONTRACT,ron,cms689mc800njrt35ix4fn9sh,BT.BIT 274,RESTART ENERGY DEMOCRACY S.R.L.,2021-06-18,RON,8000.00,39400.00,avans,RED-PEN-S-WB-1,RED-PEN-S-WB-<limit>,"{""limit"":""1""}",UNIQUE,RED-PEN-S-WB-1 | RED-PEN-S-WB-2,125,2021-06-18,0,193/09.06.2021,SERVICII CONTRACT 193/09.06.2021 | 8000 euro+TVA la cursul BNR reprezentand 50% avans | SERVICII CONTRACT 193/09.06.2021 | 8000 euro+TVA la cursul BNR reprezentand 50% avans,,"CONTRACT; contract, date:0d, amount:0.0%, milestone:avans; company=STANDARD; dominant=RED-PEN-S-WB-1 (67%)"
accounting:BT.BIT 280,no,RED-PEN-S-WB-1,,STANDARD,6,3,RED-PEN-S-WB-1,0.667,0.000,MIXED/UNKNOWN,REVIEW,HIGH,STORNO_REFERENCE,ron,cms689mdx00o2rt350n9ey26p,BT.BIT 280,RESTART ENERGY DEMOCRACY S.R.L.,2021-07-26,RON,8000.00,39350.40,storno,RED-PEN-S-WB-1,RED-PEN-S-WB-<limit>,"{""limit"":""1""}",UNIQUE,RED-PEN-S-WB-1,125,2021-06-18,38,193/09.06.2021,STONARE FACTURA 274/18.06.2021 SERVICII CONTRACT 193/09.06.2021 | stornare 8000 euro+TVA la cursul BNR reprezentand 50% avans | STONARE FACTURA 274/18.06.2021 | stornare 8000 euro+TVA la cursul BNR reprezentand 50% avans | SERVICII CONTRACT,,Storno mapped to BT.BIT 274; contract=true; amount=true; gap=38d
accounting:BT.BIT 284,no,RED-PEN-S-WB-2,,STANDARD,6,3,RED-PEN-S-WB-1,0.667,0.000,MIXED/UNKNOWN,REVIEW,MEDIUM,SCORED,ron,cms689mex00oirt351ju2vn66,BT.BIT 284,RESTART ENERGY DEMOCRACY S.R.L.,2021-08-16,RON,3937.50,19341.00,avans,RED-PEN-S-WB-2,RED-PEN-S-WB-<limit>,"{""limit"":""2""}",UNIQUE,RED-PEN-S-WB-1 | RED-PEN-S-WB-2,126,2021-08-16,0,NR. 1 DIN 04.08.2021,"SERVICII CONTRACT 193/09.06.2021 act aditional 1/04.08.2021 | Avans 50% reprezentand 3937,5 euro+TVA la cursul BNR | SERVICII CONTRACT 193/09.06.2021 act aditional 1/04.08.2021 | Avans 50% reprezentand 3937,5 euro+TVA la cursul BNR",,"SCORED; date:0d, amount:0.0%, milestone:avans; company=STANDARD; dominant=RED-PEN-S-WB-1 (67%)"
accounting:BT.BIT 286,no,RED-PEN-S-WB-2,,STANDARD,6,3,RED-PEN-S-WB-1,0.667,0.000,MIXED/UNKNOWN,REVIEW,HIGH,STORNO_REFERENCE,ron,cms689mfd00oprt35y5iuufvf,BT.BIT 286,RESTART ENERGY DEMOCRACY S.R.L.,2021-08-30,RON,3937.50,15192.80,storno,RED-PEN-S-WB-2,RED-PEN-S-WB-<limit>,"{""limit"":""2""}",UNIQUE,RED-PEN-S-WB-2,126,2021-08-16,14,NR. 1 DIN 04.08.2021,"SERVICII CONTRACT 193/09.06.2021 act aditional 1/04.08.2021 | Stornare avans 50% reprezentand 3937,5 euro+TVA la cursul BNR | SERVICII CONTRACT 193/09.06.2021 act aditional 1/04.08.2021 | Stornare avans 50% reprezentand 3937,5 euro+TVA la c",,Storno mapped to BT.BIT 284; contract=true; amount=true; gap=14d
accounting:433,no,RED-PEN-S-G-1,,SMALL,1,1,RED-PEN-S-G-1,1.000,0.000,MIXED/UNKNOWN,ACCEPT_CANDIDATE,HIGH,CONTRACT,ron,cms689ne2011irt35lwg43pzx,433,RESTART ENERGY ONE S.A.,2022-12-20,RON,4050.00,19916.28,,RED-PEN-S-G-1,RED-PEN-S-G-<limit>,"{""limit"":""1""}",UNIQUE,RED-PEN-S-G-1,123,2022-12-20,0,248/12.12.2022,SERVICII CONFORM CONTRACT 248 DIN 12.12.2022 | 4.050 euro+TVA la cursul BNR | SERVICII CONFORM CONTRACT 248 DIN 12.12.2022 | 4.050 euro+TVA la cursul BNR,,"CONTRACT; contract, date:0d, amount:0.0%; company=SMALL; dominant=RED-PEN-S-G-1 (100%)"
accounting:BT.BIT 1033,no,RED-PEN-B-E-B-5,,SMALL,2,1,RED-PEN-B-E-B-5,1.000,0.000,MIXED/UNKNOWN,ACCEPT_CANDIDATE,HIGH,CONTRACT,ron,cms689shy02vwrt35g8cs7hgi,BT.BIT 1033,ROBITE SA,2026-02-20,RON,1500.00,7643.40,avans,RED-PEN-B-E-B-5,RED-PEN-B-E-B-<limit>,"{""limit"":""5""}",UNIQUE,RED-PEN-B-E-B-5,1572,2026-02-20,0,CONTRACT-CADRU DE PRESTĂRI SERVICII NR. 393/20.2.2026,"Avans conform ANEXA 1 | ? SERVICII PUNCTUALE DE SECURITATE INFORMATICA LA CONTRACT NR. 393/20.2.2026( 1,500 EURO + TVA la cursul BNR) | Avans conform ANEXA 1 | ? SERVICII PUNCTUALE DE SECURITATE INFORMATICA LA CONTRACT NR. 393/20.2.2026( 1,",,"CONTRACT; contract, date:0d, amount:0.0%, milestone:avans; company=SMALL; dominant=RED-PEN-B-E-B-5 (100%)"
accounting:BT.BIT 1037,no,RED-PEN-B-E-B-5,,SMALL,2,1,RED-PEN-B-E-B-5,1.000,0.000,MIXED/UNKNOWN,REVIEW,HIGH,STORNO_REFERENCE,ron,cms689six02w9rt357z7wrh0q,BT.BIT 1037,ROBITE SA,2026-03-04,RON,1500.00,7650.90,storno,RED-PEN-B-E-B-5,RED-PEN-B-E-B-<limit>,"{""limit"":""5""}",UNIQUE,RED-PEN-B-E-B-5,1572,2026-02-20,12,CONTRACT-CADRU DE PRESTĂRI SERVICII NR. 393/20.2.2026,"Stornare Avans conform ANEXA 1 Servicii de penetration testing conform ANEXA 1 | ? SERVICII PUNCTUALE DE SECURITATE INFORMATICA LA CONTRACT NR. 393/20.2.2026( 1,500 EURO + TVA la cursul BNR) Stornare factura 1033/20.02.2026 | Stornare Avans",,Storno mapped to BT.BIT 1033; contract=true; amount=true; gap=12d
accounting:449,no,RED-PEN-S-WB-1,,SMALL,2,1,RED-PEN-S-WB-1,1.000,0.000,MIXED/UNKNOWN,ACCEPT_CANDIDATE,HIGH,CONTRACT,ron,cms689nhr012vrt3547j7ayyr,449,ROMANIAN FRANCHISE SYSTEMS SRL,2023-01-20,RON,4190.00,20637.85,avans,RED-PEN-S-WB-1,RED-PEN-S-WB-<limit>,"{""limit"":""1""}",UNIQUE,RED-PEN-S-WB-1,780,2023-01-20,0,252/16.01.2023,SERVICII CONFORM CONTRACT NR. 252/ 16.01.2023 | avans 4.190 euro+TVA la cursul BNR | SERVICII CONFORM CONTRACT NR. 252/ 16.01.2023 | avans 4.190 euro+TVA la cursul BNR,,"CONTRACT; contract, date:0d, amount:0.0%, milestone:avans; company=SMALL; dominant=RED-PEN-S-WB-1 (100%)"
accounting:BT.BIT 462,no,RED-PEN-S-WB-1,,SMALL,2,1,RED-PEN-S-WB-1,1.000,0.000,MIXED/UNKNOWN,REVIEW,HIGH,STORNO_REFERENCE,ron,cms689nkt0143rt35c4ys6sc5,BT.BIT 462,ROMANIAN FRANCHISE SYSTEMS SRL,2023-03-20,RON,4190.00,30919.05,storno,RED-PEN-S-WB-1,RED-PEN-S-WB-<limit>,"{""limit"":""1""}",UNIQUE,RED-PEN-S-WB-1,780,2023-01-20,59,252/16.01.2023,SERVICII CONFORM CONTRACT NR. 252/ 16.01.2023 | Stornare facura 449/20.01.2023(avans 4.190 euro+TVA la cursul BNR | SERVICII CONFORM CONTRACT NR. 252/ 16.01.2023 | Stornare facura 449/20.01.2023(avans 4.190 euro+TVA la cursul BNR | SERVICII,,Storno mapped to 449; contract=true; amount=true; gap=59d
accounting:BT.BIT 980,no,,,UNMATCHED,,,,,,,SKIP_NO_MATCH,NONE,NONE,ron,cms689qtm02d6rt352zfxxhym,BT.BIT 980,ROSECO SRL,2025-08-29,RON,425.00,2153.56,,,,,EMPTY,,,,,,Servicii de instalare conform **ANEXA 1 | ? SERVICII RECURENTE DE SECURITATE INFORMATICA la contractul** **Nr. 133/13.08.2025 / NR. 355/13.08.2025**( 425 euro+TVA la cursul BNR) | Servicii de instalare conform **ANEXA 1 | ? SERVICII RECUREN,,Organization not found in tracker.
accounting:BT.R.BIT 27,no,,,UNMATCHED,,,,,,,SKIP_NO_MATCH,NONE,NONE,ron,cms689qz402f6rt359xyz85ht,BT.R.BIT 27,ROSECO SRL,2025-09-02,RON,344.25,1746.21,,,,,EMPTY,,,,,,"SERVICII RECURENTE CONFORM ANEXA 1 | SERVICII RECURENTE DE SECURITATE INFORMATICA la contractul NR. 133/13.8.2025 / Nr. 355/13.08.202, 344.25 EUR+TVA la cursul BNR 5.0725 | SERVICII RECURENTE CONFORM ANEXA 1 | SERVICII RECURENTE DE SECURITA",,Organization not found in tracker.
accounting:BT.R.BIT 54,no,,,UNMATCHED,,,,,,,SKIP_NO_MATCH,NONE,NONE,ron,cms689rf002kvrt35hp6lfgc0,BT.R.BIT 54,ROSECO SRL,2025-10-20,RON,344.25,1751.85,,,,,EMPTY,,,,,,"SERVICII RECURENTE CONFORM ANEXA 1 | SERVICII RECURENTE DE SECURITATE INFORMATICA la contractul NR. 133/13.8.2025 / Nr. 355/13.08.202, 344.25 EUR+TVA la cursul BNR 5.0889 | SERVICII RECURENTE CONFORM ANEXA 1 | SERVICII RECURENTE DE SECURITA",,Organization not found in tracker.
accounting:BT.R.BIT 81,no,,,UNMATCHED,,,,,,,SKIP_NO_MATCH,NONE,NONE,ron,cms689rk602mert350codgpdb,BT.R.BIT 81,ROSECO SRL,2025-11-26,RON,344.25,1751.89,,,,,EMPTY,,,,,,"SERVICII RECURENTE CONFORM ANEXA 1 | SERVICII RECURENTE DE SECURITATE INFORMATICA la contractul NR. 133/13.8.2025 / Nr. 355/13.08.202, 344.25 EUR+TVA la cursul BNR 5.089 | SERVICII RECURENTE CONFORM ANEXA 1 | SERVICII RECURENTE DE SECURITAT",,Organization not found in tracker.
accounting:BT.R.BIT 108,no,,,UNMATCHED,,,,,,,SKIP_NO_MATCH,NONE,NONE,ron,cms689rw502pkrt359jncz05j,BT.R.BIT 108,ROSECO SRL,2025-12-23,RON,344.25,1751.58,,,,,EMPTY,,,,,,"SERVICII RECURENTE CONFORM ANEXA 1 | SERVICII RECURENTE DE SECURITATE INFORMATICA la contractul NR. 133/13.8.2025 / Nr. 355/13.08.202, 344.25 EUR+TVA la cursul BNR 5.0881 | SERVICII RECURENTE CONFORM ANEXA 1 | SERVICII RECURENTE DE SECURITA",,Organization not found in tracker.
accounting:BT.R.BIT 135,no,,,UNMATCHED,,,,,,,SKIP_NO_MATCH,NONE,NONE,ron,cms689s2u02rsrt355z7zvs6p,BT.R.BIT 135,ROSECO SRL,2026-01-20,RON,344.25,1752.96,,,,,EMPTY,,,,,,"SERVICII RECURENTE CONFORM ANEXA 1 | SERVICII RECURENTE DE SECURITATE INFORMATICA la contractul NR. 133/13.8.2025 / Nr. 355/13.08.202, 344.25 EUR+TVA la cursul BNR 5.0921 | SERVICII RECURENTE CONFORM ANEXA 1 | SERVICII RECURENTE DE SECURITA",,Organization not found in tracker.
accounting:BT.R.BIT 163,no,,,UNMATCHED,,,,,,,SKIP_NO_MATCH,NONE,NONE,ron,cms689sgf02vfrt35h3kyukfh,BT.R.BIT 163,ROSECO SRL,2026-02-13,RON,344.25,1753.40,,,,,EMPTY,,,,,,"SERVICII RECURENTE CONFORM ANEXA 1 | SERVICII RECURENTE DE SECURITATE INFORMATICA la contractul NR. 133/13.8.2025 / Nr. 355/13.08.202, 344.25 EUR+TVA la cursul BNR 5.0934 | SERVICII RECURENTE CONFORM ANEXA 1 | SERVICII RECURENTE DE SECURITA",,Organization not found in tracker.
accounting:BT.R.BIT 185,no,,,UNMATCHED,,,,,,,SKIP_NO_MATCH,NONE,NONE,ron,cms689sqw02ylrt35v0ypfaib,BT.R.BIT 185,ROSECO SRL,2026-03-20,RON,344.25,1754.26,,,,,EMPTY,,,,,,"SERVICII RECURENTE CONFORM ANEXA 1 | SERVICII RECURENTE DE SECURITATE INFORMATICA la contractul NR. 133/13.8.2025 / Nr. 355/13.08.202, 344.25 EUR+TVA la cursul BNR 5.0959 | SERVICII RECURENTE CONFORM ANEXA 1 | SERVICII RECURENTE DE SECURITA",,Organization not found in tracker.
accounting:BT.R.BIT 214,no,,,UNMATCHED,,,,,,,SKIP_NO_MATCH,NONE,NONE,ron,cms689t6k032ort353dhc4ie5,BT.R.BIT 214,ROSECO SRL,2026-04-29,RON,344.25,1753.51,,,,,EMPTY,,,,,,"SERVICII RECURENTE CONFORM ANEXA 1 | SERVICII RECURENTE DE SECURITATE INFORMATICA la contractul NR. 133/13.8.2025 / Nr. 355/13.08.202, 344.25 EUR+TVA la cursul BNR 5.0937 | SERVICII RECURENTE CONFORM ANEXA 1 | SERVICII RECURENTE DE SECURITA",,Organization not found in tracker.
accounting:BT.R.BIT 243,no,,,UNMATCHED,,,,,,,SKIP_NO_MATCH,NONE,NONE,ron,cms689teo0358rt351098scc9,BT.R.BIT 243,ROSECO SRL,2026-05-25,RON,344.25,1806.90,,,,,EMPTY,,,,,,"SERVICII RECURENTE CONFORM ANEXA 1 | SERVICII RECURENTE DE SECURITATE INFORMATICA la contractul NR. 133/13.8.2025 / Nr. 355/13.08.202, 344.25 EUR+TVA la cursul BNR 5.2488 | SERVICII RECURENTE CONFORM ANEXA 1 | SERVICII RECURENTE DE SECURITA",,Organization not found in tracker.
accounting:BT.R.BIT 272,no,,,UNMATCHED,,,,,,,SKIP_NO_MATCH,NONE,NONE,ron,cms689ton037wrt353ltufbci,BT.R.BIT 272,ROSECO SRL,2026-06-17,RON,344.25,1800.77,,,,,EMPTY,,,,,,"SERVICII RECURENTE CONFORM ANEXA 1 | SERVICII RECURENTE DE SECURITATE INFORMATICA la contractul NR. 133/13.8.2025 / Nr. 355/13.08.202, 344.25 EUR+TVA la cursul BNR 5.231 | SERVICII RECURENTE CONFORM ANEXA 1 | SERVICII RECURENTE DE SECURITAT",,Organization not found in tracker.
accounting:BT.R.BIT 301,no,,,UNMATCHED,,,,,,,SKIP_NO_MATCH,NONE,NONE,ron,cms689ty103aort35lw2157bl,BT.R.BIT 301,ROSECO SRL,2026-07-18,RON,344.25,1804.87,,,,,EMPTY,,,,,,"SERVICII RECURENTE CONFORM ANEXA 1 | SERVICII RECURENTE DE SECURITATE INFORMATICA la contractul NR. 133/13.8.2025 / Nr. 355/13.08.202, 344.25 EUR+TVA la cursul BNR 5.2429 | SERVICII RECURENTE CONFORM ANEXA 1 | SERVICII RECURENTE DE SECURITA",,Organization not found in tracker.
accounting:BT.BIT 480,no,,,UNMATCHED,,,,,,,SKIP_NO_MATCH,NONE,NONE,ron,cms689np3015qrt35luszvbbo,BT.BIT 480,S.I.E.P.C.O.F.A.R. SA,2023-05-17,RON,2734.00,13522.91,avans,,,,EMPTY,,,,,,"SERVICII CONFORM CONTRACT 264/04.05.2023 | 2.734 euro+TVA la cursul BNR de 4,9462 lei,reprezentand avans | SERVICII CONFORM CONTRACT 264/04.05.2023 | 2.734 euro+TVA la cursul BNR de 4,9462 lei,reprezentand avans",,Organization not found in tracker.
accounting:BT.BIT 509,no,,,UNMATCHED,,,,,,,SKIP_NO_MATCH,NONE,NONE,ron,cms689nvm0189rt35qk5li98e,BT.BIT 509,S.I.E.P.C.O.F.A.R. SA,2023-07-20,RON,2050.00,10140.33,,,,,EMPTY,,,,,,SERVICII CONFORM CONTRACT NR. 264/04.05.2023 articol 3.8.2. | 2050 euro+TVA la cursul BNR | SERVICII CONFORM CONTRACT NR. 264/04.05.2023 articol 3.8.2. | 2050 euro+TVA la cursul BNR,,Organization not found in tracker.
accounting:BT.BIT 519,no,,,UNMATCHED,,,,,,,SKIP_NO_MATCH,NONE,NONE,ron,cms689ny60197rt35cxa6335n,BT.BIT 519,S.I.E.P.C.O.F.A.R. SA,2023-08-28,RON,2050.00,10124.54,,,,,EMPTY,,,,,,"SERVICII CONFORM CONTRACT NR. 264/04.05.2023 articol 3.8.3. | 2.050 euro+TVA la cursul BNR de 4,9388 lei | SERVICII CONFORM CONTRACT NR. 264/04.05.2023 articol 3.8.3. | 2.050 euro+TVA la cursul BNR de 4,9388 lei",,Organization not found in tracker.
accounting:BT.R.BIT _31,no,,,UNMATCHED,,,,,,,SKIP_NO_MATCH,NONE,NONE,ron,cms689r8202iyrt35w0kmzd5a,BT.R.BIT _31,S.I.E.P.C.O.F.A.R. SA,2025-10-20,RON,1539.65,7835.12,,,,,EMPTY,,,,,,"SERVICII CONFORM CONTRACT NR. 296 / 06.08.2024 | ACT ADITIONAL NR. 2 DIN 3.9.2025 , 1539.65 EUR+TVA la cursul BNR 5.0889 | SERVICII CONFORM CONTRACT NR. 296 / 06.08.2024 | ACT ADITIONAL NR. 2 DIN 3.9.2025 , 1539.65 EUR+TVA la cursul BNR 5.0",,Organization not found in tracker.
accounting:BT.R.BIT _32,no,,,UNMATCHED,,,,,,,SKIP_NO_MATCH,NONE,NONE,ron,cms689r8802j1rt355layhzpl,BT.R.BIT _32,S.I.E.P.C.O.F.A.R. SA,2025-10-20,RON,1539.65,7835.12,,,,,EMPTY,,,,,,"SERVICII CONFORM CONTRACT NR. 296 / 06.08.2024 | ACT ADITIONAL NR. 2 DIN 3.9.2025 , 1539.65 EUR+TVA la cursul BNR 5.0889 | SERVICII CONFORM CONTRACT NR. 296 / 06.08.2024 | ACT ADITIONAL NR. 2 DIN 3.9.2025 , 1539.65 EUR+TVA la cursul BNR 5.0",,Organization not found in tracker.
accounting:BT.R.BIT S31,no,,,UNMATCHED,,,,,,,SKIP_NO_MATCH,NONE,NONE,ron,cms689rfa02kyrt35cnp51rfy,BT.R.BIT S31,S.I.E.P.C.O.F.A.R. SA,2025-10-20,RON,1539.65,7835.12,,,,,EMPTY,,,,,,"SERVICII CONFORM CONTRACT NR. 296 / 06.08.2024 | ACT ADITIONAL NR. 2 DIN 3.9.2025 , 1539.65 EUR+TVA la cursul BNR 5.0889 | SERVICII CONFORM CONTRACT NR. 296 / 06.08.2024 | ACT ADITIONAL NR. 2 DIN 3.9.2025 , 1539.65 EUR+TVA la cursul BNR 5.0",,Organization not found in tracker.
accounting:BT.R.BIT S32,no,,,UNMATCHED,,,,,,,SKIP_NO_MATCH,NONE,NONE,ron,cms689rfl02l1rt352f6nqm0f,BT.R.BIT S32,S.I.E.P.C.O.F.A.R. SA,2025-10-20,RON,1539.65,7835.12,,,,,EMPTY,,,,,,"SERVICII CONFORM CONTRACT NR. 296 / 06.08.2024 | ACT ADITIONAL NR. 2 DIN 3.9.2025 , 1539.65 EUR+TVA la cursul BNR 5.0889 | SERVICII CONFORM CONTRACT NR. 296 / 06.08.2024 | ACT ADITIONAL NR. 2 DIN 3.9.2025 , 1539.65 EUR+TVA la cursul BNR 5.0",,Organization not found in tracker.
accounting:BT.BIT 1051,no,CONSULTANCY-MISC-1,,SMALL,4,6,CONSULTANCY-MISC-1,0.333,0.000,MIXED/UNKNOWN,REVIEW,MEDIUM,CONTRACT,ron,cms689suj02zqrt35fupncurh,BT.BIT 1051,SAMSUNG ELECTRONICS ROMANIA  SRL,2026-03-31,RON,11500.00,58637.35,,CONSULTANCY-MISC-1,CONSULTANCY-MISC-<limit>,"{""limit"":""1""}",UNIQUE,CONSULTANCY-MISC-8 | CONSULTANCY-MISC-6 | CONSULTANCY-MISC-3 | CONSULTANCY-MISC-17 | CONSULTANCY-MISC-1,1580,2026-06-19,80,SAMSUNG ROMANIA CONTRACT GENERAL DE ACHIZITII DE BUNURI SI PRESTARI DE SERVICII („CONTRACT”) Nr. 25/11.03.2026,"NIS2 Maturity Self Assessment accordingly with | SAMSUNG ROMANIA GENERAL PROCUREMENT AGREEMENT FOR THE ACQUISITION OF GOODS AND SUPPLY OF SERVICES (?AGREEMENT?) No. 25/11.03.2026( 11,500 EURO + TVA la cursul BNR) | NIS2 Maturity Self Assess",,"CONTRACT; contract, date:80d; company=SMALL; dominant=CONSULTANCY-MISC-1 (33%)"
accounting:BT.BIT 1059,no,CONSULTANCY-MISC-1,,SMALL,4,6,CONSULTANCY-MISC-1,0.333,0.000,MIXED/UNKNOWN,REVIEW,MEDIUM,CONTRACT,ron,cms689sxt030hrt35jwcugeis,BT.BIT 1059,SAMSUNG ELECTRONICS ROMANIA  SRL,2026-03-31,RON,11500.00,58637.35,,CONSULTANCY-MISC-1,CONSULTANCY-MISC-<limit>,"{""limit"":""1""}",UNIQUE,CONSULTANCY-MISC-8 | CONSULTANCY-MISC-6 | CONSULTANCY-MISC-3 | CONSULTANCY-MISC-17 | CONSULTANCY-MISC-1,1581,2026-09-30,183,SAMSUNG ROMANIA CONTRACT GENERAL DE ACHIZITII DE BUNURI SI PRESTARI DE SERVICII („CONTRACT”) Nr. 25/11.03.2026,"NIS2 Maturity Self Assessment accordingly with | SAMSUNG ROMANIA GENERAL PROCUREMENT AGREEMENT FOR THE ACQUISITION OF GOODS AND SUPPLY OF SERVICES (?AGREEMENT?) No. 25/11.03.2026( 11,500 EURO + TVA la cursul BNR) | NIS2 Maturity Self Assess",,CONTRACT; contract; company=SMALL; dominant=CONSULTANCY-MISC-1 (33%)
accounting:BT.BIT 1060,no,CONSULTANCY-MISC-8,,SMALL,4,6,CONSULTANCY-MISC-1,0.333,0.000,MIXED/UNKNOWN,ACCEPT_CANDIDATE,HIGH,CONTRACT,ron,cms689syc030krt35dldbbp5h,BT.BIT 1060,SAMSUNG ELECTRONICS ROMANIA  SRL,2026-04-02,RON,11500.00,58632.75,,CONSULTANCY-MISC-8,CONSULTANCY-MISC-<limit>,"{""limit"":""8""}",UNIQUE,CONSULTANCY-MISC-8 | CONSULTANCY-MISC-6 | CONSULTANCY-MISC-3 | CONSULTANCY-MISC-17 | CONSULTANCY-MISC-1,1576,2026-04-02,0,SAMSUNG ROMANIA CONTRACT GENERAL DE ACHIZITII DE BUNURI SI PRESTARI DE SERVICII („CONTRACT”) Nr. 25/11.03.2026,"NIS2 Maturity Self Assessment accordingly with | SAMSUNG ROMANIA GENERAL PROCUREMENT_ _AGREEMENT FOR THE ACQUISITION OF GOODS AND SUPPLY OF SERVICES (?AGREEMENT?) No. 25/11.03.2026( 11,500 EURO + TVA la cursul BNR) | NIS2 Maturity Self Asse",,"CONTRACT; contract, date:0d, amount:0.0%; company=SMALL; dominant=CONSULTANCY-MISC-1 (33%)"
accounting:BT.BIT1070,no,,,SMALL,4,6,CONSULTANCY-MISC-1,0.333,0.000,MIXED/UNKNOWN,SKIP_NO_MATCH,LOW,MULTI_LINE,ron,cms689t9i033lrt35ec3fume3,BT.BIT1070,SAMSUNG ELECTRONICS ROMANIA  SRL,2026-05-22,RON,3825.00,53034.97,,,,,EMPTY,CONSULTANCY-MISC-6 | CONSULTANCY-MISC-17 | CONSULTANCY-MISC-3 | CONSULTANCY-MISC-1 | CONSULTANCY-MISC-8,,,,,"1. Develop and submit remediation plan 2. Suggest technical and organizational measures 3. Establish incident reporting procedures | 1. 3,825 EURO + TVA la cursul BNR | 1. Develop and submit remediation plan | 1. 3,825 EURO + TVA la cursul ","[{""line"":1,""service"":""1. Develop and submit remediation plan | 1. 3,825 EURO + TVA la cursul BNR"",""partNumber"":""CONSULTANCY-MISC-6"",""confidence"":""HIGH"",""trackerRow"":1577},{""line"":2,""service"":""2. Suggest technical and organizational measures | 2. 2,040 EURO + TVA la cursul BNR"",""partNumber"":""CONSULTANCY-MISC-3"",""confidence"":""HIGH"",""trackerRow"":1578},{""line"":3,""service"":""3. Establish incident reporting procedures | _Accordingly with SAMSUNG ROMANIA GENERAL PROCUREMENT\\_AGREEMENT FOR THE ACQUISITION OF GOODS AND SUPPLY OF SERVICES (?AGREEMENT?) No. 25/11.03.2026_(3. 4,250 EURO + TVA la cursul BNR)"",""partNumber"":""CONSULTANCY-MISC-17"",""confidence"":""HIGH"",""trackerRow"":1579}]",Invoice lines map to multiple part numbers: CONSULTANCY-MISC-6 | CONSULTANCY-MISC-3 | CONSULTANCY-MISC-17. Invoice schema stores only one; manual decision required.
accounting:BT.BIT 735,no,,,UNMATCHED,,,,,,,SKIP_NO_MATCH,NONE,NONE,ron,cms689pae01sbrt35y48j4s90,BT.BIT 735,SANVERO HEALTHCARE S.R.L.,2024-10-30,RON,239.10,1189.43,,,,,EMPTY,,,,,,"SERVICII RECURENTE DE SECURITATE INFORMATICA | CONFORM CONTRACT NR. 296 / 06.08.2024( 239,1 euro+TVA la cursul BNR) | SERVICII RECURENTE DE SECURITATE INFORMATICA | CONFORM CONTRACT NR. 296 / 06.08.2024( 239,1 euro+TVA la cursul BNR)",,Organization not found in tracker.
accounting:BT.BIT 739,no,,,UNMATCHED,,,,,,,SKIP_NO_MATCH,NONE,NONE,ron,cms689pb801snrt35veyeoosp,BT.BIT 739,SANVERO HEALTHCARE S.R.L.,2024-11-02,RON,239.10,1189.45,,,,,EMPTY,,,,,,"SERVICII CONTRACT-CADRU DE PRESTARI SERVICII | NR. 296 / 06.08.2024( 239,10 euro+TVA la cursul BNR) | SERVICII CONTRACT-CADRU DE PRESTARI SERVICII | NR. 296 / 06.08.2024( 239,10 euro+TVA la cursul BNR)",,Organization not found in tracker.
accounting:BT.BIT 761,no,,,UNMATCHED,,,,,,,SKIP_NO_MATCH,NONE,NONE,ron,cms689pg701ujrt35ujyrbl3o,BT.BIT 761,SANVERO HEALTHCARE S.R.L.,2024-12-03,RON,239.10,1190.00,,,,,EMPTY,,,,,,"SERVICII CONTRACT-CADRU DE PRESTARI SERVICII | NR. 296 / 06.08.2024( 239,10 euro+TVA la cursul BNR) | SERVICII CONTRACT-CADRU DE PRESTARI SERVICII | NR. 296 / 06.08.2024( 239,10 euro+TVA la cursul BNR)",,Organization not found in tracker.
accounting:BT.BIT 792,no,,,UNMATCHED,,,,,,,SKIP_NO_MATCH,NONE,NONE,ron,cms689pmw01x5rt3582kvdqrw,BT.BIT 792,SANVERO HEALTHCARE S.R.L.,2025-01-15,RON,239.10,1189.33,,,,,EMPTY,,,,,,"SERVICII CONTRACT-CADRU DE PRESTARI SERVICII | NR. 296 / 06.08.2024( 239,10 euro+TVA la cursul BNR) | SERVICII CONTRACT-CADRU DE PRESTARI SERVICII | NR. 296 / 06.08.2024( 239,10 euro+TVA la cursul BNR)",,Organization not found in tracker.
accounting:BT.BIT 813,no,,,UNMATCHED,,,,,,,SKIP_NO_MATCH,NONE,NONE,ron,cms689prr01yzrt35nbvvxbb6,BT.BIT 813,SANVERO HEALTHCARE S.R.L.,2025-02-03,RON,239.10,1189.93,,,,,EMPTY,,,,,,"SERVICII CONTRACT-CADRU DE PRESTARI SERVICII | NR. 296 / 06.08.2024( 239,10 euro+TVA la cursul BNR) | SERVICII CONTRACT-CADRU DE PRESTARI SERVICII | NR. 296 / 06.08.2024( 239,10 euro+TVA la cursul BNR)",,Organization not found in tracker.
accounting:BT.BIT 830,no,,,UNMATCHED,,,,,,,SKIP_NO_MATCH,NONE,NONE,ron,cms689pv6020ert35gl5j28rw,BT.BIT 830,SANVERO HEALTHCARE S.R.L.,2025-03-06,RON,239.10,1190.00,,,,,EMPTY,,,,,,"SERVICII CONTRACT-CADRU DE PRESTARI SERVICII | NR. 296 / 06.08.2024( 239,10 euro+TVA la cursul BNR) | SERVICII CONTRACT-CADRU DE PRESTARI SERVICII | NR. 296 / 06.08.2024( 239,10 euro+TVA la cursul BNR)",,Organization not found in tracker.
accounting:BT.BIT 853,no,,,UNMATCHED,,,,,,,SKIP_NO_MATCH,NONE,NONE,ron,cms689q0f022drt356oryt59d,BT.BIT 853,SANVERO HEALTHCARE S.R.L.,2025-04-02,RON,239.10,1190.00,,,,,EMPTY,,,,,,"SERVICII CONTRACT-CADRU DE PRESTARI SERVICII | NR. 296 / 06.08.2024( 239,10 euro+TVA la cursul BNR) | SERVICII CONTRACT-CADRU DE PRESTARI SERVICII | NR. 296 / 06.08.2024( 239,10 euro+TVA la cursul BNR)",,Organization not found in tracker.
accounting:BT.BIT 882,no,,,UNMATCHED,,,,,,,SKIP_NO_MATCH,NONE,NONE,ron,cms689q6y024wrt359cbrxn3j,BT.BIT 882,SANVERO HEALTHCARE S.R.L.,2025-05-13,RON,239.10,1219.24,,,,,EMPTY,,,,,,"SERVICII CONTRACT-CADRU DE PRESTARI SERVICII | NR. 296 / 06.08.2024( 239,10 euro+TVA la cursul BNR) | SERVICII CONTRACT-CADRU DE PRESTARI SERVICII | NR. 296 / 06.08.2024( 239,10 euro+TVA la cursul BNR)",,Organization not found in tracker.
accounting:BT.BIT 907,no,,,UNMATCHED,,,,,,,SKIP_NO_MATCH,NONE,NONE,ron,cms689qct0273rt351b1aqaq7,BT.BIT 907,SANVERO HEALTHCARE S.R.L.,2025-06-16,RON,239.10,1203.15,,,,,EMPTY,,,,,,"SERVICII CONTRACT-CADRU DE PRESTARI SERVICII | NR. 296 / 06.08.2024( 239,10 euro+TVA la cursul BNR) | SERVICII CONTRACT-CADRU DE PRESTARI SERVICII | NR. 296 / 06.08.2024( 239,10 euro+TVA la cursul BNR)",,Organization not found in tracker.
accounting:BT.BIT 931,no,,,UNMATCHED,,,,,,,SKIP_NO_MATCH,NONE,NONE,ron,cms689qi50293rt35rm5g62e5,BT.BIT 931,SANVERO HEALTHCARE S.R.L.,2025-07-02,RON,239.10,1213.96,,,,,EMPTY,,,,,,"SERVICII CONTRACT-CADRU DE PRESTARI SERVICII | NR. 296 / 06.08.2024( 239,10 euro+TVA la cursul BNR) | SERVICII CONTRACT-CADRU DE PRESTARI SERVICII | NR. 296 / 06.08.2024( 239,10 euro+TVA la cursul BNR)",,Organization not found in tracker.
accounting:BT.BIT 959,no,,,UNMATCHED,,,,,,,SKIP_NO_MATCH,NONE,NONE,ron,cms689qon02bfrt3596ba6s41,BT.BIT 959,SANVERO HEALTHCARE S.R.L.,2025-08-04,RON,239.10,1213.91,,,,,EMPTY,,,,,,"SERVICII CONTRACT-CADRU DE PRESTARI SERVICII | NR. 296 / 06.08.2024( 239,10 euro+TVA la cursul BNR) | SERVICII CONTRACT-CADRU DE PRESTARI SERVICII | NR. 296 / 06.08.2024( 239,10 euro+TVA la cursul BNR)",,Organization not found in tracker.
accounting:BT.R.BIT 8,no,,,UNMATCHED,,,,,,,SKIP_NO_MATCH,NONE,NONE,ron,cms689qup02dlrt358cfyedz8,BT.R.BIT 8,SANVERO HEALTHCARE S.R.L.,2025-09-02,RON,239.10,1212.83,,,,,EMPTY,,,,,,"SERVICII CONTRACT-CADRU DE PRESTARI SERVICII | Ctr. NR. 296 / 06.08.2024, 239.10 EUR+TVA la cursul BNR 5.0725 | SERVICII CONTRACT-CADRU DE PRESTARI SERVICII | Ctr. NR. 296 / 06.08.2024, 239.10 EUR+TVA la cursul BNR 5.0725",,Organization not found in tracker.
accounting:BT.R.BIT 960,no,,,UNMATCHED,,,,,,,SKIP_NO_MATCH,NONE,NONE,ron,cms689r2f02gkrt35g0x48ub3,BT.R.BIT 960,SANVERO HEALTHCARE S.R.L.,2025-10-08,RON,9.58,48.82,storno,,,,EMPTY,,,,,,"SERVICII CONTRACT-CADRU DE PRESTARI SERVICII | stornare 9,58 euro +TVA la cursul BNR | SERVICII CONTRACT-CADRU DE PRESTARI SERVICII | stornare 9,58 euro +TVA la cursul BNR",,Organization not found in tracker.
accounting:BT.R.BIT 35,no,,,UNMATCHED,,,,,,,SKIP_NO_MATCH,NONE,NONE,ron,cms689r8u02jart35xiioe22g,BT.R.BIT 35,SANVERO HEALTHCARE S.R.L.,2025-10-20,RON,219.95,1119.30,,,,,EMPTY,,,,,,"SERVICII CONTRACT-CADRU DE PRESTARI SERVICII | Ctr. NR. 296 / 06.08.2024, 219.95 EUR+TVA la cursul BNR 5.0889 | SERVICII CONTRACT-CADRU DE PRESTARI SERVICII | Ctr. NR. 296 / 06.08.2024, 219.95 EUR+TVA la cursul BNR 5.0889",,Organization not found in tracker.
accounting:BT.R.BIT 90,no,,,UNMATCHED,,,,,,,SKIP_NO_MATCH,NONE,NONE,ron,cms689rrm02o2rt35bwjtjwjf,BT.R.BIT 90,SANVERO HEALTHCARE S.R.L.,2025-12-23,RON,219.95,1119.13,,,,,EMPTY,,,,,,"SERVICII CONTRACT-CADRU DE PRESTARI SERVICII | Ctr. NR. 296 / 06.08.2024, 219.95 EUR+TVA la cursul BNR 5.0881 | SERVICII CONTRACT-CADRU DE PRESTARI SERVICII | Ctr. NR. 296 / 06.08.2024, 219.95 EUR+TVA la cursul BNR 5.0881",,Organization not found in tracker.
accounting:BT.R.BIT 117,no,,,UNMATCHED,,,,,,,SKIP_NO_MATCH,NONE,NONE,ron,cms689ry202qart351xicfz26,BT.R.BIT 117,SANVERO HEALTHCARE S.R.L.,2026-01-20,RON,219.95,1120.01,,,,,EMPTY,,,,,,"SERVICII CONTRACT-CADRU DE PRESTARI SERVICII | Ctr. NR. 296 / 06.08.2024, 219.95 EUR+TVA la cursul BNR 5.0921 | SERVICII CONTRACT-CADRU DE PRESTARI SERVICII | Ctr. NR. 296 / 06.08.2024, 219.95 EUR+TVA la cursul BNR 5.0921",,Organization not found in tracker.
accounting:BT.R.BIT 144,no,,,UNMATCHED,,,,,,,SKIP_NO_MATCH,NONE,NONE,ron,cms689sae02turt3567rm7cld,BT.R.BIT 144,SANVERO HEALTHCARE S.R.L.,2026-02-13,RON,219.95,1120.29,,,,,EMPTY,,,,,,"SERVICII CONTRACT-CADRU DE PRESTARI SERVICII | Ctr. NR. 296 / 06.08.2024, 219.95 EUR+TVA la cursul BNR 5.0934 | SERVICII CONTRACT-CADRU DE PRESTARI SERVICII | Ctr. NR. 296 / 06.08.2024, 219.95 EUR+TVA la cursul BNR 5.0934",,Organization not found in tracker.
accounting:BT.R.BIT 186,no,,,UNMATCHED,,,,,,,SKIP_NO_MATCH,NONE,NONE,ron,cms689sr502yort35lp64ozs2,BT.R.BIT 186,SANVERO HEALTHCARE S.R.L.,2026-03-20,RON,219.95,1120.84,,,,,EMPTY,,,,,,"SERVICII CONTRACT-CADRU DE PRESTARI SERVICII | Ctr. NR. 296 / 06.08.2024, 219.95 EUR+TVA la cursul BNR 5.0959 | SERVICII CONTRACT-CADRU DE PRESTARI SERVICII | Ctr. NR. 296 / 06.08.2024, 219.95 EUR+TVA la cursul BNR 5.0959",,Organization not found in tracker.
accounting:BT.R.BIT 215,no,,,UNMATCHED,,,,,,,SKIP_NO_MATCH,NONE,NONE,ron,cms689t6r032rrt35yacy1367,BT.R.BIT 215,SANVERO HEALTHCARE S.R.L.,2026-04-29,RON,219.95,1120.36,,,,,EMPTY,,,,,,"SERVICII CONTRACT-CADRU DE PRESTARI SERVICII | Ctr. NR. 296 / 06.08.2024, 219.95 EUR+TVA la cursul BNR 5.0937 | SERVICII CONTRACT-CADRU DE PRESTARI SERVICII | Ctr. NR. 296 / 06.08.2024, 219.95 EUR+TVA la cursul BNR 5.0937",,Organization not found in tracker.
accounting:BT.R.BIT 244,no,,,UNMATCHED,,,,,,,SKIP_NO_MATCH,NONE,NONE,ron,cms689tey035brt35m02pdk0k,BT.R.BIT 244,SANVERO HEALTHCARE S.R.L.,2026-05-25,RON,219.95,1154.47,,,,,EMPTY,,,,,,"SERVICII CONTRACT-CADRU DE PRESTARI SERVICII | Ctr. NR. 296 / 06.08.2024, 219.95 EUR+TVA la cursul BNR 5.2488 | SERVICII CONTRACT-CADRU DE PRESTARI SERVICII | Ctr. NR. 296 / 06.08.2024, 219.95 EUR+TVA la cursul BNR 5.2488",,Organization not found in tracker.
accounting:BT.R.BIT 273,no,,,UNMATCHED,,,,,,,SKIP_NO_MATCH,NONE,NONE,ron,cms689toy037zrt35esls3liv,BT.R.BIT 273,SANVERO HEALTHCARE S.R.L.,2026-06-17,RON,219.95,1150.56,,,,,EMPTY,,,,,,"SERVICII CONTRACT-CADRU DE PRESTARI SERVICII | Ctr. NR. 296 / 06.08.2024, 219.95 EUR+TVA la cursul BNR 5.231 | SERVICII CONTRACT-CADRU DE PRESTARI SERVICII | Ctr. NR. 296 / 06.08.2024, 219.95 EUR+TVA la cursul BNR 5.231",,Organization not found in tracker.
accounting:BT.R.BIT 302,no,,,UNMATCHED,,,,,,,SKIP_NO_MATCH,NONE,NONE,ron,cms689tyb03arrt35ddloxqv7,BT.R.BIT 302,SANVERO HEALTHCARE S.R.L.,2026-07-18,RON,219.95,1153.18,,,,,EMPTY,,,,,,"SERVICII CONTRACT-CADRU DE PRESTARI SERVICII | Ctr. NR. 296 / 06.08.2024, 219.95 EUR+TVA la cursul BNR 5.2429 | SERVICII CONTRACT-CADRU DE PRESTARI SERVICII | Ctr. NR. 296 / 06.08.2024, 219.95 EUR+TVA la cursul BNR 5.2429",,Organization not found in tracker.
accounting:439,no,PHISH-T-FM-FM-2500-12,,MANY,84,117,BLUE-IR-OC-5,0.410,0.644,MIXED/UNKNOWN,REVIEW,MEDIUM,CONTRACT,ron,cms689nfl0120rt35if2myafn,439,SELGROS CASH & CARRY SRL,2022-12-21,RON,16100.00,78927.03,,PHISH-T-FM-FM-2500-12,PHISH-T-FM-FM-<limit1>-<limit2>,"{""limit1"":""2500"",""limit2"":""12""}",UNIQUE,PHISH-T-FM-FM-2500-12 | PHISH-P-L-FM-F-2500-12 | BLUE-IR-OC-5,628,2022-12-21,0,235/15.11.2022,SERVICII CONFORM CONTRACT 235 DIN 15.11.2022 | 16.100 euro+TVA la cursul BNR | SERVICII CONFORM CONTRACT 235 DIN 15.11.2022 | 16.100 euro+TVA la cursul BNR,,"CONTRACT; contract, date:0d; company=MANY; dominant=BLUE-IR-OC-5 (41%)"
accounting:BT.BIT 459,no,BLUE-IR-OC-5,,MANY,84,117,BLUE-IR-OC-5,0.410,0.644,MIXED/UNKNOWN,ACCEPT_CANDIDATE,HIGH,CONTRACT,ron,cms689nk8013urt356no8umax,BT.BIT 459,SELGROS CASH & CARRY SRL,2023-03-01,RON,250.00,3695.03,,BLUE-IR-OC-5,BLUE-IR-OC-<limit>,"{""limit"":""5""}",UNIQUE,BLUE-IR-OC-5,632,2023-03-01,0,234/15.11.2022,SERVICII RECURENTE DE SECURITATE INFORMATICA | On-call Incident Response Contract Nr. 234/15.11.2022 -Anexa 2( 250 euro x 3 = 750 euro +TVA la cursul BNR) | SERVICII RECURENTE DE SECURITATE INFORMATICA | On-call Incident Response Contract N,,"CONTRACT; contract, date:0d, amount:0.0%, description:0.38; company=MANY; dominant=BLUE-IR-OC-5 (41%)"
accounting:BT.BIT 460,no,CONSULTANCY-MISC-10,,MANY,84,117,BLUE-IR-OC-5,0.410,0.644,MIXED/UNKNOWN,ACCEPT_CANDIDATE,HIGH,CONTRACT,ron,cms689nkf013xrt35xvhct73b,BT.BIT 460,SELGROS CASH & CARRY SRL,2023-03-01,RON,500.00,7390.05,,CONSULTANCY-MISC-10,CONSULTANCY-MISC-<limit>,"{""limit"":""10""}",UNIQUE,CONSULTANCY-MISC-10,644,2023-03-01,0,234/15.11.2022,SERVICII RECURENTE DE SECURITATE INFORMATICA | Consultancy Services Contract Nr. 234/15.11.2022-Anexa 3( 500 euro x 3 = 1500 euro+TVA la cursul BNR) | SERVICII RECURENTE DE SECURITATE INFORMATICA | Consultancy Services Contract Nr. 234/15.1,,"CONTRACT; contract, date:0d, amount:0.0%, description:0.29; company=MANY; dominant=BLUE-IR-OC-5 (41%)"
accounting:BT.BIT 467,no,BLUE-IR-OC-5,,MANY,84,117,BLUE-IR-OC-5,0.410,0.644,MIXED/UNKNOWN,ACCEPT_CANDIDATE,HIGH,CONTRACT,ron,cms689nlz014jrt35i89ijr2d,BT.BIT 467,SELGROS CASH & CARRY SRL,2023-04-10,RON,250.00,3698.62,,BLUE-IR-OC-5,BLUE-IR-OC-<limit>,"{""limit"":""5""}",UNIQUE,BLUE-IR-OC-5,635,2023-04-10,0,234/15.11.2022,ANEXA 2 ? SERVICII RECURENTE DE SECURITATE INFORMATICA | On-call Incident Response Contract Nr. 234/15.11.2022( 250 euro x 3 = 750 euro +TVA la cursul BNR) | ANEXA 2 ? SERVICII RECURENTE DE SECURITATE INFORMATICA | On-call Incident Response,,"CONTRACT; contract, date:0d, amount:0.0%, description:0.38; company=MANY; dominant=BLUE-IR-OC-5 (41%)"
accounting:BT.BIT 468,no,CONSULTANCY-MISC-10,,MANY,84,117,BLUE-IR-OC-5,0.410,0.644,MIXED/UNKNOWN,ACCEPT_CANDIDATE,HIGH,CONTRACT,ron,cms689nm6014mrt35l7tw2j89,BT.BIT 468,SELGROS CASH & CARRY SRL,2023-04-10,RON,500.00,7397.25,,CONSULTANCY-MISC-10,CONSULTANCY-MISC-<limit>,"{""limit"":""10""}",UNIQUE,CONSULTANCY-MISC-10,647,2023-04-10,0,234/15.11.2022,ANEXA 3 ? SERVICII RECURENTE DE SECURITATE INFORMATICA | Consultancy Services Contract Nr. 234/15.11.2022( 500 euro x 3 = 1500 euro +TVA la cursul BNR) | ANEXA 3 ? SERVICII RECURENTE DE SECURITATE INFORMATICA | Consultancy Services Contract,,"CONTRACT; contract, date:0d, amount:0.0%, description:0.29; company=MANY; dominant=BLUE-IR-OC-5 (41%)"
accounting:BT.BIT 473,no,BLUE-IR-OC-5,,MANY,84,117,BLUE-IR-OC-5,0.410,0.644,MIXED/UNKNOWN,ACCEPT_CANDIDATE,HIGH,CONTRACT,ron,cms689nna0151rt35qh4rkcqa,BT.BIT 473,SELGROS CASH & CARRY SRL,2023-05-03,RON,250.00,3697.35,,BLUE-IR-OC-5,BLUE-IR-OC-<limit>,"{""limit"":""5""}",UNIQUE,BLUE-IR-OC-5,638,2023-05-03,0,234/15.11.2022,ANEXA 2 ? SERVICII RECURENTE DE SECURITATE | INFORMATICA -On-call Incident Response Contract Nr. 234/15.11.2022( 250 euro x 3 = 750 euro +TVA la cursul BNR) | ANEXA 2 ? SERVICII RECURENTE DE SECURITATE | INFORMATICA -On-call Incident Respon,,"CONTRACT; contract, date:0d, amount:0.0%, description:0.38; company=MANY; dominant=BLUE-IR-OC-5 (41%)"
accounting:BT.BIT 474,no,CONSULTANCY-MISC-10,,MANY,84,117,BLUE-IR-OC-5,0.410,0.644,MIXED/UNKNOWN,ACCEPT_CANDIDATE,HIGH,CONTRACT,ron,cms689nni0154rt35sv9qhh9f,BT.BIT 474,SELGROS CASH & CARRY SRL,2023-05-03,RON,500.00,7394.70,,CONSULTANCY-MISC-10,CONSULTANCY-MISC-<limit>,"{""limit"":""10""}",UNIQUE,CONSULTANCY-MISC-10,650,2023-05-03,0,234/15.11.2022,ANEXA 3 ? SERVICII RECURENTE DE SECURITATE | INFORMATICA-Consultancy Services Contract Nr. 234/15.11.2022( 500 euro x 3 = 1500 euro +TVA la cursul BNR) | ANEXA 3 ? SERVICII RECURENTE DE SECURITATE | INFORMATICA-Consultancy Services Contract,,"CONTRACT; contract, date:0d, amount:0.0%, description:0.29; company=MANY; dominant=BLUE-IR-OC-5 (41%)"
accounting:BT.BIT 543,no,CONSULTANCY-MISC-10,,MANY,84,117,BLUE-IR-OC-5,0.410,0.644,MIXED/UNKNOWN,ACCEPT_CANDIDATE,HIGH,CONTRACT,ron,cms689o3b01b8rt352czk1sxw,BT.BIT 543,SELGROS CASH & CARRY SRL,2023-10-02,RON,500.00,2487.20,,CONSULTANCY-MISC-10,CONSULTANCY-MISC-<limit>,"{""limit"":""10""}",UNIQUE,CONSULTANCY-MISC-10 | BLUE-IR-OC-5,653,2023-10-02,0,234/15.11.2022,ANEXA 2 ? SERVICII RECURENTE DE SECURITATE INFORMATICA | On-call Incident Response Contract Nr. 234/15.11.2022 pt lunile septembrie si octombrie (250 eurox2 = 500 euro+TVA la cursul BNR) | ANEXA 2 ? SERVICII RECURENTE DE SECURITATE INFORMAT,,"CONTRACT; contract, date:0d, amount:0.0%, description:0.14; company=MANY; dominant=BLUE-IR-OC-5 (41%)"
accounting:BT.BIT 544,no,CONSULTANCY-MISC-10,,MANY,84,117,BLUE-IR-OC-5,0.410,0.644,MIXED/UNKNOWN,REVIEW,MEDIUM,CONTRACT,ron,cms689o3i01bbrt359pzu5h1y,BT.BIT 544,SELGROS CASH & CARRY SRL,2023-10-02,RON,1000.00,4974.40,,CONSULTANCY-MISC-10,CONSULTANCY-MISC-<limit>,"{""limit"":""10""}",UNIQUE,CONSULTANCY-MISC-10 | BLUE-IR-OC-5,654,2023-10-02,0,234/15.11.2022,ANEXA 3 ? SERVICII RECURENTE DE SECURITATE INFORMATICA | Consultancy Services Contract Nr. 234/15.11.2022 pt lunile septembrie si octombrie ( 500 eurox2 =1000 euro+TVA la cursul BNR) | ANEXA 3 ? SERVICII RECURENTE DE SECURITATE INFORMATICA ,,"CONTRACT; contract, date:0d, description:0.22; company=MANY; dominant=BLUE-IR-OC-5 (41%)"
accounting:BT.BIT 562,no,PHISH-P-L-FM-F-2500-12,,MANY,84,117,BLUE-IR-OC-5,0.410,0.644,MIXED/UNKNOWN,REVIEW,MEDIUM,SCORED,ron,cms689o7t01d3rt35spoguvnb,BT.BIT 562,SELGROS CASH & CARRY SRL,2023-11-29,RON,12399.00,61655.27,,PHISH-P-L-FM-F-2500-12,PHISH-P-L-FM-F-<limit1>-<limit2>,"{""limit1"":""2500"",""limit2"":""12""}",UNIQUE,PHISH-P-L-FM-F-2500-12 | BLUE-IR-OC-5 | CONSULTANCY-MISC-10,881,2023-11-23,6,"1 x Phish Enterprise Administrat complet pentru 2.500 de angajați 1 x Asistență de bază, capacitatea detaliată și taxele suplimentare sunt descrise în Anexa C",Servicii conform ACT ADITIONAL NR. 1 din 6.11.2023 la contra | 12.399 euro+TVA la cursul BNR | Servicii conform ACT ADITIONAL NR. 1 din 6.11.2023 la contra | 12.399 euro+TVA la cursul BNR,,"SCORED; date:6d, amount:0.0%; company=MANY; dominant=BLUE-IR-OC-5 (41%)"
accounting:BT.BIT 573,no,BLUE-IR-OC-5,,MANY,84,117,BLUE-IR-OC-5,0.410,0.644,MIXED/UNKNOWN,ACCEPT_CANDIDATE,HIGH,CONTRACT,ron,cms689oa501e1rt35zitulbfo,BT.BIT 573,SELGROS CASH & CARRY SRL,2023-12-11,RON,250.00,1241.92,,BLUE-IR-OC-5,BLUE-IR-OC-<limit>,"{""limit"":""5""}",UNIQUE,BLUE-IR-OC-5,643,2023-12-08,3,234/15.11.2022,ANEXA 2 ? SERVICII RECURENTE DE SECURITATE INFORMATICA | On-call Incident Response Contract Nr. 234/15.11.2022 pt luna decembrie (250 euro+TVA la cursul BNR) | ANEXA 2 ? SERVICII RECURENTE DE SECURITATE INFORMATICA | On-call Incident Respon,,"CONTRACT; contract, date:3d, amount:0.0%, description:0.35; company=MANY; dominant=BLUE-IR-OC-5 (41%)"
accounting:BT.BIT 574,no,CONSULTANCY-MISC-10,,MANY,84,117,BLUE-IR-OC-5,0.410,0.644,MIXED/UNKNOWN,ACCEPT_CANDIDATE,HIGH,CONTRACT,ron,cms689oac01e4rt35k672ctpk,BT.BIT 574,SELGROS CASH & CARRY SRL,2023-12-11,RON,500.00,2483.85,,CONSULTANCY-MISC-10,CONSULTANCY-MISC-<limit>,"{""limit"":""10""}",UNIQUE,CONSULTANCY-MISC-10,655,2023-12-08,3,234/15.11.2022,ANEXA 3 ? SERVICII RECURENTE DE SECURITATE INFORMATICA | Consultancy Services Contract Nr. 234/15.11.2022 pt luna decembrie ( 500 euro+TVA la cursul BNR) | ANEXA 3 ? SERVICII RECURENTE DE SECURITATE INFORMATICA | Consultancy Services Contra,,"CONTRACT; contract, date:3d, amount:0.0%, description:0.27; company=MANY; dominant=BLUE-IR-OC-5 (41%)"
accounting:BT.BIT 588,no,BLUE-IR-OC-5,,MANY,84,117,BLUE-IR-OC-5,0.410,0.644,MIXED/UNKNOWN,ACCEPT_CANDIDATE,HIGH,CONTRACT,ron,cms689ody01fbrt35exp2pdpp,BT.BIT 588,SELGROS CASH & CARRY SRL,2024-01-11,RON,250.00,1243.08,,BLUE-IR-OC-5,BLUE-IR-OC-<limit>,"{""limit"":""5""}",UNIQUE,BLUE-IR-OC-5,656,2024-01-01,10,234/15.11.2023,ANEXA 2 ? SERVICII RECURENTE DE SECURITATE | INFORMATICA On-call Incident Response ACT ADITIONAL NR. 1 din 6.11.2023 CONTRACT DE PRESTARI SERVICII Nr. 234/15.11.2022( 250 euro+TVA la cursul BNR) | ANEXA 2 ? SERVICII RECURENTE DE SECURITATE ,,"CONTRACT; contract, date:10d, amount:0.0%, description:0.32; company=MANY; dominant=BLUE-IR-OC-5 (41%)"
accounting:BT.BIT 589,no,CONSULTANCY-MISC-10,,MANY,84,117,BLUE-IR-OC-5,0.410,0.644,MIXED/UNKNOWN,ACCEPT_CANDIDATE,HIGH,CONTRACT,ron,cms689oe501fert352yvlyeuh,BT.BIT 589,SELGROS CASH & CARRY SRL,2024-01-11,RON,500.00,2486.15,,CONSULTANCY-MISC-10,CONSULTANCY-MISC-<limit>,"{""limit"":""10""}",UNIQUE,CONSULTANCY-MISC-10,668,2024-01-01,10,234/15.11.2023,ANEXA 3 ? SERVICII RECURENTE DE SECURITATE INFORMATICA | Consultancy Services ACT ADITIONAL NR. 1 din 6.11.2023 CONTRACT DE PRESTARI SERVICII Nr. 234/15.11.2022( 500 euro+TVA la cursul BNR) | ANEXA 3 ? SERVICII RECURENTE DE SECURITATE INFOR,,"CONTRACT; contract, date:10d, amount:0.0%, description:0.24; company=MANY; dominant=BLUE-IR-OC-5 (41%)"
accounting:BT.BIT 605,no,BLUE-IR-OC-5,,MANY,84,117,BLUE-IR-OC-5,0.410,0.644,MIXED/UNKNOWN,ACCEPT_CANDIDATE,HIGH,CONTRACT,ron,cms689ohi01gsrt35idphh7wu,BT.BIT 605,SELGROS CASH & CARRY SRL,2024-02-12,RON,250.00,1243.82,,BLUE-IR-OC-5,BLUE-IR-OC-<limit>,"{""limit"":""5""}",UNIQUE,BLUE-IR-OC-5,657,2024-02-01,11,234/15.11.2023,ANEXA 2 ? SERVICII RECURENTE DE SECURITATE | INFORMATICA On-call Incident Response ACT ADITIONAL NR. 1 din 6.11.2023 CONTRACT DE PRESTARI SERVICII Nr.234/15.11.2022( 250 euro+TVA la cursul BNR) | ANEXA 2 ? SERVICII RECURENTE DE SECURITATE |,,"CONTRACT; contract, date:11d, amount:0.0%, description:0.32; company=MANY; dominant=BLUE-IR-OC-5 (41%)"
accounting:BT.BIT 606,no,CONSULTANCY-MISC-10,,MANY,84,117,BLUE-IR-OC-5,0.410,0.644,MIXED/UNKNOWN,ACCEPT_CANDIDATE,HIGH,CONTRACT,ron,cms689ohq01gvrt3519uad7cn,BT.BIT 606,SELGROS CASH & CARRY SRL,2024-02-12,RON,500.00,2487.65,,CONSULTANCY-MISC-10,CONSULTANCY-MISC-<limit>,"{""limit"":""10""}",UNIQUE,CONSULTANCY-MISC-10,669,2024-02-01,11,234/15.11.2023,ANEXA 3 ? SERVICII RECURENTE DE SECURITATE | INFORMATICA Consultancy Services ACT ADITIONAL NR. 1 din 6.11.2023 CONTRACT DE PRESTARI SERVICII Nr. 234/15.11.2022( 500 euro+TVA la cursul BNR) | ANEXA 3 ? SERVICII RECURENTE DE SECURITATE | INF,,"CONTRACT; contract, date:11d, amount:0.0%, description:0.24; company=MANY; dominant=BLUE-IR-OC-5 (41%)"
accounting:BT.BIT 615,no,BLUE-IR-OC-5,,MANY,84,117,BLUE-IR-OC-5,0.410,0.644,MIXED/UNKNOWN,ACCEPT_CANDIDATE,HIGH,CONTRACT,ron,cms689ojq01hnrt3561ec0fa7,BT.BIT 615,SELGROS CASH & CARRY SRL,2024-03-01,RON,250.00,1242.48,,BLUE-IR-OC-5,BLUE-IR-OC-<limit>,"{""limit"":""5""}",UNIQUE,BLUE-IR-OC-5,658,2024-03-01,0,234/15.11.2023,ANEXA 2 ? SERVICII RECURENTE DE SECURITATE | INFORMATICA On-call Incident Response ACT ADITIONAL NR. 1 din 6.11.2023 CONTRACT DE PRESTARI SERVICII Nr.234/15.11.2022( 250 euro+TVA la cursul BNR) | ANEXA 2 ? SERVICII RECURENTE DE SECURITATE |,,"CONTRACT; contract, date:0d, amount:0.0%, description:0.32; company=MANY; dominant=BLUE-IR-OC-5 (41%)"
accounting:BT.BIT 616,no,CONSULTANCY-MISC-10,,MANY,84,117,BLUE-IR-OC-5,0.410,0.644,MIXED/UNKNOWN,ACCEPT_CANDIDATE,HIGH,CONTRACT,ron,cms689ojx01hqrt35b2r5gmd0,BT.BIT 616,SELGROS CASH & CARRY SRL,2024-03-01,RON,500.00,2484.95,,CONSULTANCY-MISC-10,CONSULTANCY-MISC-<limit>,"{""limit"":""10""}",UNIQUE,CONSULTANCY-MISC-10,670,2024-03-01,0,234/15.11.2023,ANEXA 3 ? SERVICII RECURENTE DE SECURITATE | INFORMATICA Consultancy Services ACT ADITIONAL NR. 1 din 6.11.2023 CONTRACT DE PRESTARI SERVICII Nr. 234/15.11.2022( 500 euro+TVA la cursul BNR) | ANEXA 3 ? SERVICII RECURENTE DE SECURITATE | INF,,"CONTRACT; contract, date:0d, amount:0.0%, description:0.24; company=MANY; dominant=BLUE-IR-OC-5 (41%)"
accounting:BT.BIT 629,no,BLUE-IR-OC-5,,MANY,84,117,BLUE-IR-OC-5,0.410,0.644,MIXED/UNKNOWN,ACCEPT_CANDIDATE,HIGH,CONTRACT,ron,cms689oms01ixrt35eb2y638y,BT.BIT 629,SELGROS CASH & CARRY SRL,2024-04-09,RON,250.00,1242.05,,BLUE-IR-OC-5,BLUE-IR-OC-<limit>,"{""limit"":""5""}",UNIQUE,BLUE-IR-OC-5,659,2024-04-01,8,234/15.11.2023,ANEXA 2 ? SERVICII RECURENTE DE SECURITATE INFORMATICA | On-call Incident Response ACT ADITIONAL NR. 1 din 6.11.2023 CONTRACT DE PRESTARI SERVICII Nr. 234/15.11.2022(250 euro+TVA la cursul BNR) | ANEXA 2 ? SERVICII RECURENTE DE SECURITATE I,,"CONTRACT; contract, date:8d, amount:0.0%, description:0.32; company=MANY; dominant=BLUE-IR-OC-5 (41%)"
accounting:BT.BIT 630,no,CONSULTANCY-MISC-10,,MANY,84,117,BLUE-IR-OC-5,0.410,0.644,MIXED/UNKNOWN,ACCEPT_CANDIDATE,HIGH,CONTRACT,ron,cms689on301j0rt35uf31k4rc,BT.BIT 630,SELGROS CASH & CARRY SRL,2024-04-09,RON,500.00,2484.10,,CONSULTANCY-MISC-10,CONSULTANCY-MISC-<limit>,"{""limit"":""10""}",UNIQUE,CONSULTANCY-MISC-10,671,2024-04-01,8,234/15.11.2023,ANEXA 3 ? SERVICII RECURENTE DE SECURITATE INFORMATICA | Consultancy Services ACT ADITIONAL NR. 1 din 6.11.2023 CONTRACT DE PRESTARI SERVICII Nr. 234/15.11.2022(500 euro+TVA la cursul BNR) | ANEXA 3 ? SERVICII RECURENTE DE SECURITATE INFORM,,"CONTRACT; contract, date:8d, amount:0.0%, description:0.24; company=MANY; dominant=BLUE-IR-OC-5 (41%)"
accounting:BT.BIT 635,no,RED-PEN-B-I-BP-200,,MANY,84,117,BLUE-IR-OC-5,0.410,0.644,MIXED/UNKNOWN,REVIEW,MEDIUM,CONTRACT,ron,cms689oob01jgrt350zoeljwx,BT.BIT 635,SELGROS CASH & CARRY SRL,2024-04-26,RON,7728.00,38456.85,,RED-PEN-B-I-BP-200,RED-PEN-B-I-BP-<limit>,"{""limit"":""200""}",UNIQUE,RED-PEN-B-I-BP-200 | BLUE-IR-OC-5 | CONSULTANCY-MISC-10,631,2024-04-26,0,234/15.11.2022,SERVICII DE SECURITATE INFORMATICA | CONTRACT DE PRESTARI SERVICII Nr. 234/15.11.2022 ANEXA 1( 7.728 euro+TVA la cursul BNR) | SERVICII DE SECURITATE INFORMATICA | CONTRACT DE PRESTARI SERVICII Nr. 234/15.11.2022 ANEXA 1( 7.728 euro+TVA la ,,"CONTRACT; contract, date:0d, amount:14.1%, description:0.14; company=MANY; dominant=BLUE-IR-OC-5 (41%)"
accounting:BT.BIT 642,no,BLUE-IR-OC-5,,MANY,84,117,BLUE-IR-OC-5,0.410,0.644,MIXED/UNKNOWN,ACCEPT_CANDIDATE,HIGH,CONTRACT,ron,cms689opz01k1rt35ib1v0wpa,BT.BIT 642,SELGROS CASH & CARRY SRL,2024-05-14,RON,250.00,1244.08,,BLUE-IR-OC-5,BLUE-IR-OC-<limit>,"{""limit"":""5""}",UNIQUE,BLUE-IR-OC-5,660,2024-05-01,13,234/15.11.2023,ANEXA 2 ? SERVICII RECURENTE DE SECURITATE | INFORMATICA -On-call Incident Response ACT ADITIONAL NR. 1 din 6.11.2023 CONTRACT DE PRESTARI SERVICII Nr. 234/15.11.2022 (250 euro+TVA la cursul BNR) | ANEXA 2 ? SERVICII RECURENTE DE SECURITATE,,"CONTRACT; contract, date:13d, amount:0.0%, description:0.32; company=MANY; dominant=BLUE-IR-OC-5 (41%)"
accounting:BT.BIT 643,no,CONSULTANCY-MISC-10,,MANY,84,117,BLUE-IR-OC-5,0.410,0.644,MIXED/UNKNOWN,ACCEPT_CANDIDATE,HIGH,CONTRACT,ron,cms689oq701k4rt35nvykx93l,BT.BIT 643,SELGROS CASH & CARRY SRL,2024-05-14,RON,500.00,2488.15,,CONSULTANCY-MISC-10,CONSULTANCY-MISC-<limit>,"{""limit"":""10""}",UNIQUE,CONSULTANCY-MISC-10,672,2024-05-01,13,234/15.11.2023,ANEXA 3 ? SERVICII RECURENTE DE SECURITATE | INFORMATICA- Consultancy Services ACT ADITIONAL NR. 1 din 6.11.2023 CONTRACT DE PRESTARI SERVICII Nr. 234/15.11.2022 (500 euro+TVA la cursul BNR) | ANEXA 3 ? SERVICII RECURENTE DE SECURITATE | IN,,"CONTRACT; contract, date:13d, amount:0.0%, description:0.24; company=MANY; dominant=BLUE-IR-OC-5 (41%)"
accounting:BT.BIT 655,no,BLUE-IR-OC-5,,MANY,84,117,BLUE-IR-OC-5,0.410,0.644,MIXED/UNKNOWN,ACCEPT_CANDIDATE,HIGH,CONTRACT,ron,cms689oso01l5rt35es7tl61o,BT.BIT 655,SELGROS CASH & CARRY SRL,2024-06-06,RON,250.00,1244.08,,BLUE-IR-OC-5,BLUE-IR-OC-<limit>,"{""limit"":""5""}",UNIQUE,BLUE-IR-OC-5,661,2024-06-01,5,234/15.11.2023,ANEXA 2 ? SERVICII RECURENTE DE SECURITATE | INFORMATICA -On-call Incident Response ACT ADITIONAL NR. 1 din 6.11.2023 CONTRACT DE PRESTARI SERVICII Nr. 234/15.11.2022 (250 euro+TVA la cursul BNR) | ANEXA 2 ? SERVICII RECURENTE DE SECURITATE,,"CONTRACT; contract, date:5d, amount:0.0%, description:0.32; company=MANY; dominant=BLUE-IR-OC-5 (41%)"
accounting:BT.BIT 656,no,CONSULTANCY-MISC-10,,MANY,84,117,BLUE-IR-OC-5,0.410,0.644,MIXED/UNKNOWN,ACCEPT_CANDIDATE,HIGH,CONTRACT,ron,cms689osv01l8rt35pktfzl5l,BT.BIT 656,SELGROS CASH & CARRY SRL,2024-06-06,RON,500.00,2488.15,,CONSULTANCY-MISC-10,CONSULTANCY-MISC-<limit>,"{""limit"":""10""}",UNIQUE,CONSULTANCY-MISC-10,673,2024-06-01,5,234/15.11.2023,ANEXA 3 ? SERVICII RECURENTE DE SECURITATE | INFORMATICA- Consultancy Services ACT ADITIONAL NR. 1 din 6.11.2023 CONTRACT DE PRESTARI SERVICII Nr. 234/15.11.2022 (500 euro+TVA la cursul BNR) | ANEXA 3 ? SERVICII RECURENTE DE SECURITATE | IN,,"CONTRACT; contract, date:5d, amount:0.0%, description:0.24; company=MANY; dominant=BLUE-IR-OC-5 (41%)"
accounting:BT.BIT 670,no,BLUE-IR-OC-5,,MANY,84,117,BLUE-IR-OC-5,0.410,0.644,MIXED/UNKNOWN,ACCEPT_CANDIDATE,HIGH,CONTRACT,ron,cms689ow701mhrt353qk0m6ev,BT.BIT 670,SELGROS CASH & CARRY SRL,2024-07-02,RON,250.00,1244.25,,BLUE-IR-OC-5,BLUE-IR-OC-<limit>,"{""limit"":""5""}",UNIQUE,BLUE-IR-OC-5,662,2024-07-01,1,234/15.11.2023,ANEXA 2 ? SERVICII RECURENTE DE SECURITATE | INFORMATICA -On-call Incident Response ACT ADITIONAL NR. 1 din 6.11.2023 CONTRACT DE PRESTARI SERVICII Nr.234/15.11.2022 (250 euro+TVA la cursul BNR) | ANEXA 2 ? SERVICII RECURENTE DE SECURITATE ,,"CONTRACT; contract, date:1d, amount:0.0%, description:0.32; company=MANY; dominant=BLUE-IR-OC-5 (41%)"
accounting:BT.BIT 671,no,CONSULTANCY-MISC-10,,MANY,84,117,BLUE-IR-OC-5,0.410,0.644,MIXED/UNKNOWN,ACCEPT_CANDIDATE,HIGH,CONTRACT,ron,cms689owh01mkrt35ky6wxm5f,BT.BIT 671,SELGROS CASH & CARRY SRL,2024-07-02,RON,500.00,2488.50,,CONSULTANCY-MISC-10,CONSULTANCY-MISC-<limit>,"{""limit"":""10""}",UNIQUE,CONSULTANCY-MISC-10,674,2024-07-01,1,234/15.11.2023,ANEXA 3 ? SERVICII RECURENTE DE SECURITATE | INFORMATICA- Consultancy Services ACT ADITIONAL NR. 1 din 6.11.2023 CONTRACT DE PRESTARI SERVICII Nr.234/15.11.2022 (500 euro+TVA la cursul BNR) | ANEXA 3 ? SERVICII RECURENTE DE SECURITATE | INF,,"CONTRACT; contract, date:1d, amount:0.0%, description:0.24; company=MANY; dominant=BLUE-IR-OC-5 (41%)"
accounting:BT.BIT 689,no,BLUE-IR-OC-5,,MANY,84,117,BLUE-IR-OC-5,0.410,0.644,MIXED/UNKNOWN,ACCEPT_CANDIDATE,HIGH,CONTRACT,ron,cms689p0w01o3rt3545n5nx4u,BT.BIT 689,SELGROS CASH & CARRY SRL,2024-08-01,RON,250.00,1244.00,,BLUE-IR-OC-5,BLUE-IR-OC-<limit>,"{""limit"":""5""}",UNIQUE,BLUE-IR-OC-5,663,2024-08-01,0,234/15.11.2023,ANEXA 2 ? SERVICII RECURENTE DE SECURITATE | INFORMATICA -On-call Incident Response ACT ADITIONAL NR. 1 din 6.11.2023 CONTRACT DE PRESTARI SERVICII Nr.234/15.11.2022 (250 euro+TVA la cursul BNR) | ANEXA 2 ? SERVICII RECURENTE DE SECURITATE ,,"CONTRACT; contract, date:0d, amount:0.0%, description:0.32; company=MANY; dominant=BLUE-IR-OC-5 (41%)"
accounting:BT.BIT 690,no,CONSULTANCY-MISC-10,,MANY,84,117,BLUE-IR-OC-5,0.410,0.644,MIXED/UNKNOWN,ACCEPT_CANDIDATE,HIGH,CONTRACT,ron,cms689p1201o6rt358silrlok,BT.BIT 690,SELGROS CASH & CARRY SRL,2024-08-01,RON,500.00,2488.00,,CONSULTANCY-MISC-10,CONSULTANCY-MISC-<limit>,"{""limit"":""10""}",UNIQUE,CONSULTANCY-MISC-10,675,2024-08-01,0,234/15.11.2023,ANEXA 3 ? SERVICII RECURENTE DE SECURITATE | INFORMATICA- Consultancy Services ACT ADITIONAL NR. 1 din 6.11.2023 CONTRACT DE PRESTARI SERVICII Nr.234/15.11.2022 (500 euro+TVA la cursul BNR) | ANEXA 3 ? SERVICII RECURENTE DE SECURITATE | INF,,"CONTRACT; contract, date:0d, amount:0.0%, description:0.24; company=MANY; dominant=BLUE-IR-OC-5 (41%)"
accounting:BT.BIT 698,no,RED-AUDIT-A-20,,MANY,84,117,BLUE-IR-OC-5,0.410,0.644,MIXED/UNKNOWN,REVIEW,MEDIUM,CONTRACT,ron,cms689p2n01ourt3558abjdcl,BT.BIT 698,SELGROS CASH & CARRY SRL,2024-08-21,RON,4680.00,23291.89,,RED-AUDIT-A-20,RED-AUDIT-A-<limit>,"{""limit"":""20""}",UNIQUE,BLUE-IR-OC-5 | CONSULTANCY-MISC-10 | RED-AUDIT-A-20,630,2024-06-12,70,234/15.11.2022,"SERVICII DE SECURITATE INFORMATICA - FORENSIC | CONTRACT DE PRESTARI SERVICII Nr. 234/15.11.2022, ANEXA 1( 4680 EURO + TVA la cursul BNR de 4,9769 lei; Referinta proiect REF-recJqj96veXJAi0PW-REF) | SERVICII DE SECURITATE INFORMATICA - FORE",,"CONTRACT; contract, date:70d, description:0.10; company=MANY; dominant=BLUE-IR-OC-5 (41%)"
accounting:BT.BIT 705,no,BLUE-IR-OC-5,,MANY,84,117,BLUE-IR-OC-5,0.410,0.644,MIXED/UNKNOWN,ACCEPT_CANDIDATE,HIGH,CONTRACT,ron,cms689p4e01plrt35jn82h4av,BT.BIT 705,SELGROS CASH & CARRY SRL,2024-09-02,RON,250.00,1244.22,,BLUE-IR-OC-5,BLUE-IR-OC-<limit>,"{""limit"":""5""}",UNIQUE,BLUE-IR-OC-5,664,2024-09-01,1,234/15.11.2023,ANEXA 2 ? SERVICII RECURENTE DE SECURITATE | INFORMATICA -On-call Incident Response ACT ADITIONAL NR. 1 din 6.11.2023 CONTRACT DE PRESTARI SERVICII Nr.234/15.11.2022 (250 euro+TVA la cursul BNR) | ANEXA 2 ? SERVICII RECURENTE DE SECURITATE ,,"CONTRACT; contract, date:1d, amount:0.0%, description:0.32; company=MANY; dominant=BLUE-IR-OC-5 (41%)"
accounting:BT.BIT 706,no,CONSULTANCY-MISC-10,,MANY,84,117,BLUE-IR-OC-5,0.410,0.644,MIXED/UNKNOWN,ACCEPT_CANDIDATE,HIGH,CONTRACT,ron,cms689p4k01port35ytv69zs6,BT.BIT 706,SELGROS CASH & CARRY SRL,2024-09-02,RON,500.00,2488.45,,CONSULTANCY-MISC-10,CONSULTANCY-MISC-<limit>,"{""limit"":""10""}",UNIQUE,CONSULTANCY-MISC-10,676,2024-09-01,1,234/15.11.2023,ANEXA 3 ? SERVICII RECURENTE DE SECURITATE | INFORMATICA- Consultancy Services ACT ADITIONAL NR. 1 din 6.11.2023 CONTRACT DE PRESTARI SERVICII Nr.234/15.11.2022 (500 euro+TVA la cursul BNR) | ANEXA 3 ? SERVICII RECURENTE DE SECURITATE | INF,,"CONTRACT; contract, date:1d, amount:0.0%, description:0.24; company=MANY; dominant=BLUE-IR-OC-5 (41%)"
accounting:BT.BIT 719,no,BLUE-IR-OC-5,,MANY,84,117,BLUE-IR-OC-5,0.410,0.644,MIXED/UNKNOWN,ACCEPT_CANDIDATE,HIGH,CONTRACT,ron,cms689p7201qsrt35x8xl3bly,BT.BIT 719,SELGROS CASH & CARRY SRL,2024-10-03,RON,250.00,1244.10,,BLUE-IR-OC-5,BLUE-IR-OC-<limit>,"{""limit"":""5""}",UNIQUE,BLUE-IR-OC-5,665,2024-10-01,2,234/15.11.2023,ANEXA 2 ? SERVICII RECURENTE DE SECURITATE | INFORMATICA -On-call Incident Response ACT ADITIONAL NR. 1 din 6.11.2023 CONTRACT DE PRESTARI SERVICII Nr.234/15.11.2022 (250 euro+TVA la cursul BNR) | ANEXA 2 ? SERVICII RECURENTE DE SECURITATE ,,"CONTRACT; contract, date:2d, amount:0.0%, description:0.32; company=MANY; dominant=BLUE-IR-OC-5 (41%)"
accounting:BT.BIT 720,no,CONSULTANCY-MISC-10,,MANY,84,117,BLUE-IR-OC-5,0.410,0.644,MIXED/UNKNOWN,ACCEPT_CANDIDATE,HIGH,CONTRACT,ron,cms689p7b01qvrt355yx7yyko,BT.BIT 720,SELGROS CASH & CARRY SRL,2024-10-03,RON,500.00,2488.20,,CONSULTANCY-MISC-10,CONSULTANCY-MISC-<limit>,"{""limit"":""10""}",UNIQUE,CONSULTANCY-MISC-10,677,2024-10-01,2,234/15.11.2023,ANEXA 3 ? SERVICII RECURENTE DE SECURITATE | INFORMATICA- Consultancy Services ACT ADITIONAL NR. 1 din 6.11.2023 CONTRACT DE PRESTARI SERVICII Nr.234/15.11.2022 (500 euro+TVA la cursul BNR) | ANEXA 3 ? SERVICII RECURENTE DE SECURITATE | INF,,"CONTRACT; contract, date:2d, amount:0.0%, description:0.24; company=MANY; dominant=BLUE-IR-OC-5 (41%)"
accounting:BT.BIT 745,no,BLUE-IR-OC-5,,MANY,84,117,BLUE-IR-OC-5,0.410,0.644,MIXED/UNKNOWN,ACCEPT_CANDIDATE,HIGH,CONTRACT,ron,cms689pcl01t5rt35x8uvqm8m,BT.BIT 745,SELGROS CASH & CARRY SRL,2024-11-02,RON,250.00,1243.67,,BLUE-IR-OC-5,BLUE-IR-OC-<limit>,"{""limit"":""5""}",UNIQUE,BLUE-IR-OC-5,666,2024-11-01,1,234/15.11.2023,ANEXA 2 ? SERVICII RECURENTE DE SECURITATE | INFORMATICA -On-call Incident Response ACT ADITIONAL NR. 1 din 6.11.2023 CONTRACT DE PRESTARI SERVICII Nr.234/15.11.2022 (250 euro+TVA la cursul BNR) | ANEXA 2 ? SERVICII RECURENTE DE SECURITATE ,,"CONTRACT; contract, date:1d, amount:0.0%, description:0.32; company=MANY; dominant=BLUE-IR-OC-5 (41%)"
accounting:BT.BIT 746,no,CONSULTANCY-MISC-10,,MANY,84,117,BLUE-IR-OC-5,0.410,0.644,MIXED/UNKNOWN,ACCEPT_CANDIDATE,HIGH,CONTRACT,ron,cms689pct01t8rt353pecdhv0,BT.BIT 746,SELGROS CASH & CARRY SRL,2024-11-02,RON,500.00,2487.35,,CONSULTANCY-MISC-10,CONSULTANCY-MISC-<limit>,"{""limit"":""10""}",UNIQUE,CONSULTANCY-MISC-10,678,2024-11-01,1,234/15.11.2023,ANEXA 3 ? SERVICII RECURENTE DE SECURITATE | INFORMATICA- Consultancy Services ACT ADITIONAL NR. 1 din 6.11.2023 CONTRACT DE PRESTARI SERVICII Nr.234/15.11.2022 (500 euro+TVA la cursul BNR) | ANEXA 3 ? SERVICII RECURENTE DE SECURITATE | INF,,"CONTRACT; contract, date:1d, amount:0.0%, description:0.24; company=MANY; dominant=BLUE-IR-OC-5 (41%)"
accounting:BT.BIT 767,no,BLUE-IR-OC-5,,MANY,84,117,BLUE-IR-OC-5,0.410,0.644,MIXED/UNKNOWN,ACCEPT_CANDIDATE,HIGH,CONTRACT,ron,cms689phg01v1rt35ujowpeo4,BT.BIT 767,SELGROS CASH & CARRY SRL,2024-12-03,RON,250.00,1244.25,,BLUE-IR-OC-5,BLUE-IR-OC-<limit>,"{""limit"":""5""}",UNIQUE,BLUE-IR-OC-5,667,2024-12-01,2,234/15.11.2023,ANEXA 2 ? SERVICII RECURENTE DE SECURITATE | INFORMATICA -On-call Incident Response ACT ADITIONAL NR. 1 din 6.11.2023 CONTRACT DE PRESTARI SERVICII Nr.234/15.11.2022 (250 euro+TVA la cursul BNR) | ANEXA 2 ? SERVICII RECURENTE DE SECURITATE ,,"CONTRACT; contract, date:2d, amount:0.0%, description:0.32; company=MANY; dominant=BLUE-IR-OC-5 (41%)"
accounting:BT.BIT 768,no,CONSULTANCY-MISC-10,,MANY,84,117,BLUE-IR-OC-5,0.410,0.644,MIXED/UNKNOWN,ACCEPT_CANDIDATE,HIGH,CONTRACT,ron,cms689pho01v4rt35m0l0e6sy,BT.BIT 768,SELGROS CASH & CARRY SRL,2024-12-03,RON,500.00,2488.50,,CONSULTANCY-MISC-10,CONSULTANCY-MISC-<limit>,"{""limit"":""10""}",UNIQUE,CONSULTANCY-MISC-10,679,2024-12-01,2,234/15.11.2023,ANEXA 3 ? SERVICII RECURENTE DE SECURITATE | INFORMATICA- Consultancy Services ACT ADITIONAL NR. 1 din 6.11.2023 CONTRACT DE PRESTARI SERVICII Nr.234/15.11.2022 (500 euro+TVA la cursul BNR) | ANEXA 3 ? SERVICII RECURENTE DE SECURITATE | INF,,"CONTRACT; contract, date:2d, amount:0.0%, description:0.24; company=MANY; dominant=BLUE-IR-OC-5 (41%)"
accounting:BT.BIT 798,no,BLUE-IR-OC-5,,MANY,84,117,BLUE-IR-OC-5,0.410,0.644,MIXED/UNKNOWN,REVIEW,HIGH,CONTRACT,ron,cms689pob01xnrt35p5q4g8yt,BT.BIT 798,SELGROS CASH & CARRY SRL,2025-01-15,RON,250.00,1243.55,,BLUE-IR-OC-5,BLUE-IR-OC-<limit>,"{""limit"":""5""}",UNIQUE,BLUE-IR-OC-5,641,2023-10-02,471,234/15.11.2022,ANEXA 2 ? SERVICII RECURENTE DE SECURITATE | INFORMATICA -On-call Incident Response ACT ADITIONAL NR. 1 din 6.11.2023 CONTRACT DE PRESTARI SERVICII Nr.234/15.11.2022 (250 euro+TVA la cursul BNR) | ANEXA 2 ? SERVICII RECURENTE DE SECURITATE ,,"CONTRACT; contract, amount:0.0%, description:0.32; company=MANY; dominant=BLUE-IR-OC-5 (41%)"
accounting:BT.BIT 799,no,CONSULTANCY-MISC-10,,MANY,84,117,BLUE-IR-OC-5,0.410,0.644,MIXED/UNKNOWN,REVIEW,HIGH,CONTRACT,ron,cms689pok01xqrt35dfc74jeb,BT.BIT 799,SELGROS CASH & CARRY SRL,2025-01-15,RON,500.00,2487.10,,CONSULTANCY-MISC-10,CONSULTANCY-MISC-<limit>,"{""limit"":""10""}",UNIQUE,CONSULTANCY-MISC-10,651,2023-05-03,623,234/15.11.2022,ANEXA 3 ? SERVICII RECURENTE DE SECURITATE | INFORMATICA- Consultancy Services ACT ADITIONAL NR. 1 din 6.11.2023 CONTRACT DE PRESTARI SERVICII Nr.234/15.11.2022 (500 euro+TVA la cursul BNR)Nr.234/15.11.2022 (500 euro+TVA la cursul BNR) | AN,,"CONTRACT; contract, amount:0.0%, description:0.24; company=MANY; dominant=BLUE-IR-OC-5 (41%)"
accounting:BT.BIT 819,no,BLUE-IR-OC-5,,MANY,84,117,BLUE-IR-OC-5,0.410,0.644,MIXED/UNKNOWN,REVIEW,HIGH,CONTRACT,ron,cms689psv01zhrt35bwbgogeg,BT.BIT 819,SELGROS CASH & CARRY SRL,2025-02-03,RON,250.00,1244.18,,BLUE-IR-OC-5,BLUE-IR-OC-<limit>,"{""limit"":""5""}",UNIQUE,BLUE-IR-OC-5,642,2023-10-02,490,234/15.11.2022,ANEXA 2 ? SERVICII RECURENTE DE SECURITATE | INFORMATICA -On-call Incident Response ACT ADITIONAL NR. 1 din 6.11.2023 CONTRACT DE PRESTARI SERVICII Nr.234/15.11.2022 (250 euro+TVA la cursul BNR) | ANEXA 2 ? SERVICII RECURENTE DE SECURITATE ,,"CONTRACT; contract, amount:0.0%, description:0.32; company=MANY; dominant=BLUE-IR-OC-5 (41%)"
accounting:BT.BIT 820,no,CONSULTANCY-MISC-10,,MANY,84,117,BLUE-IR-OC-5,0.410,0.644,MIXED/UNKNOWN,REVIEW,HIGH,CONTRACT,ron,cms689pt301zkrt35dt2lmqmj,BT.BIT 820,SELGROS CASH & CARRY SRL,2025-02-03,RON,500.00,2488.35,,CONSULTANCY-MISC-10,CONSULTANCY-MISC-<limit>,"{""limit"":""10""}",UNIQUE,CONSULTANCY-MISC-10,652,2023-05-03,642,234/15.11.2022,ANEXA 3 ? SERVICII RECURENTE DE SECURITATE | INFORMATICA- Consultancy Services ACT ADITIONAL NR. 1 din 6.11.2023 CONTRACT DE PRESTARI SERVICII Nr.234/15.11.2022 (500 euro+TVA la cursul BNR) | ANEXA 3 ? SERVICII RECURENTE DE SECURITATE | INF,,"CONTRACT; contract, amount:0.0%, description:0.24; company=MANY; dominant=BLUE-IR-OC-5 (41%)"
accounting:BT.BIT 835,no,BLUE-IR-OC-5,,MANY,84,117,BLUE-IR-OC-5,0.410,0.644,MIXED/UNKNOWN,REVIEW,HIGH,CONTRACT,ron,cms689pw7020trt355gahlgf0,BT.BIT 835,SELGROS CASH & CARRY SRL,2025-03-06,RON,250.00,1244.25,,BLUE-IR-OC-5,BLUE-IR-OC-<limit>,"{""limit"":""5""}",UNIQUE,BLUE-IR-OC-5,639,2023-05-03,673,234/15.11.2022,ANEXA 2 ? SERVICII RECURENTE DE SECURITATE | INFORMATICA -On-call Incident Response ACT ADITIONAL NR. 1 din 6.11.2023 CONTRACT DE PRESTARI SERVICII Nr.234/15.11.2022 (250 euro+TVA la cursul BNR) | ANEXA 2 ? SERVICII RECURENTE DE SECURITATE ,,"CONTRACT; contract, amount:0.0%, description:0.32; company=MANY; dominant=BLUE-IR-OC-5 (41%)"
accounting:BT.BIT 836,no,CONSULTANCY-MISC-10,,MANY,84,117,BLUE-IR-OC-5,0.410,0.644,MIXED/UNKNOWN,REVIEW,HIGH,CONTRACT,ron,cms689pwe020wrt35s107yd39,BT.BIT 836,SELGROS CASH & CARRY SRL,2025-03-06,RON,500.00,2488.50,,CONSULTANCY-MISC-10,CONSULTANCY-MISC-<limit>,"{""limit"":""10""}",UNIQUE,CONSULTANCY-MISC-10,648,2023-04-10,696,234/15.11.2022,ANEXA 3 ? SERVICII RECURENTE DE SECURITATE | INFORMATICA- Consultancy Services ACT ADITIONAL NR. 1 din 6.11.2023 CONTRACT DE PRESTARI SERVICII Nr.234/15.11.2022 (500 euro+TVA la cursul BNR) | ANEXA 3 ? SERVICII RECURENTE DE SECURITATE | INF,,"CONTRACT; contract, amount:0.0%, description:0.24; company=MANY; dominant=BLUE-IR-OC-5 (41%)"
accounting:BT.BIT 859,no,BLUE-IR-OC-5,,MANY,84,117,BLUE-IR-OC-5,0.410,0.644,MIXED/UNKNOWN,REVIEW,HIGH,CONTRACT,ron,cms689q1n022vrt35xvfpvxbu,BT.BIT 859,SELGROS CASH & CARRY SRL,2025-04-02,RON,250.00,1244.25,,BLUE-IR-OC-5,BLUE-IR-OC-<limit>,"{""limit"":""5""}",UNIQUE,BLUE-IR-OC-5,640,2023-05-03,700,234/15.11.2022,ANEXA 2 ? SERVICII RECURENTE DE SECURITATE INFORMATICA | On-call Incident Response ACT ADITIONAL NR. 1 din 6.11.2023 CONTRACT DE PRESTARI SERVICII Nr. 234/15.11.2022( 250 euro+TVA la cursul BNR) | ANEXA 2 ? SERVICII RECURENTE DE SECURITATE ,,"CONTRACT; contract, amount:0.0%, description:0.32; company=MANY; dominant=BLUE-IR-OC-5 (41%)"
accounting:BT.BIT 860,no,CONSULTANCY-MISC-10,,MANY,84,117,BLUE-IR-OC-5,0.410,0.644,MIXED/UNKNOWN,REVIEW,HIGH,CONTRACT,ron,cms689q1v022yrt35bdvkn9xf,BT.BIT 860,SELGROS CASH & CARRY SRL,2025-04-02,RON,500.00,2488.50,,CONSULTANCY-MISC-10,CONSULTANCY-MISC-<limit>,"{""limit"":""10""}",UNIQUE,CONSULTANCY-MISC-10,649,2023-04-10,723,234/15.11.2022,ANEXA 3 ? SERVICII RECURENTE DE SECURITATE INFORMATICA | Consultancy Services ACT ADITIONAL NR. 1 din 6.11.2023 CONTRACT DE PRESTARI SERVICII Nr. 234/15.11.2022( 500 euro+TVA la cursul BNR) | ANEXA 3 ? SERVICII RECURENTE DE SECURITATE INFOR,,"CONTRACT; contract, amount:0.0%, description:0.24; company=MANY; dominant=BLUE-IR-OC-5 (41%)"
accounting:BT.BIT 871,no,,,MANY,84,117,BLUE-IR-OC-5,0.410,0.644,MIXED/UNKNOWN,SKIP_NO_MATCH,LOW,MULTI_LINE,ron,cms689q4k023yrt35vmgpmbzg,BT.BIT 871,SELGROS CASH & CARRY SRL,2025-04-30,RON,405.00,13047.01,,,,,EMPTY,CONSULTANCY-MISC-10 | BLUE-IR-OC-5,,,,,Initierea proiectului conform Act aditional nr. 3 din Configurare eramba conform Act aditional nr. 3 din | 11.3.2025 la Contractul de prestari servicii Nr. 234/15.11.2022( 405 euro+TVA la cursul BNR) | Initierea proiectului conform Act adit,"[{""line"":1,""service"":""Initierea proiectului conform Act aditional nr. 3 din | 11.3.2025 la Contractul de prestari servicii Nr. 234/15.11.2022( 405 euro+TVA la cursul BNR)"",""partNumber"":""CONSULTANCY-MISC-4"",""confidence"":""MEDIUM"",""trackerRow"":1232},{""line"":2,""service"":""Configurare eramba conform Act aditional nr. 3 din | 11.3.2025 la Contractul de prestari servicii Nr. 234/15.11.2022 (2.216.25 euro+TVA la cursul BNR)"",""partNumber"":""CONSULTANCY-MISC-32"",""confidence"":""MEDIUM"",""trackerRow"":1233}]",Invoice lines map to multiple part numbers: CONSULTANCY-MISC-4 | CONSULTANCY-MISC-32. Invoice schema stores only one; manual decision required.
accounting:BT.BIT 888,no,BLUE-IR-OC-5,,MANY,84,117,BLUE-IR-OC-5,0.410,0.644,MIXED/UNKNOWN,REVIEW,HIGH,CONTRACT,ron,cms689q89025ert35vk2gtm2u,BT.BIT 888,SELGROS CASH & CARRY SRL,2025-05-13,RON,250.00,1274.83,,BLUE-IR-OC-5,BLUE-IR-OC-<limit>,"{""limit"":""5""}",UNIQUE,BLUE-IR-OC-5,636,2023-04-10,764,234/15.11.2022,ANEXA 2 ? SERVICII RECURENTE DE SECURITATE | INFORMATICA On-call Incident Response ACT ADITIONAL NR. 1 din 6.11.2023 CONTRACT DE PRESTARI SERVICII Nr. 234/15.11.2022( 250 euro+TVA la cursul BNR) | ANEXA 2 ? SERVICII RECURENTE DE SECURITATE ,,"CONTRACT; contract, amount:0.0%, description:0.32; company=MANY; dominant=BLUE-IR-OC-5 (41%)"
accounting:BT.BIT 889,no,CONSULTANCY-MISC-10,,MANY,84,117,BLUE-IR-OC-5,0.410,0.644,MIXED/UNKNOWN,REVIEW,HIGH,CONTRACT,ron,cms689q8h025hrt351ipm2j4a,BT.BIT 889,SELGROS CASH & CARRY SRL,2025-05-13,RON,500.00,2549.65,,CONSULTANCY-MISC-10,CONSULTANCY-MISC-<limit>,"{""limit"":""10""}",UNIQUE,CONSULTANCY-MISC-10,645,2023-03-01,804,234/15.11.2022,ANEXA 3 ? SERVICII RECURENTE DE SECURITATE | INFORMATICA Consultancy Services ACT ADITIONAL NR. 1 din 6.11.2023 CONTRACT DE PRESTARI SERVICII Nr. 234/15.11.2022( 500 euro+TVA la cursul BNR) | ANEXA 3 ? SERVICII RECURENTE DE SECURITATE | INF,,"CONTRACT; contract, amount:0.0%, description:0.24; company=MANY; dominant=BLUE-IR-OC-5 (41%)"
accounting:BT.BIT 897,no,CONSULTANCY-MISC-32,,MANY,84,117,BLUE-IR-OC-5,0.410,0.644,MIXED/UNKNOWN,REVIEW,MEDIUM,SCORED,ron,cms689qah0266rt350a2y0hts,BT.BIT 897,SELGROS CASH & CARRY SRL,2025-05-30,RON,4353.75,22059.15,,CONSULTANCY-MISC-32,CONSULTANCY-MISC-<limit>,"{""limit"":""32""}",UNIQUE,BLUE-IR-OC-5 | CONSULTANCY-MISC-10,1234,2025-05-30,0,20.3.2025,"Evaluare Initiala (Gap Analysis) | conform Act aditional nr. 3 din 11.3.2025 la Contractul de prestari servicii Nr. 234/15.11.2022 (4,353.75 EURO+TVA la cursul BNR) | Evaluare Initiala (Gap Analysis) | conform Act aditional nr. 3 din 11.3.2",,"SCORED; date:0d, amount:0.0%; company=MANY; dominant=BLUE-IR-OC-5 (41%)"
accounting:BT.BIT 912,no,BLUE-IR-OC-5,,MANY,84,117,BLUE-IR-OC-5,0.410,0.644,MIXED/UNKNOWN,REVIEW,HIGH,CONTRACT,ron,cms689qds027irt35tdmwnpjr,BT.BIT 912,SELGROS CASH & CARRY SRL,2025-06-16,RON,250.00,1258.00,,BLUE-IR-OC-5,BLUE-IR-OC-<limit>,"{""limit"":""5""}",UNIQUE,BLUE-IR-OC-5,637,2023-04-10,798,234/15.11.2022,ANEXA 2 ? SERVICII RECURENTE DE SECURITATE | INFORMATICA On-call Incident Response ACT ADITIONAL NR. 1 din 6.11.2023 CONTRACT DE PRESTARI SERVICII Nr. 234/15.11.2022( 250 euro+TVA la cursul BNR) | ANEXA 2 ? SERVICII RECURENTE DE SECURITATE ,,"CONTRACT; contract, amount:0.0%, description:0.32; company=MANY; dominant=BLUE-IR-OC-5 (41%)"
accounting:BT.BIT 913,no,CONSULTANCY-MISC-10,,MANY,84,117,BLUE-IR-OC-5,0.410,0.644,MIXED/UNKNOWN,REVIEW,HIGH,CONTRACT,ron,cms689qe0027lrt35q6a4fs6t,BT.BIT 913,SELGROS CASH & CARRY SRL,2025-06-16,RON,500.00,2516.00,,CONSULTANCY-MISC-10,CONSULTANCY-MISC-<limit>,"{""limit"":""10""}",UNIQUE,CONSULTANCY-MISC-10,646,2023-03-01,838,234/15.11.2022,ANEXA 3 ? SERVICII RECURENTE DE SECURITATE | INFORMATICA Consultancy Services ACT ADITIONAL NR. 1 din 6.11.2023 CONTRACT DE PRESTARI SERVICII Nr. 234/15.11.2022( 500 euro+TVA la cursul BNR) | ANEXA 3 ? SERVICII RECURENTE DE SECURITATE | INF,,"CONTRACT; contract, amount:0.0%, description:0.24; company=MANY; dominant=BLUE-IR-OC-5 (41%)"
accounting:BT.BIT 922,no,RED-PEN-B-E-B-11,,MANY,84,117,BLUE-IR-OC-5,0.410,0.644,MIXED/UNKNOWN,REVIEW,MEDIUM,SCORED,ron,cms689qg0028crt35xk4c0f8t,BT.BIT 922,SELGROS CASH & CARRY SRL,2025-06-27,RON,5500.00,27894.35,,RED-PEN-B-E-B-11,RED-PEN-B-E-B-<limit>,"{""limit"":""11""}",UNIQUE,BLUE-IR-OC-5 | CONSULTANCY-MISC-10,1247,2025-06-27,0,11.6.2025,"SERVICII DE SECURITATE INFORMATICA | Penetration testing, conform ONTRACT DE PRESTARI SERVICII Nr. 234/15.11.2022, ANEXA 1( 11 MD - https://selgros-test.newwork.cloud/) 5.500 euro+TVA la cursul BNR | SERVICII DE SECURITATE INFORMATICA | Pen",,"SCORED; date:0d, amount:0.0%; company=MANY; dominant=BLUE-IR-OC-5 (41%)"
accounting:BT.BIT 923,no,CONSULTANCY-MISC-16,,MANY,84,117,BLUE-IR-OC-5,0.410,0.644,MIXED/UNKNOWN,REVIEW,MEDIUM,SCORED,ron,cms689qg9028frt35or0c5753,BT.BIT 923,SELGROS CASH & CARRY SRL,2025-06-27,RON,1316.25,6675.64,,CONSULTANCY-MISC-16,CONSULTANCY-MISC-<limit>,"{""limit"":""16""}",UNIQUE,BLUE-IR-OC-5 | CONSULTANCY-MISC-10,1235,2025-06-27,0,20.3.2025,"Planificarea SMSI Etapa 1 | Clasificare Active conform Act aditional nr. 3 din 11.3.2025 la Contractul de prestari servicii Nr. 234/15.11.2022 (1,316.25 EURO+TVA la cursul BNR) | Planificarea SMSI Etapa 1 | Clasificare Active conform Act ad",,"SCORED; date:0d, amount:0.0%; company=MANY; dominant=BLUE-IR-OC-5 (41%)"
accounting:BT.BIT 937,no,BLUE-IR-OC-5,,MANY,84,117,BLUE-IR-OC-5,0.410,0.644,MIXED/UNKNOWN,REVIEW,HIGH,CONTRACT,ron,cms689qjg029lrt3531lsuc1r,BT.BIT 937,SELGROS CASH & CARRY SRL,2025-07-02,RON,250.00,1269.30,,BLUE-IR-OC-5,BLUE-IR-OC-<limit>,"{""limit"":""5""}",UNIQUE,BLUE-IR-OC-5,633,2023-03-01,854,234/15.11.2022,ANEXA 2 ? SERVICII RECURENTE DE SECURITATE | INFORMATICA On-call Incident Response ACT ADITIONAL NR. 1 din 6.11.2023 CONTRACT DE PRESTARI SERVICII Nr. 234/15.11.2022( 250 euro+TVA la cursul BNR) | ANEXA 2 ? SERVICII RECURENTE DE SECURITATE ,,"CONTRACT; contract, amount:0.0%, description:0.32; company=MANY; dominant=BLUE-IR-OC-5 (41%)"
accounting:BT.BIT 938,no,RED-PEN-B-I-BP-200,,MANY,84,117,BLUE-IR-OC-5,0.410,0.644,MIXED/UNKNOWN,REVIEW,HIGH,CONTRACT,ron,cms689qjn029ort35z5q5u0wa,BT.BIT 938,SELGROS CASH & CARRY SRL,2025-07-02,RON,500.00,2538.60,,RED-PEN-B-I-BP-200,RED-PEN-B-I-BP-<limit>,"{""limit"":""200""}",UNIQUE,CONSULTANCY-MISC-10,631,2024-04-26,432,234/15.11.2022,ANEXA 3 ? SERVICII RECURENTE DE SECURITATE | INFORMATICA Consultancy Services ACT ADITIONAL NR. 1 din 6.11.2023 CONTRACT DE PRESTARI SERVICII Nr. 234/15.11.2022( 500 euro+TVA la cursul BNR) | ANEXA 3 ? SERVICII RECURENTE DE SECURITATE | INF,,"CONTRACT; contract, description:0.11; company=MANY; dominant=BLUE-IR-OC-5 (41%)"
accounting:BT.BIT 954,no,CONSULTANCY-MISC-32,,MANY,84,117,BLUE-IR-OC-5,0.410,0.644,MIXED/UNKNOWN,REVIEW,MEDIUM,SCORED,ron,cms689qni02b0rt35i55mh0fg,BT.BIT 954,SELGROS CASH & CARRY SRL,2025-07-31,RON,2531.25,12851.16,,CONSULTANCY-MISC-32,CONSULTANCY-MISC-<limit>,"{""limit"":""32""}",UNIQUE,BLUE-IR-OC-5 | CONSULTANCY-MISC-10,1236,2025-07-31,0,20.3.2025,"Planificarea SMSI Etapa 2 | Analiza riscurilor conform Act aditional nr. 3 din 11.3.2025 la Contractul de prestari servicii Nr. 234/15.11.2022 ( 2,531.25 EURO + TVA la cursul BNR) | Planificarea SMSI Etapa 2 | Analiza riscurilor conform Act",,"SCORED; date:0d, amount:0.0%; company=MANY; dominant=BLUE-IR-OC-5 (41%)"
accounting:BT.BIT 965,no,BLUE-IR-OC-5,,MANY,84,117,BLUE-IR-OC-5,0.410,0.644,MIXED/UNKNOWN,REVIEW,HIGH,CONTRACT,ron,cms689qqf02bxrt35xcszdcmn,BT.BIT 965,SELGROS CASH & CARRY SRL,2025-08-04,RON,250.00,1269.25,,BLUE-IR-OC-5,BLUE-IR-OC-<limit>,"{""limit"":""5""}",UNIQUE,BLUE-IR-OC-5,634,2023-03-01,887,234/15.11.2022,ANEXA 2 ? SERVICII RECURENTE DE SECURITATE | INFORMATICA On-call Incident Response ACT ADITIONAL NR. 1 din 6.11.2023 CONTRACT DE PRESTARI SERVICII Nr. 234/15.11.2022( 250 euro+TVA la cursul BNR) | ANEXA 2 ? SERVICII RECURENTE DE SECURITATE ,,"CONTRACT; contract, amount:0.0%, description:0.32; company=MANY; dominant=BLUE-IR-OC-5 (41%)"
accounting:BT.BIT 966,no,CONSULTANCY-MISC-10,,MANY,84,117,BLUE-IR-OC-5,0.410,0.644,MIXED/UNKNOWN,REVIEW,MEDIUM,SCORED,ron,cms689qqn02c0rt35rhvsejw1,BT.BIT 966,SELGROS CASH & CARRY SRL,2025-08-04,RON,500.00,2538.50,,CONSULTANCY-MISC-10,CONSULTANCY-MISC-<limit>,"{""limit"":""10""}",UNIQUE,CONSULTANCY-MISC-10,912,2025-08-04,0,contract cadru cu diverse servicii de securitate,ANEXA 3 ? SERVICII RECURENTE DE SECURITATE | INFORMATICA Consultancy Services ACT ADITIONAL NR. 1 din 6.11.2023 CONTRACT DE PRESTARI SERVICII Nr. 234/15.11.2022( 500 euro+TVA la cursul BNR) | ANEXA 3 ? SERVICII RECURENTE DE SECURITATE | INF,,"SCORED; date:0d, amount:0.0%, description:0.24; company=MANY; dominant=BLUE-IR-OC-5 (41%)"
accounting:BT.R.BIT 16,no,BLUE-IR-OC-5,,MANY,84,117,BLUE-IR-OC-5,0.410,0.644,MIXED/UNKNOWN,REVIEW,MEDIUM,SCORED,ron,cms689qwj02e9rt3572jgant4,BT.R.BIT 16,SELGROS CASH & CARRY SRL,2025-09-02,RON,250.00,1268.12,,BLUE-IR-OC-5,BLUE-IR-OC-<limit>,"{""limit"":""5""}",UNIQUE,BLUE-IR-OC-5,890,2025-09-05,3,contract cadru cu diverse servicii de securitate,"ANEXA 2 - SERVICII RECURENTE DE SECURITATE | INFORMATICA On-call Incident Response ACT ADITIONAL NR. 1 din 6.11.2023 CONTRACT DE PRESTARI SERVICII Nr. 234/15.11.2022, 250 EUR+TVA la cursul BNR 5.0725 | ANEXA 2 - SERVICII RECURENTE DE SECURI",,"SCORED; date:3d, amount:0.0%, description:0.30; company=MANY; dominant=BLUE-IR-OC-5 (41%)"
accounting:BT.R.BIT 17,no,CONSULTANCY-MISC-10,,MANY,84,117,BLUE-IR-OC-5,0.410,0.644,MIXED/UNKNOWN,REVIEW,MEDIUM,SCORED,ron,cms689qwr02ecrt35mlm1dcq4,BT.R.BIT 17,SELGROS CASH & CARRY SRL,2025-09-02,RON,500.00,2536.25,,CONSULTANCY-MISC-10,CONSULTANCY-MISC-<limit>,"{""limit"":""10""}",UNIQUE,CONSULTANCY-MISC-10,913,2025-09-05,3,contract cadru cu diverse servicii de securitate,"ANEXA 3 - SERVICII RECURENTE DE SECURITATE | INFORMATICA Consultancy Services ACT ADITIONAL NR. 1 din 6.11.2023 CONTRACT DE PRESTARI SERVICII Nr. 234/15.11.2022, 500 EUR+TVA la cursul BNR 5.0725 | ANEXA 3 - SERVICII RECURENTE DE SECURITATE ",,"SCORED; date:3d, amount:0.0%, description:0.22; company=MANY; dominant=BLUE-IR-OC-5 (41%)"
accounting:BT. BIT 989,no,CONSULTANCY-MISC-21,,MANY,84,117,BLUE-IR-OC-5,0.410,0.644,MIXED/UNKNOWN,REVIEW,MEDIUM,SCORED,ron,cms689r1302g0rt35js4vsgn2,BT. BIT 989,SELGROS CASH & CARRY SRL,2025-09-30,RON,2900.00,14727.07,,CONSULTANCY-MISC-21,CONSULTANCY-MISC-<limit>,"{""limit"":""21""}",UNIQUE,BLUE-IR-OC-5 | CONSULTANCY-MISC-10,1237,2025-09-30,0,20.3.2025,Servicii de Business Impact Analysis (BIA) | conform Act aditional nr. 3 din 11.3.2025 la Contractul de prestari servicii Nr. 234/15.11.2022( 2900 EURO + TVA la cursul BNR) | Servicii de Business Impact Analysis (BIA) | conform Act aditiona,,"SCORED; date:0d, amount:0.0%; company=MANY; dominant=BLUE-IR-OC-5 (41%)"
accounting:BT.R.BIT 43,no,BLUE-IR-OC-5,,MANY,84,117,BLUE-IR-OC-5,0.410,0.644,MIXED/UNKNOWN,REVIEW,MEDIUM,SCORED,ron,cms689ram02jyrt35uy5fnpyc,BT.R.BIT 43,SELGROS CASH & CARRY SRL,2025-10-20,RON,250.00,1272.22,,BLUE-IR-OC-5,BLUE-IR-OC-<limit>,"{""limit"":""5""}",UNIQUE,BLUE-IR-OC-5,891,2025-10-20,0,contract cadru cu diverse servicii de securitate,"ANEXA 2 - SERVICII RECURENTE DE SECURITATE | INFORMATICA On-call Incident Response ACT ADITIONAL NR. 1 din 6.11.2023 CONTRACT DE PRESTARI SERVICII Nr. 234/15.11.2022, 250 EUR+TVA la cursul BNR 5.0889 | ANEXA 2 - SERVICII RECURENTE DE SECURI",,"SCORED; date:0d, amount:0.0%, description:0.30; company=MANY; dominant=BLUE-IR-OC-5 (41%)"
accounting:BT.R.BIT 44,no,CONSULTANCY-MISC-10,,MANY,84,117,BLUE-IR-OC-5,0.410,0.644,MIXED/UNKNOWN,REVIEW,MEDIUM,SCORED,ron,cms689rau02k1rt35qnsu6er2,BT.R.BIT 44,SELGROS CASH & CARRY SRL,2025-10-20,RON,500.00,2544.45,,CONSULTANCY-MISC-10,CONSULTANCY-MISC-<limit>,"{""limit"":""10""}",UNIQUE,CONSULTANCY-MISC-10,914,2025-10-20,0,contract cadru cu diverse servicii de securitate,"ANEXA 3 - SERVICII RECURENTE DE SECURITATE | INFORMATICA Consultancy Services ACT ADITIONAL NR. 1 din 6.11.2023 CONTRACT DE PRESTARI SERVICII Nr. 234/15.11.2022, 500 EUR+TVA la cursul BNR 5.0889 | ANEXA 3 - SERVICII RECURENTE DE SECURITATE ",,"SCORED; date:0d, amount:0.0%, description:0.22; company=MANY; dominant=BLUE-IR-OC-5 (41%)"
accounting:BT.R.BIT 70,no,BLUE-IR-OC-5,,MANY,84,117,BLUE-IR-OC-5,0.410,0.644,MIXED/UNKNOWN,REVIEW,MEDIUM,SCORED,ron,cms689r5702hqrt355fjwsb74,BT.R.BIT 70,SELGROS CASH & CARRY SRL,2025-11-26,RON,250.00,1272.25,,BLUE-IR-OC-5,BLUE-IR-OC-<limit>,"{""limit"":""5""}",UNIQUE,BLUE-IR-OC-5,892,2025-11-26,0,contract cadru cu diverse servicii de securitate,"ANEXA 2 - SERVICII RECURENTE DE SECURITATE | INFORMATICA On-call Incident Response ACT ADITIONAL NR. 1 din 6.11.2023 CONTRACT DE PRESTARI SERVICII Nr. 234/15.11.2022, 250 EUR+TVA la cursul BNR 5.089 | ANEXA 2 - SERVICII RECURENTE DE SECURIT",,"SCORED; date:0d, amount:0.0%, description:0.30; company=MANY; dominant=BLUE-IR-OC-5 (41%)"
accounting:BT.R.BIT 71,no,CONSULTANCY-MISC-10,,MANY,84,117,BLUE-IR-OC-5,0.410,0.644,MIXED/UNKNOWN,REVIEW,MEDIUM,SCORED,ron,cms689r5e02htrt3583xgwmmt,BT.R.BIT 71,SELGROS CASH & CARRY SRL,2025-11-26,RON,500.00,2544.50,,CONSULTANCY-MISC-10,CONSULTANCY-MISC-<limit>,"{""limit"":""10""}",UNIQUE,CONSULTANCY-MISC-10,915,2025-11-26,0,contract cadru cu diverse servicii de securitate,"ANEXA 3 - SERVICII RECURENTE DE SECURITATE | INFORMATICA Consultancy Services ACT ADITIONAL NR. 1 din 6.11.2023 CONTRACT DE PRESTARI SERVICII Nr. 234/15.11.2022, 500 EUR+TVA la cursul BNR 5.089 | ANEXA 3 - SERVICII RECURENTE DE SECURITATE |",,"SCORED; date:0d, amount:0.0%, description:0.22; company=MANY; dominant=BLUE-IR-OC-5 (41%)"
accounting:BT.BIT 1000,no,CONSULTANCY-MISC-32,,MANY,84,117,BLUE-IR-OC-5,0.410,0.644,MIXED/UNKNOWN,REVIEW,MEDIUM,SCORED,ron,cms689rm302mwrt35kzop5o07,BT.BIT 1000,SELGROS CASH & CARRY SRL,2025-11-28,RON,2733.75,13915.06,,CONSULTANCY-MISC-32,CONSULTANCY-MISC-<limit>,"{""limit"":""32""}",UNIQUE,BLUE-IR-OC-5 | CONSULTANCY-MISC-10,1238,2025-11-28,0,20.3.2025,"Servicii de Etapa 3 : | Definire masuri control conform Act aditional nr. 3 din 11.3.2025 la Contractul de prestari servicii Nr. 234/15.11.2022( 2,733.75 EURO + TVA la cursul BNR) | Servicii de Etapa 3 : | Definire masuri control conform Ac",,"SCORED; date:0d, amount:0.0%; company=MANY; dominant=BLUE-IR-OC-5 (41%)"
accounting:BT.BIT 1001,no,CONSULTANCY-MISC-64,,MANY,84,117,BLUE-IR-OC-5,0.410,0.644,MIXED/UNKNOWN,REVIEW,MEDIUM,SCORED,ron,cms689rms02mzrt35qq16ca28,BT.BIT 1001,SELGROS CASH & CARRY SRL,2025-11-28,RON,3341.50,17008.57,,CONSULTANCY-MISC-64,CONSULTANCY-MISC-<limit>,"{""limit"":""64""}",UNIQUE,BLUE-IR-OC-5 | CONSULTANCY-MISC-10,1239,2025-11-28,0,20.3.2025,"50% din Servicii de revizuire si implementare a politicilor | ?i masurilor: Etapa 1 : Revizuirea documentelor BSI-Standard conform Act aditional nr. 3 din 11.3.2025 la Contractul de prestari servicii Nr. 234/15.11.2022(3341,5 EURO + TVA la ",,"SCORED; date:0d, amount:0.0%; company=MANY; dominant=BLUE-IR-OC-5 (41%)"
accounting:BT.R.BIT 97,no,BLUE-IR-OC-5,,MANY,84,117,BLUE-IR-OC-5,0.410,0.644,MIXED/UNKNOWN,REVIEW,MEDIUM,SCORED,ron,cms689rtg02onrt351ab6cmg6,BT.R.BIT 97,SELGROS CASH & CARRY SRL,2025-12-23,RON,250.00,1272.02,,BLUE-IR-OC-5,BLUE-IR-OC-<limit>,"{""limit"":""5""}",UNIQUE,BLUE-IR-OC-5,893,2025-12-23,0,contract cadru cu diverse servicii de securitate,"ANEXA 2 - SERVICII RECURENTE DE SECURITATE | INFORMATICA On-call Incident Response ACT ADITIONAL NR. 1 din 6.11.2023 CONTRACT DE PRESTARI SERVICII Nr. 234/15.11.2022, 250 EUR+TVA la cursul BNR 5.0881 | ANEXA 2 - SERVICII RECURENTE DE SECURI",,"SCORED; date:0d, amount:0.0%, description:0.30; company=MANY; dominant=BLUE-IR-OC-5 (41%)"
accounting:BT.R.BIT 98,no,CONSULTANCY-MISC-10,,MANY,84,117,BLUE-IR-OC-5,0.410,0.644,MIXED/UNKNOWN,REVIEW,MEDIUM,SCORED,ron,cms689rtp02oqrt35y7ia0wp1,BT.R.BIT 98,SELGROS CASH & CARRY SRL,2025-12-23,RON,500.00,2544.05,,CONSULTANCY-MISC-10,CONSULTANCY-MISC-<limit>,"{""limit"":""10""}",UNIQUE,CONSULTANCY-MISC-10,916,2025-12-23,0,contract cadru cu diverse servicii de securitate,"ANEXA 3 - SERVICII RECURENTE DE SECURITATE | INFORMATICA Consultancy Services ACT ADITIONAL NR. 1 din 6.11.2023 CONTRACT DE PRESTARI SERVICII Nr. 234/15.11.2022, 500 EUR+TVA la cursul BNR 5.0881 | ANEXA 3 - SERVICII RECURENTE DE SECURITATE ",,"SCORED; date:0d, amount:0.0%, description:0.22; company=MANY; dominant=BLUE-IR-OC-5 (41%)"
accounting:BT.R.BIT 124,no,BLUE-IR-OC-5,,MANY,84,117,BLUE-IR-OC-5,0.410,0.644,MIXED/UNKNOWN,REVIEW,MEDIUM,SCORED,ron,cms689rzr02qvrt35f5pz8tbp,BT.R.BIT 124,SELGROS CASH & CARRY SRL,2026-01-20,RON,250.00,1273.03,,BLUE-IR-OC-5,BLUE-IR-OC-<limit>,"{""limit"":""5""}",UNIQUE,BLUE-IR-OC-5,917,2026-01-20,0,contract cadru cu diverse servicii de securitate,"ANEXA 2 - SERVICII RECURENTE DE SECURITATE | INFORMATICA On-call Incident Response ACT ADITIONAL NR. 1 din 6.11.2023 CONTRACT DE PRESTARI SERVICII Nr. 234/15.11.2022, 250 EUR+TVA la cursul BNR 5.0921 | ANEXA 2 - SERVICII RECURENTE DE SECURI",,"SCORED; date:0d, amount:0.0%, description:0.30; company=MANY; dominant=BLUE-IR-OC-5 (41%)"
accounting:BT.R.BIT 125,no,CONSULTANCY-MISC-10,,MANY,84,117,BLUE-IR-OC-5,0.410,0.644,MIXED/UNKNOWN,REVIEW,MEDIUM,SCORED,ron,cms689s0002qyrt35gh87kx3r,BT.R.BIT 125,SELGROS CASH & CARRY SRL,2026-01-20,RON,500.00,2546.05,,CONSULTANCY-MISC-10,CONSULTANCY-MISC-<limit>,"{""limit"":""10""}",UNIQUE,CONSULTANCY-MISC-10,894,2026-01-20,0,contract cadru cu diverse servicii de securitate,"ANEXA 3 - SERVICII RECURENTE DE SECURITATE | INFORMATICA Consultancy Services ACT ADITIONAL NR. 1 din 6.11.2023 CONTRACT DE PRESTARI SERVICII Nr. 234/15.11.2022, 500 EUR+TVA la cursul BNR 5.0921 | ANEXA 3 - SERVICII RECURENTE DE SECURITATE ",,"SCORED; date:0d, amount:0.0%, description:0.22; company=MANY; dominant=BLUE-IR-OC-5 (41%)"
accounting:BT.R.BIT 152,no,BLUE-IR-OC-5,,MANY,84,117,BLUE-IR-OC-5,0.410,0.644,MIXED/UNKNOWN,REVIEW,MEDIUM,SCORED,ron,cms689scv02uirt352ghavwqb,BT.R.BIT 152,SELGROS CASH & CARRY SRL,2026-02-13,RON,250.00,1273.35,,BLUE-IR-OC-5,BLUE-IR-OC-<limit>,"{""limit"":""5""}",UNIQUE,BLUE-IR-OC-5,918,2026-02-13,0,contract cadru cu diverse servicii de securitate,"ANEXA 2 - SERVICII RECURENTE DE SECURITATE | INFORMATICA On-call Incident Response ACT ADITIONAL NR. 1 din 6.11.2023 CONTRACT DE PRESTARI SERVICII Nr. 234/15.11.2022, 250 EUR+TVA la cursul BNR 5.0934 | ANEXA 2 - SERVICII RECURENTE DE SECURI",,"SCORED; date:0d, amount:0.0%, description:0.30; company=MANY; dominant=BLUE-IR-OC-5 (41%)"
accounting:BT.R.BIT 153,no,CONSULTANCY-MISC-10,,MANY,84,117,BLUE-IR-OC-5,0.410,0.644,MIXED/UNKNOWN,REVIEW,MEDIUM,SCORED,ron,cms689sd502ulrt35mp2c4j9w,BT.R.BIT 153,SELGROS CASH & CARRY SRL,2026-02-13,RON,500.00,2546.70,,CONSULTANCY-MISC-10,CONSULTANCY-MISC-<limit>,"{""limit"":""10""}",UNIQUE,CONSULTANCY-MISC-10,895,2026-02-13,0,contract cadru cu diverse servicii de securitate,"ANEXA 3 - SERVICII RECURENTE DE SECURITATE | INFORMATICA Consultancy Services ACT ADITIONAL NR. 1 din 6.11.2023 CONTRACT DE PRESTARI SERVICII Nr. 234/15.11.2022, 500 EUR+TVA la cursul BNR 5.0934 | ANEXA 3 - SERVICII RECURENTE DE SECURITATE ",,"SCORED; date:0d, amount:0.0%, description:0.22; company=MANY; dominant=BLUE-IR-OC-5 (41%)"
accounting:BT.R.BIT 188,no,BLUE-IR-OC-5,,MANY,84,117,BLUE-IR-OC-5,0.410,0.644,MIXED/UNKNOWN,REVIEW,MEDIUM,SCORED,ron,cms689srm02yurt35c6lde7s3,BT.R.BIT 188,SELGROS CASH & CARRY SRL,2026-03-20,RON,250.00,1273.98,,BLUE-IR-OC-5,BLUE-IR-OC-<limit>,"{""limit"":""5""}",UNIQUE,BLUE-IR-OC-5,919,2026-03-20,0,contract cadru cu diverse servicii de securitate,"ANEXA 2 - SERVICII RECURENTE DE SECURITATE | INFORMATICA On-call Incident Response ACT ADITIONAL NR. 1 din 6.11.2023 CONTRACT DE PRESTARI SERVICII Nr. 234/15.11.2022, 250.00 EUR+TVA la cursul BNR 5.0959 | ANEXA 2 - SERVICII RECURENTE DE SEC",,"SCORED; date:0d, amount:0.0%, description:0.30; company=MANY; dominant=BLUE-IR-OC-5 (41%)"
accounting:BT.R.BIT 189,no,CONSULTANCY-MISC-10,,MANY,84,117,BLUE-IR-OC-5,0.410,0.644,MIXED/UNKNOWN,REVIEW,MEDIUM,SCORED,ron,cms689sry02yxrt35tsfsdd9t,BT.R.BIT 189,SELGROS CASH & CARRY SRL,2026-03-20,RON,500.00,2547.95,,CONSULTANCY-MISC-10,CONSULTANCY-MISC-<limit>,"{""limit"":""10""}",UNIQUE,CONSULTANCY-MISC-10,896,2026-03-20,0,contract cadru cu diverse servicii de securitate,"ANEXA 3 - SERVICII RECURENTE DE SECURITATE | INFORMATICA Consultancy Services ACT ADITIONAL NR. 1 din 6.11.2023 CONTRACT DE PRESTARI SERVICII Nr. 234/15.11.2022, 500.00 EUR+TVA la cursul BNR 5.0959 | ANEXA 3 - SERVICII RECURENTE DE SECURITA",,"SCORED; date:0d, amount:0.0%, description:0.22; company=MANY; dominant=BLUE-IR-OC-5 (41%)"
accounting:BT.R.BIT 217,no,BLUE-IR-OC-5,,MANY,84,117,BLUE-IR-OC-5,0.410,0.644,MIXED/UNKNOWN,REVIEW,MEDIUM,SCORED,ron,cms689t7c032xrt3502dmac3s,BT.R.BIT 217,SELGROS CASH & CARRY SRL,2026-04-29,RON,250.00,1273.42,,BLUE-IR-OC-5,BLUE-IR-OC-<limit>,"{""limit"":""5""}",UNIQUE,BLUE-IR-OC-5,920,2026-04-29,0,contract cadru cu diverse servicii de securitate,"ANEXA 2 - SERVICII RECURENTE DE SECURITATE | INFORMATICA On-call Incident Response ACT ADITIONAL NR. 1 din 6.11.2023 CONTRACT DE PRESTARI SERVICII Nr. 234/15.11.2022, 250.00 EUR+TVA la cursul BNR 5.0937 | ANEXA 2 - SERVICII RECURENTE DE SEC",,"SCORED; date:0d, amount:0.0%, description:0.30; company=MANY; dominant=BLUE-IR-OC-5 (41%)"
accounting:BT.R.BIT 218,no,CONSULTANCY-MISC-10,,MANY,84,117,BLUE-IR-OC-5,0.410,0.644,MIXED/UNKNOWN,REVIEW,MEDIUM,SCORED,ron,cms689t7l0330rt35zzaglilc,BT.R.BIT 218,SELGROS CASH & CARRY SRL,2026-04-29,RON,500.00,2546.85,,CONSULTANCY-MISC-10,CONSULTANCY-MISC-<limit>,"{""limit"":""10""}",UNIQUE,CONSULTANCY-MISC-10,897,2026-04-29,0,contract cadru cu diverse servicii de securitate,"ANEXA 3 - SERVICII RECURENTE DE SECURITATE | INFORMATICA Consultancy Services ACT ADITIONAL NR. 1 din 6.11.2023 CONTRACT DE PRESTARI SERVICII Nr. 234/15.11.2022, 500.00 EUR+TVA la cursul BNR 5.0937 | ANEXA 3 - SERVICII RECURENTE DE SECURITA",,"SCORED; date:0d, amount:0.0%, description:0.22; company=MANY; dominant=BLUE-IR-OC-5 (41%)"
accounting:BT.R.BIT 246,no,BLUE-IR-OC-5,,MANY,84,117,BLUE-IR-OC-5,0.410,0.644,MIXED/UNKNOWN,REVIEW,MEDIUM,SCORED,ron,cms689tfj035hrt35dosdx60d,BT.R.BIT 246,SELGROS CASH & CARRY SRL,2026-05-25,RON,250.00,1312.20,,BLUE-IR-OC-5,BLUE-IR-OC-<limit>,"{""limit"":""5""}",UNIQUE,BLUE-IR-OC-5,921,2026-05-25,0,contract cadru cu diverse servicii de securitate,"ANEXA 2 - SERVICII RECURENTE DE SECURITATE | INFORMATICA On-call Incident Response ACT ADITIONAL NR. 1 din 6.11.2023 CONTRACT DE PRESTARI SERVICII Nr. 234/15.11.2022, 250.00 EUR+TVA la cursul BNR 5.2488 | ANEXA 2 - SERVICII RECURENTE DE SEC",,"SCORED; date:0d, amount:0.0%, description:0.30; company=MANY; dominant=BLUE-IR-OC-5 (41%)"
accounting:BT.R.BIT 247,no,CONSULTANCY-MISC-10,,MANY,84,117,BLUE-IR-OC-5,0.410,0.644,MIXED/UNKNOWN,REVIEW,MEDIUM,SCORED,ron,cms689tfr035krt35jrclwhqu,BT.R.BIT 247,SELGROS CASH & CARRY SRL,2026-05-25,RON,500.00,2624.40,,CONSULTANCY-MISC-10,CONSULTANCY-MISC-<limit>,"{""limit"":""10""}",UNIQUE,CONSULTANCY-MISC-10,898,2026-05-25,0,contract cadru cu diverse servicii de securitate,"ANEXA 3 - SERVICII RECURENTE DE SECURITATE | INFORMATICA Consultancy Services ACT ADITIONAL NR. 1 din 6.11.2023 CONTRACT DE PRESTARI SERVICII Nr. 234/15.11.2022, 500.00 EUR+TVA la cursul BNR 5.2488 | ANEXA 3 - SERVICII RECURENTE DE SECURITA",,"SCORED; date:0d, amount:0.0%, description:0.22; company=MANY; dominant=BLUE-IR-OC-5 (41%)"
accounting:BT.R.BIT 275,no,BLUE-IR-OC-5,,MANY,84,117,BLUE-IR-OC-5,0.410,0.644,MIXED/UNKNOWN,REVIEW,MEDIUM,SCORED,ron,cms689tpz0385rt35uf1n1akm,BT.R.BIT 275,SELGROS CASH & CARRY SRL,2026-06-17,RON,250.00,1307.75,,BLUE-IR-OC-5,BLUE-IR-OC-<limit>,"{""limit"":""5""}",UNIQUE,BLUE-IR-OC-5,922,2026-06-19,2,contract cadru cu diverse servicii de securitate,"ANEXA 2 - SERVICII RECURENTE DE SECURITATE | INFORMATICA On-call Incident Response ACT ADITIONAL NR. 1 din 6.11.2023 CONTRACT DE PRESTARI SERVICII Nr. 234/15.11.2022, 250.00 EUR+TVA la cursul BNR 5.231 | ANEXA 2 - SERVICII RECURENTE DE SECU",,"SCORED; date:2d, amount:0.0%, description:0.30; company=MANY; dominant=BLUE-IR-OC-5 (41%)"
accounting:BT.R.BIT 276,no,CONSULTANCY-MISC-10,,MANY,84,117,BLUE-IR-OC-5,0.410,0.644,MIXED/UNKNOWN,REVIEW,MEDIUM,SCORED,ron,cms689tq70388rt35op1ao8df,BT.R.BIT 276,SELGROS CASH & CARRY SRL,2026-06-17,RON,500.00,2615.50,,CONSULTANCY-MISC-10,CONSULTANCY-MISC-<limit>,"{""limit"":""10""}",UNIQUE,CONSULTANCY-MISC-10,899,2026-06-19,2,contract cadru cu diverse servicii de securitate,"ANEXA 3 - SERVICII RECURENTE DE SECURITATE | INFORMATICA Consultancy Services ACT ADITIONAL NR. 1 din 6.11.2023 CONTRACT DE PRESTARI SERVICII Nr. 234/15.11.2022, 500.00 EUR+TVA la cursul BNR 5.231 | ANEXA 3 - SERVICII RECURENTE DE SECURITAT",,"SCORED; date:2d, amount:0.0%, description:0.22; company=MANY; dominant=BLUE-IR-OC-5 (41%)"
accounting:BT.R.BIT 304,no,BLUE-IR-OC-5,,MANY,84,117,BLUE-IR-OC-5,0.410,0.644,MIXED/UNKNOWN,REVIEW,MEDIUM,SCORED,ron,cms689tyr03axrt35qfw1z9eo,BT.R.BIT 304,SELGROS CASH & CARRY SRL,2026-07-18,RON,250.00,1310.72,,BLUE-IR-OC-5,BLUE-IR-OC-<limit>,"{""limit"":""5""}",UNIQUE,BLUE-IR-OC-5,923,2026-07-05,13,contract cadru cu diverse servicii de securitate,"ANEXA 2 - SERVICII RECURENTE DE SECURITATE | INFORMATICA On-call Incident Response ACT ADITIONAL NR. 1 din 6.11.2023 CONTRACT DE PRESTARI SERVICII Nr. 234/15.11.2022, 250.00 EUR+TVA la cursul BNR 5.2429 | ANEXA 2 - SERVICII RECURENTE DE SEC",,"SCORED; date:13d, amount:0.0%, description:0.30; company=MANY; dominant=BLUE-IR-OC-5 (41%)"
accounting:BT.R.BIT 305,no,CONSULTANCY-MISC-10,,MANY,84,117,BLUE-IR-OC-5,0.410,0.644,MIXED/UNKNOWN,REVIEW,MEDIUM,SCORED,ron,cms689tyz03b0rt35nfvzuwis,BT.R.BIT 305,SELGROS CASH & CARRY SRL,2026-07-18,RON,500.00,2621.45,,CONSULTANCY-MISC-10,CONSULTANCY-MISC-<limit>,"{""limit"":""10""}",UNIQUE,CONSULTANCY-MISC-10,900,2026-07-05,13,contract cadru cu diverse servicii de securitate,"ANEXA 3 - SERVICII RECURENTE DE SECURITATE | INFORMATICA Consultancy Services ACT ADITIONAL NR. 1 din 6.11.2023 CONTRACT DE PRESTARI SERVICII Nr. 234/15.11.2022, 500.00 EUR+TVA la cursul BNR 5.2429 | ANEXA 3 - SERVICII RECURENTE DE SECURITA",,"SCORED; date:13d, amount:0.0%, description:0.22; company=MANY; dominant=BLUE-IR-OC-5 (41%)"
accounting:BT.BIT 485,no,RED-PEN-S-B-1,,SMALL,2,1,RED-PEN-S-B-1,1.000,0.000,MIXED/UNKNOWN,ACCEPT_CANDIDATE,HIGH,CONTRACT,ron,cms689nq70165rt35omejz16g,BT.BIT 485,SEVIO SOLUTIONS SRL,2023-05-22,RON,3300.00,16427.40,avans,RED-PEN-S-B-1,RED-PEN-S-B-<limit>,"{""limit"":""1""}",UNIQUE,RED-PEN-S-B-1,790,2023-05-22,0,265/18.05.2023,SERVICII CONFORM CONTRACT 265/18.05.2023 | 3.300 euro+TVA la cursul BNR reprezentand avans | SERVICII CONFORM CONTRACT 265/18.05.2023 | 3.300 euro+TVA la cursul BNR reprezentand avans,,"CONTRACT; contract, date:0d, amount:0.0%, milestone:avans; company=SMALL; dominant=RED-PEN-S-B-1 (100%)"
accounting:BT.BIT 509.,no,RED-PEN-S-B-1,,SMALL,2,1,RED-PEN-S-B-1,1.000,0.000,MIXED/UNKNOWN,REVIEW,HIGH,STORNO_REFERENCE,ron,cms689nwc018irt357szr2aq9,BT.BIT 509.,SEVIO SOLUTIONS SRL,2023-07-17,RON,3300.00,24349.05,storno,RED-PEN-S-B-1,RED-PEN-S-B-<limit>,"{""limit"":""1""}",UNIQUE,RED-PEN-S-B-1,790,2023-05-22,56,265/18.05.2023,SERVICI CONFORM CONTRACT 265/18.05.2023 | stornare factura 485/22.05.2023 reprezentand 3.300 euro+TVA reprezentand avans | SERVICI CONFORM CONTRACT 265/18.05.2023 | stornare factura 485/22.05.2023 reprezentand 3.300 euro+TVA reprezentand av,,Storno mapped to BT.BIT 485; contract=true; amount=true; gap=56d
accounting:BT.BIT 279,no,RED-PEN-S-G-1,,MANY,113,127,RED-C-M-MM-16,0.520,0.915,MIXED/UNKNOWN,ACCEPT_CANDIDATE,HIGH,CONTRACT,ron,cms689mdo00nzrt354bbhu08f,BT.BIT 279,SILKWEB S.A.,2021-07-12,RON,3250.00,16014.38,avans,RED-PEN-S-G-1,RED-PEN-S-G-<limit>,"{""limit"":""1""}",UNIQUE,RED-PEN-S-G-1,210,2021-07-12,0,195/29.06.2021,SERVICII CONFORM ANEXA 1 LA CONTRACT 195/29.06.2021 | 50% avans reprezentand 3.250 euro+TVA la cursul BNR | SERVICII CONFORM ANEXA 1 LA CONTRACT 195/29.06.2021 | 50% avans reprezentand 3.250 euro+TVA la cursul BNR,,"CONTRACT; contract, date:0d, milestone:avans; company=MANY; dominant=RED-C-M-MM-16 (52%)"
accounting:BT.BIT 285,no,RED-PEN-S-G-1,,MANY,113,127,RED-C-M-MM-16,0.520,0.915,MIXED/UNKNOWN,REVIEW,HIGH,STORNO_REFERENCE,ron,cms689mf500olrt353rcjjqqa,BT.BIT 285,SILKWEB S.A.,2021-08-25,RON,3250.00,16020.22,storno,RED-PEN-S-G-1,RED-PEN-S-G-<limit>,"{""limit"":""1""}",UNIQUE,RED-PEN-S-G-1,210,2021-07-12,44,195/29.06.2021,SERVICII CONFORM ANEXA 1 LA CONTRACT 195/29.06.2021 | stornare fact 279 reprezentand 50% avans reprezentand 3.250 euro+TVA la cursul BNR | SERVICII CONFORM ANEXA 1 LA CONTRACT 195/29.06.2021 | stornare fact 279 reprezentand 50% avans reprez,,Storno mapped to BT.BIT 279; contract=true; amount=true; gap=44d
accounting:BT.BIT 294,no,RED-PEN-S-G-1,,MANY,113,127,RED-C-M-MM-16,0.520,0.915,MIXED/UNKNOWN,REVIEW,HIGH,CONTRACT,ron,cms689mhi00phrt35obv7fhcd,BT.BIT 294,SILKWEB S.A.,2021-10-04,RON,625.00,3679.26,,RED-PEN-S-G-1,RED-PEN-S-G-<limit>,"{""limit"":""1""}",UNIQUE,RED-PEN-S-G-1 | RED-C-M-MM-16,210,2021-08-25,40,195/29.06.2021,SERVICII CONFORM ANEXA 2 LA CONTRACT 195/29.06.2021 | 625 euro+TVA la cursul BNR | SERVICII CONFORM ANEXA 2 LA CONTRACT 195/29.06.2021 | 625 euro+TVA la cursul BNR,,"CONTRACT; contract, date:40d; company=MANY; dominant=RED-C-M-MM-16 (52%)"
accounting:BT.BIT 301,no,RED-C-M-MM-16,,MANY,113,127,RED-C-M-MM-16,0.520,0.915,MIXED/UNKNOWN,REVIEW,MEDIUM,SCORED,ron,cms689mj700q8rt35919niiqt,BT.BIT 301,SILKWEB S.A.,2021-11-01,RON,625.00,3093.00,,RED-C-M-MM-16,RED-C-M-MM-<limit>,"{""limit"":""16""}",UNIQUE,RED-PEN-S-G-1 | RED-C-M-MM-16,213,2021-11-01,0,NR. 1 DIN 18.3.2022,SERVICII CONFORM ANEXA 2 LA CONTRACT 195/29.06.2021 | 625 euro+TVA la cursul BNR | SERVICII CONFORM ANEXA 2 LA CONTRACT 195/29.06.2021 | 625 euro+TVA la cursul BNR,,"SCORED; date:0d, amount:0.0%; company=MANY; dominant=RED-C-M-MM-16 (52%)"
accounting:BT.BIT 306,no,RED-C-M-MM-16,,MANY,113,127,RED-C-M-MM-16,0.520,0.915,MIXED/UNKNOWN,REVIEW,MEDIUM,SCORED,ron,cms689mkd00qnrt35eq69kxsw,BT.BIT 306,SILKWEB S.A.,2021-12-02,RON,625.00,3093.13,,RED-C-M-MM-16,RED-C-M-MM-<limit>,"{""limit"":""16""}",UNIQUE,RED-PEN-S-G-1 | RED-C-M-MM-16,214,2021-12-02,0,NR. 1 DIN 18.3.2022,SERVICII CONFORM ANEXA 2 LA CONTRACT 195/29.06.2021 | 625 euro+TVA la cursul BNR | SERVICII CONFORM ANEXA 2 LA CONTRACT 195/29.06.2021 | 625 euro+TVA la cursul BNR,,"SCORED; date:0d, amount:0.0%; company=MANY; dominant=RED-C-M-MM-16 (52%)"
accounting:BT.BIT 316,no,RED-C-M-MM-16,,MANY,113,127,RED-C-M-MM-16,0.520,0.915,MIXED/UNKNOWN,REVIEW,MEDIUM,SCORED,ron,cms689mmq00rhrt35d5ao2dks,BT.BIT 316,SILKWEB S.A.,2022-01-04,RON,625.00,3091.50,,RED-C-M-MM-16,RED-C-M-MM-<limit>,"{""limit"":""16""}",UNIQUE,RED-PEN-S-G-1 | RED-C-M-MM-16,215,2022-01-04,0,NR. 1 DIN 18.3.2022,SERVICII CONFORM ANEXA 2 LA CONTRACT 195/29.06.2021 | 625 euro+TVA la cursul BNR | SERVICII CONFORM ANEXA 2 LA CONTRACT 195/29.06.2021 | 625 euro+TVA la cursul BNR,,"SCORED; date:0d, amount:0.0%; company=MANY; dominant=RED-C-M-MM-16 (52%)"
accounting:BT.BIT 322,no,RED-C-M-MM-16,,MANY,113,127,RED-C-M-MM-16,0.520,0.915,MIXED/UNKNOWN,REVIEW,MEDIUM,SCORED,ron,cms689mo800rzrt354rskrpak,BT.BIT 322,SILKWEB S.A.,2022-02-03,RON,625.00,3091.06,,RED-C-M-MM-16,RED-C-M-MM-<limit>,"{""limit"":""16""}",UNIQUE,RED-PEN-S-G-1 | RED-C-M-MM-16,216,2022-02-03,0,NR. 1 DIN 18.3.2022,SERVICII RECURENTE DE SECURITATE INFORMATICA | conform ANEXA 2 Contract Nr. 195/29.06.2021 (625 euro+TVA la cursul BNR) | SERVICII RECURENTE DE SECURITATE INFORMATICA | conform ANEXA 2 Contract Nr. 195/29.06.2021 (625 euro+TVA la cursul BNR,,"SCORED; date:0d, amount:0.0%; company=MANY; dominant=RED-C-M-MM-16 (52%)"
accounting:BT.BIT 326,no,RED-C-M-MM-16,,MANY,113,127,RED-C-M-MM-16,0.520,0.915,MIXED/UNKNOWN,REVIEW,MEDIUM,SCORED,ron,cms689mpa00sbrt35size84fv,BT.BIT 326,SILKWEB S.A.,2022-03-03,RON,625.00,3093.06,,RED-C-M-MM-16,RED-C-M-MM-<limit>,"{""limit"":""16""}",UNIQUE,RED-PEN-S-G-1 | RED-C-M-MM-16,217,2022-03-03,0,NR. 1 DIN 18.3.2022,SERVICII RECURENTE DE SECURITATE INFORMATICA | conform ANEXA 2 Contract Nr. 195/29.06.2021 (625 euro+TVA la cursul BNR) | SERVICII RECURENTE DE SECURITATE INFORMATICA | conform ANEXA 2 Contract Nr. 195/29.06.2021 (625 euro+TVA la cursul BNR,,"SCORED; date:0d, amount:0.0%; company=MANY; dominant=RED-C-M-MM-16 (52%)"
accounting:BT.BIT 338,no,RED-C-M-MM-16,,MANY,113,127,RED-C-M-MM-16,0.520,0.915,MIXED/UNKNOWN,REVIEW,MEDIUM,SCORED,ron,cms689mrw00tcrt35j7y4tg8s,BT.BIT 338,SILKWEB S.A.,2022-04-06,RON,625.00,3089.44,,RED-C-M-MM-16,RED-C-M-MM-<limit>,"{""limit"":""16""}",UNIQUE,RED-PEN-S-G-1 | RED-C-M-MM-16,218,2022-04-06,0,NR. 1 DIN 18.3.2022,SERVICII RECURENTE DE SECURITATE INFORMATICA | conform ANEXA 2 Contract Nr. 195/29.06.2021 (625 euro+TVA la cursul BNR) | SERVICII RECURENTE DE SECURITATE INFORMATICA | conform ANEXA 2 Contract Nr. 195/29.06.2021 (625 euro+TVA la cursul BNR,,"SCORED; date:0d, amount:0.0%; company=MANY; dominant=RED-C-M-MM-16 (52%)"
accounting:BT.BIT 344,no,RED-C-M-MM-16,,MANY,113,127,RED-C-M-MM-16,0.520,0.915,MIXED/UNKNOWN,REVIEW,MEDIUM,SCORED,ron,cms689mt400turt35o5gccoc3,BT.BIT 344,SILKWEB S.A.,2022-05-09,RON,625.00,3091.82,,RED-C-M-MM-16,RED-C-M-MM-<limit>,"{""limit"":""16""}",UNIQUE,RED-PEN-S-G-1 | RED-C-M-MM-16,219,2022-05-09,0,NR. 1 DIN 18.3.2022,SERVICII RECURENTE DE SECURITATE INFORMATICA | conform ANEXA 2 Contract Nr. 195/29.06.2021 (625 euro+TVA la cursul BNR) | SERVICII RECURENTE DE SECURITATE INFORMATICA | conform ANEXA 2 Contract Nr. 195/29.06.2021 (625 euro+TVA la cursul BNR,,"SCORED; date:0d, amount:0.0%; company=MANY; dominant=RED-C-M-MM-16 (52%)"
accounting:BT.BIT 356,no,RED-C-M-MM-16,,MANY,113,127,RED-C-M-MM-16,0.520,0.915,MIXED/UNKNOWN,REVIEW,MEDIUM,SCORED,ron,cms689mw400uurt35vls9uz4f,BT.BIT 356,SILKWEB S.A.,2022-06-09,RON,625.00,3091.00,,RED-C-M-MM-16,RED-C-M-MM-<limit>,"{""limit"":""16""}",UNIQUE,RED-PEN-S-G-1 | RED-C-M-MM-16,220,2022-06-09,0,NR. 1 DIN 18.3.2022,SERVICII RECURENTE DE SECURITATE INFORMATICA | conform ANEXA 2 Contract Nr. 195/29.06.2021 (625 euro+TVA la cursul BNR) | SERVICII RECURENTE DE SECURITATE INFORMATICA | conform ANEXA 2 Contract Nr. 195/29.06.2021 (625 euro+TVA la cursul BNR,,"SCORED; date:0d, amount:0.0%; company=MANY; dominant=RED-C-M-MM-16 (52%)"
accounting:BT.BIT 357,no,BLUE-MDR-C-60,,MANY,113,127,RED-C-M-MM-16,0.520,0.915,MIXED/UNKNOWN,REVIEW,MEDIUM,SCORED,ron,cms689mwc00uxrt35shxwfcsu,BT.BIT 357,SILKWEB S.A.,2022-06-09,RON,950.00,4698.32,,BLUE-MDR-C-60,BLUE-MDR-C-<limit>,"{""limit"":""60""}",UNIQUE,RED-PEN-S-G-1 | BLUE-MDR-C-60,231,2022-06-09,0,NR. 2 DIN 18.04.2022,SERVICII CONFORM ACT ADITIONAL NR. 2 DIN 18.04.2022 | CONTRACT DE PRESTARI SERVICII Nr. 195/29.06.2021 ( 950 euro+TVA la cursul BNR) | SERVICII CONFORM ACT ADITIONAL NR. 2 DIN 18.04.2022 | CONTRACT DE PRESTARI SERVICII Nr. 195/29.06.2021 ( ,,"SCORED; date:0d, amount:0.0%; company=MANY; dominant=RED-C-M-MM-16 (52%)"
accounting:BT.BIT 358,no,BLUE-MDR-I,,MANY,113,127,RED-C-M-MM-16,0.520,0.915,MIXED/UNKNOWN,REVIEW,MEDIUM,SCORED,ron,cms689mwk00v0rt35hfgb2eai,BT.BIT 358,SILKWEB S.A.,2022-06-09,RON,3000.00,14836.80,,BLUE-MDR-I,BLUE-MDR-I,,UNIQUE,RED-PEN-S-G-1 | BLUE-MDR-I | RED-C-M-MM-16 | BLUE-MDR-C-60,230,2022-06-09,0,NR. 2 DIN 18.04.2022,SERVICII CONFORM ACT ADITIONAL NR. 2 DIN 18.04.2022 | CONTRACT DE PRESTARI SERVICII Nr. 195/29.06.2021 reprezentand costuri de instalare (3.000 Euro+TVA la cursul BNR) | SERVICII CONFORM ACT ADITIONAL NR. 2 DIN 18.04.2022 | CONTRACT DE PRES,,"SCORED; date:0d, amount:0.0%; company=MANY; dominant=RED-C-M-MM-16 (52%)"
accounting:BT.BIT 368,no,RED-C-M-MM-16,,MANY,113,127,RED-C-M-MM-16,0.520,0.915,MIXED/UNKNOWN,REVIEW,MEDIUM,SCORED,ron,cms689mza00vurt35vcmvups2,BT.BIT 368,SILKWEB S.A.,2022-07-12,RON,625.00,3089.38,,RED-C-M-MM-16,RED-C-M-MM-<limit>,"{""limit"":""16""}",UNIQUE,RED-PEN-S-G-1 | RED-C-M-MM-16,221,2022-07-12,0,NR. 1 DIN 18.3.2022,SERVICII RECURENTE DE SECURITATE INFORMATICA | conform ANEXA 2 Contract Nr. 195/29.06.2021 ( 625 euro+TVA la cursul BNR) | SERVICII RECURENTE DE SECURITATE INFORMATICA | conform ANEXA 2 Contract Nr. 195/29.06.2021 ( 625 euro+TVA la cursul B,,"SCORED; date:0d, amount:0.0%; company=MANY; dominant=RED-C-M-MM-16 (52%)"
accounting:BT.BIT 369,no,BLUE-MDR-C-60,,MANY,113,127,RED-C-M-MM-16,0.520,0.915,MIXED/UNKNOWN,REVIEW,MEDIUM,SCORED,ron,cms689mzi00vxrt35zmfbriei,BT.BIT 369,SILKWEB S.A.,2022-07-12,RON,950.00,4695.85,,BLUE-MDR-C-60,BLUE-MDR-C-<limit>,"{""limit"":""60""}",UNIQUE,RED-PEN-S-G-1 | BLUE-MDR-C-60,232,2022-07-12,0,NR. 2 DIN 18.04.2022,SERV. CONF. ACT ADITIONAL NR. 2 DIN 18.04.2022 | CONTRACT DE PRESTARI SERVICII Nr. 195/29.06.2021 ( 950 euro +TVA la cursul BNR) | SERV. CONF. ACT ADITIONAL NR. 2 DIN 18.04.2022 | CONTRACT DE PRESTARI SERVICII Nr. 195/29.06.2021 ( 950 euro ,,"SCORED; date:0d, amount:0.0%; company=MANY; dominant=RED-C-M-MM-16 (52%)"
accounting:BT.BIT 380,no,RED-C-M-MM-16,,MANY,113,127,RED-C-M-MM-16,0.520,0.915,MIXED/UNKNOWN,REVIEW,MEDIUM,SCORED,ron,cms689n2b00wxrt35ae4vow43,BT.BIT 380,SILKWEB S.A.,2022-08-08,RON,625.00,3075.62,,RED-C-M-MM-16,RED-C-M-MM-<limit>,"{""limit"":""16""}",UNIQUE,RED-PEN-S-G-1 | RED-C-M-MM-16,222,2022-08-08,0,NR. 1 DIN 18.3.2022,SERVICII conform ANEXA 2 ? SERVICII RECURENTE DE SECURITATE | INFORMATICA Contract Nr. 195/29.06.2021 (625 euro+TVA la cursul BNR) | SERVICII conform ANEXA 2 ? SERVICII RECURENTE DE SECURITATE | INFORMATICA Contract Nr. 195/29.06.2021 (625 ,,"SCORED; date:0d, amount:0.0%; company=MANY; dominant=RED-C-M-MM-16 (52%)"
accounting:BT.BIT 381,no,BLUE-MDR-C-60,,MANY,113,127,RED-C-M-MM-16,0.520,0.915,MIXED/UNKNOWN,REVIEW,MEDIUM,SCORED,ron,cms689n2i00x0rt35l4chy2gl,BT.BIT 381,SILKWEB S.A.,2022-08-08,RON,950.00,4674.95,,BLUE-MDR-C-60,BLUE-MDR-C-<limit>,"{""limit"":""60""}",UNIQUE,RED-PEN-S-G-1 | BLUE-MDR-C-60,233,2022-08-08,0,NR. 2 DIN 18.04.2022,SERVICII conform ACT ADITIONAL NR. 2 DIN 18.04.2022 | CONTRACT DE PRESTARI SERVICII Nr. 195/29.06.2021( 950 euro+TVA la cursul BNR) | SERVICII conform ACT ADITIONAL NR. 2 DIN 18.04.2022 | CONTRACT DE PRESTARI SERVICII Nr. 195/29.06.2021( 95,,"SCORED; date:0d, amount:0.0%; company=MANY; dominant=RED-C-M-MM-16 (52%)"
accounting:BT.BIT 388,no,RED-C-M-MM-16,,MANY,113,127,RED-C-M-MM-16,0.520,0.915,MIXED/UNKNOWN,REVIEW,MEDIUM,SCORED,ron,cms689n4a00xtrt35n2ieh9dc,BT.BIT 388,SILKWEB S.A.,2022-09-09,RON,625.00,3058.50,,RED-C-M-MM-16,RED-C-M-MM-<limit>,"{""limit"":""16""}",UNIQUE,RED-PEN-S-G-1 | RED-C-M-MM-16,223,2022-09-09,0,NR. 1 DIN 18.3.2022,SERVICII conform ANEXA 2 ? SERVICII RECURENTE DE | SECURITATE INFORMATICA Contract Nr. 195/29.06.2021 (625 euro+TVA la cursul BNR) | SERVICII conform ANEXA 2 ? SERVICII RECURENTE DE | SECURITATE INFORMATICA Contract Nr. 195/29.06.2021 (625 ,,"SCORED; date:0d, amount:0.0%; company=MANY; dominant=RED-C-M-MM-16 (52%)"
accounting:BT.BIT 389,no,BLUE-MDR-C-60,,MANY,113,127,RED-C-M-MM-16,0.520,0.915,MIXED/UNKNOWN,REVIEW,MEDIUM,SCORED,ron,cms689n4h00xwrt356i9x3cva,BT.BIT 389,SILKWEB S.A.,2022-09-09,RON,950.00,4648.92,,BLUE-MDR-C-60,BLUE-MDR-C-<limit>,"{""limit"":""60""}",UNIQUE,RED-PEN-S-G-1 | BLUE-MDR-C-60,234,2022-09-09,0,NR. 2 DIN 18.04.2022,SERVICII conform ACT ADITIONAL NR. 2 DIN 18.04.2022 | CONTRACT DE PRESTARI SERVICII Nr. 195/29.06.2021( 950 euro+TVA la cursul BNR) | SERVICII conform ACT ADITIONAL NR. 2 DIN 18.04.2022 | CONTRACT DE PRESTARI SERVICII Nr. 195/29.06.2021( 95,,"SCORED; date:0d, amount:0.0%; company=MANY; dominant=RED-C-M-MM-16 (52%)"
accounting:BT.BIT 398,no,RED-C-M-MM-16,,MANY,113,127,RED-C-M-MM-16,0.520,0.915,MIXED/UNKNOWN,REVIEW,MEDIUM,SCORED,ron,cms689n6i00yort35t9nmhih4,BT.BIT 398,SILKWEB S.A.,2022-10-03,RON,625.00,3092.50,,RED-C-M-MM-16,RED-C-M-MM-<limit>,"{""limit"":""16""}",UNIQUE,RED-PEN-S-G-1 | RED-C-M-MM-16,224,2022-10-03,0,NR. 1 DIN 18.3.2022,SERVICII conform ANEXA 2 ? SERVICII RECURENTE DE SECURITATE | INFORMATICA Contract Nr. 195/29.06.2021 (625 euro+TVA la cursul BNR) | SERVICII conform ANEXA 2 ? SERVICII RECURENTE DE SECURITATE | INFORMATICA Contract Nr. 195/29.06.2021 (625 ,,"SCORED; date:0d, amount:0.0%; company=MANY; dominant=RED-C-M-MM-16 (52%)"
accounting:BT.BIT 399,no,BLUE-MDR-C-60,,MANY,113,127,RED-C-M-MM-16,0.520,0.915,MIXED/UNKNOWN,REVIEW,MEDIUM,SCORED,ron,cms689n6r00yrrt35clun2hjd,BT.BIT 399,SILKWEB S.A.,2022-10-03,RON,950.00,4700.60,,BLUE-MDR-C-60,BLUE-MDR-C-<limit>,"{""limit"":""60""}",UNIQUE,RED-PEN-S-G-1 | BLUE-MDR-C-60,235,2022-10-03,0,NR. 2 DIN 18.04.2022,SERVICII conform ACT ADITIONAL NR. 2 DIN 18.04.2022 | CONTRACT DE PRESTARI SERVICII Nr. 195/29.06.2021(950 euro+TVA la cursul BNR) | SERVICII conform ACT ADITIONAL NR. 2 DIN 18.04.2022 | CONTRACT DE PRESTARI SERVICII Nr. 195/29.06.2021(950 ,,"SCORED; date:0d, amount:0.0%; company=MANY; dominant=RED-C-M-MM-16 (52%)"
accounting:410,no,RED-C-M-MM-16,,MANY,113,127,RED-C-M-MM-16,0.520,0.915,MIXED/UNKNOWN,REVIEW,MEDIUM,SCORED,ron,cms689n8q00zjrt35ws298rh3,410,SILKWEB S.A.,2022-11-06,RON,625.00,3054.75,,RED-C-M-MM-16,RED-C-M-MM-<limit>,"{""limit"":""16""}",UNIQUE,RED-PEN-S-G-1 | RED-C-M-MM-16,225,2022-11-06,0,NR. 1 DIN 18.3.2022,SERVICII conform ANEXA 2 ? SERVICII RECURENTE DE | SECURITATE INFORMATICA Contract Nr. 195/29.06.2021 (625 euro+TVA la cursul BNR) | SERVICII conform ANEXA 2 ? SERVICII RECURENTE DE | SECURITATE INFORMATICA Contract Nr. 195/29.06.2021 (625 ,,"SCORED; date:0d, amount:0.0%; company=MANY; dominant=RED-C-M-MM-16 (52%)"
accounting:411,no,BLUE-MDR-C-60,,MANY,113,127,RED-C-M-MM-16,0.520,0.915,MIXED/UNKNOWN,REVIEW,MEDIUM,SCORED,ron,cms689n8z00zmrt35ww980a9q,411,SILKWEB S.A.,2022-11-06,RON,950.00,4643.22,,BLUE-MDR-C-60,BLUE-MDR-C-<limit>,"{""limit"":""60""}",UNIQUE,RED-PEN-S-G-1 | BLUE-MDR-C-60,236,2022-11-06,0,NR. 2 DIN 18.04.2022,SERVICII conform ACT ADITIONAL NR. 2 DIN 18.04.2022 | CONTRACT DE PRESTARI SERVICII Nr. 195/29.06.2021(950 euro+TVA la cursul BNR) | SERVICII conform ACT ADITIONAL NR. 2 DIN 18.04.2022 | CONTRACT DE PRESTARI SERVICII Nr. 195/29.06.2021(950 ,,"SCORED; date:0d, amount:0.0%; company=MANY; dominant=RED-C-M-MM-16 (52%)"
accounting:417,no,RED-C-M-MM-16,,MANY,113,127,RED-C-M-MM-16,0.520,0.915,MIXED/UNKNOWN,REVIEW,MEDIUM,SCORED,ron,cms689nah0105rt35zrke54fd,417,SILKWEB S.A.,2022-12-09,RON,625.00,3074.50,,RED-C-M-MM-16,RED-C-M-MM-<limit>,"{""limit"":""16""}",UNIQUE,RED-PEN-S-G-1 | RED-C-M-MM-16,226,2022-12-09,0,NR. 1 DIN 18.3.2022,SERVICII conform ANEXA 2 ? SERVICII RECURENTE DE | SECURITATE INFORMATICA Contract Nr. 195/29.06.2021 (625 euro+TVA la cursul BNR) | SERVICII conform ANEXA 2 ? SERVICII RECURENTE DE | SECURITATE INFORMATICA Contract Nr. 195/29.06.2021 (625 ,,"SCORED; date:0d, amount:0.0%; company=MANY; dominant=RED-C-M-MM-16 (52%)"
accounting:418,no,BLUE-MDR-C-60,,MANY,113,127,RED-C-M-MM-16,0.520,0.915,MIXED/UNKNOWN,REVIEW,MEDIUM,SCORED,ron,cms689nap0108rt35nvsw1snc,418,SILKWEB S.A.,2022-12-09,RON,950.00,4673.24,,BLUE-MDR-C-60,BLUE-MDR-C-<limit>,"{""limit"":""60""}",UNIQUE,RED-PEN-S-G-1 | BLUE-MDR-C-60,237,2022-12-09,0,NR. 2 DIN 18.04.2022,SERVICII conform ACT ADITIONAL NR. 2 DIN 18.04.2022 | CONTRACT DE PRESTARI SERVICII Nr. 195/29.06.2021(950 euro+TVA la cursul BNR) | SERVICII conform ACT ADITIONAL NR. 2 DIN 18.04.2022 | CONTRACT DE PRESTARI SERVICII Nr. 195/29.06.2021(950 ,,"SCORED; date:0d, amount:0.0%; company=MANY; dominant=RED-C-M-MM-16 (52%)"
accounting:444,no,RED-C-M-MM-16,,MANY,113,127,RED-C-M-MM-16,0.520,0.915,MIXED/UNKNOWN,REVIEW,MEDIUM,SCORED,ron,cms689ngp012frt35oy1jvvz1,444,SILKWEB S.A.,2023-01-09,RON,625.00,3078.25,,RED-C-M-MM-16,RED-C-M-MM-<limit>,"{""limit"":""16""}",UNIQUE,RED-PEN-S-G-1 | RED-C-M-MM-16,227,2023-01-09,0,NR. 1 DIN 18.3.2022,SERVICII conform ANEXA 2 ? SERVICII RECURENTE DE | SECURITATE INFORMATICA Contract Nr. 195/29.06.2021 (625 euro+TVA la cursul BNR) | SERVICII conform ANEXA 2 ? SERVICII RECURENTE DE | SECURITATE INFORMATICA Contract Nr. 195/29.06.2021 (625 ,,"SCORED; date:0d, amount:0.0%; company=MANY; dominant=RED-C-M-MM-16 (52%)"
accounting:445,no,BLUE-MDR-C-60,,MANY,113,127,RED-C-M-MM-16,0.520,0.915,MIXED/UNKNOWN,REVIEW,MEDIUM,SCORED,ron,cms689ngx012irt35lsogizr2,445,SILKWEB S.A.,2023-01-09,RON,950.00,4678.94,,BLUE-MDR-C-60,BLUE-MDR-C-<limit>,"{""limit"":""60""}",UNIQUE,RED-PEN-S-G-1 | BLUE-MDR-C-60,238,2023-01-09,0,NR. 2 DIN 18.04.2022,SERVICII conform ACT ADITIONAL NR. 2 DIN 18.04.2022 | CONTRACT DE PRESTARI SERVICII Nr. 195/29.06.2021(950 euro+TVA la cursul BNR) | SERVICII conform ACT ADITIONAL NR. 2 DIN 18.04.2022 | CONTRACT DE PRESTARI SERVICII Nr. 195/29.06.2021(950 ,,"SCORED; date:0d, amount:0.0%; company=MANY; dominant=RED-C-M-MM-16 (52%)"
accounting:BT.BIT 449,no,RED-C-M-MM-16,,MANY,113,127,RED-C-M-MM-16,0.520,0.915,MIXED/UNKNOWN,REVIEW,MEDIUM,SCORED,ron,cms689nhz012yrt3582xt2vhp,BT.BIT 449,SILKWEB S.A.,2023-02-07,RON,625.00,3063.87,,RED-C-M-MM-16,RED-C-M-MM-<limit>,"{""limit"":""16""}",UNIQUE,RED-PEN-S-G-1 | RED-C-M-MM-16,228,2023-02-07,0,NR. 1 DIN 18.3.2022,SERVICII conform ANEXA 2 ? SERVICII RECURENTE DE | SECURITATE INFORMATICA Contract Nr. 195/29.06.2021 (625 euro+TVA la cursul BNR) | SERVICII conform ANEXA 2 ? SERVICII RECURENTE DE | SECURITATE INFORMATICA Contract Nr. 195/29.06.2021 (625 ,,"SCORED; date:0d, amount:0.0%; company=MANY; dominant=RED-C-M-MM-16 (52%)"
accounting:BT.BIT 450,no,BLUE-MDR-C-60,,MANY,113,127,RED-C-M-MM-16,0.520,0.915,MIXED/UNKNOWN,REVIEW,MEDIUM,SCORED,ron,cms689ni70131rt35bgj3hwu2,BT.BIT 450,SILKWEB S.A.,2023-02-07,RON,950.00,4657.09,,BLUE-MDR-C-60,BLUE-MDR-C-<limit>,"{""limit"":""60""}",UNIQUE,RED-PEN-S-G-1 | BLUE-MDR-C-60,239,2023-02-07,0,NR. 2 DIN 18.04.2022,SERVICII conform ACT ADITIONAL NR. 2 DIN 18.04.2022 | CONTRACT DE PRESTARI SERVICII Nr. 195/29.06.2021(950 euro+TVA la cursul BNR) | SERVICII conform ACT ADITIONAL NR. 2 DIN 18.04.2022 | CONTRACT DE PRESTARI SERVICII Nr. 195/29.06.2021(950 ,,"SCORED; date:0d, amount:0.0%; company=MANY; dominant=RED-C-M-MM-16 (52%)"
accounting:BT.BIT 455,no,BLUE-MDR-C-60,,MANY,113,127,RED-C-M-MM-16,0.520,0.915,MIXED/UNKNOWN,REVIEW,MEDIUM,SCORED,ron,cms689njd013irt35a9jw4n58,BT.BIT 455,SILKWEB S.A.,2023-03-01,RON,950.00,4680.36,,BLUE-MDR-C-60,BLUE-MDR-C-<limit>,"{""limit"":""60""}",UNIQUE,RED-PEN-S-G-1 | BLUE-MDR-C-60,240,2023-03-01,0,NR. 2 DIN 18.04.2022,SERVICII conform ACT ADITIONAL NR. 2 DIN 18.04.2022 | CONTRACT DE PRESTARI SERVICII Nr. 195/29.06.2021(950 euro+TVA la cursul BNR) | SERVICII conform ACT ADITIONAL NR. 2 DIN 18.04.2022 | CONTRACT DE PRESTARI SERVICII Nr. 195/29.06.2021(950 ,,"SCORED; date:0d, amount:0.0%; company=MANY; dominant=RED-C-M-MM-16 (52%)"
accounting:BT.BIT 456,no,RED-C-M-MM-16,,MANY,113,127,RED-C-M-MM-16,0.520,0.915,MIXED/UNKNOWN,REVIEW,MEDIUM,SCORED,ron,cms689njl013lrt35fsobv2p0,BT.BIT 456,SILKWEB S.A.,2023-03-01,RON,625.00,3079.18,,RED-C-M-MM-16,RED-C-M-MM-<limit>,"{""limit"":""16""}",UNIQUE,RED-PEN-S-G-1 | RED-C-M-MM-16,229,2023-03-01,0,NR. 1 DIN 18.3.2022,SERVICII conform ANEXA 2 ? SERVICII RECURENTE DE | SECURITATE INFORMATICA Contract Nr. 195/29.06.2021 (625 euro+TVA la cursul BNR) | SERVICII conform ANEXA 2 ? SERVICII RECURENTE DE | SECURITATE INFORMATICA Contract Nr. 195/29.06.2021 (625 ,,"SCORED; date:0d, amount:0.0%; company=MANY; dominant=RED-C-M-MM-16 (52%)"
accounting:BT.BIT 463,no,BLUE-MDR-C-100,,MANY,113,127,RED-C-M-MM-16,0.520,0.915,MIXED/UNKNOWN,REVIEW,MEDIUM,SCORED,ron,cms689nl40147rt353wg9hstq,BT.BIT 463,SILKWEB S.A.,2023-04-10,RON,1350.00,6657.43,,BLUE-MDR-C-100,BLUE-MDR-C-<limit>,"{""limit"":""100""}",UNIQUE,RED-PEN-S-G-1 | BLUE-MDR-C-100,241,2023-04-10,0,NR. 3 DIN 23.03.2023,SERVICII conform Act aditional nr 3 din 23.03.2023 | CONTRACT DE PRESTARI SERVICII Nr. 195/29.06.2021(1.350 euro+TVA la cursul BNR) | SERVICII conform Act aditional nr 3 din 23.03.2023 | CONTRACT DE PRESTARI SERVICII Nr. 195/29.06.2021(1.35,,"SCORED; date:0d, amount:0.0%; company=MANY; dominant=RED-C-M-MM-16 (52%)"
accounting:BT.BIT 464,no,RED-C-M-MM-16,,MANY,113,127,RED-C-M-MM-16,0.520,0.915,MIXED/UNKNOWN,REVIEW,MEDIUM,SCORED,ron,cms689nlb014art350iyjhlka,BT.BIT 464,SILKWEB S.A.,2023-04-10,RON,625.00,3082.18,,RED-C-M-MM-16,RED-C-M-MM-<limit>,"{""limit"":""16""}",UNIQUE,RED-PEN-S-G-1 | RED-C-M-MM-16,253,2023-04-10,0,NR. 4 DIN 23.3.2023,SERVICII conform Act aditional nr 4 din 23.03.2023 | Contract Nr. 195/29.06.2021 (625 euro+TVA la cursul BNR) | SERVICII conform Act aditional nr 4 din 23.03.2023 | Contract Nr. 195/29.06.2021 (625 euro+TVA la cursul BNR),,"SCORED; date:0d, amount:0.0%; company=MANY; dominant=RED-C-M-MM-16 (52%)"
accounting:BT.BIT 469,no,RED-C-M-MM-16,,MANY,113,127,RED-C-M-MM-16,0.520,0.915,MIXED/UNKNOWN,REVIEW,MEDIUM,SCORED,ron,cms689nmd014prt35q2rgmnfk,BT.BIT 469,SILKWEB S.A.,2023-05-03,RON,625.00,3081.13,,RED-C-M-MM-16,RED-C-M-MM-<limit>,"{""limit"":""16""}",UNIQUE,RED-PEN-S-G-1 | RED-C-M-MM-16,254,2023-05-03,0,NR. 4 DIN 23.3.2023,SERVICII conform Act aditional nr 4 din 23.03.2023 | Contract Nr. 195/29.06.2021 (625 euro+TVA la cursul BNR) | SERVICII conform Act aditional nr 4 din 23.03.2023 | Contract Nr. 195/29.06.2021 (625 euro+TVA la cursul BNR),,"SCORED; date:0d, amount:0.0%; company=MANY; dominant=RED-C-M-MM-16 (52%)"
accounting:BT.BIT 470,no,BLUE-MDR-C-100,,MANY,113,127,RED-C-M-MM-16,0.520,0.915,MIXED/UNKNOWN,REVIEW,MEDIUM,SCORED,ron,cms689nmm014srt350l2jtvnn,BT.BIT 470,SILKWEB S.A.,2023-05-03,RON,1350.00,6655.23,,BLUE-MDR-C-100,BLUE-MDR-C-<limit>,"{""limit"":""100""}",UNIQUE,RED-PEN-S-G-1 | BLUE-MDR-C-100,242,2023-05-03,0,NR. 3 DIN 23.03.2023,SERVICII conform Act aditional nr 3 din 23.03.2023 | CONTRACT DE PRESTARI SERVICII Nr. 195/29.06.2021(1.350 euro+TVA la cursul BNR) | SERVICII conform Act aditional nr 3 din 23.03.2023 | CONTRACT DE PRESTARI SERVICII Nr. 195/29.06.2021(1.35,,"SCORED; date:0d, amount:0.0%; company=MANY; dominant=RED-C-M-MM-16 (52%)"
accounting:BT.BIT 486,no,RED-C-M-MM-16,,MANY,113,127,RED-C-M-MM-16,0.520,0.915,MIXED/UNKNOWN,REVIEW,MEDIUM,SCORED,ron,cms689nqh0168rt350scgktc6,BT.BIT 486,SILKWEB S.A.,2023-06-08,RON,625.00,3096.44,,RED-C-M-MM-16,RED-C-M-MM-<limit>,"{""limit"":""16""}",UNIQUE,RED-PEN-S-G-1 | RED-C-M-MM-16,255,2023-06-08,0,NR. 4 DIN 23.3.2023,SERVICII conform Act aditional nr 4 din 23.03.2023 | Contract Nr. 195/29.06.2021 (625 euro+TVA la cursul BNR) | SERVICII conform Act aditional nr 4 din 23.03.2023 | Contract Nr. 195/29.06.2021 (625 euro+TVA la cursul BNR),,"SCORED; date:0d, amount:0.0%; company=MANY; dominant=RED-C-M-MM-16 (52%)"
accounting:BT.BIT 487,no,BLUE-MDR-C-100,,MANY,113,127,RED-C-M-MM-16,0.520,0.915,MIXED/UNKNOWN,REVIEW,MEDIUM,SCORED,ron,cms689nqo016brt35yktpeisj,BT.BIT 487,SILKWEB S.A.,2023-06-08,RON,1350.00,6688.30,,BLUE-MDR-C-100,BLUE-MDR-C-<limit>,"{""limit"":""100""}",UNIQUE,RED-PEN-S-G-1 | BLUE-MDR-C-100,243,2023-06-08,0,NR. 3 DIN 23.03.2023,SERVICII conform Act aditional nr 3 din 23.03.2023 | CONTRACT DE PRESTARI SERVICII Nr. 195/29.06.2021(1.350 euro+TVA la cursul BNR) | SERVICII conform Act aditional nr 3 din 23.03.2023 | CONTRACT DE PRESTARI SERVICII Nr. 195/29.06.2021(1.35,,"SCORED; date:0d, amount:0.0%; company=MANY; dominant=RED-C-M-MM-16 (52%)"
accounting:BT.BIT 496,no,RED-C-M-MM-16,,MANY,113,127,RED-C-M-MM-16,0.520,0.915,MIXED/UNKNOWN,REVIEW,MEDIUM,SCORED,ron,cms689nsu0176rt35k8pk24nj,BT.BIT 496,SILKWEB S.A.,2023-07-04,RON,625.00,3093.94,,RED-C-M-MM-16,RED-C-M-MM-<limit>,"{""limit"":""16""}",UNIQUE,RED-PEN-S-G-1 | RED-C-M-MM-16,256,2023-07-04,0,NR. 4 DIN 23.3.2023,SERVICII conform Act aditional nr 4 din 23.03.2023 | Contract Nr. 195/29.06.2021 (625 euro+TVA la cursul BNR ) | SERVICII conform Act aditional nr 4 din 23.03.2023 | Contract Nr. 195/29.06.2021 (625 euro+TVA la cursul BNR ),,"SCORED; date:0d, amount:0.0%; company=MANY; dominant=RED-C-M-MM-16 (52%)"
accounting:BT.BIT 497,no,BLUE-MDR-C-100,,MANY,113,127,RED-C-M-MM-16,0.520,0.915,MIXED/UNKNOWN,REVIEW,MEDIUM,SCORED,ron,cms689nt20179rt356qvm7xpn,BT.BIT 497,SILKWEB S.A.,2023-07-04,RON,1350.00,6682.90,,BLUE-MDR-C-100,BLUE-MDR-C-<limit>,"{""limit"":""100""}",UNIQUE,RED-PEN-S-G-1 | BLUE-MDR-C-100,244,2023-07-04,0,NR. 3 DIN 23.03.2023,SERVICII conform Act aditional nr 3 din 23.03.2023 | CONTRACT DE PRESTARI SERVICII Nr. 195/29.06.2021(1.350 euro+TVA la cursul BNR) | SERVICII conform Act aditional nr 3 din 23.03.2023 | CONTRACT DE PRESTARI SERVICII Nr. 195/29.06.2021(1.35,,"SCORED; date:0d, amount:0.0%; company=MANY; dominant=RED-C-M-MM-16 (52%)"
accounting:BT.BIT 513,no,RED-C-M-MM-16,,MANY,113,127,RED-C-M-MM-16,0.520,0.915,MIXED/UNKNOWN,REVIEW,MEDIUM,SCORED,ron,cms689nws018prt35qfw3yz6e,BT.BIT 513,SILKWEB S.A.,2023-08-07,RON,625.00,3093.13,,RED-C-M-MM-16,RED-C-M-MM-<limit>,"{""limit"":""16""}",UNIQUE,RED-PEN-S-G-1 | RED-C-M-MM-16,257,2023-08-07,0,NR. 4 DIN 23.3.2023,SERVICII conform Act aditional nr 4 din 23.03.2023 | Contract Nr. 195/29.06.2021 (625 euro+TVA la cursul BNR ) | SERVICII conform Act aditional nr 4 din 23.03.2023 | Contract Nr. 195/29.06.2021 (625 euro+TVA la cursul BNR ),,"SCORED; date:0d, amount:0.0%; company=MANY; dominant=RED-C-M-MM-16 (52%)"
accounting:BT.BIT 514,no,BLUE-MDR-C-100,,MANY,113,127,RED-C-M-MM-16,0.520,0.915,MIXED/UNKNOWN,REVIEW,MEDIUM,SCORED,ron,cms689nx2018srt35fwenoqod,BT.BIT 514,SILKWEB S.A.,2023-08-07,RON,1350.00,6681.15,,BLUE-MDR-C-100,BLUE-MDR-C-<limit>,"{""limit"":""100""}",UNIQUE,RED-PEN-S-G-1 | BLUE-MDR-C-100,245,2023-08-07,0,NR. 3 DIN 23.03.2023,SERVICII conform Act aditional nr 3 din 23.03.2023 | CONTRACT DE PRESTARI SERVICII Nr. 195/29.06.2021(1.350 euro+TVA la cursul BNR) | SERVICII conform Act aditional nr 3 din 23.03.2023 | CONTRACT DE PRESTARI SERVICII Nr. 195/29.06.2021(1.35,,"SCORED; date:0d, amount:0.0%; company=MANY; dominant=RED-C-M-MM-16 (52%)"
accounting:BT.BIT 528,no,RED-C-M-MM-16,,MANY,113,127,RED-C-M-MM-16,0.520,0.915,MIXED/UNKNOWN,REVIEW,MEDIUM,SCORED,ron,cms689o08019yrt35bhfwdqv2,BT.BIT 528,SILKWEB S.A.,2023-09-05,RON,625.00,3091.56,,RED-C-M-MM-16,RED-C-M-MM-<limit>,"{""limit"":""16""}",UNIQUE,RED-PEN-S-G-1 | RED-C-M-MM-16,258,2023-09-06,1,NR. 4 DIN 23.3.2023,SERVICII conform Act aditional nr 4 din 23.03.2023 | Contract Nr. 195/29.06.2021 (625 euro+TVA la cursul BNR ) | SERVICII conform Act aditional nr 4 din 23.03.2023 | Contract Nr. 195/29.06.2021 (625 euro+TVA la cursul BNR ),,"SCORED; date:1d, amount:0.0%; company=MANY; dominant=RED-C-M-MM-16 (52%)"
accounting:BT.BIT 529,no,BLUE-MDR-C-100,,MANY,113,127,RED-C-M-MM-16,0.520,0.915,MIXED/UNKNOWN,REVIEW,MEDIUM,SCORED,ron,cms689o0f01a1rt35rlk4r4r0,BT.BIT 529,SILKWEB S.A.,2023-09-05,RON,1350.00,6677.77,,BLUE-MDR-C-100,BLUE-MDR-C-<limit>,"{""limit"":""100""}",UNIQUE,RED-PEN-S-G-1 | BLUE-MDR-C-100,246,2023-09-06,1,NR. 3 DIN 23.03.2023,SERVICII conform Act aditional nr 3 din 23.03.2023 | CONTRACT DE PRESTARI SERVICII Nr. 195/29.06.2021(1.350 euro+TVA la cursul BNR) | SERVICII conform Act aditional nr 3 din 23.03.2023 | CONTRACT DE PRESTARI SERVICII Nr. 195/29.06.2021(1.35,,"SCORED; date:1d, amount:0.0%; company=MANY; dominant=RED-C-M-MM-16 (52%)"
accounting:BT.BIT 538,no,RED-C-M-MM-16,,MANY,113,127,RED-C-M-MM-16,0.520,0.915,MIXED/UNKNOWN,REVIEW,MEDIUM,SCORED,ron,cms689o2a01atrt358w9g791x,BT.BIT 538,SILKWEB S.A.,2023-10-02,RON,625.00,3109.00,,RED-C-M-MM-16,RED-C-M-MM-<limit>,"{""limit"":""16""}",UNIQUE,RED-PEN-S-G-1 | RED-C-M-MM-16,259,2023-10-02,0,NR. 4 DIN 23.3.2023,SERVICII conform Act aditional nr 4 din 23.03.2023 | Contract Nr. 195/29.06.2021 (625 euro+TVA la cursul BNR ) | SERVICII conform Act aditional nr 4 din 23.03.2023 | Contract Nr. 195/29.06.2021 (625 euro+TVA la cursul BNR ),,"SCORED; date:0d, amount:0.0%; company=MANY; dominant=RED-C-M-MM-16 (52%)"
accounting:BT.BIT 539,no,BLUE-MDR-C-100,,MANY,113,127,RED-C-M-MM-16,0.520,0.915,MIXED/UNKNOWN,REVIEW,MEDIUM,SCORED,ron,cms689o2h01awrt35pe95lk2a,BT.BIT 539,SILKWEB S.A.,2023-10-02,RON,1350.00,6715.44,,BLUE-MDR-C-100,BLUE-MDR-C-<limit>,"{""limit"":""100""}",UNIQUE,RED-PEN-S-G-1 | BLUE-MDR-C-100,247,2023-10-02,0,NR. 3 DIN 23.03.2023,SERVICII conform Act aditional nr 3 din 23.03.2023 | CONTRACT DE PRESTARI SERVICII Nr. 195/29.06.2021(1.350 euro+TVA la cursul BNR) | SERVICII conform Act aditional nr 3 din 23.03.2023 | CONTRACT DE PRESTARI SERVICII Nr. 195/29.06.2021(1.35,,"SCORED; date:0d, amount:0.0%; company=MANY; dominant=RED-C-M-MM-16 (52%)"
accounting:BT.BIT 555,no,RED-C-M-MM-16,,MANY,113,127,RED-C-M-MM-16,0.520,0.915,MIXED/UNKNOWN,REVIEW,MEDIUM,SCORED,ron,cms689o6701cfrt35a31sqb4t,BT.BIT 555,SILKWEB S.A.,2023-11-06,RON,625.00,3105.94,,RED-C-M-MM-16,RED-C-M-MM-<limit>,"{""limit"":""16""}",UNIQUE,RED-PEN-S-G-1 | RED-C-M-MM-16,260,2023-11-06,0,NR. 4 DIN 23.3.2023,SERVICII conform Act aditional nr 4 din 23.03.2023 | Contract Nr. 195/29.06.2021 (625 euro+TVA la cursul BNR ) | SERVICII conform Act aditional nr 4 din 23.03.2023 | Contract Nr. 195/29.06.2021 (625 euro+TVA la cursul BNR ),,"SCORED; date:0d, amount:0.0%; company=MANY; dominant=RED-C-M-MM-16 (52%)"
accounting:BT.BIT 556,no,BLUE-MDR-C-100,,MANY,113,127,RED-C-M-MM-16,0.520,0.915,MIXED/UNKNOWN,REVIEW,MEDIUM,SCORED,ron,cms689o6g01cirt35jrdbfi6y,BT.BIT 556,SILKWEB S.A.,2023-11-06,RON,1350.00,6708.82,,BLUE-MDR-C-100,BLUE-MDR-C-<limit>,"{""limit"":""100""}",UNIQUE,RED-PEN-S-G-1 | BLUE-MDR-C-100,248,2023-11-06,0,NR. 3 DIN 23.03.2023,SERVICII conform Act aditional nr 3 din 23.03.2023 | CONTRACT DE PRESTARI SERVICII Nr. 195/29.06.2021(1.350 euro+TVA la cursul BNR) | SERVICII conform Act aditional nr 3 din 23.03.2023 | CONTRACT DE PRESTARI SERVICII Nr. 195/29.06.2021(1.35,,"SCORED; date:0d, amount:0.0%; company=MANY; dominant=RED-C-M-MM-16 (52%)"
accounting:BT.BIT 568,no,RED-C-M-MM-16,,MANY,113,127,RED-C-M-MM-16,0.520,0.915,MIXED/UNKNOWN,REVIEW,MEDIUM,SCORED,ron,cms689o9401dmrt35ak114ozz,BT.BIT 568,SILKWEB S.A.,2023-12-11,RON,625.00,3104.82,,RED-C-M-MM-16,RED-C-M-MM-<limit>,"{""limit"":""16""}",UNIQUE,RED-PEN-S-G-1 | RED-C-M-MM-16,261,2023-12-08,3,NR. 4 DIN 23.3.2023,SERVICII conform Act aditional nr 4 din 23.03.2023 | Contract Nr. 195/29.06.2021 (625 euro+TVA la cursul BNR ) | SERVICII conform Act aditional nr 4 din 23.03.2023 | Contract Nr. 195/29.06.2021 (625 euro+TVA la cursul BNR ),,"SCORED; date:3d, amount:0.0%; company=MANY; dominant=RED-C-M-MM-16 (52%)"
accounting:BT.BIT 569,no,BLUE-MDR-C-100,,MANY,113,127,RED-C-M-MM-16,0.520,0.915,MIXED/UNKNOWN,REVIEW,MEDIUM,SCORED,ron,cms689o9c01dprt35s4kxvchm,BT.BIT 569,SILKWEB S.A.,2023-12-11,RON,1350.00,6706.39,,BLUE-MDR-C-100,BLUE-MDR-C-<limit>,"{""limit"":""100""}",UNIQUE,RED-PEN-S-G-1 | BLUE-MDR-C-100,249,2023-12-08,3,NR. 3 DIN 23.03.2023,SERVICII conform Act aditional nr 3 din 23.03.2023 | CONTRACT DE PRESTARI SERVICII Nr. 195/29.06.2021(1.350 euro+TVA la cursul BNR) | SERVICII conform Act aditional nr 3 din 23.03.2023 | CONTRACT DE PRESTARI SERVICII Nr. 195/29.06.2021(1.35,,"SCORED; date:3d, amount:0.0%; company=MANY; dominant=RED-C-M-MM-16 (52%)"
accounting:BT.BIT 583,no,RED-C-M-MM-16,,MANY,113,127,RED-C-M-MM-16,0.520,0.915,MIXED/UNKNOWN,REVIEW,MEDIUM,SCORED,ron,cms689ocr01ewrt356xaink26,BT.BIT 583,SILKWEB S.A.,2024-01-11,RON,625.00,3107.69,,RED-C-M-MM-16,RED-C-M-MM-<limit>,"{""limit"":""16""}",UNIQUE,RED-PEN-S-G-1 | RED-C-M-MM-16,262,2024-01-09,2,NR. 4 DIN 23.3.2023,SERVICII conform Act aditional nr 4 din 23.03.2023 | Contract Nr. 195/29.06.2021 (625 euro+TVA la cursul BNR ) | SERVICII conform Act aditional nr 4 din 23.03.2023 | Contract Nr. 195/29.06.2021 (625 euro+TVA la cursul BNR ),,"SCORED; date:2d, amount:0.0%; company=MANY; dominant=RED-C-M-MM-16 (52%)"
accounting:BT.BIT 584,no,BLUE-MDR-C-100,,MANY,113,127,RED-C-M-MM-16,0.520,0.915,MIXED/UNKNOWN,REVIEW,MEDIUM,SCORED,ron,cms689od001ezrt35pp72gpl3,BT.BIT 584,SILKWEB S.A.,2024-01-11,RON,1350.00,6712.61,,BLUE-MDR-C-100,BLUE-MDR-C-<limit>,"{""limit"":""100""}",UNIQUE,RED-PEN-S-G-1 | BLUE-MDR-C-100,250,2024-01-11,0,NR. 3 DIN 23.03.2023,SERVICII conform Act aditional nr 3 din 23.03.2023 | CONTRACT DE PRESTARI SERVICII Nr. 195/29.06.2021(1.350 euro+TVA la cursul BNR) | SERVICII conform Act aditional nr 3 din 23.03.2023 | CONTRACT DE PRESTARI SERVICII Nr. 195/29.06.2021(1.35,,"SCORED; date:0d, amount:0.0%; company=MANY; dominant=RED-C-M-MM-16 (52%)"
accounting:BT.BIT 600,no,RED-C-M-MM-16,,MANY,113,127,RED-C-M-MM-16,0.520,0.915,MIXED/UNKNOWN,REVIEW,MEDIUM,SCORED,ron,cms689ogg01gdrt35sak7xvbw,BT.BIT 600,SILKWEB S.A.,2024-02-12,RON,625.00,3109.56,,RED-C-M-MM-16,RED-C-M-MM-<limit>,"{""limit"":""16""}",UNIQUE,RED-PEN-S-G-1 | RED-C-M-MM-16,263,2024-02-10,2,NR. 4 DIN 23.3.2023,SERVICII conform Act aditional nr 4 din 23.03.2023 | Contract Nr. 195/29.06.2021 (625 euro+TVA la cursul BNR ) | SERVICII conform Act aditional nr 4 din 23.03.2023 | Contract Nr. 195/29.06.2021 (625 euro+TVA la cursul BNR ),,"SCORED; date:2d, amount:0.0%; company=MANY; dominant=RED-C-M-MM-16 (52%)"
accounting:BT.BIT 601,no,BLUE-MDR-C-100,,MANY,113,127,RED-C-M-MM-16,0.520,0.915,MIXED/UNKNOWN,REVIEW,MEDIUM,SCORED,ron,cms689ogn01ggrt35khcl0b6l,BT.BIT 601,SILKWEB S.A.,2024-02-12,RON,1350.00,6716.66,,BLUE-MDR-C-100,BLUE-MDR-C-<limit>,"{""limit"":""100""}",UNIQUE,RED-PEN-S-G-1 | BLUE-MDR-C-100,251,2024-02-08,4,NR. 3 DIN 23.03.2023,SERVICII conform Act aditional nr 3 din 23.03.2023 | CONTRACT DE PRESTARI SERVICII Nr. 195/29.06.2021(1.350 euro+TVA la cursul BNR) | SERVICII conform Act aditional nr 3 din 23.03.2023 | CONTRACT DE PRESTARI SERVICII Nr. 195/29.06.2021(1.35,,"SCORED; date:4d, amount:0.0%; company=MANY; dominant=RED-C-M-MM-16 (52%)"
accounting:BT.BIT 610,no,RED-C-M-MM-16,,MANY,113,127,RED-C-M-MM-16,0.520,0.915,MIXED/UNKNOWN,REVIEW,MEDIUM,SCORED,ron,cms689oin01h8rt35g83y1sr8,BT.BIT 610,SILKWEB S.A.,2024-03-01,RON,625.00,3106.18,,RED-C-M-MM-16,RED-C-M-MM-<limit>,"{""limit"":""16""}",UNIQUE,RED-PEN-S-G-1 | RED-C-M-MM-16,264,2024-03-13,12,NR. 4 DIN 23.3.2023,SERVICII conform Act aditional nr 4 din 23.03.2023 | Contract Nr. 195/29.06.2021 (625 euro+TVA la cursul BNR ) | SERVICII conform Act aditional nr 4 din 23.03.2023 | Contract Nr. 195/29.06.2021 (625 euro+TVA la cursul BNR ),,"SCORED; date:12d, amount:0.0%; company=MANY; dominant=RED-C-M-MM-16 (52%)"
accounting:BT.BIT 611,no,BLUE-MDR-C-100,,MANY,113,127,RED-C-M-MM-16,0.520,0.915,MIXED/UNKNOWN,REVIEW,MEDIUM,SCORED,ron,cms689oiv01hbrt35yajls0o0,BT.BIT 611,SILKWEB S.A.,2024-03-01,RON,1350.00,6709.36,,BLUE-MDR-C-100,BLUE-MDR-C-<limit>,"{""limit"":""100""}",UNIQUE,RED-PEN-S-G-1 | BLUE-MDR-C-100,252,2024-03-13,12,NR. 3 DIN 23.03.2023,SERVICII conform Act aditional nr 3 din 23.03.2023 | CONTRACT DE PRESTARI SERVICII Nr. 195/29.06.2021(1.350 euro+TVA la cursul BNR) | SERVICII conform Act aditional nr 3 din 23.03.2023 | CONTRACT DE PRESTARI SERVICII Nr. 195/29.06.2021(1.35,,"SCORED; date:12d, amount:0.0%; company=MANY; dominant=RED-C-M-MM-16 (52%)"
accounting:BT.BIT 624,no,RED-C-M-MM-16,,MANY,113,127,RED-C-M-MM-16,0.520,0.915,MIXED/UNKNOWN,REVIEW,MEDIUM,SCORED,ron,cms689olo01iirt350lw0x4ky,BT.BIT 624,SILKWEB S.A.,2024-04-09,RON,625.00,3105.13,,RED-C-M-MM-16,RED-C-M-MM-<limit>,"{""limit"":""16""}",UNIQUE,RED-PEN-S-G-1 | RED-C-M-MM-16,277,2024-04-14,5,NR. 6 DIN 25.3.2024,SERVICII conform Act aditional NR. 6 DIN 25.3.2024 | Contract Nr. 195/29.06.2021(625 euro+TVA la cursul BNR) | SERVICII conform Act aditional NR. 6 DIN 25.3.2024 | Contract Nr. 195/29.06.2021(625 euro+TVA la cursul BNR),,"SCORED; date:5d, amount:0.0%; company=MANY; dominant=RED-C-M-MM-16 (52%)"
accounting:BT.BIT 625,no,BLUE-MDR-C-100,,MANY,113,127,RED-C-M-MM-16,0.520,0.915,MIXED/UNKNOWN,REVIEW,MEDIUM,SCORED,ron,cms689olw01ilrt350j3ux29a,BT.BIT 625,SILKWEB S.A.,2024-04-09,RON,1350.00,6707.07,,BLUE-MDR-C-100,BLUE-MDR-C-<limit>,"{""limit"":""100""}",UNIQUE,RED-PEN-S-G-1 | BLUE-MDR-C-100,265,2024-04-14,5,NR. 5 DIN 25.03.2024,SERVICII conform conform Act aditional NR. 5 DIN 25.03.2024 | CONTRACT DE PRESTARI SERVICII Nr. 195/29.06.2021(1.350 euro+TVA la cursul BNR) | SERVICII conform conform Act aditional NR. 5 DIN 25.03.2024 | CONTRACT DE PRESTARI SERVICII Nr. 1,,"SCORED; date:5d, amount:0.0%; company=MANY; dominant=RED-C-M-MM-16 (52%)"
accounting:BT.BIT 637,no,RED-C-M-MM-16,,MANY,113,127,RED-C-M-MM-16,0.520,0.915,MIXED/UNKNOWN,REVIEW,MEDIUM,SCORED,ron,cms689oos01jmrt35oudli4pk,BT.BIT 637,SILKWEB S.A.,2024-05-14,RON,625.00,3110.18,,RED-C-M-MM-16,RED-C-M-MM-<limit>,"{""limit"":""16""}",UNIQUE,RED-PEN-S-G-1 | RED-C-M-MM-16,278,2024-05-16,2,NR. 6 DIN 25.3.2024,SERVICII conform Act aditional NR. 6 DIN 25.3.2024 | Contract Nr. 195/29.06.2021(625 euro+TVA la cursul BNR) | SERVICII conform Act aditional NR. 6 DIN 25.3.2024 | Contract Nr. 195/29.06.2021(625 euro+TVA la cursul BNR),,"SCORED; date:2d, amount:0.0%; company=MANY; dominant=RED-C-M-MM-16 (52%)"
accounting:BT.BIT 638,no,BLUE-MDR-C-100,,MANY,113,127,RED-C-M-MM-16,0.520,0.915,MIXED/UNKNOWN,REVIEW,MEDIUM,SCORED,ron,cms689op201jprt356fzy7lf1,BT.BIT 638,SILKWEB S.A.,2024-05-14,RON,1350.00,6718.01,,BLUE-MDR-C-100,BLUE-MDR-C-<limit>,"{""limit"":""100""}",UNIQUE,RED-PEN-S-G-1 | BLUE-MDR-C-100,266,2024-05-16,2,NR. 5 DIN 25.03.2024,SERVICII conform conform Act aditional NR. 5 DIN 25.03.2024 | CONTRACT DE PRESTARI SERVICII Nr. 195/29.06.2021(1.350 euro+TVA la cursul BNR) | SERVICII conform conform Act aditional NR. 5 DIN 25.03.2024 | CONTRACT DE PRESTARI SERVICII Nr. 1,,"SCORED; date:2d, amount:0.0%; company=MANY; dominant=RED-C-M-MM-16 (52%)"
accounting:BT.BIT 650,no,RED-C-M-MM-16,,MANY,113,127,RED-C-M-MM-16,0.520,0.915,MIXED/UNKNOWN,REVIEW,MEDIUM,SCORED,ron,cms689orm01kqrt35k5st4g7u,BT.BIT 650,SILKWEB S.A.,2024-06-06,RON,625.00,3110.18,,RED-C-M-MM-16,RED-C-M-MM-<limit>,"{""limit"":""16""}",UNIQUE,RED-PEN-S-G-1 | RED-C-M-MM-16,279,2024-06-06,0,NR. 6 DIN 25.3.2024,SERVICII conform Act aditional NR. 6 DIN 25.3.2024 | Contract Nr. 195/29.06.2021(625 euro+TVA la cursul BNR) | SERVICII conform Act aditional NR. 6 DIN 25.3.2024 | Contract Nr. 195/29.06.2021(625 euro+TVA la cursul BNR),,"SCORED; date:0d, amount:0.0%; company=MANY; dominant=RED-C-M-MM-16 (52%)"
accounting:BT.BIT 651,no,BLUE-MDR-C-100,,MANY,113,127,RED-C-M-MM-16,0.520,0.915,MIXED/UNKNOWN,REVIEW,MEDIUM,SCORED,ron,cms689oru01ktrt35mnyeuo4s,BT.BIT 651,SILKWEB S.A.,2024-06-06,RON,1350.00,6718.01,,BLUE-MDR-C-100,BLUE-MDR-C-<limit>,"{""limit"":""100""}",UNIQUE,RED-PEN-S-G-1 | BLUE-MDR-C-100,267,2024-06-06,0,NR. 5 DIN 25.03.2024,SERVICII conform conform Act aditional NR. 5 DIN 25.03.2024 | CONTRACT DE PRESTARI SERVICII Nr. 195/29.06.2021(1.350 euro+TVA la cursul BNR) | SERVICII conform conform Act aditional NR. 5 DIN 25.03.2024 | CONTRACT DE PRESTARI SERVICII Nr. 1,,"SCORED; date:0d, amount:0.0%; company=MANY; dominant=RED-C-M-MM-16 (52%)"
accounting:BT.BIT 665,no,RED-C-M-MM-16,,MANY,113,127,RED-C-M-MM-16,0.520,0.915,MIXED/UNKNOWN,REVIEW,MEDIUM,SCORED,ron,cms689ov001m2rt35c3ih8ggs,BT.BIT 665,SILKWEB S.A.,2024-07-02,RON,625.00,3110.62,,RED-C-M-MM-16,RED-C-M-MM-<limit>,"{""limit"":""16""}",UNIQUE,RED-PEN-S-G-1 | RED-C-M-MM-16,280,2024-07-02,0,NR. 6 DIN 25.3.2024,SERVICII conform Act aditional NR. 6 DIN 25.3.2024 | Contract Nr. 195/29.06.2021(625 euro+TVA la cursul BNR) | SERVICII conform Act aditional NR. 6 DIN 25.3.2024 | Contract Nr. 195/29.06.2021(625 euro+TVA la cursul BNR),,"SCORED; date:0d, amount:0.0%; company=MANY; dominant=RED-C-M-MM-16 (52%)"
accounting:BT.BIT 666,no,BLUE-MDR-C-100,,MANY,113,127,RED-C-M-MM-16,0.520,0.915,MIXED/UNKNOWN,REVIEW,MEDIUM,SCORED,ron,cms689ov901m5rt35oonzzi3s,BT.BIT 666,SILKWEB S.A.,2024-07-02,RON,1350.00,6718.95,,BLUE-MDR-C-100,BLUE-MDR-C-<limit>,"{""limit"":""100""}",UNIQUE,RED-PEN-S-G-1 | BLUE-MDR-C-100,268,2024-07-02,0,NR. 5 DIN 25.03.2024,SERVICII conform conform Act aditional NR. 5 DIN 25.03.2024 | CONTRACT DE PRESTARI SERVICII Nr. 195/29.06.2021(1.350 euro+TVA la cursul BNR) | SERVICII conform conform Act aditional NR. 5 DIN 25.03.2024 | CONTRACT DE PRESTARI SERVICII Nr. 1,,"SCORED; date:0d, amount:0.0%; company=MANY; dominant=RED-C-M-MM-16 (52%)"
accounting:BT.BIT 684,no,RED-C-M-MM-16,,MANY,113,127,RED-C-M-MM-16,0.520,0.915,MIXED/UNKNOWN,REVIEW,MEDIUM,SCORED,ron,cms689ozt01nort35nu2vqodz,BT.BIT 684,SILKWEB S.A.,2024-08-01,RON,625.00,3110.00,,RED-C-M-MM-16,RED-C-M-MM-<limit>,"{""limit"":""16""}",UNIQUE,RED-PEN-S-G-1 | RED-C-M-MM-16,281,2024-08-01,0,NR. 6 DIN 25.3.2024,SERVICII conform Act aditional NR. 6 DIN 25.3.2024 | Contract Nr. 195/29.06.2021(625 euro+TVA la cursul BNR) | SERVICII conform Act aditional NR. 6 DIN 25.3.2024 | Contract Nr. 195/29.06.2021(625 euro+TVA la cursul BNR),,"SCORED; date:0d, amount:0.0%; company=MANY; dominant=RED-C-M-MM-16 (52%)"
accounting:BT.BIT 685,no,BLUE-MDR-C-100,,MANY,113,127,RED-C-M-MM-16,0.520,0.915,MIXED/UNKNOWN,REVIEW,MEDIUM,SCORED,ron,cms689p0201nrrt351bkg9tn7,BT.BIT 685,SILKWEB S.A.,2024-08-01,RON,1350.00,6717.60,,BLUE-MDR-C-100,BLUE-MDR-C-<limit>,"{""limit"":""100""}",UNIQUE,RED-PEN-S-G-1 | BLUE-MDR-C-100,269,2024-08-01,0,NR. 5 DIN 25.03.2024,SERVICII conform conform Act aditional NR. 5 DIN 25.03.2024 | CONTRACT DE PRESTARI SERVICII Nr. 195/29.06.2021(1.350 euro+TVA la cursul BNR) | SERVICII conform conform Act aditional NR. 5 DIN 25.03.2024 | CONTRACT DE PRESTARI SERVICII Nr. 1,,"SCORED; date:0d, amount:0.0%; company=MANY; dominant=RED-C-M-MM-16 (52%)"
accounting:BT.BIT 700,no,RED-C-M-MM-16,,MANY,113,127,RED-C-M-MM-16,0.520,0.915,MIXED/UNKNOWN,REVIEW,MEDIUM,SCORED,ron,cms689p3g01p6rt35r5vuxun9,BT.BIT 700,SILKWEB S.A.,2024-09-02,RON,625.00,3110.56,,RED-C-M-MM-16,RED-C-M-MM-<limit>,"{""limit"":""16""}",UNIQUE,RED-PEN-S-G-1 | RED-C-M-MM-16,282,2024-09-02,0,NR. 6 DIN 25.3.2024,SERVICII conform Act aditional NR. 6 DIN 25.3.2024 | Contract Nr. 195/29.06.2021(625 euro+TVA la cursul BNR) | SERVICII conform Act aditional NR. 6 DIN 25.3.2024 | Contract Nr. 195/29.06.2021(625 euro+TVA la cursul BNR),,"SCORED; date:0d, amount:0.0%; company=MANY; dominant=RED-C-M-MM-16 (52%)"
accounting:BT.BIT 701,no,BLUE-MDR-C-100,,MANY,113,127,RED-C-M-MM-16,0.520,0.915,MIXED/UNKNOWN,REVIEW,MEDIUM,SCORED,ron,cms689p3n01p9rt356jmb2l36,BT.BIT 701,SILKWEB S.A.,2024-09-02,RON,1350.00,6718.81,,BLUE-MDR-C-100,BLUE-MDR-C-<limit>,"{""limit"":""100""}",UNIQUE,RED-PEN-S-G-1 | BLUE-MDR-C-100,270,2024-09-02,0,NR. 5 DIN 25.03.2024,SERVICII conform conform Act aditional NR. 5 DIN 25.03.2024 | CONTRACT DE PRESTARI SERVICII Nr. 195/29.06.2021(1.350 euro+TVA la cursul BNR) | SERVICII conform conform Act aditional NR. 5 DIN 25.03.2024 | CONTRACT DE PRESTARI SERVICII Nr. 1,,"SCORED; date:0d, amount:0.0%; company=MANY; dominant=RED-C-M-MM-16 (52%)"
accounting:BT.BIT 714,no,RED-C-M-MM-16,,MANY,113,127,RED-C-M-MM-16,0.520,0.915,MIXED/UNKNOWN,REVIEW,MEDIUM,SCORED,ron,cms689p6301qdrt35ybeo52jj,BT.BIT 714,SILKWEB S.A.,2024-10-03,RON,625.00,3234.66,,RED-C-M-MM-16,RED-C-M-MM-<limit>,"{""limit"":""16""}",UNIQUE,RED-PEN-S-G-1 | RED-C-M-MM-16,283,2024-10-04,1,NR. 6 DIN 25.3.2024,SERVICII conform Act aditional NR. 6 DIN 25.3.2024 | Contract Nr. 195/29.06.2021(625 euro+TVA la cursul BNR) | SERVICII conform Act aditional NR. 6 DIN 25.3.2024 | Contract Nr. 195/29.06.2021(625 euro+TVA la cursul BNR),,"SCORED; date:1d, amount:0.0%; company=MANY; dominant=RED-C-M-MM-16 (52%)"
accounting:BT.BIT 715,no,BLUE-MDR-C-100,,MANY,113,127,RED-C-M-MM-16,0.520,0.915,MIXED/UNKNOWN,REVIEW,MEDIUM,SCORED,ron,cms689p6a01qgrt353x8hgixb,BT.BIT 715,SILKWEB S.A.,2024-10-03,RON,1350.00,6718.14,,BLUE-MDR-C-100,BLUE-MDR-C-<limit>,"{""limit"":""100""}",UNIQUE,RED-PEN-S-G-1 | BLUE-MDR-C-100,271,2024-10-04,1,NR. 5 DIN 25.03.2024,SERVICII conform conform Act aditional NR. 5 DIN 25.03.2024 | CONTRACT DE PRESTARI SERVICII Nr. 195/29.06.2021(1.350 euro+TVA la cursul BNR) | SERVICII conform conform Act aditional NR. 5 DIN 25.03.2024 | CONTRACT DE PRESTARI SERVICII Nr. 1,,"SCORED; date:1d, amount:0.0%; company=MANY; dominant=RED-C-M-MM-16 (52%)"
accounting:BT.BIT 740,no,RED-C-M-MM-16,,MANY,113,127,RED-C-M-MM-16,0.520,0.915,MIXED/UNKNOWN,REVIEW,MEDIUM,SCORED,ron,cms689pbf01sqrt35xrge2tya,BT.BIT 740,SILKWEB S.A.,2024-11-02,RON,625.00,3109.18,,RED-C-M-MM-16,RED-C-M-MM-<limit>,"{""limit"":""16""}",UNIQUE,RED-PEN-S-G-1 | RED-C-M-MM-16,284,2024-11-05,3,NR. 6 DIN 25.3.2024,SERVICII conform Act aditional NR. 6 DIN 25.3.2024 | Contract Nr. 195/29.06.2021(625 euro+TVA la cursul BNR) | SERVICII conform Act aditional NR. 6 DIN 25.3.2024 | Contract Nr. 195/29.06.2021(625 euro+TVA la cursul BNR),,"SCORED; date:3d, amount:0.0%; company=MANY; dominant=RED-C-M-MM-16 (52%)"
accounting:BT.BIT 741,no,BLUE-MDR-C-100,,MANY,113,127,RED-C-M-MM-16,0.520,0.915,MIXED/UNKNOWN,REVIEW,MEDIUM,SCORED,ron,cms689pbm01strt35mrk16duj,BT.BIT 741,SILKWEB S.A.,2024-11-02,RON,1350.00,6715.85,,BLUE-MDR-C-100,BLUE-MDR-C-<limit>,"{""limit"":""100""}",UNIQUE,RED-PEN-S-G-1 | BLUE-MDR-C-100,272,2024-11-05,3,NR. 5 DIN 25.03.2024,SERVICII conform conform Act aditional NR. 5 DIN 25.03.2024 | CONTRACT DE PRESTARI SERVICII Nr. 195/29.06.2021(1.350 euro+TVA la cursul BNR) | SERVICII conform conform Act aditional NR. 5 DIN 25.03.2024 | CONTRACT DE PRESTARI SERVICII Nr. 1,,"SCORED; date:3d, amount:0.0%; company=MANY; dominant=RED-C-M-MM-16 (52%)"
accounting:BT.BIT 762,no,RED-C-M-MM-16,,MANY,113,127,RED-C-M-MM-16,0.520,0.915,MIXED/UNKNOWN,REVIEW,MEDIUM,SCORED,ron,cms689pgf01umrt35i79o9zl8,BT.BIT 762,SILKWEB S.A.,2024-12-03,RON,625.00,3110.62,,RED-C-M-MM-16,RED-C-M-MM-<limit>,"{""limit"":""16""}",UNIQUE,RED-PEN-S-G-1 | RED-C-M-MM-16,285,2024-12-07,4,NR. 6 DIN 25.3.2024,SERVICII conform Act aditional NR. 6 DIN 25.3.2024 | Contract Nr. 195/29.06.2021(625 euro+TVA la cursul BNR) | SERVICII conform Act aditional NR. 6 DIN 25.3.2024 | Contract Nr. 195/29.06.2021(625 euro+TVA la cursul BNR),,"SCORED; date:4d, amount:0.0%; company=MANY; dominant=RED-C-M-MM-16 (52%)"
accounting:BT.BIT 763,no,BLUE-MDR-C-100,,MANY,113,127,RED-C-M-MM-16,0.520,0.915,MIXED/UNKNOWN,REVIEW,MEDIUM,SCORED,ron,cms689pgm01uprt35ipp5flap,BT.BIT 763,SILKWEB S.A.,2024-12-03,RON,625.00,6718.95,,BLUE-MDR-C-100,BLUE-MDR-C-<limit>,"{""limit"":""100""}",UNIQUE,RED-PEN-S-G-1 | RED-C-M-MM-16,273,2024-12-07,4,NR. 5 DIN 25.03.2024,Contract Nr. 195/29.06.2021(625 euro+TVA la cursul BNR) | CONTRACT DE PRESTARI SERVICII Nr. 195/29.06.2021(1.350 euro+TVA la cursul BNR) | Contract Nr. 195/29.06.2021(625 euro+TVA la cursul BNR) | CONTRACT DE PRESTARI SERVICII Nr. 195/29.06,,SCORED; date:4d; company=MANY; dominant=RED-C-M-MM-16 (52%)
accounting:BT.BIT 793,no,RED-C-M-MM-16,,MANY,113,127,RED-C-M-MM-16,0.520,0.915,MIXED/UNKNOWN,REVIEW,MEDIUM,SCORED,ron,cms689pn401x8rt358ocvorpf,BT.BIT 793,SILKWEB S.A.,2025-01-15,RON,625.00,3108.87,,RED-C-M-MM-16,RED-C-M-MM-<limit>,"{""limit"":""16""}",UNIQUE,RED-PEN-S-G-1 | RED-C-M-MM-16,286,2025-01-05,10,NR. 6 DIN 25.3.2024,SERVICII conform Act aditional NR. 6 DIN 25.3.2024 | Contract Nr. 195/29.06.2021(625 euro+TVA la cursul BNR) | SERVICII conform Act aditional NR. 6 DIN 25.3.2024 | Contract Nr. 195/29.06.2021(625 euro+TVA la cursul BNR),,"SCORED; date:10d, amount:0.0%; company=MANY; dominant=RED-C-M-MM-16 (52%)"
accounting:BT.BIT 794,no,BLUE-MDR-C-100,,MANY,113,127,RED-C-M-MM-16,0.520,0.915,MIXED/UNKNOWN,REVIEW,MEDIUM,SCORED,ron,cms689pnb01xbrt35ozyiz0yp,BT.BIT 794,SILKWEB S.A.,2025-01-15,RON,1350.00,6715.17,,BLUE-MDR-C-100,BLUE-MDR-C-<limit>,"{""limit"":""100""}",UNIQUE,RED-PEN-S-G-1 | BLUE-MDR-C-100,274,2025-01-08,7,NR. 5 DIN 25.03.2024,SERVICII conform conform Act aditional NR. 5 DIN 25.03.2024 | CONTRACT DE PRESTARI SERVICII Nr. 195/29.06.2021(1.350 euro+TVA la cursul BNR) | SERVICII conform conform Act aditional NR. 5 DIN 25.03.2024 | CONTRACT DE PRESTARI SERVICII Nr. 1,,"SCORED; date:7d, amount:0.0%; company=MANY; dominant=RED-C-M-MM-16 (52%)"
accounting:BT.BIT 814,no,RED-C-M-MM-16,,MANY,113,127,RED-C-M-MM-16,0.520,0.915,MIXED/UNKNOWN,REVIEW,MEDIUM,SCORED,ron,cms689prx01z2rt35hrdtu1vc,BT.BIT 814,SILKWEB S.A.,2025-02-03,RON,625.00,3110.44,,RED-C-M-MM-16,RED-C-M-MM-<limit>,"{""limit"":""16""}",UNIQUE,RED-PEN-S-G-1 | RED-C-M-MM-16,287,2025-02-05,2,NR. 6 DIN 25.3.2024,SERVICII conform Act aditional NR. 6 DIN 25.3.2024 | Contract Nr. 195/29.06.2021(625 euro+TVA la cursul BNR) | SERVICII conform Act aditional NR. 6 DIN 25.3.2024 | Contract Nr. 195/29.06.2021(625 euro+TVA la cursul BNR),,"SCORED; date:2d, amount:0.0%; company=MANY; dominant=RED-C-M-MM-16 (52%)"
accounting:BT.BIT 815,no,BLUE-MDR-C-100,,MANY,113,127,RED-C-M-MM-16,0.520,0.915,MIXED/UNKNOWN,REVIEW,MEDIUM,SCORED,ron,cms689ps401z5rt35ocpw2lj3,BT.BIT 815,SILKWEB S.A.,2025-02-03,RON,1350.00,6718.55,,BLUE-MDR-C-100,BLUE-MDR-C-<limit>,"{""limit"":""100""}",UNIQUE,RED-PEN-S-G-1 | BLUE-MDR-C-100,275,2025-02-09,6,NR. 5 DIN 25.03.2024,SERVICII conform conform Act aditional NR. 5 DIN 25.03.2024 | CONTRACT DE PRESTARI SERVICII Nr. 195/29.06.2021(1.350 euro+TVA la cursul BNR) | SERVICII conform conform Act aditional NR. 5 DIN 25.03.2024 | CONTRACT DE PRESTARI SERVICII Nr. 1,,"SCORED; date:6d, amount:0.0%; company=MANY; dominant=RED-C-M-MM-16 (52%)"
accounting:BT.BIT 831,no,RED-C-M-MM-16,,MANY,113,127,RED-C-M-MM-16,0.520,0.915,MIXED/UNKNOWN,REVIEW,MEDIUM,SCORED,ron,cms689pvd020hrt35zg5v4944,BT.BIT 831,SILKWEB S.A.,2025-03-06,RON,0.63,3110.63,,RED-C-M-MM-16,RED-C-M-MM-<limit>,"{""limit"":""16""}",UNIQUE,RED-C-M-MM-16 | BLUE-MDR-C-100,288,2025-03-05,1,NR. 6 DIN 25.3.2024,SERVICII conform Act aditional NR. 6 DIN 25.3.2024 | SERVICII conform Act aditional NR. 6 DIN 25.3.2024 | SERVICII conform Act aditional NR. 6 DIN 25.3.2024 | SERVICII conform Act aditional NR. 6 DIN 25.3.2024,,SCORED; date:1d; company=MANY; dominant=RED-C-M-MM-16 (52%)
accounting:BT.BIT 832,no,BLUE-MDR-C-100,,MANY,113,127,RED-C-M-MM-16,0.520,0.915,MIXED/UNKNOWN,REVIEW,MEDIUM,SCORED,ron,cms689pvl020krt35eutiv8bn,BT.BIT 832,SILKWEB S.A.,2025-03-06,RON,1350.00,6718.95,,BLUE-MDR-C-100,BLUE-MDR-C-<limit>,"{""limit"":""100""}",UNIQUE,RED-PEN-S-G-1 | BLUE-MDR-C-100,276,2025-03-13,7,NR. 5 DIN 25.03.2024,SERVICII conform conform Act aditional NR. 5 DIN 25.03.2024 | CONTRACT DE PRESTARI SERVICII Nr. 195/29.06.2021(1.350 euro+TVA la cursul BNR) | SERVICII conform conform Act aditional NR. 5 DIN 25.03.2024 | CONTRACT DE PRESTARI SERVICII Nr. 1,,"SCORED; date:7d, amount:0.0%; company=MANY; dominant=RED-C-M-MM-16 (52%)"
accounting:BT.BIT 854,no,RED-C-M-MM-16,,MANY,113,127,RED-C-M-MM-16,0.520,0.915,MIXED/UNKNOWN,REVIEW,MEDIUM,SCORED,ron,cms689q0m022grt35acc2fh4d,BT.BIT 854,SILKWEB S.A.,2025-04-02,RON,625.00,3110.63,,RED-C-M-MM-16,RED-C-M-MM-<limit>,"{""limit"":""16""}",UNIQUE,RED-PEN-S-G-1 | RED-C-M-MM-16,289,2025-04-05,3,NR. 7 DIN 25.3.2025,SERVICII ACT ADITIONAL NR. 7 DIN 25.3.2025 | Contract Nr. 195/29.06.2021 (625 euro + tva la cursul BNR) | SERVICII ACT ADITIONAL NR. 7 DIN 25.3.2025 | Contract Nr. 195/29.06.2021 (625 euro + tva la cursul BNR),,"SCORED; date:3d, amount:0.0%; company=MANY; dominant=RED-C-M-MM-16 (52%)"
accounting:BT.BIT 855,no,BLUE-MDR-C-100,,MANY,113,127,RED-C-M-MM-16,0.520,0.915,MIXED/UNKNOWN,REVIEW,MEDIUM,SCORED,ron,cms689q0u022jrt35pkkthtgv,BT.BIT 855,SILKWEB S.A.,2025-04-02,RON,1350.00,6718.95,,BLUE-MDR-C-100,BLUE-MDR-C-<limit>,"{""limit"":""100""}",UNIQUE,RED-PEN-S-G-1 | BLUE-MDR-C-100,313,2025-04-05,3,NR. 10 DIN 9.3.2038,SERVICII ACT ADITIONAL NR. 8 DIN 25.03.2025 | CONTRACT DE PRESTARI SERVICII Nr. 195/29.06.2021( 1350 euro + tva la cursul BNR) | SERVICII ACT ADITIONAL NR. 8 DIN 25.03.2025 | CONTRACT DE PRESTARI SERVICII Nr. 195/29.06.2021( 1350 euro + tva,,"SCORED; date:3d, amount:0.0%; company=MANY; dominant=RED-C-M-MM-16 (52%)"
accounting:BT.BIT 883,no,RED-C-M-MM-16,,MANY,113,127,RED-C-M-MM-16,0.520,0.915,MIXED/UNKNOWN,REVIEW,MEDIUM,SCORED,ron,cms689q76024zrt35fqr8t5x8,BT.BIT 883,SILKWEB S.A.,2025-05-13,RON,625.00,3187.06,,RED-C-M-MM-16,RED-C-M-MM-<limit>,"{""limit"":""16""}",UNIQUE,RED-PEN-S-G-1 | RED-C-M-MM-16,290,2025-05-13,0,NR. 7 DIN 25.3.2025,SERVICII ACT ADITIONAL NR. 7 DIN 25.3.2025 | Contract Nr. 195/29.06.2021 (625 euro + tva la cursul BNR) | SERVICII ACT ADITIONAL NR. 7 DIN 25.3.2025 | Contract Nr. 195/29.06.2021 (625 euro + tva la cursul BNR),,"SCORED; date:0d, amount:0.0%; company=MANY; dominant=RED-C-M-MM-16 (52%)"
accounting:BT.BIT 884,no,BLUE-MDR-C-100,,MANY,113,127,RED-C-M-MM-16,0.520,0.915,MIXED/UNKNOWN,REVIEW,MEDIUM,SCORED,ron,cms689q7d0252rt351rpyqbju,BT.BIT 884,SILKWEB S.A.,2025-05-13,RON,1350.00,6884.06,,BLUE-MDR-C-100,BLUE-MDR-C-<limit>,"{""limit"":""100""}",UNIQUE,RED-PEN-S-G-1 | BLUE-MDR-C-100,314,2025-05-13,0,NR. 8 DIN 25.03.2025,SERVICII ACT ADITIONAL NR. 8 DIN 25.03.2025 | CONTRACT DE PRESTARI SERVICII Nr. 195/29.06.2021( 1350 euro + tva la cursul BNR) | SERVICII ACT ADITIONAL NR. 8 DIN 25.03.2025 | CONTRACT DE PRESTARI SERVICII Nr. 195/29.06.2021( 1350 euro + tva,,"SCORED; date:0d, amount:0.0%; company=MANY; dominant=RED-C-M-MM-16 (52%)"
accounting:BT.BIT 908,no,RED-C-M-MM-16,,MANY,113,127,RED-C-M-MM-16,0.520,0.915,MIXED/UNKNOWN,REVIEW,MEDIUM,SCORED,ron,cms689qd00276rt351bilanuh,BT.BIT 908,SILKWEB S.A.,2025-06-16,RON,625.00,3145.00,,RED-C-M-MM-16,RED-C-M-MM-<limit>,"{""limit"":""16""}",UNIQUE,RED-PEN-S-G-1 | RED-C-M-MM-16,291,2025-06-16,0,NR. 7 DIN 25.3.2025,SERVICII ACT ADITIONAL NR. 7 DIN 25.3.2025 | Contract Nr. 195/29.06.2021 (625 euro + tva la cursul BNR) | SERVICII ACT ADITIONAL NR. 7 DIN 25.3.2025 | Contract Nr. 195/29.06.2021 (625 euro + tva la cursul BNR),,"SCORED; date:0d, amount:0.0%; company=MANY; dominant=RED-C-M-MM-16 (52%)"
accounting:BT.BIT 909,no,BLUE-MDR-C-100,,MANY,113,127,RED-C-M-MM-16,0.520,0.915,MIXED/UNKNOWN,REVIEW,MEDIUM,SCORED,ron,cms689qd70279rt35a1g51gu5,BT.BIT 909,SILKWEB S.A.,2025-06-16,RON,1350.00,6793.20,,BLUE-MDR-C-100,BLUE-MDR-C-<limit>,"{""limit"":""100""}",UNIQUE,RED-PEN-S-G-1 | BLUE-MDR-C-100,315,2025-06-16,0,NR. 8 DIN 25.03.2025,SERVICII ACT ADITIONAL NR. 8 DIN 25.03.2025 | CONTRACT DE PRESTARI SERVICII Nr. 195/29.06.2021( 1350 euro + tva la cursul BNR) | SERVICII ACT ADITIONAL NR. 8 DIN 25.03.2025 | CONTRACT DE PRESTARI SERVICII Nr. 195/29.06.2021( 1350 euro + tva,,"SCORED; date:0d, amount:0.0%; company=MANY; dominant=RED-C-M-MM-16 (52%)"
accounting:BT.BIT 932,no,RED-C-M-MM-16,,MANY,113,127,RED-C-M-MM-16,0.520,0.915,MIXED/UNKNOWN,REVIEW,MEDIUM,SCORED,ron,cms689qic0296rt352h821dev,BT.BIT 932,SILKWEB S.A.,2025-07-02,RON,625.00,3173.25,,RED-C-M-MM-16,RED-C-M-MM-<limit>,"{""limit"":""16""}",UNIQUE,RED-PEN-S-G-1 | RED-C-M-MM-16,292,2025-07-10,8,NR. 7 DIN 25.3.2025,SERVICII ACT ADITIONAL NR. 7 DIN 25.3.2025 | Contract Nr. 195/29.06.2021 (625 euro + tva la cursul BNR) | SERVICII ACT ADITIONAL NR. 7 DIN 25.3.2025 | Contract Nr. 195/29.06.2021 (625 euro + tva la cursul BNR),,"SCORED; date:8d, amount:0.0%; company=MANY; dominant=RED-C-M-MM-16 (52%)"
accounting:BT.BIT 933,no,BLUE-MDR-C-100,,MANY,113,127,RED-C-M-MM-16,0.520,0.915,MIXED/UNKNOWN,REVIEW,MEDIUM,SCORED,ron,cms689qil0299rt35kl4k8qju,BT.BIT 933,SILKWEB S.A.,2025-07-02,RON,1350.00,6854.22,,BLUE-MDR-C-100,BLUE-MDR-C-<limit>,"{""limit"":""100""}",UNIQUE,RED-PEN-S-G-1 | BLUE-MDR-C-100,316,2025-07-10,8,NR. 8 DIN 25.03.2025,SERVICII ACT ADITIONAL NR. 8 DIN 25.03.2025 | CONTRACT DE PRESTARI SERVICII Nr. 195/29.06.2021( 1350 euro + tva la cursul BNR) | SERVICII ACT ADITIONAL NR. 8 DIN 25.03.2025 | CONTRACT DE PRESTARI SERVICII Nr. 195/29.06.2021( 1350 euro + tva,,"SCORED; date:8d, amount:0.0%; company=MANY; dominant=RED-C-M-MM-16 (52%)"
accounting:BT.BIT 960,no,RED-C-M-MM-16,,MANY,113,127,RED-C-M-MM-16,0.520,0.915,MIXED/UNKNOWN,REVIEW,MEDIUM,SCORED,ron,cms689qov02birt35dk0a733r,BT.BIT 960,SILKWEB S.A.,2025-08-04,RON,625.00,3173.13,,RED-C-M-MM-16,RED-C-M-MM-<limit>,"{""limit"":""16""}",UNIQUE,RED-PEN-S-G-1 | RED-C-M-MM-16,293,2025-08-04,0,NR. 7 DIN 25.3.2025,SERVICII ACT ADITIONAL NR. 7 DIN 25.3.2025 | Contract Nr. 195/29.06.2021 (625 euro + tva la cursul BNR) | SERVICII ACT ADITIONAL NR. 7 DIN 25.3.2025 | Contract Nr. 195/29.06.2021 (625 euro + tva la cursul BNR),,"SCORED; date:0d, amount:0.0%; company=MANY; dominant=RED-C-M-MM-16 (52%)"
accounting:BT.BIT 961,no,BLUE-MDR-C-100,,MANY,113,127,RED-C-M-MM-16,0.520,0.915,MIXED/UNKNOWN,REVIEW,MEDIUM,SCORED,ron,cms689qpe02blrt35awjfucun,BT.BIT 961,SILKWEB S.A.,2025-08-04,RON,1350.00,6853.95,,BLUE-MDR-C-100,BLUE-MDR-C-<limit>,"{""limit"":""100""}",UNIQUE,RED-PEN-S-G-1 | BLUE-MDR-C-100,317,2025-08-04,0,NR. 8 DIN 25.03.2025,SERVICII ACT ADITIONAL NR. 8 DIN 25.03.2025 | CONTRACT DE PRESTARI SERVICII Nr. 195/29.06.2021( 1350 euro + tva la cursul BNR) | SERVICII ACT ADITIONAL NR. 8 DIN 25.03.2025 | CONTRACT DE PRESTARI SERVICII Nr. 195/29.06.2021( 1350 euro + tva,,"SCORED; date:0d, amount:0.0%; company=MANY; dominant=RED-C-M-MM-16 (52%)"
accounting:BT.R.BIT 10,no,BLUE-MDR-C-100,,MANY,113,127,RED-C-M-MM-16,0.520,0.915,MIXED/UNKNOWN,REVIEW,MEDIUM,SCORED,ron,cms689qv502drrt35kgpw6ew3,BT.R.BIT 10,SILKWEB S.A.,2025-09-02,RON,1350.00,6847.88,,BLUE-MDR-C-100,BLUE-MDR-C-<limit>,"{""limit"":""100""}",UNIQUE,RED-PEN-S-G-1 | BLUE-MDR-C-100,318,2025-09-05,3,NR. 8 DIN 25.03.2025,"SERVICII ACT ADITIONAL NR. 8 DIN 25.03.2025 | CONTRACT DE PRESTARI SERVICII Nr. 195/29.06.2021, 1350 EUR+TVA la cursul BNR 5.0725 | SERVICII ACT ADITIONAL NR. 8 DIN 25.03.2025 | CONTRACT DE PRESTARI SERVICII Nr. 195/29.06.2021, 1350 EUR+TVA",,"SCORED; date:3d, amount:0.0%; company=MANY; dominant=RED-C-M-MM-16 (52%)"
accounting:BT.R.BIT 9,no,RED-C-M-MM-16,,MANY,113,127,RED-C-M-MM-16,0.520,0.915,MIXED/UNKNOWN,REVIEW,MEDIUM,SCORED,ron,cms689qux02dort35letttqgw,BT.R.BIT 9,SILKWEB S.A.,2025-09-02,RON,625.00,3170.31,,RED-C-M-MM-16,RED-C-M-MM-<limit>,"{""limit"":""16""}",UNIQUE,RED-PEN-S-G-1 | RED-C-M-MM-16,294,2025-09-05,3,NR. 7 DIN 25.3.2025,"SERVICII ACT ADITIONAL NR. 7 DIN 25.3.2025 | CONTRACT DE PRESTARI SERVICII Nr. 195/29.06.2021, 625 EUR+TVA la cursul BNR 5.0725 | SERVICII ACT ADITIONAL NR. 7 DIN 25.3.2025 | CONTRACT DE PRESTARI SERVICII Nr. 195/29.06.2021, 625 EUR+TVA la ",,"SCORED; date:3d, amount:0.0%; company=MANY; dominant=RED-C-M-MM-16 (52%)"
accounting:BT.R.BIT 36,no,RED-C-M-MM-16,,MANY,113,127,RED-C-M-MM-16,0.520,0.915,MIXED/UNKNOWN,REVIEW,MEDIUM,SCORED,ron,cms689r9102jdrt35bn1jjptj,BT.R.BIT 36,SILKWEB S.A.,2025-10-20,RON,625.00,3180.56,,RED-C-M-MM-16,RED-C-M-MM-<limit>,"{""limit"":""16""}",UNIQUE,RED-PEN-S-G-1 | RED-C-M-MM-16,295,2025-10-20,0,NR. 7 DIN 25.3.2025,"SERVICII ACT ADITIONAL NR. 7 DIN 25.3.2025 | CONTRACT DE PRESTARI SERVICII Nr. 195/29.06.2021, 625 EUR+TVA la cursul BNR 5.0889 | SERVICII ACT ADITIONAL NR. 7 DIN 25.3.2025 | CONTRACT DE PRESTARI SERVICII Nr. 195/29.06.2021, 625 EUR+TVA la ",,"SCORED; date:0d, amount:0.0%; company=MANY; dominant=RED-C-M-MM-16 (52%)"
accounting:BT.R.BIT 37,no,BLUE-MDR-C-100,,MANY,113,127,RED-C-M-MM-16,0.520,0.915,MIXED/UNKNOWN,REVIEW,MEDIUM,SCORED,ron,cms689r9802jgrt35xeu0l3jn,BT.R.BIT 37,SILKWEB S.A.,2025-10-20,RON,1350.00,6870.01,,BLUE-MDR-C-100,BLUE-MDR-C-<limit>,"{""limit"":""100""}",UNIQUE,RED-PEN-S-G-1 | BLUE-MDR-C-100,319,2025-10-20,0,NR. 8 DIN 25.03.2025,"SERVICII ACT ADITIONAL NR. 8 DIN 25.03.2025 | CONTRACT DE PRESTARI SERVICII Nr. 195/29.06.2021, 1350 EUR+TVA la cursul BNR 5.0889 | SERVICII ACT ADITIONAL NR. 8 DIN 25.03.2025 | CONTRACT DE PRESTARI SERVICII Nr. 195/29.06.2021, 1350 EUR+TVA",,"SCORED; date:0d, amount:0.0%; company=MANY; dominant=RED-C-M-MM-16 (52%)"
accounting:BT.R.BIT 63,no,RED-C-M-MM-16,,MANY,113,127,RED-C-M-MM-16,0.520,0.915,MIXED/UNKNOWN,REVIEW,MEDIUM,SCORED,ron,cms689r3u02h5rt359w8uwy43,BT.R.BIT 63,SILKWEB S.A.,2025-11-26,RON,625.00,3180.63,,RED-C-M-MM-16,RED-C-M-MM-<limit>,"{""limit"":""16""}",UNIQUE,RED-PEN-S-G-1 | RED-C-M-MM-16,296,2025-11-26,0,NR. 7 DIN 25.3.2025,"SERVICII ACT ADITIONAL NR. 7 DIN 25.3.2025 | CONTRACT DE PRESTARI SERVICII Nr. 195/29.06.2021, 625 EUR+TVA la cursul BNR 5.089 | SERVICII ACT ADITIONAL NR. 7 DIN 25.3.2025 | CONTRACT DE PRESTARI SERVICII Nr. 195/29.06.2021, 625 EUR+TVA la c",,"SCORED; date:0d, amount:0.0%; company=MANY; dominant=RED-C-M-MM-16 (52%)"
accounting:BT.R.BIT 64,no,BLUE-MDR-C-100,,MANY,113,127,RED-C-M-MM-16,0.520,0.915,MIXED/UNKNOWN,REVIEW,MEDIUM,SCORED,ron,cms689r4102h8rt354d8kb497,BT.R.BIT 64,SILKWEB S.A.,2025-11-26,RON,1350.00,6870.15,,BLUE-MDR-C-100,BLUE-MDR-C-<limit>,"{""limit"":""100""}",UNIQUE,RED-PEN-S-G-1 | BLUE-MDR-C-100,320,2025-11-26,0,NR. 8 DIN 25.03.2025,"SERVICII ACT ADITIONAL NR. 8 DIN 25.03.2025 | CONTRACT DE PRESTARI SERVICII Nr. 195/29.06.2021, 1350 EUR+TVA la cursul BNR 5.089 | SERVICII ACT ADITIONAL NR. 8 DIN 25.03.2025 | CONTRACT DE PRESTARI SERVICII Nr. 195/29.06.2021, 1350 EUR+TVA ",,"SCORED; date:0d, amount:0.0%; company=MANY; dominant=RED-C-M-MM-16 (52%)"
accounting:BT.R.BIT 91,no,RED-C-M-MM-16,,MANY,113,127,RED-C-M-MM-16,0.520,0.915,MIXED/UNKNOWN,REVIEW,MEDIUM,SCORED,ron,cms689rrw02o5rt35tn1g0nzc,BT.R.BIT 91,SILKWEB S.A.,2025-12-23,RON,625.00,3180.06,,RED-C-M-MM-16,RED-C-M-MM-<limit>,"{""limit"":""16""}",UNIQUE,RED-PEN-S-G-1 | RED-C-M-MM-16,297,2025-12-23,0,NR. 7 DIN 25.3.2025,"SERVICII ACT ADITIONAL NR. 7 DIN 25.3.2025 | CONTRACT DE PRESTARI SERVICII Nr. 195/29.06.2021, 625 EUR+TVA la cursul BNR 5.0881 | SERVICII ACT ADITIONAL NR. 7 DIN 25.3.2025 | CONTRACT DE PRESTARI SERVICII Nr. 195/29.06.2021, 625 EUR+TVA la ",,"SCORED; date:0d, amount:0.0%; company=MANY; dominant=RED-C-M-MM-16 (52%)"
accounting:BT.R.BIT 92,no,BLUE-MDR-C-100,,MANY,113,127,RED-C-M-MM-16,0.520,0.915,MIXED/UNKNOWN,REVIEW,MEDIUM,SCORED,ron,cms689rs502o8rt35nvwwpm0e,BT.R.BIT 92,SILKWEB S.A.,2025-12-23,RON,1350.00,6868.93,,BLUE-MDR-C-100,BLUE-MDR-C-<limit>,"{""limit"":""100""}",UNIQUE,RED-PEN-S-G-1 | BLUE-MDR-C-100,321,2025-12-23,0,NR. 8 DIN 25.03.2025,"SERVICII ACT ADITIONAL NR. 8 DIN 25.03.2025 | CONTRACT DE PRESTARI SERVICII Nr. 195/29.06.2021, 1350 EUR+TVA la cursul BNR 5.0881 | SERVICII ACT ADITIONAL NR. 8 DIN 25.03.2025 | CONTRACT DE PRESTARI SERVICII Nr. 195/29.06.2021, 1350 EUR+TVA",,"SCORED; date:0d, amount:0.0%; company=MANY; dominant=RED-C-M-MM-16 (52%)"
accounting:BT.R.BIT 118,no,RED-C-M-MM-16,,MANY,113,127,RED-C-M-MM-16,0.520,0.915,MIXED/UNKNOWN,REVIEW,MEDIUM,SCORED,ron,cms689ryb02qdrt35mmyznpcs,BT.R.BIT 118,SILKWEB S.A.,2026-01-20,RON,625.00,3182.56,,RED-C-M-MM-16,RED-C-M-MM-<limit>,"{""limit"":""16""}",UNIQUE,RED-PEN-S-G-1 | RED-C-M-MM-16,298,2026-01-20,0,NR. 7 DIN 25.3.2025,"SERVICII ACT ADITIONAL NR. 7 DIN 25.3.2025 | CONTRACT DE PRESTARI SERVICII Nr. 195/29.06.2021, 625 EUR+TVA la cursul BNR 5.0921 | SERVICII ACT ADITIONAL NR. 7 DIN 25.3.2025 | CONTRACT DE PRESTARI SERVICII Nr. 195/29.06.2021, 625 EUR+TVA la ",,"SCORED; date:0d, amount:0.0%; company=MANY; dominant=RED-C-M-MM-16 (52%)"
accounting:BT.R.BIT 119,no,BLUE-MDR-C-100,,MANY,113,127,RED-C-M-MM-16,0.520,0.915,MIXED/UNKNOWN,REVIEW,MEDIUM,SCORED,ron,cms689ryj02qgrt35zvj0g1uw,BT.R.BIT 119,SILKWEB S.A.,2026-01-20,RON,1350.00,6874.34,,BLUE-MDR-C-100,BLUE-MDR-C-<limit>,"{""limit"":""100""}",UNIQUE,RED-PEN-S-G-1 | BLUE-MDR-C-100,322,2026-01-20,0,NR. 8 DIN 25.03.2025,"SERVICII ACT ADITIONAL NR. 8 DIN 25.03.2025 | CONTRACT DE PRESTARI SERVICII Nr. 195/29.06.2021, 1350 EUR+TVA la cursul BNR 5.0921 | SERVICII ACT ADITIONAL NR. 8 DIN 25.03.2025 | CONTRACT DE PRESTARI SERVICII Nr. 195/29.06.2021, 1350 EUR+TVA",,"SCORED; date:0d, amount:0.0%; company=MANY; dominant=RED-C-M-MM-16 (52%)"
accounting:BT.R.BIT 145,no,RED-C-M-MM-16,,MANY,113,127,RED-C-M-MM-16,0.520,0.915,MIXED/UNKNOWN,REVIEW,MEDIUM,SCORED,ron,cms689sam02txrt350m7w37h4,BT.R.BIT 145,SILKWEB S.A.,2026-02-13,RON,625.00,3183.38,,RED-C-M-MM-16,RED-C-M-MM-<limit>,"{""limit"":""16""}",UNIQUE,RED-PEN-S-G-1 | RED-C-M-MM-16,299,2026-02-13,0,NR. 7 DIN 25.3.2025,"SERVICII ACT ADITIONAL NR. 7 DIN 25.3.2025 | CONTRACT DE PRESTARI SERVICII Nr. 195/29.06.2021, 625 EUR+TVA la cursul BNR 5.0934 | SERVICII ACT ADITIONAL NR. 7 DIN 25.3.2025 | CONTRACT DE PRESTARI SERVICII Nr. 195/29.06.2021, 625 EUR+TVA la ",,"SCORED; date:0d, amount:0.0%; company=MANY; dominant=RED-C-M-MM-16 (52%)"
accounting:BT.R.BIT 146,no,BLUE-MDR-C-100,,MANY,113,127,RED-C-M-MM-16,0.520,0.915,MIXED/UNKNOWN,REVIEW,MEDIUM,SCORED,ron,cms689sav02u0rt35zo2ztq9j,BT.R.BIT 146,SILKWEB S.A.,2026-02-13,RON,1350.00,6876.09,,BLUE-MDR-C-100,BLUE-MDR-C-<limit>,"{""limit"":""100""}",UNIQUE,RED-PEN-S-G-1 | BLUE-MDR-C-100,323,2026-02-13,0,NR. 8 DIN 25.03.2025,"SERVICII ACT ADITIONAL NR. 8 DIN 25.03.2025 | CONTRACT DE PRESTARI SERVICII Nr. 195/29.06.2021, 1350 EUR+TVA la cursul BNR 5.0934 | SERVICII ACT ADITIONAL NR. 8 DIN 25.03.2025 | CONTRACT DE PRESTARI SERVICII Nr. 195/29.06.2021, 1350 EUR+TVA",,"SCORED; date:0d, amount:0.0%; company=MANY; dominant=RED-C-M-MM-16 (52%)"
accounting:BT.BIT 1042,no,RED-PEN-S-W-1,,MANY,113,127,RED-C-M-MM-16,0.520,0.915,MIXED/UNKNOWN,REVIEW,MEDIUM,SCORED,ron,cms689sk902wqrt35y6s0t2i9,BT.BIT 1042,SILKWEB S.A.,2026-03-17,RON,4200.00,21398.58,avans,RED-PEN-S-W-1,RED-PEN-S-W-<limit>,"{""limit"":""1""}",UNIQUE,RED-PEN-S-G-1 | RED-PEN-S-W-<1>,211,2026-03-12,5,Nr. 11 din 9.3.2026,"Avans conform ACT ADITIONAL NR. 11 | DIN 9.3.2026 CONTRACT DE PRESTARI SERVICII Nr. 195/29.06.2021( 4,200 EURO + TVA la cursul BNR) | Avans conform ACT ADITIONAL NR. 11 | DIN 9.3.2026 CONTRACT DE PRESTARI SERVICII Nr. 195/29.06.2021( 4,200 ",,"SCORED; date:5d, amount:0.0%, milestone:avans; company=MANY; dominant=RED-C-M-MM-16 (52%)"
accounting:BT.R.BIT 190,no,RED-C-M-MM-16,,MANY,113,127,RED-C-M-MM-16,0.520,0.915,MIXED/UNKNOWN,REVIEW,MEDIUM,SCORED,ron,cms689ssb02z0rt354kv3p0mq,BT.R.BIT 190,SILKWEB S.A.,2026-03-20,RON,625.00,3184.94,,RED-C-M-MM-16,RED-C-M-MM-<limit>,"{""limit"":""16""}",UNIQUE,RED-PEN-S-G-1 | RED-C-M-MM-16,300,2026-03-20,0,NR. 7 DIN 25.3.2025,"SERVICII ACT ADITIONAL NR. 7 DIN 25.3.2025 | CONTRACT DE PRESTARI SERVICII Nr. 195/29.06.2021, 625.00 EUR+TVA la cursul BNR 5.0959 | SERVICII ACT ADITIONAL NR. 7 DIN 25.3.2025 | CONTRACT DE PRESTARI SERVICII Nr. 195/29.06.2021, 625.00 EUR+T",,"SCORED; date:0d, amount:0.0%; company=MANY; dominant=RED-C-M-MM-16 (52%)"
accounting:BT.R.BIT 191,no,BLUE-MDR-C-100,,MANY,113,127,RED-C-M-MM-16,0.520,0.915,MIXED/UNKNOWN,REVIEW,MEDIUM,SCORED,ron,cms689ssk02z3rt35fjlv4hn2,BT.R.BIT 191,SILKWEB S.A.,2026-03-20,RON,1350.00,6879.47,,BLUE-MDR-C-100,BLUE-MDR-C-<limit>,"{""limit"":""100""}",UNIQUE,RED-PEN-S-G-1 | BLUE-MDR-C-100,324,2026-03-20,0,NR. 8 DIN 25.03.2025,"SERVICII ACT ADITIONAL NR. 8 DIN 25.03.2025 | CONTRACT DE PRESTARI SERVICII Nr. 195/29.06.2021, 1350.00 EUR+TVA la cursul BNR 5.0959 | SERVICII ACT ADITIONAL NR. 8 DIN 25.03.2025 | CONTRACT DE PRESTARI SERVICII Nr. 195/29.06.2021, 1350.00 E",,"SCORED; date:0d, amount:0.0%; company=MANY; dominant=RED-C-M-MM-16 (52%)"
accounting:BT.BIT 1047,no,RED-PEN-S-W-1,,MANY,113,127,RED-C-M-MM-16,0.520,0.915,MIXED/UNKNOWN,REVIEW,HIGH,STORNO_REFERENCE,ron,cms689sth02zcrt35anhjg6h9,BT.BIT 1047,SILKWEB S.A.,2026-03-27,RON,4200.00,21401.94,storno,RED-PEN-S-W-1,RED-PEN-S-W-<limit>,"{""limit"":""1""}",UNIQUE,RED-PEN-S-W-<1>,211,2026-03-12,10,Nr. 11 din 9.3.2026,"Avans conform ACT ADITIONAL NR. 11 Servicii de penetration testing conform ANEXA 5 | DIN 9.3.2026 CONTRACT DE PRESTARI SERVICII Nr. 195/29.06.2021( 4,200 EURO + TVA la cursul BNR) Stornare factura 1042/17.03.2026 | Avans conform ACT ADITION",,Storno mapped to BT.BIT 1042; contract=true; amount=true; gap=10d
accounting:BT.R.BIT 219,no,RED-C-M-MM-16,,MANY,113,127,RED-C-M-MM-16,0.520,0.915,MIXED/UNKNOWN,REVIEW,MEDIUM,SCORED,ron,cms689t7t0333rt35nkjqwdbf,BT.R.BIT 219,SILKWEB S.A.,2026-04-29,RON,625.00,3183.56,,RED-C-M-MM-16,RED-C-M-MM-<limit>,"{""limit"":""16""}",UNIQUE,RED-PEN-S-G-1 | RED-C-M-MM-16,301,2026-04-29,0,NR. 10 DIN 9.3.2026,"SERVICII ACT ADITIONAL NR. 7 DIN 25.3.2025 | CONTRACT DE PRESTARI SERVICII Nr. 195/29.06.2021, 625.00 EUR+TVA la cursul BNR 5.0937 | SERVICII ACT ADITIONAL NR. 7 DIN 25.3.2025 | CONTRACT DE PRESTARI SERVICII Nr. 195/29.06.2021, 625.00 EUR+T",,"SCORED; date:0d, amount:0.0%; company=MANY; dominant=RED-C-M-MM-16 (52%)"
accounting:BT.R.BIT 220,no,BLUE-MDR-C-100,,MANY,113,127,RED-C-M-MM-16,0.520,0.915,MIXED/UNKNOWN,REVIEW,MEDIUM,SCORED,ron,cms689t810336rt35ztcoyyeb,BT.R.BIT 220,SILKWEB S.A.,2026-04-29,RON,1350.00,6876.49,,BLUE-MDR-C-100,BLUE-MDR-C-<limit>,"{""limit"":""100""}",UNIQUE,RED-PEN-S-G-1 | BLUE-MDR-C-100,325,2026-04-29,0,NR. 9 DIN 9.03.2026,"SERVICII ACT ADITIONAL NR. 8 DIN 25.03.2025 | CONTRACT DE PRESTARI SERVICII Nr. 195/29.06.2021, 1350.00 EUR+TVA la cursul BNR 5.0937 | SERVICII ACT ADITIONAL NR. 8 DIN 25.03.2025 | CONTRACT DE PRESTARI SERVICII Nr. 195/29.06.2021, 1350.00 E",,"SCORED; date:0d, amount:0.0%; company=MANY; dominant=RED-C-M-MM-16 (52%)"
accounting:BT.R.BIT 248,no,RED-C-M-MM-16,,MANY,113,127,RED-C-M-MM-16,0.520,0.915,MIXED/UNKNOWN,REVIEW,MEDIUM,SCORED,ron,cms689tfy035nrt35ftdb9jys,BT.R.BIT 248,SILKWEB S.A.,2026-05-25,RON,625.00,3280.50,,RED-C-M-MM-16,RED-C-M-MM-<limit>,"{""limit"":""16""}",UNIQUE,RED-PEN-S-G-1 | RED-C-M-MM-16,302,2026-05-25,0,NR. 10 DIN 9.3.2027,"SERVICII ACT ADITIONAL NR. 7 DIN 25.3.2025 | CONTRACT DE PRESTARI SERVICII Nr. 195/29.06.2021, 625.00 EUR+TVA la cursul BNR 5.2488 | SERVICII ACT ADITIONAL NR. 7 DIN 25.3.2025 | CONTRACT DE PRESTARI SERVICII Nr. 195/29.06.2021, 625.00 EUR+T",,"SCORED; date:0d, amount:0.0%; company=MANY; dominant=RED-C-M-MM-16 (52%)"
accounting:BT.R.BIT 249,no,BLUE-MDR-C-100,,MANY,113,127,RED-C-M-MM-16,0.520,0.915,MIXED/UNKNOWN,REVIEW,MEDIUM,SCORED,ron,cms689tg7035qrt354xqn1dty,BT.R.BIT 249,SILKWEB S.A.,2026-05-25,RON,1350.00,7085.88,,BLUE-MDR-C-100,BLUE-MDR-C-<limit>,"{""limit"":""100""}",UNIQUE,RED-PEN-S-G-1 | BLUE-MDR-C-100,326,2026-05-25,0,NR. 9 DIN 9.03.2026,"SERVICII ACT ADITIONAL NR. 8 DIN 25.03.2025 | CONTRACT DE PRESTARI SERVICII Nr. 195/29.06.2021, 1350.00 EUR+TVA la cursul BNR 5.2488 | SERVICII ACT ADITIONAL NR. 8 DIN 25.03.2025 | CONTRACT DE PRESTARI SERVICII Nr. 195/29.06.2021, 1350.00 E",,"SCORED; date:0d, amount:0.0%; company=MANY; dominant=RED-C-M-MM-16 (52%)"
accounting:BT.R.BIT 277,no,RED-C-M-MM-16,,MANY,113,127,RED-C-M-MM-16,0.520,0.915,MIXED/UNKNOWN,REVIEW,MEDIUM,SCORED,ron,cms689tqg038brt35w1qh3d1e,BT.R.BIT 277,SILKWEB S.A.,2026-06-17,RON,625.00,3269.38,,RED-C-M-MM-16,RED-C-M-MM-<limit>,"{""limit"":""16""}",UNIQUE,RED-PEN-S-G-1 | RED-C-M-MM-16,303,2026-06-19,2,NR. 10 DIN 9.3.2028,"SERVICII ACT ADITIONAL NR. 7 DIN 25.3.2025 | CONTRACT DE PRESTARI SERVICII Nr. 195/29.06.2021, 625.00 EUR+TVA la cursul BNR 5.231 | SERVICII ACT ADITIONAL NR. 7 DIN 25.3.2025 | CONTRACT DE PRESTARI SERVICII Nr. 195/29.06.2021, 625.00 EUR+TV",,"SCORED; date:2d, amount:0.0%; company=MANY; dominant=RED-C-M-MM-16 (52%)"
accounting:BT.R.BIT 278,no,BLUE-MDR-C-100,,MANY,113,127,RED-C-M-MM-16,0.520,0.915,MIXED/UNKNOWN,REVIEW,MEDIUM,SCORED,ron,cms689tqq038ert355209yt2v,BT.R.BIT 278,SILKWEB S.A.,2026-06-17,RON,1350.00,7061.85,,BLUE-MDR-C-100,BLUE-MDR-C-<limit>,"{""limit"":""100""}",UNIQUE,RED-PEN-S-G-1 | BLUE-MDR-C-100,327,2026-06-19,2,NR. 9 DIN 9.03.2026,"SERVICII ACT ADITIONAL NR. 8 DIN 25.03.2025 | CONTRACT DE PRESTARI SERVICII Nr. 195/29.06.2021, 1350.00 EUR+TVA la cursul BNR 5.231 | SERVICII ACT ADITIONAL NR. 8 DIN 25.03.2025 | CONTRACT DE PRESTARI SERVICII Nr. 195/29.06.2021, 1350.00 EU",,"SCORED; date:2d, amount:0.0%; company=MANY; dominant=RED-C-M-MM-16 (52%)"
accounting:BT.R.BIT 306,no,RED-C-M-MM-16,,MANY,113,127,RED-C-M-MM-16,0.520,0.915,MIXED/UNKNOWN,REVIEW,MEDIUM,SCORED,ron,cms689tz803b3rt35xsy7d2l2,BT.R.BIT 306,SILKWEB S.A.,2026-07-18,RON,625.00,3276.81,,RED-C-M-MM-16,RED-C-M-MM-<limit>,"{""limit"":""16""}",UNIQUE,RED-PEN-S-G-1 | RED-C-M-MM-16,304,2026-07-05,13,NR. 10 DIN 9.3.2029,"SERVICII ACT ADITIONAL NR. 7 DIN 25.3.2025 | CONTRACT DE PRESTARI SERVICII Nr. 195/29.06.2021, 625.00 EUR+TVA la cursul BNR 5.2429 | SERVICII ACT ADITIONAL NR. 7 DIN 25.3.2025 | CONTRACT DE PRESTARI SERVICII Nr. 195/29.06.2021, 625.00 EUR+T",,"SCORED; date:13d, amount:0.0%; company=MANY; dominant=RED-C-M-MM-16 (52%)"
accounting:BT.R.BIT 307,no,BLUE-MDR-C-100,,MANY,113,127,RED-C-M-MM-16,0.520,0.915,MIXED/UNKNOWN,REVIEW,MEDIUM,SCORED,ron,cms689tzm03b6rt35asxv41zr,BT.R.BIT 307,SILKWEB S.A.,2026-07-18,RON,1350.00,7077.91,,BLUE-MDR-C-100,BLUE-MDR-C-<limit>,"{""limit"":""100""}",UNIQUE,RED-PEN-S-G-1 | BLUE-MDR-C-100,328,2026-07-05,13,NR. 9 DIN 9.03.2026,"SERVICII ACT ADITIONAL NR. 8 DIN 25.03.2025 | CONTRACT DE PRESTARI SERVICII Nr. 195/29.06.2021, 1350.00 EUR+TVA la cursul BNR 5.2429 | SERVICII ACT ADITIONAL NR. 8 DIN 25.03.2025 | CONTRACT DE PRESTARI SERVICII Nr. 195/29.06.2021, 1350.00 E",,"SCORED; date:13d, amount:0.0%; company=MANY; dominant=RED-C-M-MM-16 (52%)"
accounting:BT.BIT 483,no,,,UNMATCHED,,,,,,,SKIP_NO_MATCH,NONE,NONE,ron,cms689npr015zrt35g8iv8nb4,BT.BIT 483,SNGN ROMGAZ SA-FILIALA DE INMAGAZINARE GAZE NATURALE DEPOGAZ PLO,2023-05-19,RON,,49259.00,,,,,EMPTY,,,,,,"SERVICII DE AUDIT INFORMATIC PTR.EVAL.RISC INFOR.CF.NIS | CONTRACT 250/23.12.2022, COMANDA DEP.0155.231222.S/1 | SERVICII DE AUDIT INFORMATIC PTR.EVAL.RISC INFOR.CF.NIS | CONTRACT 250/23.12.2022, COMANDA DEP.0155.231222.S/1",,Organization not found in tracker.
accounting:BT.BIT 209,no,RED-PEN-B-E-B-5,,SMALL,2,1,RED-PEN-B-E-B-5,1.000,0.000,MIXED/UNKNOWN,REVIEW,LOW,PROFILE,valuta,cms689lx800htrt35depdu7r9,BT.BIT 209,SPEKTR APS,2024-10-30,EUR,2880.00,14327.14,,RED-PEN-B-E-B-5,RED-PEN-B-E-B-<limit>,"{""limit"":""5""}",UNIQUE,RED-PEN-B-E-B-5,1325,2024-10-30,0,Nr. 24.10.2024,"Advance invoice according with FRAMEWORK SERVICE | AGREEMENT NO. 316/24.10.2024, ANNEX 1 - SPECIFIC CYBER SECURITY SERVICES | Advance invoice according with FRAMEWORK SERVICE | AGREEMENT NO. 316/24.10.2024, ANNEX 1 - SPECIFIC CYBER SECURITY",,"PROFILE; date:0d, amount:0.0%; company=SMALL; dominant=RED-PEN-B-E-B-5 (100%)"
accounting:BT.BIT 212,no,RED-PEN-B-E-B-5,,SMALL,2,1,RED-PEN-B-E-B-5,1.000,0.000,MIXED/UNKNOWN,REVIEW,LOW,PROFILE,valuta,cms689lxw00i2rt3579dqipkl,BT.BIT 212,SPEKTR APS,2024-11-22,EUR,4320.00,21498.91,,RED-PEN-B-E-B-5,RED-PEN-B-E-B-<limit>,"{""limit"":""5""}",UNIQUE,RED-PEN-B-E-B-5,1325,2024-11-22,0,Nr. 24.10.2024,"he difference of 60%, accordingly with ANNEX 1 | - SPECIFIC CYBER SECURITY SERVICES FRAMEWORK SERVICE AGREEMENT NO. 316/24.10.2024 | he difference of 60%, accordingly with ANNEX 1 | - SPECIFIC CYBER SECURITY SERVICES FRAMEWORK SERVICE AGREE",,"PROFILE; date:0d, amount:0.0%; company=SMALL; dominant=RED-PEN-B-E-B-5 (100%)"
accounting:BT.BIT 479,no,RED-NIS-C-PEN-100,,SMALL,3,2,RED-NIS-C-PEN-100,0.500,0.000,MIXED/UNKNOWN,REVIEW,MEDIUM,CONTRACT,ron,cms689noq015krt351osn1qko,BT.BIT 479,SPRING FARM SRL,2023-05-12,RON,1000.00,4932.40,avans,RED-NIS-C-PEN-100,RED-NIS-C-PEN-<limit>,"{""limit"":""100""}",UNIQUE,RED-NIS-C-PEN-100 | RED-NIS-C-AUDIT-100,839,2023-05-12,0,179/20.04.2023,SERVICII CONFORM CONTRACT 179/20.04.2023 | 1.000 euro+TVA la cursul BNR reprezentand avans | SERVICII CONFORM CONTRACT 179/20.04.2023 | 1.000 euro+TVA la cursul BNR reprezentand avans,,"CONTRACT; contract, date:0d, milestone:avans; company=SMALL; dominant=RED-NIS-C-PEN-100 (50%)"
accounting:BT.BIT 507,no,RED-NIS-C-AUDIT-100,,SMALL,3,2,RED-NIS-C-PEN-100,0.500,0.000,MIXED/UNKNOWN,REVIEW,MEDIUM,CONTRACT,ron,cms689nv70183rt354zeyub17,BT.BIT 507,SPRING FARM SRL,2023-07-10,RON,750.00,3713.55,,RED-NIS-C-AUDIT-100,RED-NIS-C-AUDIT-<limit>,"{""limit"":""100""}",UNIQUE,RED-NIS-C-PEN-100 | RED-NIS-C-AUDIT-100,840,2023-08-31,52,179/20.04.2023,SERVICII CONFORM CONTRACT NR. 179/20.04.2023 | 750 euro+TVA la cursul BNR | SERVICII CONFORM CONTRACT NR. 179/20.04.2023 | 750 euro+TVA la cursul BNR,,"CONTRACT; contract, date:52d; company=SMALL; dominant=RED-NIS-C-PEN-100 (50%)"
accounting:BT.BIT 525,no,RED-NIS-C-PEN-100,,SMALL,3,2,RED-NIS-C-PEN-100,0.500,0.000,MIXED/UNKNOWN,REVIEW,MEDIUM,CONTRACT,ron,cms689nzl019prt35jb6ahh2c,BT.BIT 525,SPRING FARM SRL,2023-08-31,RON,750.00,3705.90,,RED-NIS-C-PEN-100,RED-NIS-C-PEN-<limit>,"{""limit"":""100""}",UNIQUE,RED-NIS-C-PEN-100 | RED-NIS-C-AUDIT-100,839,2023-08-31,0,179/20.04.2023,SERVICII CONFORM CONTRACT 179/20.04.2023 articolul 3.9.3. | 750 euro+TVA la cursul BNR | SERVICII CONFORM CONTRACT 179/20.04.2023 articolul 3.9.3. | 750 euro+TVA la cursul BNR,,"CONTRACT; contract, date:0d; company=SMALL; dominant=RED-NIS-C-PEN-100 (50%)"
accounting:BT.BIT 219,no,,,UNMATCHED,,,,,,,SKIP_NO_MATCH,NONE,NONE,valuta,cms689lzk00irrt35p90tgvqi,BT.BIT 219,STILLFRONT GROUP AB PUBL,2024-12-23,EUR,3000.00,14929.20,,,,,EMPTY,,,,,,Advance payment according with FRAMEWORK SERVICE | AGREEMENT NO. 1.3/16.12.2024 | Advance payment according with FRAMEWORK SERVICE | AGREEMENT NO. 1.3/16.12.2024,,Organization not found in tracker.
accounting:BT.BIT 222,no,,,UNMATCHED,,,,,,,SKIP_NO_MATCH,NONE,NONE,valuta,cms689m0a00j0rt35ds7cidqu,BT.BIT 222,STILLFRONT GROUP AB PUBL,2025-01-23,EUR,3000.00,14930.40,final,,,,EMPTY,,,,,,Final remuneration according with | FRAMEWORK SERVICE AGREEMENT NO. 1.3/16.12.2024 | Final remuneration according with | FRAMEWORK SERVICE AGREEMENT NO. 1.3/16.12.2024,,Organization not found in tracker.
accounting:BT.BIT 234,no,,,UNMATCHED,,,,,,,SKIP_NO_MATCH,NONE,NONE,valuta,cms689m3500k2rt35iukq4rdk,BT.BIT 234,STILLFRONT GROUP AB PUBL,2025-04-27,EUR,7200.00,35837.28,,,,,EMPTY,,,,,,"Services accordingly with ADDENDUM NO. 1 | FROM 28.3.2025 TO FRAMEWORK SERVICE AGREEMENT NO. 1.3/16.12.2024 NO. 320/16.12.2024, Attention: Bj�rn T�nne IC to Candywriter, Cost center: 800-8006 IC | Services accordingly with ADDENDUM NO. 1 | ",,Organization not found in tracker.
accounting:BT.BIT 242,no,,,UNMATCHED,,,,,,,SKIP_NO_MATCH,NONE,NONE,valuta,cms689m4z00kwrt35p46cu4mh,BT.BIT 242,STILLFRONT GROUP AB PUBL,2025-06-23,EUR,9600.00,48453.12,,,,,EMPTY,,,,,,"Services accordingly with ADDENDUM NO. 2 FROM 15.5.2025 | TO FRAMEWORK SERVICE AGREEMENT NO. 1.3/16.12.2024 NO. 320/16.12.2024, Attention: Bj�rn T�nne IC to Babil Games, Cost center: 800-8006 IC | Services accordingly with ADDENDUM NO. 2 FR",,Organization not found in tracker.
accounting:BT.BIT 550,no,,,UNMATCHED,,,,,,,SKIP_NO_MATCH,NONE,NONE,ron,cms689o5101btrt35i7wp348y,BT.BIT 550,SUPECO INVESTMENT SRL,2023-11-01,RON,,39096.00,,,,,EMPTY,,,,,,Infrastructure and store audit services | Comanda de aprovizionare: 2110100231 CONTRACT 0321SUP din 01.09.2023 | Infrastructure and store audit services | Comanda de aprovizionare: 2110100231 CONTRACT 0321SUP din 01.09.2023,,Organization not found in tracker.
accounting:BT.BIT 10,no,,,UNMATCHED,,,,,,,SKIP_NO_MATCH,NONE,NONE,valuta,cms689kjq000srt35pmrvpse0,BT.BIT 10,SWISS CLASS TRADE AG,2016-08-25,EUR,1500.00,6690.90,,,,,EMPTY,,,,,,Service agreement 602/22.06.2016 | Service agreement 602/22.06.2016,,Organization not found in tracker.
accounting:BT.BIT 11,no,,,UNMATCHED,,,,,,,SKIP_NO_MATCH,NONE,NONE,valuta,cms689kjz000vrt35icf1qz3t,BT.BIT 11,SWISS CLASS TRADE AG,2016-11-24,EUR,1600.00,7224.00,,,,,EMPTY,,,,,,Service agreement 602/22.06.2016 | Service agreement 602/22.06.2016,,Organization not found in tracker.
accounting:BT.BIT 13,no,,,UNMATCHED,,,,,,,SKIP_NO_MATCH,NONE,NONE,valuta,cms689kkf0011rt35ra5gsgnn,BT.BIT 13,SWISS CLASS TRADE AG,2017-01-27,EUR,13332.00,60431.29,,,,,EMPTY,,,,,,Cyber security services | according to framework agreement 24.01.2017 | Cyber security services | according to framework agreement 24.01.2017,,Organization not found in tracker.
accounting:BT.BIT 26,no,,,UNMATCHED,,,,,,,SKIP_NO_MATCH,NONE,NONE,valuta,cms689ko50027rt35rlkvxr5o,BT.BIT 26,SWISS CLASS TRADE AG,2018-05-07,EUR,4700.00,21887.43,,,,,EMPTY,,,,,,Service provision according to Annex no. 1 to the contract | no.125 of 02.05.2018 | Service provision according to Annex no. 1 to the contract | no.125 of 02.05.2018,,Organization not found in tracker.
accounting:BT.BIT 27,no,,,UNMATCHED,,,,,,,SKIP_NO_MATCH,NONE,NONE,valuta,cms689kod002art3564apcjrm,BT.BIT 27,SWISS CLASS TRADE AG,2018-05-07,EUR,3000.00,13970.70,,,,,EMPTY,,,,,,Service provision according to Annex no. 1 to the contract | no.125 of 02.05.2018 | Service provision according to Annex no. 1 to the contract | no.125 of 02.05.2018,,Organization not found in tracker.
accounting:BT.BIT 225,no,RED-PEN-B-E-B-5,,SMALL,2,2,RED-PEN-B-E-B-5,0.500,0.000,MIXED/UNKNOWN,REVIEW,MEDIUM,CONTRACT,valuta,cms689m1300jart35do9i3hpj,BT.BIT 225,TECHNOSOFT SA,2025-02-10,EUR,3366.00,16751.57,,RED-PEN-B-E-B-5,RED-PEN-B-E-B-<limit>,"{""limit"":""5""}",UNIQUE,RED-PEN-B-E-B-5 | RED-PEN-B-I-B-50,1337,2025-02-10,0,NO. 323/20.12.2024,Advance remuneration accordingly with | Framework Service Agreement N. 323/20.12.2024 | Advance remuneration accordingly with | Framework Service Agreement N. 323/20.12.2024,,"CONTRACT; contract, date:0d; company=SMALL; dominant=RED-PEN-B-E-B-5 (50%)"
accounting:BT.BIT 226,no,RED-PEN-B-E-B-5,,SMALL,2,2,RED-PEN-B-E-B-5,0.500,0.000,MIXED/UNKNOWN,REVIEW,MEDIUM,CONTRACT,valuta,cms689m1b00jdrt35zek5irkz,BT.BIT 226,TECHNOSOFT SA,2025-02-21,EUR,5049.00,25130.39,final,RED-PEN-B-E-B-5,RED-PEN-B-E-B-<limit>,"{""limit"":""5""}",UNIQUE,RED-PEN-B-E-B-5 | RED-PEN-B-I-B-50,1337,2025-02-21,0,NO. 323/20.12.2024,Final amount accordingly with | Framework Service Agreement N. 323/20.12.2024 | Final amount accordingly with | Framework Service Agreement N. 323/20.12.2024,,"CONTRACT; contract, date:0d, amount:9.1%, milestone:final; company=SMALL; dominant=RED-PEN-B-E-B-5 (50%)"
accounting:BT.BIT 193,no,RED-PEN-B-E-B-5,,STANDARD,6,3,RED-PEN-B-E-B-5,0.333,0.250,MIXED/UNKNOWN,REVIEW,MEDIUM,SCORED,valuta,cms689lta00gfrt35tnpeabtk,BT.BIT 193,TELIO NEDERLAND B.V.,2024-06-27,EUR,4537.50,22582.68,,RED-PEN-B-E-B-5,RED-PEN-B-E-B-<limit>,"{""limit"":""5""}",UNIQUE,RED-PEN-B-E-B-5,1305,2024-06-27,0,SERVICES AGREEMENT,"SERVICES NO. 300/18.6.2024 | 50% of the total amount, i.e. EUR 4,537.50 will be paid as an advance | SERVICES NO. 300/18.6.2024 | 50% of the total amount, i.e. EUR 4,537.50 will be paid as an advance",,"SCORED; date:0d, amount:0.0%; company=STANDARD; dominant=RED-PEN-B-E-B-5 (33%)"
accounting:BT.BIT 196,no,,,STANDARD,6,3,RED-PEN-B-E-B-5,0.333,0.250,MIXED/UNKNOWN,SKIP_NO_MATCH,NONE,SOURCE_REUSE_ANOMALY,valuta,cms689lu000gort35krdh3v7w,BT.BIT 196,TELIO NEDERLAND B.V.,2024-07-17,EUR,4537.50,22530.96,,,,,EMPTY,RED-PEN-B-E-B-5,,,0,,"SERVICES NO. 300/18.6.2024 Penetration testing services accordingly | 50% of the total amount, i.e. EUR 4,537.50 will be paid as an advance | SERVICES NO. 300/18.6.2024 | 50% of the total amount, i.e. EUR 4,537.50 will be paid as an advance","[{""line"":1,""service"":""SERVICES NO. 300/18.6.2024 | 50% of the total amount, i.e. EUR 4,537.50 will be paid as an advance"",""partNumber"":""RED-PEN-B-E-B-5"",""confidence"":""MEDIUM"",""trackerRow"":1305},{""line"":2,""service"":""Penetration testing services accordingly | with SERVICE AGREEMENT from 7 October 2025"",""partNumber"":"""",""confidence"":""NONE"",""trackerRow"":null}]",Quarantined: nr_iesire is reused by multiple organization/date/id_iesire headers inside the same source workbook; production lines may be contaminated.
accounting:BT.BIT 251,no,RED-PEN-B-I-B-20,,STANDARD,6,3,RED-PEN-B-E-B-5,0.333,0.250,MIXED/UNKNOWN,REVIEW,MEDIUM,SCORED,valuta,cms689m7000lnrt35wy2a1zl6,BT.BIT 251,TELIO NEDERLAND B.V.,2025-09-16,EUR,8250.00,41771.40,,RED-PEN-B-I-B-20,RED-PEN-B-I-B-<limit>,"{""limit"":""20""}",UNIQUE,RED-PEN-B-I-B-20 | RED-PEN-B-E-B-12,1306,2025-09-15,1,No. 295/5.06.2024,Advance payment according with APPENDIX 1 | - SPECIFIC CYBER SECURITY SERVICES TO FRAMEWORK SERVICE AGREEMENT NO. 300 FROM 18.6.2024 | Advance payment according with APPENDIX 1 | - SPECIFIC CYBER SECURITY SERVICES TO FRAMEWORK SERVICE AGREE,,"SCORED; date:1d, amount:0.0%; company=STANDARD; dominant=RED-PEN-B-E-B-5 (33%)"
accounting:BT.BIT 252,no,RED-PEN-B-E-B-12,,STANDARD,6,3,RED-PEN-B-E-B-5,0.333,0.250,MIXED/UNKNOWN,REVIEW,MEDIUM,SCORED,valuta,cms689m7700lqrt35ygx526zo,BT.BIT 252,TELIO NEDERLAND B.V.,2025-09-22,EUR,3300.00,16737.27,,RED-PEN-B-E-B-12,RED-PEN-B-E-B-<limit>,"{""limit"":""12""}",UNIQUE,RED-PEN-B-E-B-12 | RED-PEN-B-I-B-20,1307,2025-09-22,0,No. 295/5.06.2024,Services Advance payment according with APPENDIX 2 from | 20.8.2025 - SPECIFIC CYBER SECURITY SERVICES TO FRAMEWORK SERVICE AGREEMENT NO. 300 FROM 18.6.2024 | Services Advance payment according with APPENDIX 2 from | 20.8.2025 - SPECIFIC CY,,"SCORED; date:0d, amount:0.0%; company=STANDARD; dominant=RED-PEN-B-E-B-5 (33%)"
accounting:BT.BIT 254,no,RED-PEN-B-E-B-12,,STANDARD,6,3,RED-PEN-B-E-B-5,0.333,0.250,MIXED/UNKNOWN,REVIEW,MEDIUM,SCORED,valuta,cms68c3b3008apj38n9v3u73n,BT.BIT 254,TELIO NEDERLAND B.V.,2025-09-29,EUR,3300.00,16754.76,,RED-PEN-B-E-B-12,RED-PEN-B-E-B-<limit>,"{""limit"":""12""}",UNIQUE,RED-PEN-B-E-B-12 | RED-PEN-B-I-B-20,1307,2025-09-29,0,No. 295/5.06.2024,Difference for the services according with | APPENDIX 2 from 20.8.2025 - SPECIFIC CYBER SECURITY SERVICES TO FRAMEWORK SERVICE AGREEMENT NO. 300 FROM 18.6.2024 | Difference for the services according with | APPENDIX 2 from 20.8.2025 - SPECI,,"SCORED; date:0d, amount:0.0%; company=STANDARD; dominant=RED-PEN-B-E-B-5 (33%)"
accounting:BT.BIT 255,no,RED-PEN-B-I-B-20,,STANDARD,6,3,RED-PEN-B-E-B-5,0.333,0.250,MIXED/UNKNOWN,REVIEW,MEDIUM,SCORED,valuta,cms689m7p00lxrt3504qvymmj,BT.BIT 255,TELIO NEDERLAND B.V.,2025-09-29,EUR,8250.00,41886.90,,RED-PEN-B-I-B-20,RED-PEN-B-I-B-<limit>,"{""limit"":""20""}",UNIQUE,RED-PEN-B-I-B-20 | RED-PEN-B-E-B-12,1306,2025-09-29,0,No. 295/5.06.2024,Difference for services according to APPENDIX 1 | - SPECIFIC CYBER SECURITY SERVICES TO FRAMEWORK SERVICE AGREEMENT NO. 300 FROM 18.6.2024 | Difference for services according to APPENDIX 1 | - SPECIFIC CYBER SECURITY SERVICES TO FRAMEWORK S,,"SCORED; date:0d, amount:0.0%; company=STANDARD; dominant=RED-PEN-B-E-B-5 (33%)"
accounting:BT.R.BIT 261,no,RED-PEN-B-E-B-5,,SMALL,2,2,RED-PEN-B-E-B-5,1.000,0.000,MIXED/UNKNOWN,ACCEPT_CANDIDATE,HIGH,CONTRACT,valuta,cms689tm40372rt35disuekyz,BT.R.BIT 261,"THE BRIEF, INC.",2025-11-24,EUR,3500.00,17811.85,,RED-PEN-B-E-B-5,RED-PEN-B-E-B-<limit>,"{""limit"":""5""}",UNIQUE,RED-PEN-B-E-B-5,1313,2025-11-24,0,NR. 303/9.07.2024,Services according to ANNEX 1 - | SPECIFIC CYBER SECURITY SERVICES of Service Agreement No. 303/9.07.2024 | Services according to ANNEX 1 - | SPECIFIC CYBER SECURITY SERVICES of Service Agreement No. 303/9.07.2024,,"CONTRACT; contract, date:0d; company=SMALL; dominant=RED-PEN-B-E-B-5 (100%)"
accounting:BT.BIT 152,no,,,UNMATCHED,,,,,,,SKIP_NO_MATCH,NONE,NONE,valuta,cms689ljn00czrt35dlilpe1m,BT.BIT 152,THE COMPANY FISCAL SOLUTIONS,2022-07-14,EUR,4620.00,22829.27,,,,,EMPTY,,,,,,SERVICES AGREEMENT NO.299 /12.07.2022 | SERVICES AGREEMENT NO.299 /12.07.2022,,Organization not found in tracker.
accounting:BT.BIT 157,no,,,UNMATCHED,,,,,,,SKIP_NO_MATCH,NONE,NONE,valuta,cms689lkv00dert35lk8pp0cm,BT.BIT 157,THE COMPANY FISCAL SOLUTIONS,2022-09-13,EUR,1980.00,9711.31,,,,,EMPTY,,,,,,SERVICES AGREEMENT NO.299 /12.07.2022 | SERVICES AGREEMENT NO.299 /12.07.2022,,Organization not found in tracker.
accounting:BT.BIT 79,no,,,UNMATCHED,,,,,,,SKIP_NO_MATCH,NONE,NONE,valuta,cms689l1k006prt35uqm8lhg8,BT.BIT 79,"THE COMPANY INTEGO,INC",2020-09-07,EUR,10612.00,51459.71,,,,,EMPTY,,,,,,Services according to contract 170 / 07.09.2020 | Advance 40% of the contract | Services according to contract 170 / 07.09.2020 | Advance 40% of the contract,,Organization not found in tracker.
accounting:BT.BIT 83,no,,,UNMATCHED,,,,,,,SKIP_NO_MATCH,NONE,NONE,valuta,cms689l3b0074rt35wx2wuqb4,BT.BIT 83,"THE COMPANY INTEGO,INC",2020-11-23,EUR,15918.00,77568.41,,,,,EMPTY,,,,,,Services according to contract 170 / 07.09.2020 | Services according to contract 170 / 07.09.2020,,Organization not found in tracker.
accounting:BT.BIT 636,no,,,UNMATCHED,,,,,,,SKIP_NO_MATCH,NONE,NONE,ron,cms689ooj01jjrt35599fwiu7,BT.BIT 636,THERES AN AI FOR THAT S.R.L.,2024-05-07,RON,2925.00,14555.97,avans,,,,EMPTY,,,,,,"SERVICII CONFORM CONTRACT NR. 292 DIN 29.4.2024 | 50% din valoarea totala, adica 2,925 euro + TVA la cursul BNR, va fi achitata ca avans | SERVICII CONFORM CONTRACT NR. 292 DIN 29.4.2024 | 50% din valoarea totala, adica 2,925 euro + TVA la ",,Organization not found in tracker.
accounting:BT.BIT 647,no,,,UNMATCHED,,,,,,,SKIP_NO_MATCH,NONE,NONE,ron,cms689or101kgrt35bdna09ns,BT.BIT 647,THERES AN AI FOR THAT S.R.L.,2024-05-31,RON,2925.00,14557.73,storno,,,,EMPTY,,,,,,SERVICII CONFORM CONTRACT NR. 292 DIN 29.4.2024 | stornare avans factura 636/07.05.2024 | SERVICII CONFORM CONTRACT NR. 292 DIN 29.4.2024 | stornare avans factura 636/07.05.2024 | SERVICII CONFORM CONTRACT NR. 292 DIN 29.4.2024 | factura fi,,Organization not found in tracker.
accounting:BT.BIT 257,no,RED-PEN-B-I-B-26,,SMALL,3,2,RED-PEN-B-I-B-26,0.500,0.000,MIXED/UNKNOWN,ACCEPT_CANDIDATE,HIGH,CONTRACT,valuta,cms689m8600m3rt35m4qnhp19,BT.BIT 257,THINK HUGE LTD,2025-10-08,USD,6500.00,28373.80,,RED-PEN-B-I-B-26,RED-PEN-B-I-B-<limit>,"{""limit"":""26""}",UNIQUE,RED-PEN-B-I-B-26 | RED-PEN-B-I-B-3,1550,2025-10-08,0,FRAMEWORK SERVICE AGREEMENT NO. 363/26.9.2025,Advance invoicing for services according to ANNEX 1 | - SPECIFIC CYBER SECURITY SERVICES to FRAMEWORK SERVICE AGREEMENT NO. 363/26.9.2025 | Advance invoicing for services according to ANNEX 1 | - SPECIFIC CYBER SECURITY SERVICES to FRAMEWOR,,"CONTRACT; contract, date:0d; company=SMALL; dominant=RED-PEN-B-I-B-26 (50%)"
accounting:BT.R.BIT 260,no,,,SMALL,3,2,RED-PEN-B-I-B-26,0.500,0.000,MIXED/UNKNOWN,SKIP_NO_MATCH,NONE,SOURCE_REUSE_ANOMALY,valuta,cms68c3dd008rpj388gm6t5yh,BT.R.BIT 260,THINK HUGE LTD,2025-10-30,USD,6500.00,28367.95,,,,,EMPTY,RED-PEN-B-I-B-26 | RED-PEN-B-I-B-3,,,0,,Difference invoicing for services according to ANNEX 1 ADDENDUM NO. 2 FROM 28.04.2025 SERVICES AGREEMENT | - SPECIFIC CYBER SECURITY SERVICES to FRAMEWORK SERVICE AGREEMENT NO. 363/26.9.2025 | Difference invoicing for services according to ,"[{""line"":1,""service"":""Difference invoicing for services according to ANNEX 1 | - SPECIFIC CYBER SECURITY SERVICES to FRAMEWORK SERVICE AGREEMENT NO. 363/26.9.2025"",""partNumber"":""RED-PEN-B-I-B-26"",""confidence"":""HIGH"",""trackerRow"":1550},{""line"":2,""service"":""ADDENDUM NO. 2 FROM 28.04.2025 SERVICES AGREEMENT | Contract no. No.295/5.06.2024"",""partNumber"":"""",""confidence"":""NONE"",""trackerRow"":null}]",Quarantined: nr_iesire is reused by multiple organization/date/id_iesire headers inside the same source workbook; production lines may be contaminated.
accounting:BT.R.BIT 62,no,RED-PEN-B-I-B-3,,SMALL,3,2,RED-PEN-B-I-B-26,0.500,0.000,MIXED/UNKNOWN,ACCEPT_CANDIDATE,HIGH,CONTRACT,valuta,cms689r3n02h2rt351fpiighm,BT.R.BIT 62,THINK HUGE LTD,2025-12-19,USD,1300.00,5644.21,,RED-PEN-B-I-B-3,RED-PEN-B-I-B-<limit>,"{""limit"":""3""}",UNIQUE,RED-PEN-B-I-B-3 | RED-PEN-B-I-B-26,1551,2025-12-19,0,FRAMEWORK SERVICE AGREEMENT NO. 363/26.9.2025,"Additional retesting - 10% from the total amount of the | agreement, accordingly with ANNEX 1 - SPECIFIC CYBER SECURITY SERVICES to FRAMEWORK SERVICE AGREEMENT NO. 363/26.9.2025 | Additional retesting - 10% from the total amount of the | ag",,"CONTRACT; contract, date:0d; company=SMALL; dominant=RED-PEN-B-I-B-26 (50%)"
accounting:BT.BIT 728,no,RED-PEN-B-E-B-5,,SMALL,2,1,RED-PEN-B-E-B-5,1.000,0.000,MIXED/UNKNOWN,ACCEPT_CANDIDATE,HIGH,CONTRACT,ron,cms689p8z01rqrt35c1x0m82x,BT.BIT 728,TICKETING NATION S.R.L.,2024-10-07,RON,3600.00,17915.76,,RED-PEN-B-E-B-5,RED-PEN-B-E-B-<limit>,"{""limit"":""5""}",UNIQUE,RED-PEN-B-E-B-5,1315,2024-10-07,0,NR. 311/24.09.2024,SERVICII CONFORM CONTRACT CADRU NR. 311/24.09.2024 | 3.600 euro+TVA la cursul BNR | SERVICII CONFORM CONTRACT CADRU NR. 311/24.09.2024 | 3.600 euro+TVA la cursul BNR,,"CONTRACT; contract, date:0d, amount:0.0%; company=SMALL; dominant=RED-PEN-B-E-B-5 (100%)"
accounting:BT.BIT 731,no,RED-PEN-B-E-B-5,,SMALL,2,1,RED-PEN-B-E-B-5,1.000,0.000,MIXED/UNKNOWN,ACCEPT_CANDIDATE,HIGH,CONTRACT,ron,cms689p9k01rzrt352yy7qsha,BT.BIT 731,TICKETING NATION S.R.L.,2024-10-26,RON,5400.00,26855.28,final,RED-PEN-B-E-B-5,RED-PEN-B-E-B-<limit>,"{""limit"":""5""}",UNIQUE,RED-PEN-B-E-B-5,1315,2024-11-07,12,NR. 311/24.09.2024,Diferenta de facturat conform ANEXA 1 | ? SERVICII PUNCTUALE DE SECURITATE INFORMATICA CONTRACT NR. 311/24.09.2024( 5.400 euro+TVA la cursul BNR) | Diferenta de facturat conform ANEXA 1 | ? SERVICII PUNCTUALE DE SECURITATE INFORMATICA CONTR,,"CONTRACT; contract, date:12d, amount:0.0%, milestone:final; company=SMALL; dominant=RED-PEN-B-E-B-5 (100%)"
accounting:BT.BIT 290,no,RED-PEN-S-G-10,,STANDARD,7,6,RED-PEN-S-G-2,0.833,0.000,MIXED/UNKNOWN,ACCEPT_CANDIDATE,HIGH,CONTRACT,ron,cms689mgg00p3rt358lp39zj9,BT.BIT 290,TIMESAFE SRL,2021-09-14,RON,3750.00,18553.13,avans,RED-PEN-S-G-10,RED-PEN-S-G-<limit>,"{""limit"":""10""}",UNIQUE,RED-PEN-S-G-10,169,2021-09-14,0,201/13.09.2021,SERVICII CONFORM CONTRACT NR. 201/ 13.09.2021 | avans 50% reprezentand 3.750 euro+TVA la cursul BNR | SERVICII CONFORM CONTRACT NR. 201/ 13.09.2021 | avans 50% reprezentand 3.750 euro+TVA la cursul BNR,,"CONTRACT; contract, date:0d, milestone:avans; company=STANDARD; dominant=RED-PEN-S-G-2 (83%)"
accounting:BT.BIT 299,no,RED-PEN-S-G-10,,STANDARD,7,6,RED-PEN-S-G-2,0.833,0.000,MIXED/UNKNOWN,REVIEW,HIGH,STORNO_REFERENCE,ron,cms689mir00q1rt35oq4y1vdk,BT.BIT 299,TIMESAFE SRL,2021-10-25,RON,3750.00,16077.27,storno,RED-PEN-S-G-10,RED-PEN-S-G-<limit>,"{""limit"":""10""}",UNIQUE,RED-PEN-S-G-10,169,2021-09-14,41,201/13.09.2021,STORNARE FACTURA BT BIT 290/14.09.2021 SERVICII CONFORM CONTRACT NR. 201/ 13.09.2021 | Stornare avans 50% reprezentand 3.750 euro+TVA la cursul BNR | STORNARE FACTURA BT BIT 290/14.09.2021 | Stornare avans 50% reprezentand 3.750 euro+TVA la,,Storno mapped to BT.BIT 290; contract=true; amount=true; gap=41d
accounting:414,no,RED-PEN-S-G-10,,STANDARD,7,6,RED-PEN-S-G-2,0.833,0.000,MIXED/UNKNOWN,REVIEW,HIGH,CONTRACT,ron,cms689n9s00zvrt35jwfxc06h,414,TIMESAFE SRL,2022-11-23,RON,4050.00,19947.46,,RED-PEN-S-G-10,RED-PEN-S-G-<limit>,"{""limit"":""10""}",UNIQUE,RED-PEN-S-G-10 | RED-PEN-S-G-2,169,2021-10-25,394,201/13.09.2021,SERVICII CONFORM ACT ADITIONAL NR. 1 DIN 24.08.2022 | LA CONTRACTUL NR.201 DIN 13.09.2021( 4.050 Euro +TVA la cursul BNR) | SERVICII CONFORM ACT ADITIONAL NR. 1 DIN 24.08.2022 | LA CONTRACTUL NR.201 DIN 13.09.2021( 4.050 Euro +TVA la cursul,,"CONTRACT; contract, amount:10.0%; company=STANDARD; dominant=RED-PEN-S-G-2 (83%)"
accounting:BT.BIT 598,no,RED-PEN-S-G-2,,STANDARD,7,6,RED-PEN-S-G-2,0.833,0.000,MIXED/UNKNOWN,REVIEW,MEDIUM,PROFILE,ron,cms689og101g6rt358xacgi5y,BT.BIT 598,TIMESAFE SRL,2024-02-05,RON,6600.00,32820.48,,RED-PEN-S-G-2,RED-PEN-S-G-<limit>,"{""limit"":""2""}",UNIQUE,RED-PEN-S-G-2 | RED-PEN-S-G-10,171,2024-02-05,0,act aditional nr 2 din 30.01.2024,SERVICII CONFORM CONTRACT 201/13.09.2021 | 6.600 euro+TVA la cursul BNR conform act aditional nr.2/30.01.2024 | SERVICII CONFORM CONTRACT 201/13.09.2021 | 6.600 euro+TVA la cursul BNR conform act aditional nr.2/30.01.2024,,"PROFILE; date:0d, amount:0.0%, company-profile:83%; company=STANDARD; dominant=RED-PEN-S-G-2 (83%)"
accounting:BT.BIT 782,no,RED-PEN-S-G-2,,STANDARD,7,6,RED-PEN-S-G-2,0.833,0.000,MIXED/UNKNOWN,REVIEW,MEDIUM,PROFILE,ron,cms689pku01wart354vaeeula,BT.BIT 782,TIMESAFE SRL,2024-12-19,RON,7150.00,35570.54,,RED-PEN-S-G-2,RED-PEN-S-G-<limit>,"{""limit"":""2""}",UNIQUE,RED-PEN-S-G-2 | RED-PEN-S-G-10,172,2024-12-19,0,act aditional nr 3 din 13.12.2024,SERVICII CONFORM ACT ADITIONAL NR.3 DIN 13.12.2024 | LA CONTRACT NR.201/13.09.2004 (7.150 euro +TVA la cursul BNR) | SERVICII CONFORM ACT ADITIONAL NR.3 DIN 13.12.2024 | LA CONTRACT NR.201/13.09.2004 (7.150 euro +TVA la cursul BNR),,"PROFILE; date:0d, amount:0.0%, company-profile:83%; company=STANDARD; dominant=RED-PEN-S-G-2 (83%)"
accounting:BT.BIT 1027,no,RED-PEN-S-G-2,,STANDARD,7,6,RED-PEN-S-G-2,0.833,0.000,MIXED/UNKNOWN,REVIEW,MEDIUM,PROFILE,ron,cms689s7r02t8rt35q4s2fvkp,BT.BIT 1027,TIMESAFE SRL,2026-02-11,RON,14000.00,71323.00,,RED-PEN-S-G-2,RED-PEN-S-G-<limit>,"{""limit"":""2""}",UNIQUE,RED-PEN-S-G-2 | RED-PEN-S-G-10,173,2026-02-11,0,act aditional nr. 4 din 3.2.2026,"Servicii conform ACT ADITIONAL NR. 4 | DIN 03.02.2026 CONTRACT DE PRESTARI SERVICII Nr. 201/13.09.2021 ( 14,000 EURO + TVA la cursul BNR) | Servicii conform ACT ADITIONAL NR. 4 | DIN 03.02.2026 CONTRACT DE PRESTARI SERVICII Nr. 201/13.09.20",,"PROFILE; date:0d, amount:0.0%, company-profile:83%; company=STANDARD; dominant=RED-PEN-S-G-2 (83%)"
accounting:BT.BIT 1064,no,RED-PEN-S-G-2,,STANDARD,7,6,RED-PEN-S-G-2,0.833,0.000,MIXED/UNKNOWN,REVIEW,MEDIUM,PROFILE,ron,cms689szh030wrt350h5e3n1s,BT.BIT 1064,TIMESAFE SRL,2026-04-21,RON,9000.00,45890.10,,RED-PEN-S-G-2,RED-PEN-S-G-<limit>,"{""limit"":""2""}",UNIQUE,RED-PEN-S-G-2 | RED-PEN-S-G-10,174,2026-04-21,0,act adtional nr. 5 din 24.3.2026,"Servicii conform ACT ADITIONAL NR. 5 | DIN 24.03.2026 la Contractul de prestari servicii Nr. 201/13.09.2021 ( 9,000 EURO + TVA la cursul BNR) | Servicii conform ACT ADITIONAL NR. 5 | DIN 24.03.2026 la Contractul de prestari servicii Nr. 201",,"PROFILE; date:0d, amount:0.0%, company-profile:83%; company=STANDARD; dominant=RED-PEN-S-G-2 (83%)"
accounting:438,no,RED-NIS-C-PEN-4,,SMALL,2,4,RED-NIS-C-PEN-4,0.500,0.000,MIXED/UNKNOWN,REVIEW,LOW,SCORED,ron,cms689nfe011xrt355woi75bw,438,TMK HYDROENERGY POWER S.R.L.,2022-12-21,RON,7000.00,34316.10,,RED-NIS-C-PEN-4,RED-NIS-C-PEN-<limit>,"{""limit"":""4""}",UNIQUE,RED-NIS-C-PEN-4 | RED-NIS-C-AUDIT-4,98,2022-12-21,0,Nr. RO90/31 din data de 30.09.2022,SERVICII CONFORM CONTRACT RO/90/31 DIN 30.09.2022 | 7.000 euro+TVA la cursul BNR | SERVICII CONFORM CONTRACT RO/90/31 DIN 30.09.2022 | 7.000 euro+TVA la cursul BNR,,SCORED; date:0d; company=SMALL; dominant=RED-NIS-C-PEN-4 (50%)
accounting:BT.BIT 778,no,RED-NIS-C-PEN-4,,SMALL,2,4,RED-NIS-C-PEN-4,0.500,0.000,MIXED/UNKNOWN,REVIEW,MEDIUM,CONTRACT,ron,cms689pjw01vyrt35plycs3yx,BT.BIT 778,TMK HYDROENERGY POWER S.R.L.,2024-12-18,RON,6890.00,34281.88,,RED-NIS-C-PEN-4,RED-NIS-C-PEN-<limit>,"{""limit"":""4""}",UNIQUE,RED-NIS-C-PEN-4 | RED-NIS-C-AUDIT-4,100,2024-12-18,0,Nr. RO90 /38 / 30.09.2024,"Servicii de audit informatic pentru identificarea | si evaluarea vulnerabilitatilor si riscurilor informatice in conformitate cu Legea 362/2018 (NIS)?, CONTRACT DE SERVICII Nr. RO90 /38 / 30.09.2024(6.890 euro+TVA la cursul BNR) | Servicii ",,"CONTRACT; contract, date:0d, description:0.25; company=SMALL; dominant=RED-NIS-C-PEN-4 (50%)"
accounting:435,no,RED-NIS-C-PEN-12,,SMALL,2,4,RED-NIS-C-PEN-12,0.500,0.000,MIXED/UNKNOWN,REVIEW,LOW,SCORED,ron,cms689nes011ort356vnh59fy,435,TOMIS TEAM S.A.,2022-12-21,RON,6000.00,29413.80,,RED-NIS-C-PEN-12,RED-NIS-C-PEN-<limit>,"{""limit"":""12""}",UNIQUE,RED-NIS-C-PEN-12 | RED-NIS-C-AUDIT-12,90,2022-12-21,0,,SERVICII CONFORM CONTRACT RO/60/50 DIN 22.09.2022 | 6.000 euro +TVA la cursul BNR | SERVICII CONFORM CONTRACT RO/60/50 DIN 22.09.2022 | 6.000 euro +TVA la cursul BNR,,SCORED; date:0d; company=SMALL; dominant=RED-NIS-C-PEN-12 (50%)
accounting:BT.BIT 779,no,RED-NIS-C-PEN-12,,SMALL,2,4,RED-NIS-C-PEN-12,0.500,0.000,MIXED/UNKNOWN,REVIEW,MEDIUM,CONTRACT,ron,cms689pk501w1rt35j82dujcq,BT.BIT 779,TOMIS TEAM S.A.,2024-12-18,RON,6890.00,34281.88,,RED-NIS-C-PEN-12,RED-NIS-C-PEN-<limit>,"{""limit"":""12""}",UNIQUE,RED-NIS-C-PEN-12 | RED-NIS-C-AUDIT-12,92,2024-12-18,0,Nr. RO60 /60 / 30.09.2024,"Servicii de audit informatic pentru identificarea | si evaluarea vulnerabilitatilor si riscurilor informatice in conformitate cu Legea 362/2018 (NIS)?, CONTRACT DE SERVICII Nr. RO60 /60 / 30.09.2024( 6.890 euro+TVA la cursul BNR) | Servicii",,"CONTRACT; contract, date:0d, description:0.25; company=SMALL; dominant=RED-NIS-C-PEN-12 (50%)"
accounting:BT.BIT 1025,no,RED-PEN-B-E-B-8,,SMALL,2,1,RED-PEN-B-E-B-8,1.000,0.000,MIXED/UNKNOWN,ACCEPT_CANDIDATE,HIGH,CONTRACT,ron,cms689s7902t2rt35gi31mcio,BT.BIT 1025,TOTEM COMMUNICATION SRL,2026-02-04,RON,2600.00,13247.00,avans,RED-PEN-B-E-B-8,RED-PEN-B-E-B-<limit>,"{""limit"":""8""}",UNIQUE,RED-PEN-B-E-B-8,1571,2026-02-04,0,CONTRACT-CADRU DE PRESTARI SERVICII Nr. 372/2.12.2025,Avans conform **ANEXA 1 | ? SERVICII PUNCTUALE DE SECURITATE INFORMATICA la Contract Nr. 372/2.12.2025**( 2.600 euro+TVA la cursul BNR) | Avans conform **ANEXA 1 | ? SERVICII PUNCTUALE DE SECURITATE INFORMATICA la Contract Nr. 372/2.12.2025,,"CONTRACT; contract, date:0d, amount:0.0%, milestone:avans; company=SMALL; dominant=RED-PEN-B-E-B-8 (100%)"
accounting:BT.BIT 1029,no,RED-PEN-B-E-B-8,,SMALL,2,1,RED-PEN-B-E-B-8,1.000,0.000,MIXED/UNKNOWN,REVIEW,HIGH,STORNO_REFERENCE,ron,cms689s8t02tert35w87m2vdm,BT.BIT 1029,TOTEM COMMUNICATION SRL,2026-02-11,RON,2600.00,13247.00,storno,RED-PEN-B-E-B-8,RED-PEN-B-E-B-<limit>,"{""limit"":""8""}",UNIQUE,RED-PEN-B-E-B-8,1571,2026-02-04,7,CONTRACT-CADRU DE PRESTARI SERVICII Nr. 372/2.12.2025,Stornare Avans conform **ANEXA 1 Factura finala conform ANEXA 1 | ? SERVICII PUNCTUALE DE SECURITATE INFORMATICA la Contract Nr. 372/2.12.2025**( 2.600 euro+TVA la cursul BNR) Stornare factura avans 1025/04.02.2026 | Stornare Avans conform ,,Storno mapped to BT.BIT 1025; contract=true; amount=true; gap=7d
accounting:BT.BIT 336,no,RED-PEN-S-B-1,,SMALL,1,1,RED-PEN-S-B-1,1.000,0.000,MIXED/UNKNOWN,REVIEW,LOW,PROFILE,ron,cms689mrh00t6rt35i6oqom91,BT.BIT 336,TRANSCENT CONSULTING SRL,2022-04-04,RON,5500.00,27190.35,,RED-PEN-S-B-1,RED-PEN-S-B-<limit>,"{""limit"":""1""}",UNIQUE,RED-PEN-S-B-1,182,2022-04-04,0,ACT ADITIONAL NR.1 DIN 04.04.2022,SERVICII CONFORM ACT ADITIONAL NR.1 DIN 04.04.2022 | LA CONTRACT 210/17.01.2022 ( 5.500 euro+TVA la cursul BNR) | SERVICII CONFORM ACT ADITIONAL NR.1 DIN 04.04.2022 | LA CONTRACT 210/17.01.2022 ( 5.500 euro+TVA la cursul BNR),,"PROFILE; date:0d, amount:0.0%; company=SMALL; dominant=RED-PEN-S-B-1 (100%)"
accounting:BT.BIT 679,no,RED-PEN-B-E-B-30,,STANDARD,8,1,RED-PEN-B-E-B-30,1.000,0.250,MIXED/UNKNOWN,REVIEW,HIGH,PROFILE,ron,cms689oye01n8rt35pcxx43cc,BT.BIT 679,TYPINGDNA SRL,2024-07-15,RON,2750.00,12526.25,avans,RED-PEN-B-E-B-30,RED-PEN-B-E-B-<limit>,"{""limit"":""30""}",UNIQUE,RED-PEN-B-E-B-30,1308,2024-07-15,0,No. 300/18.6.2024,SERVICII CONFORM CONTRACT NR.302/03.07.2024 | 50% avans reprezentand 2.750 USD+TVA la cursul BNR | SERVICII CONFORM CONTRACT NR.302/03.07.2024 | 50% avans reprezentand 2.750 USD+TVA la cursul BNR,,"PROFILE; date:0d, amount:0.0%, milestone:avans; company=STANDARD; dominant=RED-PEN-B-E-B-30 (100%)"
accounting:BT.BIT 694,no,RED-PEN-B-E-B-30,,STANDARD,8,1,RED-PEN-B-E-B-30,1.000,0.250,MIXED/UNKNOWN,REVIEW,HIGH,PROFILE,ron,cms689p1t01oirt35luxrjcns,BT.BIT 694,TYPINGDNA SRL,2024-08-07,RON,2750.00,10540.82,,RED-PEN-B-E-B-30,RED-PEN-B-E-B-<limit>,"{""limit"":""30""}",UNIQUE,RED-PEN-B-E-B-30,1308,2024-08-08,1,No. 300/18.6.2024,"CONTRACT-CADRU DE PRESTARI SERVICII NR. 302/3.7.2024 | Conform contract NR. 302/3.7.2024 - 50% din valoarea totala, adica 2,750 USD + TVA la cursul BNR de 4.5539 Lei | CONTRACT-CADRU DE PRESTARI SERVICII NR. 302/3.7.2024 | Conform contract ",,"PROFILE; date:1d, amount:0.0%; company=STANDARD; dominant=RED-PEN-B-E-B-30 (100%)"
accounting:BT.BIT 695 STORN,no,RED-PEN-B-E-B-30,,STANDARD,8,1,RED-PEN-B-E-B-30,1.000,0.250,MIXED/UNKNOWN,REVIEW,HIGH,STORNO_REFERENCE,ron,cms689p2101olrt35y72mbitr,BT.BIT 695 STORN,TYPINGDNA SRL,2024-08-07,RON,2750.00,12523.23,storno,RED-PEN-B-E-B-30,RED-PEN-B-E-B-<limit>,"{""limit"":""30""}",UNIQUE,RED-PEN-B-E-B-30,1308,2024-08-08,0,No. 300/18.6.2024,"CONTRACT-CADRU DE PRESTARI SERVICII NR. 302/3.7.2024 | stornare factura gresita 695/Conform contract NR. 302/3.7.2024 - 50% din valoarea totala, adica 2,750 USD + TVA la cursul BNR de 4.5539 Lei | CONTRACT-CADRU DE PRESTARI SERVICII NR. 302",,Storno mapped to BT.BIT 694; contract=true; amount=true; gap=0d
accounting:BT.BIT 696,no,,,STANDARD,8,1,RED-PEN-B-E-B-30,1.000,0.250,MIXED/UNKNOWN,SKIP_NO_MATCH,NONE,NONE,ron,cms689p2a01oort35oozsa3sv,BT.BIT 696,TYPINGDNA SRL,2024-08-07,RON,2750.00,12523.23,,,,,EMPTY,,,,,,"CONTRACT-CADRU DE PRESTARI SERVICII NR. 302/3.7.2024 | Conform contract NR. 302/3.7.2024 - 50% din valoarea totala, adica 2,750 USD + TVA la cursul BNR de 4.5539 Lei | CONTRACT-CADRU DE PRESTARI SERVICII NR. 302/3.7.2024 | Conform contract ",,No accounting-to-tracker activity match met the conservative threshold.
accounting:BT.BIT 694 STORN,no,RED-PEN-B-E-B-30,,STANDARD,8,1,RED-PEN-B-E-B-30,1.000,0.250,MIXED/UNKNOWN,REVIEW,HIGH,STORNO_REFERENCE,ron,cms689p2v01oxrt35fy1074aq,BT.BIT 694 STORN,TYPINGDNA SRL,2024-08-21,RON,2750.00,10540.82,storno,RED-PEN-B-E-B-30,RED-PEN-B-E-B-<limit>,"{""limit"":""30""}",UNIQUE,RED-PEN-B-E-B-30,1308,2024-08-08,14,No. 300/18.6.2024,"CONTRACT-CADRU DE PRESTARI SERVICII NR. 302/3.7.2024 | stornare factura 694,Conform contract NR. 302/3.7.2024 - 50% din valoarea totala, adica 2,750 USD + TVA la cursul BNR de 4.5539 Lei | CONTRACT-CADRU DE PRESTARI SERVICII NR. 302/3.7.202",,Storno mapped to BT.BIT 694; contract=true; amount=true; gap=14d
accounting:BT.BIT 695 COREC,no,,,STANDARD,8,1,RED-PEN-B-E-B-30,1.000,0.250,MIXED/UNKNOWN,SKIP_NO_MATCH,NONE,NONE,ron,cms689p3101p0rt35nzsbjxkh,BT.BIT 695 COREC,TYPINGDNA SRL,2024-08-21,RON,2750.00,12523.23,,,,,EMPTY,,,,,,"CONTRACT-CADRU DE PRESTARI SERVICII NR. 302/3.7.2024 | Conform contract NR. 302/3.7.2024 - 50% din valoarea totala, adica 2,750 USD + TVA la cursul BNR de 4.5539 Lei | CONTRACT-CADRU DE PRESTARI SERVICII NR. 302/3.7.2024 | Conform contract ",,No accounting-to-tracker activity match met the conservative threshold.
accounting:BT.BIT 161,no,CYBEREDU-RUN-EX-2,,SMALL,1,1,CYBEREDU-RUN-EX-2,1.000,0.000,MIXED/UNKNOWN,REVIEW,LOW,PROFILE,valuta,cms689llr00dqrt35v5k9hmfv,BT.BIT 161,UN INTERNATIONAL COMPUTING CENTRE,2022-11-21,EUR,3356.00,16584.68,,CYBEREDU-RUN-EX-2,CYBEREDU-RUN-EX-<limit>,"{""limit"":""2""}",UNIQUE,CYBEREDU-RUN-EX-2,110,2022-11-21,0,PO 202927692,SERVICES ACCORDING TO PO 202927692 | SERVICES ACCORDING TO PO 202927692,,"PROFILE; date:0d, amount:0.0%; company=SMALL; dominant=CYBEREDU-RUN-EX-2 (100%)"
accounting:BT.BIT 304,no,,,RECURRENT,58,70,BLUE-MDR-C-100,0.600,0.893,STABLE,SKIP_NO_MATCH,NONE,NONE,ron,cms689mjv00qhrt35lht7i4xp,BT.BIT 304,UNITED MEDIA SERVICES SRL,2021-11-22,RON,7000.00,34643.70,,,,,EMPTY,,,,,,SERVICII CONFORM CONTRACT 177/08.12.2020 | 7000 euro+TVA la cursul BNR | SERVICII CONFORM CONTRACT 177/08.12.2020 | 7000 euro+TVA la cursul BNR,,No accounting-to-tracker activity match met the conservative threshold.
accounting:BT.BIT 324,no,BLUE-MDR-C-100,,RECURRENT,58,70,BLUE-MDR-C-100,0.600,0.893,STABLE,ACCEPT_CANDIDATE,HIGH,RECURRENT_DATE,ron,cms689mou00s5rt35kzzl2cb1,BT.BIT 324,UNITED MEDIA SERVICES SRL,2022-02-03,RON,700.00,3461.99,,BLUE-MDR-C-100,BLUE-MDR-C-<limit>,"{""limit"":""100""}",UNIQUE,RED-PEN-B-I-BP-50 | BLUE-MDR-C-100,559,2022-02-03,0,ACT ADITIONAL NR. 1 DIN 03.11.2021,SERVICII CONTRACT DE PRESTARI SERVICII Nr. 177/08.12.2020 | ACT ADITIONAL NR. 1 DIN 03.11.2021 ( 700 euro +TVA la cursul BNR) | SERVICII CONTRACT DE PRESTARI SERVICII Nr. 177/08.12.2020 | ACT ADITIONAL NR. 1 DIN 03.11.2021 ( 700 euro +TVA l,,RECURRENT_DATE; date:0d; company=RECURRENT; dominant=BLUE-MDR-C-100 (60%)
accounting:BT.BIT 328,no,BLUE-MDR-C-100,,RECURRENT,58,70,BLUE-MDR-C-100,0.600,0.893,STABLE,ACCEPT_CANDIDATE,HIGH,RECURRENT_DATE,ron,cms689mpq00shrt35t9wy4bx7,BT.BIT 328,UNITED MEDIA SERVICES SRL,2022-03-03,RON,350.00,1732.12,,BLUE-MDR-C-100,BLUE-MDR-C-<limit>,"{""limit"":""100""}",UNIQUE,BLUE-MDR-C-100 | RED-PEN-B-I-BP-50,560,2022-03-03,0,ACT ADITIONAL NR. 1 DIN 03.11.2021,SERVICII CONTRACT DE PRESTARI SERVICII Nr. | 177/08.12.2020 ACT ADITIONAL NR. 1 DIN 03.11.2021 ( 350 euro +TVA la cursul BNR) | SERVICII CONTRACT DE PRESTARI SERVICII Nr. | 177/08.12.2020 ACT ADITIONAL NR. 1 DIN 03.11.2021 ( 350 euro +TVA l,,"RECURRENT_DATE; date:0d, trend-adjusted-amount:1.000:0.0%; company=RECURRENT; dominant=BLUE-MDR-C-100 (60%)"
accounting:BT.BIT 340,no,BLUE-MDR-C-100,,RECURRENT,58,70,BLUE-MDR-C-100,0.600,0.893,STABLE,ACCEPT_CANDIDATE,HIGH,RECURRENT_DATE,ron,cms689msa00tirt35w7sjyq9o,BT.BIT 340,UNITED MEDIA SERVICES SRL,2022-04-06,RON,350.00,1730.08,,BLUE-MDR-C-100,BLUE-MDR-C-<limit>,"{""limit"":""100""}",UNIQUE,BLUE-MDR-C-100 | RED-PEN-B-I-BP-50,561,2022-04-06,0,ACT ADITIONAL NR. 1 DIN 03.11.2021,SERVICII CONTRACT DE PRESTARI SERVICII Nr. | 177/08.12.2020 ACT ADITIONAL NR. 1 DIN 03.11.2021 ( 350 euro+TVA la cursul BNR) | SERVICII CONTRACT DE PRESTARI SERVICII Nr. | 177/08.12.2020 ACT ADITIONAL NR. 1 DIN 03.11.2021 ( 350 euro+TVA la ,,"RECURRENT_DATE; date:0d, trend-adjusted-amount:1.000:0.0%; company=RECURRENT; dominant=BLUE-MDR-C-100 (60%)"
accounting:BT.BIT 346,no,BLUE-MDR-C-100,,RECURRENT,58,70,BLUE-MDR-C-100,0.600,0.893,STABLE,ACCEPT_CANDIDATE,HIGH,RECURRENT_DATE,ron,cms689mtx00u0rt3505piqgsw,BT.BIT 346,UNITED MEDIA SERVICES SRL,2022-05-09,RON,350.00,1731.41,,BLUE-MDR-C-100,BLUE-MDR-C-<limit>,"{""limit"":""100""}",UNIQUE,BLUE-MDR-C-100 | RED-PEN-B-I-BP-50,562,2022-05-09,0,ACT ADITIONAL NR. 1 DIN 03.11.2021,SERVICII CONTRACT DE PRESTARI SERVICII Nr. | 177/08.12.2020 ACT ADITIONAL NR. 1 DIN 03.11.2021 ( 350 euro +TVA la cursul BNR) | SERVICII CONTRACT DE PRESTARI SERVICII Nr. | 177/08.12.2020 ACT ADITIONAL NR. 1 DIN 03.11.2021 ( 350 euro +TVA l,,"RECURRENT_DATE; date:0d, trend-adjusted-amount:1.000:0.0%; company=RECURRENT; dominant=BLUE-MDR-C-100 (60%)"
accounting:BT.BIT 360,no,BLUE-MDR-C-100,,RECURRENT,58,70,BLUE-MDR-C-100,0.600,0.893,STABLE,ACCEPT_CANDIDATE,HIGH,RECURRENT_DATE,ron,cms689mxc00v6rt35lf0hppyi,BT.BIT 360,UNITED MEDIA SERVICES SRL,2022-06-09,RON,350.00,1730.96,,BLUE-MDR-C-100,BLUE-MDR-C-<limit>,"{""limit"":""100""}",UNIQUE,BLUE-MDR-C-100 | RED-PEN-B-I-BP-50,563,2022-06-09,0,ACT ADITIONAL NR. 1 DIN 03.11.2021,SERVICII CONTRACT DE PRESTARI SERVICII Nr. | 177/08.12.2020 ACT ADITIONAL NR. 1 DIN 03.11.2021 ( 350 euro +TVA la cursul BNR) | SERVICII CONTRACT DE PRESTARI SERVICII Nr. | 177/08.12.2020 ACT ADITIONAL NR. 1 DIN 03.11.2021 ( 350 euro +TVA l,,"RECURRENT_DATE; date:0d, trend-adjusted-amount:1.000:0.0%; company=RECURRENT; dominant=BLUE-MDR-C-100 (60%)"
accounting:BT.BIT 371,no,BLUE-MDR-C-100,,RECURRENT,58,70,BLUE-MDR-C-100,0.600,0.893,STABLE,ACCEPT_CANDIDATE,HIGH,RECURRENT_DATE,ron,cms689mzz00w3rt35ufr6k01z,BT.BIT 371,UNITED MEDIA SERVICES SRL,2022-07-12,RON,350.00,1730.05,,BLUE-MDR-C-100,BLUE-MDR-C-<limit>,"{""limit"":""100""}",UNIQUE,BLUE-MDR-C-100 | RED-PEN-B-I-BP-50,564,2022-07-12,0,ACT ADITIONAL NR. 1 DIN 03.11.2021,SERVICII CONTRACT DE PRESTARI SERVICII Nr. | 177/08.12.2020 ACT ADITIONAL NR. 1 DIN 03.11.2021 ( 350 euro +TVA la cursul BNR) | SERVICII CONTRACT DE PRESTARI SERVICII Nr. | 177/08.12.2020 ACT ADITIONAL NR. 1 DIN 03.11.2021 ( 350 euro +TVA l,,"RECURRENT_DATE; date:0d, trend-adjusted-amount:1.000:0.0%; company=RECURRENT; dominant=BLUE-MDR-C-100 (60%)"
accounting:BT.BIT 383,no,BLUE-MDR-C-100,,RECURRENT,58,70,BLUE-MDR-C-100,0.600,0.893,STABLE,ACCEPT_CANDIDATE,HIGH,RECURRENT_DATE,ron,cms689n2w00x6rt351tla3lhv,BT.BIT 383,UNITED MEDIA SERVICES SRL,2022-08-08,RON,350.00,1722.35,,BLUE-MDR-C-100,BLUE-MDR-C-<limit>,"{""limit"":""100""}",UNIQUE,BLUE-MDR-C-100 | RED-PEN-B-I-BP-50,565,2022-08-08,0,ACT ADITIONAL NR. 1 DIN 03.11.2021,SERVICII CONTRACT DE PRESTARI SERVICII Nr. | 177/08.12.2020 ACT ADITIONAL NR. 1 DIN 03.11.2021 ( 350 euro+TVA la cursul BNR) | SERVICII CONTRACT DE PRESTARI SERVICII Nr. | 177/08.12.2020 ACT ADITIONAL NR. 1 DIN 03.11.2021 ( 350 euro+TVA la ,,"RECURRENT_DATE; date:0d, trend-adjusted-amount:1.000:0.0%; company=RECURRENT; dominant=BLUE-MDR-C-100 (60%)"
accounting:BT.BIT 390,no,BLUE-MDR-C-100,,RECURRENT,58,70,BLUE-MDR-C-100,0.600,0.893,STABLE,ACCEPT_CANDIDATE,HIGH,RECURRENT_DATE,ron,cms689n4q00xzrt356h9s6f94,BT.BIT 390,UNITED MEDIA SERVICES SRL,2022-09-09,RON,350.00,1712.76,,BLUE-MDR-C-100,BLUE-MDR-C-<limit>,"{""limit"":""100""}",UNIQUE,BLUE-MDR-C-100 | RED-PEN-B-I-BP-50,566,2022-09-09,0,ACT ADITIONAL NR. 1 DIN 03.11.2021,SERVICII CONTRACT DE PRESTARI SERVICII Nr. | 177/08.12.2020 ACT ADITIONAL NR. 1 DIN 03.11.2021 ( 350 euro+TVA la cursul BNR) | SERVICII CONTRACT DE PRESTARI SERVICII Nr. | 177/08.12.2020 ACT ADITIONAL NR. 1 DIN 03.11.2021 ( 350 euro+TVA la ,,"RECURRENT_DATE; date:0d, trend-adjusted-amount:1.000:0.0%; company=RECURRENT; dominant=BLUE-MDR-C-100 (60%)"
accounting:BT.BIT 400,no,BLUE-MDR-C-100,,RECURRENT,58,70,BLUE-MDR-C-100,0.600,0.893,STABLE,ACCEPT_CANDIDATE,HIGH,RECURRENT_DATE,ron,cms689n6z00yurt355g01jgi7,BT.BIT 400,UNITED MEDIA SERVICES SRL,2022-10-03,RON,350.00,1731.80,,BLUE-MDR-C-100,BLUE-MDR-C-<limit>,"{""limit"":""100""}",UNIQUE,BLUE-MDR-C-100 | RED-PEN-B-I-BP-50,567,2022-10-03,0,ACT ADITIONAL NR. 1 DIN 03.11.2021,SERVICII ACT ADITIONAL NR. 1 DIN 03.11.2021 CONTRACT DE | PRESTARI SERVICII Nr. 177/08.12.2020 (350 Euro+TVA la cursul BNR) | SERVICII ACT ADITIONAL NR. 1 DIN 03.11.2021 CONTRACT DE | PRESTARI SERVICII Nr. 177/08.12.2020 (350 Euro+TVA la cu,,"RECURRENT_DATE; date:0d, trend-adjusted-amount:1.000:0.0%; company=RECURRENT; dominant=BLUE-MDR-C-100 (60%)"
accounting:412,no,BLUE-MDR-C-100,,RECURRENT,58,70,BLUE-MDR-C-100,0.600,0.893,STABLE,ACCEPT_CANDIDATE,HIGH,RECURRENT_DATE,ron,cms689n9700zprt35y5gzygwf,412,UNITED MEDIA SERVICES SRL,2022-11-06,RON,350.00,1710.66,,BLUE-MDR-C-100,BLUE-MDR-C-<limit>,"{""limit"":""100""}",UNIQUE,BLUE-MDR-C-100 | RED-PEN-B-I-BP-50,568,2022-11-06,0,ACT ADITIONAL NR. 1 DIN 03.11.2021,SERVICII ACT ADITIONAL NR. 1 DIN 03.11.2021 CONTRACT | DE PRESTARI SERVICII Nr. 177/08.12.2020 (350 Euro+TVA la cursul BNR) | SERVICII ACT ADITIONAL NR. 1 DIN 03.11.2021 CONTRACT | DE PRESTARI SERVICII Nr. 177/08.12.2020 (350 Euro+TVA la cu,,"RECURRENT_DATE; date:0d, trend-adjusted-amount:1.000:0.0%; company=RECURRENT; dominant=BLUE-MDR-C-100 (60%)"
accounting:419,no,BLUE-MDR-C-100,,RECURRENT,58,70,BLUE-MDR-C-100,0.600,0.893,STABLE,ACCEPT_CANDIDATE,HIGH,RECURRENT_DATE,ron,cms689nay010brt35mvux7vxp,419,UNITED MEDIA SERVICES SRL,2022-12-09,RON,350.00,1721.72,,BLUE-MDR-C-100,BLUE-MDR-C-<limit>,"{""limit"":""100""}",UNIQUE,BLUE-MDR-C-100 | RED-PEN-B-I-BP-50,569,2022-12-09,0,ACT ADITIONAL NR. 1 DIN 03.11.2021,SERVICII ACT ADITIONAL NR. 1 DIN 03.11.2021 CONTRACT | DE PRESTARI SERVICII Nr. 177/08.12.2020 (350 Euro+TVA la cursul BNR) | SERVICII ACT ADITIONAL NR. 1 DIN 03.11.2021 CONTRACT | DE PRESTARI SERVICII Nr. 177/08.12.2020 (350 Euro+TVA la cu,,"RECURRENT_DATE; date:0d, trend-adjusted-amount:1.000:0.0%; company=RECURRENT; dominant=BLUE-MDR-C-100 (60%)"
accounting:446,no,BLUE-MDR-C-100,,RECURRENT,58,70,BLUE-MDR-C-100,0.600,0.893,STABLE,ACCEPT_CANDIDATE,HIGH,RECURRENT_DATE,ron,cms689nh5012lrt350i32jfbz,446,UNITED MEDIA SERVICES SRL,2023-01-09,RON,350.00,1723.82,,BLUE-MDR-C-100,BLUE-MDR-C-<limit>,"{""limit"":""100""}",UNIQUE,BLUE-MDR-C-100 | RED-PEN-B-I-BP-50,570,2023-01-09,0,ACT ADITIONAL NR. 1 DIN 03.11.2021,SERVICII ACT ADITIONAL NR. 1 DIN 03.11.2021 CONTRACT | DE PRESTARI SERVICII Nr. 177/08.12.2020 (350 Euro+TVA la cursul BNR) | SERVICII ACT ADITIONAL NR. 1 DIN 03.11.2021 CONTRACT | DE PRESTARI SERVICII Nr. 177/08.12.2020 (350 Euro+TVA la cu,,"RECURRENT_DATE; date:0d, trend-adjusted-amount:1.000:0.0%; company=RECURRENT; dominant=BLUE-MDR-C-100 (60%)"
accounting:BT.BIT 451,no,BLUE-MDR-C-100,,RECURRENT,58,70,BLUE-MDR-C-100,0.600,0.893,STABLE,ACCEPT_CANDIDATE,HIGH,RECURRENT_DATE,ron,cms689nif0134rt35ndhprw4e,BT.BIT 451,UNITED MEDIA SERVICES SRL,2023-02-07,RON,350.00,1715.77,,BLUE-MDR-C-100,BLUE-MDR-C-<limit>,"{""limit"":""100""}",UNIQUE,BLUE-MDR-C-100 | RED-PEN-B-I-BP-50,571,2023-02-07,0,ACT ADITIONAL NR. 1 DIN 03.11.2021,SERVICII ACT ADITIONAL NR. 1 DIN 03.11.2021 CONTRACT | DE PRESTARI SERVICII Nr. 177/08.12.2020 (350 Euro+TVA la cursul BNR) | SERVICII ACT ADITIONAL NR. 1 DIN 03.11.2021 CONTRACT | DE PRESTARI SERVICII Nr. 177/08.12.2020 (350 Euro+TVA la cu,,"RECURRENT_DATE; date:0d, trend-adjusted-amount:1.000:0.0%; company=RECURRENT; dominant=BLUE-MDR-C-100 (60%)"
accounting:BT.BIT 457,no,BLUE-MDR-C-100,,RECURRENT,58,70,BLUE-MDR-C-100,0.600,0.893,STABLE,ACCEPT_CANDIDATE,HIGH,RECURRENT_DATE,ron,cms689njt013ort35rtq9n07y,BT.BIT 457,UNITED MEDIA SERVICES SRL,2023-03-01,RON,350.00,1724.34,,BLUE-MDR-C-100,BLUE-MDR-C-<limit>,"{""limit"":""100""}",UNIQUE,BLUE-MDR-C-100 | RED-PEN-B-I-BP-50,572,2023-03-01,0,ACT ADITIONAL NR. 1 DIN 03.11.2021,SERVICII ACT ADITIONAL NR. 1 DIN 03.11.2021 CONTRACT | DE PRESTARI SERVICII Nr. 177/08.12.2020 (350 Euro+TVA la cursul BNR) | SERVICII ACT ADITIONAL NR. 1 DIN 03.11.2021 CONTRACT | DE PRESTARI SERVICII Nr. 177/08.12.2020 (350 Euro+TVA la cu,,"RECURRENT_DATE; date:0d, trend-adjusted-amount:1.000:0.0%; company=RECURRENT; dominant=BLUE-MDR-C-100 (60%)"
accounting:BT.BIT 465,no,BLUE-MDR-C-100,,RECURRENT,58,70,BLUE-MDR-C-100,0.600,0.893,STABLE,ACCEPT_CANDIDATE,HIGH,RECURRENT_DATE,ron,cms689nlj014drt3572nzpmqb,BT.BIT 465,UNITED MEDIA SERVICES SRL,2023-04-10,RON,350.00,1726.03,,BLUE-MDR-C-100,BLUE-MDR-C-<limit>,"{""limit"":""100""}",UNIQUE,BLUE-MDR-C-100 | RED-PEN-B-I-BP-50,573,2023-04-10,0,ACT ADITIONAL NR. 1 DIN 03.11.2021,SERVICII ACT ADITIONAL NR. 1 DIN 03.11.2021 CONTRACT | DE PRESTARI SERVICII Nr. 177/08.12.2020 (350 Euro+TVA la cursul BNR) | SERVICII ACT ADITIONAL NR. 1 DIN 03.11.2021 CONTRACT | DE PRESTARI SERVICII Nr. 177/08.12.2020 (350 Euro+TVA la cu,,"RECURRENT_DATE; date:0d, trend-adjusted-amount:1.000:0.0%; company=RECURRENT; dominant=BLUE-MDR-C-100 (60%)"
accounting:BT.BIT 471,no,BLUE-MDR-C-100,,RECURRENT,58,70,BLUE-MDR-C-100,0.600,0.893,STABLE,ACCEPT_CANDIDATE,HIGH,RECURRENT_DATE,ron,cms689nmu014vrt35sin3pv22,BT.BIT 471,UNITED MEDIA SERVICES SRL,2023-05-03,RON,350.00,1725.43,,BLUE-MDR-C-100,BLUE-MDR-C-<limit>,"{""limit"":""100""}",UNIQUE,BLUE-MDR-C-100 | RED-PEN-B-I-BP-50,574,2023-05-03,0,ACT ADITIONAL NR. 1 DIN 03.11.2021,SERVICII ACT ADITIONAL NR. 1 DIN 03.11.2021 CONTRACT | DE PRESTARI SERVICII Nr. 177/08.12.2020 (350 Euro+TVA la cursul BNR) | SERVICII ACT ADITIONAL NR. 1 DIN 03.11.2021 CONTRACT | DE PRESTARI SERVICII Nr. 177/08.12.2020 (350 Euro+TVA la cu,,"RECURRENT_DATE; date:0d, trend-adjusted-amount:1.000:0.0%; company=RECURRENT; dominant=BLUE-MDR-C-100 (60%)"
accounting:BT.BIT 488,no,BLUE-MDR-C-100,,RECURRENT,58,70,BLUE-MDR-C-100,0.600,0.893,STABLE,ACCEPT_CANDIDATE,HIGH,RECURRENT_DATE,ron,cms689nqx016ert35u7lt343t,BT.BIT 488,UNITED MEDIA SERVICES SRL,2023-06-08,RON,350.00,1734.01,,BLUE-MDR-C-100,BLUE-MDR-C-<limit>,"{""limit"":""100""}",UNIQUE,BLUE-MDR-C-100 | RED-PEN-B-I-BP-50,575,2023-06-08,0,ACT ADITIONAL NR. 1 DIN 03.11.2021,SERVICII ACT ADITIONAL NR. 1 DIN 03.11.2021 CONTRACT | DE PRESTARI SERVICII Nr. 177/08.12.2020 (350 Euro+TVA la cursul BNR) | SERVICII ACT ADITIONAL NR. 1 DIN 03.11.2021 CONTRACT | DE PRESTARI SERVICII Nr. 177/08.12.2020 (350 Euro+TVA la cu,,"RECURRENT_DATE; date:0d, trend-adjusted-amount:1.000:0.0%; company=RECURRENT; dominant=BLUE-MDR-C-100 (60%)"
accounting:BT.BIT 498,no,BLUE-MDR-C-100,,RECURRENT,58,70,BLUE-MDR-C-100,0.600,0.893,STABLE,ACCEPT_CANDIDATE,HIGH,RECURRENT_DATE,ron,cms689nta017crt35k0dkxa7y,BT.BIT 498,UNITED MEDIA SERVICES SRL,2023-07-04,RON,350.00,1732.60,,BLUE-MDR-C-100,BLUE-MDR-C-<limit>,"{""limit"":""100""}",UNIQUE,BLUE-MDR-C-100 | RED-PEN-B-I-BP-50,576,2023-07-04,0,ACT ADITIONAL NR. 1 DIN 03.11.2021,SERVICII ACT ADITIONAL NR. 1 DIN 03.11.2021 CONTRACT | DE PRESTARI SERVICII Nr. 177/08.12.2020 (350 Euro+TVA la cursul BNR ) | SERVICII ACT ADITIONAL NR. 1 DIN 03.11.2021 CONTRACT | DE PRESTARI SERVICII Nr. 177/08.12.2020 (350 Euro+TVA la c,,"RECURRENT_DATE; date:0d, trend-adjusted-amount:1.000:0.0%; company=RECURRENT; dominant=BLUE-MDR-C-100 (60%)"
accounting:BT.BIT 515,no,BLUE-MDR-C-100,,RECURRENT,58,70,BLUE-MDR-C-100,0.600,0.893,STABLE,ACCEPT_CANDIDATE,HIGH,RECURRENT_DATE,ron,cms689nxa018vrt35f91vqn2r,BT.BIT 515,UNITED MEDIA SERVICES SRL,2023-08-07,RON,350.00,1732.15,,BLUE-MDR-C-100,BLUE-MDR-C-<limit>,"{""limit"":""100""}",UNIQUE,BLUE-MDR-C-100 | RED-PEN-B-I-BP-50,577,2023-08-07,0,ACT ADITIONAL NR. 1 DIN 03.11.2021,SERVICII ACT ADITIONAL NR. 1 DIN 03.11.2021 CONTRACT | DE PRESTARI SERVICII Nr. 177/08.12.2020 (350 Euro+TVA la cursul BNR) | SERVICII ACT ADITIONAL NR. 1 DIN 03.11.2021 CONTRACT | DE PRESTARI SERVICII Nr. 177/08.12.2020 (350 Euro+TVA la cu,,"RECURRENT_DATE; date:0d, trend-adjusted-amount:1.000:0.0%; company=RECURRENT; dominant=BLUE-MDR-C-100 (60%)"
accounting:BT.BIT 530,no,BLUE-MDR-C-100,,RECURRENT,58,70,BLUE-MDR-C-100,0.600,0.893,STABLE,ACCEPT_CANDIDATE,HIGH,RECURRENT_DATE,ron,cms689o0n01a4rt35wjotd4h8,BT.BIT 530,UNITED MEDIA SERVICES SRL,2023-09-05,RON,350.00,1731.28,,BLUE-MDR-C-100,BLUE-MDR-C-<limit>,"{""limit"":""100""}",UNIQUE,BLUE-MDR-C-100 | RED-PEN-B-I-BP-50,578,2023-09-06,1,ACT ADITIONAL NR. 1 DIN 03.11.2021,SERVICII ACT ADITIONAL NR. 1 DIN 03.11.2021 CONTRACT | DE PRESTARI SERVICII Nr. 177/08.12.2020 (350 Euro+TVA la cursul BNR) | SERVICII ACT ADITIONAL NR. 1 DIN 03.11.2021 CONTRACT | DE PRESTARI SERVICII Nr. 177/08.12.2020 (350 Euro+TVA la cu,,"RECURRENT_DATE; date:1d, trend-adjusted-amount:1.000:0.0%; company=RECURRENT; dominant=BLUE-MDR-C-100 (60%)"
accounting:BT.BIT 540,no,BLUE-MDR-C-100,,RECURRENT,58,70,BLUE-MDR-C-100,0.600,0.893,STABLE,ACCEPT_CANDIDATE,HIGH,RECURRENT_DATE,ron,cms689o2o01azrt35o4otufw9,BT.BIT 540,UNITED MEDIA SERVICES SRL,2023-10-02,RON,350.00,1741.04,,BLUE-MDR-C-100,BLUE-MDR-C-<limit>,"{""limit"":""100""}",UNIQUE,BLUE-MDR-C-100 | RED-PEN-B-I-BP-50,579,2023-10-02,0,ACT ADITIONAL NR. 1 DIN 03.11.2021,SERVICII ACT ADITIONAL NR. 1 DIN 03.11.2021 CONTRACT | DE PRESTARI SERVICII Nr. 177/08.12.2020 (350 Euro+TVA la cursul BNR) | SERVICII ACT ADITIONAL NR. 1 DIN 03.11.2021 CONTRACT | DE PRESTARI SERVICII Nr. 177/08.12.2020 (350 Euro+TVA la cu,,"RECURRENT_DATE; date:0d, trend-adjusted-amount:1.000:0.0%; company=RECURRENT; dominant=BLUE-MDR-C-100 (60%)"
accounting:BT.BIT 557,no,BLUE-MDR-C-100,,RECURRENT,58,70,BLUE-MDR-C-100,0.600,0.893,STABLE,ACCEPT_CANDIDATE,HIGH,RECURRENT_DATE,ron,cms689o6r01clrt35er26a47r,BT.BIT 557,UNITED MEDIA SERVICES SRL,2023-11-06,RON,350.00,1739.33,,BLUE-MDR-C-100,BLUE-MDR-C-<limit>,"{""limit"":""100""}",UNIQUE,BLUE-MDR-C-100 | RED-PEN-B-I-BP-50,580,2023-11-07,1,ACT ADITIONAL NR. 1 DIN 03.11.2021,SERVICII ACT ADITIONAL NR. 1 DIN 03.11.2021 CONTRACT | DE PRESTARI SERVICII Nr. 177/08.12.2020 (350 Euro+TVA la cursul BNR) | SERVICII ACT ADITIONAL NR. 1 DIN 03.11.2021 CONTRACT | DE PRESTARI SERVICII Nr. 177/08.12.2020 (350 Euro+TVA la cu,,"RECURRENT_DATE; date:1d, trend-adjusted-amount:1.000:0.0%; company=RECURRENT; dominant=BLUE-MDR-C-100 (60%)"
accounting:BT.BIT 570,no,BLUE-MDR-C-100,,RECURRENT,58,70,BLUE-MDR-C-100,0.600,0.893,STABLE,ACCEPT_CANDIDATE,HIGH,RECURRENT_DATE,ron,cms689o9j01dsrt35w6u2h6c7,BT.BIT 570,UNITED MEDIA SERVICES SRL,2023-12-11,RON,350.00,1738.70,,BLUE-MDR-C-100,BLUE-MDR-C-<limit>,"{""limit"":""100""}",UNIQUE,BLUE-MDR-C-100 | RED-PEN-B-I-BP-50,581,2023-12-08,3,ACT ADITIONAL NR. 1 DIN 03.11.2021,SERVICII ACT ADITIONAL NR. 1 DIN 03.11.2021 CONTRACT | DE PRESTARI SERVICII Nr. 177/08.12.2020 (350 Euro+TVA la cursul BNR) | SERVICII ACT ADITIONAL NR. 1 DIN 03.11.2021 CONTRACT | DE PRESTARI SERVICII Nr. 177/08.12.2020 (350 Euro+TVA la cu,,"RECURRENT_DATE; date:3d, trend-adjusted-amount:1.000:0.0%; company=RECURRENT; dominant=BLUE-MDR-C-100 (60%)"
accounting:BT.BIT 585,no,BLUE-MDR-C-100,,RECURRENT,58,70,BLUE-MDR-C-100,0.600,0.893,STABLE,ACCEPT_CANDIDATE,HIGH,RECURRENT_DATE,ron,cms689od901f2rt35uz3cxz5z,BT.BIT 585,UNITED MEDIA SERVICES SRL,2024-01-11,RON,350.00,1740.30,,BLUE-MDR-C-100,BLUE-MDR-C-<limit>,"{""limit"":""100""}",UNIQUE,BLUE-MDR-C-100 | RED-PEN-B-I-BP-50,582,2024-01-11,0,ACT ADITIONAL NR. 1 DIN 03.11.2021,SERVICII ACT ADITIONAL NR. 1 DIN 03.11.2021 CONTRACT | DE PRESTARI SERVICII Nr. 177/08.12.2020 (350 Euro+TVA la cursul BNR) | SERVICII ACT ADITIONAL NR. 1 DIN 03.11.2021 CONTRACT | DE PRESTARI SERVICII Nr. 177/08.12.2020 (350 Euro+TVA la cu,,"RECURRENT_DATE; date:0d, trend-adjusted-amount:1.000:0.0%; company=RECURRENT; dominant=BLUE-MDR-C-100 (60%)"
accounting:BT.BIT 602,no,BLUE-MDR-C-100,,RECURRENT,58,70,BLUE-MDR-C-100,0.600,0.893,STABLE,ACCEPT_CANDIDATE,HIGH,RECURRENT_DATE,ron,cms689ogv01gjrt35pthrw1jb,BT.BIT 602,UNITED MEDIA SERVICES SRL,2024-02-12,RON,350.00,1741.35,,BLUE-MDR-C-100,BLUE-MDR-C-<limit>,"{""limit"":""100""}",UNIQUE,BLUE-MDR-C-100 | RED-PEN-B-I-BP-50,583,2024-02-12,0,ACT ADITIONAL NR. 1 DIN 03.11.2021,SERVICII ACT ADITIONAL NR. 1 DIN 03.11.2021 CONTRACT | DE PRESTARI SERVICII Nr. 177/08.12.2020 (350 Euro+TVA la cursul BNR) | SERVICII ACT ADITIONAL NR. 1 DIN 03.11.2021 CONTRACT | DE PRESTARI SERVICII Nr. 177/08.12.2020 (350 Euro+TVA la cu,,"RECURRENT_DATE; date:0d, trend-adjusted-amount:1.000:0.0%; company=RECURRENT; dominant=BLUE-MDR-C-100 (60%)"
accounting:BT.BIT 612,no,BLUE-MDR-C-100,,RECURRENT,58,70,BLUE-MDR-C-100,0.600,0.893,STABLE,ACCEPT_CANDIDATE,HIGH,RECURRENT_DATE,ron,cms689oj201hert3594iefdei,BT.BIT 612,UNITED MEDIA SERVICES SRL,2024-03-01,RON,350.00,1739.46,,BLUE-MDR-C-100,BLUE-MDR-C-<limit>,"{""limit"":""100""}",UNIQUE,BLUE-MDR-C-100 | RED-PEN-B-I-BP-50,584,2024-03-01,0,ACT ADITIONAL NR. 1 DIN 03.11.2021,SERVICII ACT ADITIONAL NR. 1 DIN 03.11.2021 CONTRACT | DE PRESTARI SERVICII Nr. 177/08.12.2020 (350 Euro+TVA la cursul BNR) | SERVICII ACT ADITIONAL NR. 1 DIN 03.11.2021 CONTRACT | DE PRESTARI SERVICII Nr. 177/08.12.2020 (350 Euro+TVA la cu,,"RECURRENT_DATE; date:0d, trend-adjusted-amount:1.000:0.0%; company=RECURRENT; dominant=BLUE-MDR-C-100 (60%)"
accounting:BT.BIT 626,no,BLUE-MDR-C-100,,RECURRENT,58,70,BLUE-MDR-C-100,0.600,0.893,STABLE,ACCEPT_CANDIDATE,HIGH,RECURRENT_DATE,ron,cms689om401iort35gk96xdjk,BT.BIT 626,UNITED MEDIA SERVICES SRL,2024-04-09,RON,350.00,1738.87,,BLUE-MDR-C-100,BLUE-MDR-C-<limit>,"{""limit"":""100""}",UNIQUE,BLUE-MDR-C-100 | RED-PEN-B-I-BP-50,585,2024-04-09,0,ACT ADITIONAL NR. 1 DIN 03.11.2021,SERVICII ACT ADITIONAL NR. 1 DIN 03.11.2021 CONTRACT | DE PRESTARI SERVICII Nr. 177/08.12.2020 (350 Euro+TVA la cursul BNR) | SERVICII ACT ADITIONAL NR. 1 DIN 03.11.2021 CONTRACT | DE PRESTARI SERVICII Nr. 177/08.12.2020 (350 Euro+TVA la cu,,"RECURRENT_DATE; date:0d, trend-adjusted-amount:1.000:0.0%; company=RECURRENT; dominant=BLUE-MDR-C-100 (60%)"
accounting:BT.BIT 639,no,BLUE-MDR-C-100,,RECURRENT,58,70,BLUE-MDR-C-100,0.600,0.893,STABLE,ACCEPT_CANDIDATE,HIGH,RECURRENT_DATE,ron,cms689opb01jsrt3563sorbtc,BT.BIT 639,UNITED MEDIA SERVICES SRL,2024-05-14,RON,350.00,1741.71,,BLUE-MDR-C-100,BLUE-MDR-C-<limit>,"{""limit"":""100""}",UNIQUE,BLUE-MDR-C-100 | RED-PEN-B-I-BP-50,586,2024-05-14,0,ACT ADITIONAL NR. 1 DIN 03.11.2021,SERVICII ACT ADITIONAL NR. 1 DIN 03.11.2021 CONTRACT | DE PRESTARI SERVICII Nr. 177/08.12.2020 (350 Euro+TVA la cursul BNR) | SERVICII ACT ADITIONAL NR. 1 DIN 03.11.2021 CONTRACT | DE PRESTARI SERVICII Nr. 177/08.12.2020 (350 Euro+TVA la cu,,"RECURRENT_DATE; date:0d, trend-adjusted-amount:1.000:0.0%; company=RECURRENT; dominant=BLUE-MDR-C-100 (60%)"
accounting:BT.BIT 652,no,BLUE-MDR-C-100,,RECURRENT,58,70,BLUE-MDR-C-100,0.600,0.893,STABLE,ACCEPT_CANDIDATE,HIGH,RECURRENT_DATE,ron,cms689os201kwrt35nal3t0nn,BT.BIT 652,UNITED MEDIA SERVICES SRL,2024-06-06,RON,350.00,1741.71,,BLUE-MDR-C-100,BLUE-MDR-C-<limit>,"{""limit"":""100""}",UNIQUE,BLUE-MDR-C-100 | RED-PEN-B-I-BP-50,587,2024-06-06,0,ACT ADITIONAL NR. 1 DIN 03.11.2021,SERVICII ACT ADITIONAL NR. 1 DIN 03.11.2021 CONTRACT | DE PRESTARI SERVICII Nr. 177/08.12.2020 (350 Euro+TVA la cursul BNR) | SERVICII ACT ADITIONAL NR. 1 DIN 03.11.2021 CONTRACT | DE PRESTARI SERVICII Nr. 177/08.12.2020 (350 Euro+TVA la cu,,"RECURRENT_DATE; date:0d, trend-adjusted-amount:1.000:0.0%; company=RECURRENT; dominant=BLUE-MDR-C-100 (60%)"
accounting:BT.BIT 667,no,BLUE-MDR-C-100,,RECURRENT,58,70,BLUE-MDR-C-100,0.600,0.893,STABLE,ACCEPT_CANDIDATE,HIGH,RECURRENT_DATE,ron,cms689ovi01m8rt3532c6gu82,BT.BIT 667,UNITED MEDIA SERVICES SRL,2024-07-02,RON,350.00,1741.95,,BLUE-MDR-C-100,BLUE-MDR-C-<limit>,"{""limit"":""100""}",UNIQUE,BLUE-MDR-C-100 | RED-PEN-B-I-BP-50,588,2024-07-02,0,ACT ADITIONAL NR. 1 DIN 03.11.2021,SERVICII ACT ADITIONAL NR. 1 DIN 03.11.2021 CONTRACT | DE PRESTARI SERVICII Nr. 177/08.12.2020 (350 Euro+TVA la cursul BNR) | SERVICII ACT ADITIONAL NR. 1 DIN 03.11.2021 CONTRACT | DE PRESTARI SERVICII Nr. 177/08.12.2020 (350 Euro+TVA la cu,,"RECURRENT_DATE; date:0d, trend-adjusted-amount:1.000:0.0%; company=RECURRENT; dominant=BLUE-MDR-C-100 (60%)"
accounting:BT.BIT 686,no,BLUE-MDR-C-100,,RECURRENT,58,70,BLUE-MDR-C-100,0.600,0.893,STABLE,ACCEPT_CANDIDATE,HIGH,RECURRENT_DATE,ron,cms689p0a01nurt3509pu1ay8,BT.BIT 686,UNITED MEDIA SERVICES SRL,2024-08-01,RON,350.00,1741.60,,BLUE-MDR-C-100,BLUE-MDR-C-<limit>,"{""limit"":""100""}",UNIQUE,BLUE-MDR-C-100 | RED-PEN-B-I-BP-50,589,2024-08-01,0,ACT ADITIONAL NR. 1 DIN 03.11.2021,SERVICII ACT ADITIONAL NR. 1 DIN 03.11.2021 CONTRACT | DE PRESTARI SERVICII Nr. 177/08.12.2020 (350 Euro+TVA la cursul BNR) | SERVICII ACT ADITIONAL NR. 1 DIN 03.11.2021 CONTRACT | DE PRESTARI SERVICII Nr. 177/08.12.2020 (350 Euro+TVA la cu,,"RECURRENT_DATE; date:0d, trend-adjusted-amount:1.000:0.0%; company=RECURRENT; dominant=BLUE-MDR-C-100 (60%)"
accounting:BT.BIT 702,no,BLUE-MDR-C-100,,RECURRENT,58,70,BLUE-MDR-C-100,0.600,0.893,STABLE,ACCEPT_CANDIDATE,HIGH,RECURRENT_DATE,ron,cms689p3v01pcrt35c3gmq8b3,BT.BIT 702,UNITED MEDIA SERVICES SRL,2024-09-02,RON,350.00,1741.91,,BLUE-MDR-C-100,BLUE-MDR-C-<limit>,"{""limit"":""100""}",UNIQUE,BLUE-MDR-C-100 | RED-PEN-B-I-BP-50,590,2024-09-02,0,ACT ADITIONAL NR. 1 DIN 03.11.2021,SERVICII ACT ADITIONAL NR. 1 DIN 03.11.2021 CONTRACT | DE PRESTARI SERVICII Nr. 177/08.12.2020 (350 Euro+TVA la cursul BNR) | SERVICII ACT ADITIONAL NR. 1 DIN 03.11.2021 CONTRACT | DE PRESTARI SERVICII Nr. 177/08.12.2020 (350 Euro+TVA la cu,,"RECURRENT_DATE; date:0d, trend-adjusted-amount:1.000:0.0%; company=RECURRENT; dominant=BLUE-MDR-C-100 (60%)"
accounting:BT.BIT 716,no,BLUE-MDR-C-100,,RECURRENT,58,70,BLUE-MDR-C-100,0.600,0.893,STABLE,ACCEPT_CANDIDATE,HIGH,RECURRENT_DATE,ron,cms689p6h01qjrt35m7ugpu1n,BT.BIT 716,UNITED MEDIA SERVICES SRL,2024-10-03,RON,350.00,1741.74,,BLUE-MDR-C-100,BLUE-MDR-C-<limit>,"{""limit"":""100""}",UNIQUE,BLUE-MDR-C-100 | RED-PEN-B-I-BP-50,591,2024-10-04,1,ACT ADITIONAL NR. 1 DIN 03.11.2021,SERVICII ACT ADITIONAL NR. 1 DIN 03.11.2021 CONTRACT | DE PRESTARI SERVICII Nr. 177/08.12.2020 (350 Euro+TVA la cursul BNR) | SERVICII ACT ADITIONAL NR. 1 DIN 03.11.2021 CONTRACT | DE PRESTARI SERVICII Nr. 177/08.12.2020 (350 Euro+TVA la cu,,"RECURRENT_DATE; date:1d, trend-adjusted-amount:1.000:0.0%; company=RECURRENT; dominant=BLUE-MDR-C-100 (60%)"
accounting:BT.BIT 742,no,BLUE-MDR-C-100,,RECURRENT,58,70,BLUE-MDR-C-100,0.600,0.893,STABLE,ACCEPT_CANDIDATE,HIGH,RECURRENT_DATE,ron,cms689pbu01swrt35ufsgluxt,BT.BIT 742,UNITED MEDIA SERVICES SRL,2024-11-02,RON,350.00,1741.14,,BLUE-MDR-C-100,BLUE-MDR-C-<limit>,"{""limit"":""100""}",UNIQUE,BLUE-MDR-C-100 | RED-PEN-B-I-BP-50,592,2024-11-05,3,ACT ADITIONAL NR. 1 DIN 03.11.2021,SERVICII ACT ADITIONAL NR. 1 DIN 03.11.2021 CONTRACT | DE PRESTARI SERVICII Nr. 177/08.12.2020 (350 Euro+TVA la cursul BNR) | SERVICII ACT ADITIONAL NR. 1 DIN 03.11.2021 CONTRACT | DE PRESTARI SERVICII Nr. 177/08.12.2020 (350 Euro+TVA la cu,,"RECURRENT_DATE; date:3d, trend-adjusted-amount:1.000:0.0%; company=RECURRENT; dominant=BLUE-MDR-C-100 (60%)"
accounting:BT.BIT 764,no,BLUE-MDR-C-100,,RECURRENT,58,70,BLUE-MDR-C-100,0.600,0.893,STABLE,ACCEPT_CANDIDATE,HIGH,RECURRENT_DATE,ron,cms689pgt01usrt3571ujjrb7,BT.BIT 764,UNITED MEDIA SERVICES SRL,2024-12-03,RON,350.00,1741.95,,BLUE-MDR-C-100,BLUE-MDR-C-<limit>,"{""limit"":""100""}",UNIQUE,BLUE-MDR-C-100 | RED-PEN-B-I-BP-50,593,2024-12-07,4,ACT ADITIONAL NR. 1 DIN 03.11.2021,SERVICII ACT ADITIONAL NR. 1 DIN 03.11.2021 CONTRACT | DE PRESTARI SERVICII Nr. 177/08.12.2020 (350 Euro+TVA la cursul BNR) | SERVICII ACT ADITIONAL NR. 1 DIN 03.11.2021 CONTRACT | DE PRESTARI SERVICII Nr. 177/08.12.2020 (350 Euro+TVA la cu,,"RECURRENT_DATE; date:4d, trend-adjusted-amount:1.000:0.0%; company=RECURRENT; dominant=BLUE-MDR-C-100 (60%)"
accounting:BT.BIT 795,no,BLUE-MDR-C-100,,RECURRENT,58,70,BLUE-MDR-C-100,0.600,0.893,STABLE,REVIEW,MEDIUM,RECURRENT_DATE,ron,cms689pni01xert35991vdnsn,BT.BIT 795,UNITED MEDIA SERVICES SRL,2025-01-15,RON,350.00,1740.97,,BLUE-MDR-C-100,BLUE-MDR-C-<limit>,"{""limit"":""100""}",UNIQUE,BLUE-MDR-C-100 | RED-PEN-B-I-BP-50,594,2025-01-02,13,ACT ADITIONAL NR. 1 DIN 03.11.2021,SERVICII ACT ADITIONAL NR. 1 DIN 03.11.2021 CONTRACT | DE PRESTARI SERVICII Nr. 177/08.12.2020 (350 Euro+TVA la cursul BNR) | SERVICII ACT ADITIONAL NR. 1 DIN 03.11.2021 CONTRACT | DE PRESTARI SERVICII Nr. 177/08.12.2020 (350 Euro+TVA la cu,,"RECURRENT_DATE; date:13d, trend-adjusted-amount:1.000:0.0%; company=RECURRENT; dominant=BLUE-MDR-C-100 (60%)"
accounting:BT.BIT 816,no,BLUE-MDR-C-100,,RECURRENT,58,70,BLUE-MDR-C-100,0.600,0.893,STABLE,ACCEPT_CANDIDATE,HIGH,RECURRENT_DATE,ron,cms689psb01z8rt35n1qw246r,BT.BIT 816,UNITED MEDIA SERVICES SRL,2025-02-03,RON,350.00,1741.85,,BLUE-MDR-C-100,BLUE-MDR-C-<limit>,"{""limit"":""100""}",UNIQUE,BLUE-MDR-C-100 | RED-PEN-B-I-BP-50,595,2025-02-02,1,ACT ADITIONAL NR. 1 DIN 03.11.2021,SERVICII ACT ADITIONAL NR. 1 DIN 03.11.2021 CONTRACT | DE PRESTARI SERVICII Nr. 177/08.12.2020 (350 Euro+TVA la cursul BNR) | SERVICII ACT ADITIONAL NR. 1 DIN 03.11.2021 CONTRACT | DE PRESTARI SERVICII Nr. 177/08.12.2020 (350 Euro+TVA la cu,,"RECURRENT_DATE; date:1d, trend-adjusted-amount:1.000:0.0%; company=RECURRENT; dominant=BLUE-MDR-C-100 (60%)"
accounting:BT.BIT 833,no,BLUE-MDR-C-100,,RECURRENT,58,70,BLUE-MDR-C-100,0.600,0.893,STABLE,ACCEPT_CANDIDATE,HIGH,RECURRENT_DATE,ron,cms689pvs020nrt35m1rkltfw,BT.BIT 833,UNITED MEDIA SERVICES SRL,2025-03-06,RON,350.00,1741.95,,BLUE-MDR-C-100,BLUE-MDR-C-<limit>,"{""limit"":""100""}",UNIQUE,BLUE-MDR-C-100 | RED-PEN-B-I-BP-50,596,2025-03-02,4,ACT ADITIONAL NR. 1 DIN 03.11.2021,SERVICII ACT ADITIONAL NR. 1 DIN 03.11.2021 CONTRACT | DE PRESTARI SERVICII Nr. 177/08.12.2020 (350 Euro+TVA la cursul BNR) | SERVICII ACT ADITIONAL NR. 1 DIN 03.11.2021 CONTRACT | DE PRESTARI SERVICII Nr. 177/08.12.2020 (350 Euro+TVA la cu,,"RECURRENT_DATE; date:4d, trend-adjusted-amount:1.000:0.0%; company=RECURRENT; dominant=BLUE-MDR-C-100 (60%)"
accounting:BT.BIT 856,no,BLUE-MDR-C-100,,RECURRENT,58,70,BLUE-MDR-C-100,0.600,0.893,STABLE,ACCEPT_CANDIDATE,HIGH,RECURRENT_DATE,ron,cms689q11022mrt35regszbdm,BT.BIT 856,UNITED MEDIA SERVICES SRL,2025-04-02,RON,350.00,1741.95,,BLUE-MDR-C-100,BLUE-MDR-C-<limit>,"{""limit"":""100""}",UNIQUE,BLUE-MDR-C-100 | RED-PEN-B-I-BP-50,597,2025-04-02,0,ACT ADITIONAL NR. 1 DIN 03.11.2021,SERVICII ACT ADITIONAL NR. 1 DIN 03.11.2021 CONTRACT | DE PRESTARI SERVICII Nr. 177/08.12.2020 (350 Euro+TVA la cursul BNR) | SERVICII ACT ADITIONAL NR. 1 DIN 03.11.2021 CONTRACT | DE PRESTARI SERVICII Nr. 177/08.12.2020 (350 Euro+TVA la cu,,"RECURRENT_DATE; date:0d, trend-adjusted-amount:1.000:0.0%; company=RECURRENT; dominant=BLUE-MDR-C-100 (60%)"
accounting:BT.BIT 885,no,BLUE-MDR-C-100,,RECURRENT,58,70,BLUE-MDR-C-100,0.600,0.893,STABLE,REVIEW,MEDIUM,RECURRENT_DATE,ron,cms689q7m0255rt35fqcynre8,BT.BIT 885,UNITED MEDIA SERVICES SRL,2025-05-13,RON,350.00,1784.76,,BLUE-MDR-C-100,BLUE-MDR-C-<limit>,"{""limit"":""100""}",UNIQUE,BLUE-MDR-C-100 | RED-PEN-B-I-BP-50,598,2025-05-02,11,ACT ADITIONAL NR. 1 DIN 03.11.2021,SERVICII ACT ADITIONAL NR. 1 DIN 03.11.2021 CONTRACT | DE PRESTARI SERVICII Nr. 177/08.12.2020 (350 Euro+TVA la cursul BNR) | SERVICII ACT ADITIONAL NR. 1 DIN 03.11.2021 CONTRACT | DE PRESTARI SERVICII Nr. 177/08.12.2020 (350 Euro+TVA la cu,,"RECURRENT_DATE; date:11d, trend-adjusted-amount:1.000:0.0%; company=RECURRENT; dominant=BLUE-MDR-C-100 (60%)"
accounting:BT.BIT 910,no,BLUE-MDR-C-100,,RECURRENT,58,70,BLUE-MDR-C-100,0.600,0.893,STABLE,REVIEW,MEDIUM,RECURRENT_DATE,ron,cms689qde027crt35p3j4bnxy,BT.BIT 910,UNITED MEDIA SERVICES SRL,2025-06-16,RON,350.00,1761.20,,BLUE-MDR-C-100,BLUE-MDR-C-<limit>,"{""limit"":""100""}",UNIQUE,BLUE-MDR-C-100 | RED-PEN-B-I-BP-50,599,2025-06-02,14,ACT ADITIONAL NR. 1 DIN 03.11.2021,SERVICII ACT ADITIONAL NR. 1 DIN 03.11.2021 CONTRACT | DE PRESTARI SERVICII Nr. 177/08.12.2020 (350 Euro+TVA la cursul BNR) | SERVICII ACT ADITIONAL NR. 1 DIN 03.11.2021 CONTRACT | DE PRESTARI SERVICII Nr. 177/08.12.2020 (350 Euro+TVA la cu,,"RECURRENT_DATE; date:14d, trend-adjusted-amount:1.000:0.0%; company=RECURRENT; dominant=BLUE-MDR-C-100 (60%)"
accounting:BT.BIT 934,no,BLUE-MDR-C-100,,RECURRENT,58,70,BLUE-MDR-C-100,0.600,0.893,STABLE,ACCEPT_CANDIDATE,HIGH,RECURRENT_DATE,ron,cms689qis029crt351xnfrfhx,BT.BIT 934,UNITED MEDIA SERVICES SRL,2025-07-02,RON,350.00,1777.02,,BLUE-MDR-C-100,BLUE-MDR-C-<limit>,"{""limit"":""100""}",UNIQUE,BLUE-MDR-C-100 | RED-PEN-B-I-BP-50 | RED-VA-I-S-100,600,2025-07-02,0,ACT ADITIONAL NR. 1 DIN 03.11.2021,SERVICII ACT ADITIONAL NR. 1 DIN 03.11.2021 CONTRACT | DE PRESTARI SERVICII Nr. 177/08.12.2020 (350 Euro+TVA la cursul BNR) | SERVICII ACT ADITIONAL NR. 1 DIN 03.11.2021 CONTRACT | DE PRESTARI SERVICII Nr. 177/08.12.2020 (350 Euro+TVA la cu,,"RECURRENT_DATE; date:0d, trend-adjusted-amount:1.000:0.0%; company=RECURRENT; dominant=BLUE-MDR-C-100 (60%)"
accounting:BT.BIT 950,no,RED-VA-I-S-100,,RECURRENT,58,70,BLUE-MDR-C-100,0.600,0.893,STABLE,ACCEPT_CANDIDATE,HIGH,CONTRACT,ron,cms689qma02aort35o9fqgu7i,BT.BIT 950,UNITED MEDIA SERVICES SRL,2025-07-23,RON,4550.00,23070.78,,RED-VA-I-S-100,RED-VA-I-S-<limit>,"{""limit"":""100""}",UNIQUE,RED-VA-I-S-100 | PHISH-T-FM-FM-100-12 | BLUE-MDR-C-119,601,2025-07-23,0,CONTRACT-CADRU DE PRESTARI SERVICII NR. 346/7.7.2025,Servicii conform ANEXA 1 ? SERVICII PUNCTUALE DE SECURITATE | INFORMATICA LA CONTRACTUL CU NR 346/7.7.2025 ( 4550 EURO + TVA la cursul BNR) | Servicii conform ANEXA 1 ? SERVICII PUNCTUALE DE SECURITATE | INFORMATICA LA CONTRACTUL CU NR 346/,,"CONTRACT; contract, date:0d, trend-adjusted-amount:1.000:0.0%; company=RECURRENT; dominant=BLUE-MDR-C-100 (60%)"
accounting:BT.BIT 951,no,PHISH-T-FM-FM-100-12,,RECURRENT,58,70,BLUE-MDR-C-100,0.600,0.893,STABLE,ACCEPT_CANDIDATE,HIGH,CONTRACT,ron,cms689qmk02arrt35u56tc2zu,BT.BIT 951,UNITED MEDIA SERVICES SRL,2025-07-23,RON,6000.00,30423.00,,PHISH-T-FM-FM-100-12,PHISH-T-FM-FM-<limit1>-<limit2>,"{""limit1"":""100"",""limit2"":""12""}",UNIQUE,PHISH-T-FM-FM-100-12 | RED-VA-I-S-100 | BLUE-MDR-C-119,626,2025-07-23,0,CONTRACT-CADRU DE PRESTARI SERVICII NR. 346/7.7.2025,Servicii PHISH ENTERPRISE conform FORMULAR DE COMANDA Nr. 1 | Anexa la Contract Nr. 346/7.7.2025CONTRACT-CADRU DE PRESTARI SERVICII NR. 346/7.7.2025 ( 6000 EURO + TVA la cursul BNR) | Servicii PHISH ENTERPRISE conform FORMULAR DE COMANDA Nr,,"CONTRACT; contract, date:0d, trend-adjusted-amount:1.000:0.0%; company=RECURRENT; dominant=BLUE-MDR-C-100 (60%)"
accounting:BT.BIT 962,no,BLUE-MDR-C-119,,RECURRENT,58,70,BLUE-MDR-C-100,0.600,0.893,STABLE,ACCEPT_CANDIDATE,HIGH,CONTRACT,ron,cms689qpo02bort35m7sxrxaj,BT.BIT 962,UNITED MEDIA SERVICES SRL,2025-08-04,RON,1250.00,6346.25,,BLUE-MDR-C-119,BLUE-MDR-C-<limit>,"{""limit"":""119""}",UNIQUE,BLUE-MDR-C-119 | RED-VA-I-S-100 | PHISH-T-FM-FM-100-12,602,2025-08-04,0,CONTRACT-CADRU DE PRESTARI SERVICII NR. 346/7.7.2025,SERVICII CONTRACT DE PRESTARI SERVICII NR. 346/7.7.2025 | 1.250 euro+TVA la cursul BNR) | SERVICII CONTRACT DE PRESTARI SERVICII NR. 346/7.7.2025 | 1.250 euro+TVA la cursul BNR),,"CONTRACT; contract, date:0d, trend-adjusted-amount:1.000:0.0%; company=RECURRENT; dominant=BLUE-MDR-C-100 (60%)"
accounting:BT.R.BIT 11,no,BLUE-MDR-C-119,,RECURRENT,58,70,BLUE-MDR-C-100,0.600,0.893,STABLE,ACCEPT_CANDIDATE,HIGH,CONTRACT,ron,cms689qvf02durt35hsk6o4wa,BT.R.BIT 11,UNITED MEDIA SERVICES SRL,2025-09-02,RON,1250.00,6340.62,,BLUE-MDR-C-119,BLUE-MDR-C-<limit>,"{""limit"":""119""}",UNIQUE,BLUE-MDR-C-119,603,2025-09-05,3,CONTRACT-CADRU DE PRESTARI SERVICII NR. 346/7.7.2025,SERVICII CONTRACT DE PRESTARI SERVICII NR. 346/7.7.2025 | 1250 EUR+TVA la cursul BNR 5.0725 | SERVICII CONTRACT DE PRESTARI SERVICII NR. 346/7.7.2025 | 1250 EUR+TVA la cursul BNR 5.0725,,"CONTRACT; contract, date:3d, trend-adjusted-amount:1.000:0.0%; company=RECURRENT; dominant=BLUE-MDR-C-100 (60%)"
accounting:BT.R.BIT 38,no,BLUE-MDR-C-119,,RECURRENT,58,70,BLUE-MDR-C-100,0.600,0.893,STABLE,ACCEPT_CANDIDATE,HIGH,CONTRACT,ron,cms689r9g02jjrt3532ncgj30,BT.R.BIT 38,UNITED MEDIA SERVICES SRL,2025-10-20,RON,1250.00,6361.12,,BLUE-MDR-C-119,BLUE-MDR-C-<limit>,"{""limit"":""119""}",UNIQUE,BLUE-MDR-C-119,604,2025-10-20,0,CONTRACT-CADRU DE PRESTARI SERVICII NR. 346/7.7.2025,SERVICII CONTRACT DE PRESTARI SERVICII NR. 346/7.7.2025 | 1250 EUR+TVA la cursul BNR 5.0889 | SERVICII CONTRACT DE PRESTARI SERVICII NR. 346/7.7.2025 | 1250 EUR+TVA la cursul BNR 5.0889,,"CONTRACT; contract, date:0d, trend-adjusted-amount:1.000:0.0%; company=RECURRENT; dominant=BLUE-MDR-C-100 (60%)"
accounting:BT.R.BIT 65,no,BLUE-MDR-C-119,,RECURRENT,58,70,BLUE-MDR-C-100,0.600,0.893,STABLE,ACCEPT_CANDIDATE,HIGH,CONTRACT,ron,cms689r4802hbrt35pjh1ll16,BT.R.BIT 65,UNITED MEDIA SERVICES SRL,2025-11-26,RON,1250.00,6361.25,,BLUE-MDR-C-119,BLUE-MDR-C-<limit>,"{""limit"":""119""}",UNIQUE,BLUE-MDR-C-119,605,2025-11-26,0,CONTRACT-CADRU DE PRESTARI SERVICII NR. 346/7.7.2025,SERVICII CONTRACT DE PRESTARI SERVICII NR. 346/7.7.2025 | 1250 EUR+TVA la cursul BNR 5.089 | SERVICII CONTRACT DE PRESTARI SERVICII NR. 346/7.7.2025 | 1250 EUR+TVA la cursul BNR 5.089,,"CONTRACT; contract, date:0d, trend-adjusted-amount:1.000:0.0%; company=RECURRENT; dominant=BLUE-MDR-C-100 (60%)"
accounting:BT.R.BIT 93,no,BLUE-MDR-C-119,,RECURRENT,58,70,BLUE-MDR-C-100,0.600,0.893,STABLE,ACCEPT_CANDIDATE,HIGH,CONTRACT,ron,cms689rsf02obrt3526ffcjoq,BT.R.BIT 93,UNITED MEDIA SERVICES SRL,2025-12-23,RON,1250.00,6360.12,,BLUE-MDR-C-119,BLUE-MDR-C-<limit>,"{""limit"":""119""}",UNIQUE,BLUE-MDR-C-119,606,2025-12-23,0,CONTRACT-CADRU DE PRESTARI SERVICII NR. 346/7.7.2025,SERVICII CONTRACT DE PRESTARI SERVICII NR. 346/7.7.2025 | 1250 EUR+TVA la cursul BNR 5.0881 | SERVICII CONTRACT DE PRESTARI SERVICII NR. 346/7.7.2025 | 1250 EUR+TVA la cursul BNR 5.0881,,"CONTRACT; contract, date:0d, trend-adjusted-amount:1.000:0.0%; company=RECURRENT; dominant=BLUE-MDR-C-100 (60%)"
accounting:BT.R.BIT 120,no,BLUE-MDR-C-119,,RECURRENT,58,70,BLUE-MDR-C-100,0.600,0.893,STABLE,ACCEPT_CANDIDATE,HIGH,CONTRACT,ron,cms689rys02qjrt35rt12s7xe,BT.R.BIT 120,UNITED MEDIA SERVICES SRL,2026-01-20,RON,1250.00,6365.12,,BLUE-MDR-C-119,BLUE-MDR-C-<limit>,"{""limit"":""119""}",UNIQUE,BLUE-MDR-C-119,607,2026-01-20,0,CONTRACT-CADRU DE PRESTARI SERVICII NR. 346/7.7.2025,SERVICII CONTRACT DE PRESTARI SERVICII NR. 346/7.7.2025 | 1250 EUR+TVA la cursul BNR 5.0921 | SERVICII CONTRACT DE PRESTARI SERVICII NR. 346/7.7.2025 | 1250 EUR+TVA la cursul BNR 5.0921,,"CONTRACT; contract, date:0d, trend-adjusted-amount:1.000:0.0%; company=RECURRENT; dominant=BLUE-MDR-C-100 (60%)"
accounting:BT.R.BIT 147,no,BLUE-MDR-C-119,,RECURRENT,58,70,BLUE-MDR-C-100,0.600,0.893,STABLE,ACCEPT_CANDIDATE,HIGH,CONTRACT,ron,cms689sbe02u3rt35bzw89lr9,BT.R.BIT 147,UNITED MEDIA SERVICES SRL,2026-02-13,RON,1250.00,6366.75,,BLUE-MDR-C-119,BLUE-MDR-C-<limit>,"{""limit"":""119""}",UNIQUE,BLUE-MDR-C-119,608,2026-02-13,0,CONTRACT-CADRU DE PRESTARI SERVICII NR. 346/7.7.2025,SERVICII CONTRACT DE PRESTARI SERVICII NR. 346/7.7.2025 | 1250 EUR+TVA la cursul BNR 5.0934 | SERVICII CONTRACT DE PRESTARI SERVICII NR. 346/7.7.2025 | 1250 EUR+TVA la cursul BNR 5.0934,,"CONTRACT; contract, date:0d, trend-adjusted-amount:1.000:0.0%; company=RECURRENT; dominant=BLUE-MDR-C-100 (60%)"
accounting:BT.R.BIT 192,no,BLUE-MDR-C-119,,RECURRENT,58,70,BLUE-MDR-C-100,0.600,0.893,STABLE,ACCEPT_CANDIDATE,HIGH,CONTRACT,ron,cms689ssv02z6rt35rwoqj9tz,BT.R.BIT 192,UNITED MEDIA SERVICES SRL,2026-03-20,RON,1250.00,6369.88,,BLUE-MDR-C-119,BLUE-MDR-C-<limit>,"{""limit"":""119""}",UNIQUE,BLUE-MDR-C-119,609,2026-03-20,0,CONTRACT-CADRU DE PRESTARI SERVICII NR. 346/7.7.2025,SERVICII CONTRACT DE PRESTARI SERVICII NR. 346/7.7.2025 | 1250.00 EUR+TVA la cursul BNR 5.0959 | SERVICII CONTRACT DE PRESTARI SERVICII NR. 346/7.7.2025 | 1250.00 EUR+TVA la cursul BNR 5.0959,,"CONTRACT; contract, date:0d, trend-adjusted-amount:1.000:0.0%; company=RECURRENT; dominant=BLUE-MDR-C-100 (60%)"
accounting:BT.R.BIT 221,no,BLUE-MDR-C-119,,RECURRENT,58,70,BLUE-MDR-C-100,0.600,0.893,STABLE,ACCEPT_CANDIDATE,HIGH,CONTRACT,ron,cms689t890339rt35lcxwarfp,BT.R.BIT 221,UNITED MEDIA SERVICES SRL,2026-04-29,RON,1250.00,6367.13,,BLUE-MDR-C-119,BLUE-MDR-C-<limit>,"{""limit"":""119""}",UNIQUE,BLUE-MDR-C-119,610,2026-04-29,0,CONTRACT-CADRU DE PRESTARI SERVICII NR. 346/7.7.2025,SERVICII CONTRACT DE PRESTARI SERVICII NR. 346/7.7.2025 | 1250.00 EUR+TVA la cursul BNR 5.0937 | SERVICII CONTRACT DE PRESTARI SERVICII NR. 346/7.7.2025 | 1250.00 EUR+TVA la cursul BNR 5.0937,,"CONTRACT; contract, date:0d, trend-adjusted-amount:1.000:0.0%; company=RECURRENT; dominant=BLUE-MDR-C-100 (60%)"
accounting:BT.R.BIT 250,no,BLUE-MDR-C-119,,RECURRENT,58,70,BLUE-MDR-C-100,0.600,0.893,STABLE,ACCEPT_CANDIDATE,HIGH,CONTRACT,ron,cms689tgn035trt35sezlgcaf,BT.R.BIT 250,UNITED MEDIA SERVICES SRL,2026-05-25,RON,1250.00,6561.00,,BLUE-MDR-C-119,BLUE-MDR-C-<limit>,"{""limit"":""119""}",UNIQUE,BLUE-MDR-C-119,611,2026-05-25,0,CONTRACT-CADRU DE PRESTARI SERVICII NR. 346/7.7.2025,SERVICII CONTRACT DE PRESTARI SERVICII NR. 346/7.7.2025 | 1250.00 EUR+TVA la cursul BNR 5.2488 | SERVICII CONTRACT DE PRESTARI SERVICII NR. 346/7.7.2025 | 1250.00 EUR+TVA la cursul BNR 5.2488,,"CONTRACT; contract, date:0d, trend-adjusted-amount:1.000:0.0%; company=RECURRENT; dominant=BLUE-MDR-C-100 (60%)"
accounting:BT.R.BIT 279,no,BLUE-MDR-C-119,,RECURRENT,58,70,BLUE-MDR-C-100,0.600,0.893,STABLE,ACCEPT_CANDIDATE,HIGH,CONTRACT,ron,cms689tr0038hrt357amz74tc,BT.R.BIT 279,UNITED MEDIA SERVICES SRL,2026-06-17,RON,1250.00,6538.75,,BLUE-MDR-C-119,BLUE-MDR-C-<limit>,"{""limit"":""119""}",UNIQUE,BLUE-MDR-C-119,612,2026-06-20,3,CONTRACT-CADRU DE PRESTARI SERVICII NR. 346/7.7.2025,SERVICII CONTRACT DE PRESTARI SERVICII NR. 346/7.7.2025 | 1250.00 EUR+TVA la cursul BNR 5.231 | SERVICII CONTRACT DE PRESTARI SERVICII NR. 346/7.7.2025 | 1250.00 EUR+TVA la cursul BNR 5.231,,"CONTRACT; contract, date:3d, trend-adjusted-amount:1.000:0.0%; company=RECURRENT; dominant=BLUE-MDR-C-100 (60%)"
accounting:BT.R.BIT 308,no,BLUE-MDR-C-119,,RECURRENT,58,70,BLUE-MDR-C-100,0.600,0.893,STABLE,ACCEPT_CANDIDATE,HIGH,CONTRACT,ron,cms689u0003b9rt35ltbv0uir,BT.R.BIT 308,UNITED MEDIA SERVICES SRL,2026-07-18,RON,1250.00,6553.63,,BLUE-MDR-C-119,BLUE-MDR-C-<limit>,"{""limit"":""119""}",UNIQUE,BLUE-MDR-C-119,613,2026-07-05,13,CONTRACT-CADRU DE PRESTARI SERVICII NR. 346/7.7.2025,SERVICII CONTRACT DE PRESTARI SERVICII NR. 346/7.7.2025 | 1250.00 EUR+TVA la cursul BNR 5.2429 | SERVICII CONTRACT DE PRESTARI SERVICII NR. 346/7.7.2025 | 1250.00 EUR+TVA la cursul BNR 5.2429,,"CONTRACT; contract, date:13d, trend-adjusted-amount:1.000:0.0%; company=RECURRENT; dominant=BLUE-MDR-C-100 (60%)"
accounting:BT.BIT 545,no,CYBEREDU-SM-Y-50-24,,SMALL,1,1,CYBEREDU-SM-Y-50-24,1.000,0.000,MIXED/UNKNOWN,REVIEW,LOW,PROFILE,ron,cms689o3o01bert35evmvwo6b,BT.BIT 545,UNIVERSITATEA DE VEST TIMISOARA,2023-10-02,RON,,120000.00,,CYBEREDU-SM-Y-50-24,CYBEREDU-SM-Y-<limit1>-<limit2>,"{""limit1"":""50"",""limit2"":""24""}",UNIQUE,CYBEREDU-SM-Y-50-24,865,2023-10-02,0,4783.2023.07.18,SERVICII DE ABONARE LA PACHETUL SOFTWARE CYBEREDU DE TIP | CYBER-RANGE-AS-A-SERVICE PENTRU DEZVOLTAREA CAPABILITATILOR TEHNICE DE SECURITATE CIBERNETICA IN MEDIUL ACADEMIC CONFORM CONTRACT 47843/18.07.2023. | SERVICII DE ABONARE LA PACHETUL,,"PROFILE; date:0d, description:0.41; company=SMALL; dominant=CYBEREDU-SM-Y-50-24 (100%)"
accounting:BT.BIT 1080,no,BLUE-IR-4,,SMALL,1,1,BLUE-IR-4,1.000,0.000,MIXED/UNKNOWN,REVIEW,MEDIUM,CONTRACT,ron,cms689try038urt35gnfwfm8d,BT.BIT 1080,VAIDA LAURA-LUCIA,2026-06-24,RON,2500.00,13115.00,,BLUE-IR-4,BLUE-IR-<limit>,"{""limit"":""4""}",UNIQUE,BLUE-IR-4,1591,2026-06-24,0,404/16.06.2026,SERVICII CONFORM CONTRACT 404/16.06.2026 | conform anexa 1 la contract cadru(2.500 euro+TVA la cursul BNR ) | SERVICII CONFORM CONTRACT 404/16.06.2026 | conform anexa 1 la contract cadru(2.500 euro+TVA la cursul BNR ),,"CONTRACT; contract, date:0d, amount:0.0%; company=SMALL; dominant=BLUE-IR-4 (100%)"
accounting:BT.BIT 267,no,RED-VA-I-S-25,,STANDARD,5,5,RED-VA-I-S-25,1.000,0.000,MIXED/UNKNOWN,ACCEPT_CANDIDATE,HIGH,CONTRACT,ron,cms689mam00mxrt35vtphh9lu,BT.BIT 267,VALORIS CENTER SRL,2021-05-04,RON,2000.00,9851.20,,RED-VA-I-S-25,RED-VA-I-S-<limit>,"{""limit"":""25""}",UNIQUE,RED-VA-I-S-25,156,2021-05-04,0,188/20.04.2021,SERVICII CONFORM CONTRACT 188/20.04.2021 | 2.000 euro+TVA la cursul BNR | SERVICII CONFORM CONTRACT 188/20.04.2021 | 2.000 euro+TVA la cursul BNR,,"CONTRACT; contract, date:0d, company-profile:100%; company=STANDARD; dominant=RED-VA-I-S-25 (100%)"
accounting:BT.BIT 354,no,RED-VA-I-S-25,,STANDARD,5,5,RED-VA-I-S-25,1.000,0.000,MIXED/UNKNOWN,REVIEW,HIGH,CONTRACT,ron,cms689mvp00uort356vdwz97b,BT.BIT 354,VALORIS CENTER SRL,2022-06-09,RON,2500.00,12364.00,,RED-VA-I-S-25,RED-VA-I-S-<limit>,"{""limit"":""25""}",UNIQUE,RED-VA-I-S-25,156,,,188/20.04.2021,SERV. CONF. CONTRACT NR.188/20.04.2021 | Act aditional nr.1 din 09.06.2022( 2.500 euro+TVA la cursul BNR ) | SERV. CONF. CONTRACT NR.188/20.04.2021 | Act aditional nr.1 din 09.06.2022( 2.500 euro+TVA la cursul BNR ),,"CONTRACT; contract, amount:0.0%, company-profile:100%; company=STANDARD; dominant=RED-VA-I-S-25 (100%)"
accounting:BT.BIT 492,no,RED-VA-I-S-25,,STANDARD,5,5,RED-VA-I-S-25,1.000,0.000,MIXED/UNKNOWN,REVIEW,HIGH,PROFILE,ron,cms689nrv016qrt35r1ywmjld,BT.BIT 492,VALORIS CENTER SRL,2023-06-30,RON,2500.00,12411.00,,RED-VA-I-S-25,RED-VA-I-S-<limit>,"{""limit"":""25""}",UNIQUE,RED-VA-I-S-25,158,2023-06-30,0,act aditional nr 2 16.06.2023,SERVICII CONFORM ACT ADITIONAL NR. 2 DIN 16.06.2023 | LA CONTRACTUL 188/20.04.2021( 2.500 euro+TVA la cursul BNR) | SERVICII CONFORM ACT ADITIONAL NR. 2 DIN 16.06.2023 | LA CONTRACTUL 188/20.04.2021( 2.500 euro+TVA la cursul BNR),,"PROFILE; date:0d, company-profile:100%; company=STANDARD; dominant=RED-VA-I-S-25 (100%)"
accounting:BT.BIT 678,no,RED-VA-I-S-25,,STANDARD,5,5,RED-VA-I-S-25,1.000,0.000,MIXED/UNKNOWN,REVIEW,HIGH,PROFILE,ron,cms689oy401n5rt35n8xkzm48,BT.BIT 678,VALORIS CENTER SRL,2024-07-15,RON,2500.00,12425.00,,RED-VA-I-S-25,RED-VA-I-S-<limit>,"{""limit"":""25""}",UNIQUE,RED-VA-I-S-25,159,2024-07-15,0,act aditional nr 3 9.07.2024,SERVICII CONFORM ACT ADITINAL 3/09.07.2024 LA CONTRACT | 188/20.04.2021( 2.500 euro+TVA la cursul BNR | SERVICII CONFORM ACT ADITINAL 3/09.07.2024 LA CONTRACT | 188/20.04.2021( 2.500 euro+TVA la cursul BNR,,"PROFILE; date:0d, amount:0.0%, company-profile:100%; company=STANDARD; dominant=RED-VA-I-S-25 (100%)"
accounting:BT.BIT 949,no,RED-VA-I-S-25,,STANDARD,5,5,RED-VA-I-S-25,1.000,0.000,MIXED/UNKNOWN,REVIEW,HIGH,PROFILE,ron,cms689qm102alrt35l0wuwed3,BT.BIT 949,VALORIS CENTER SRL,2025-07-23,RON,2500.00,12676.25,,RED-VA-I-S-25,RED-VA-I-S-<limit>,"{""limit"":""25""}",UNIQUE,RED-VA-I-S-25,160,2025-07-23,0,act aditional nr 4 21.07.2024,SERVICII CONFORM ACT ADITIONAL NR. 4 | DIN 21.07.2025 LA CONTRACTUL 188/20.04.2021(2.500 euro+TVA la cursul BNR) | SERVICII CONFORM ACT ADITIONAL NR. 4 | DIN 21.07.2025 LA CONTRACTUL 188/20.04.2021(2.500 euro+TVA la cursul BNR),,"PROFILE; date:0d, company-profile:100%; company=STANDARD; dominant=RED-VA-I-S-25 (100%)"
accounting:BT.BIT 6,no,,,UNMATCHED,,,,,,,SKIP_NO_MATCH,NONE,NONE,ron,cms689kil000grt35pf5zc8bn,BT.BIT 6,VELERA NETWORK SRL,2015-12-21,RON,1334.00,6017.01,,,,,EMPTY,,,,,,"SERVICII CONFORM CONTRACT NR.337/16.12.2015 ANEXA NR.1 | 1334 euro la cursul BNR de 4,5105 lei din 21.12.2015 | SERVICII CONFORM CONTRACT NR.337/16.12.2015 ANEXA NR.1 | 1334 euro la cursul BNR de 4,5105 lei din 21.12.2015",,Organization not found in tracker.
accounting:BT.BIT 1036,no,RED-PEN-B-E-B-5,,SMALL,2,1,RED-PEN-B-E-B-5,1.000,0.000,MIXED/UNKNOWN,ACCEPT_CANDIDATE,HIGH,CONTRACT,ron,cms689sip02w6rt351dyppixl,BT.BIT 1036,VOLTA X SOLAR SYSTEMS S.R.L.,2026-03-04,RON,1625.00,8284.41,avans,RED-PEN-B-E-B-5,RED-PEN-B-E-B-<limit>,"{""limit"":""5""}",UNIQUE,RED-PEN-B-E-B-5,1575,2026-03-04,0,CONTRACT-CADRU DE PRESTĂRI SERVICII Nr. 392/11.2.2026,"Avans conform ANEXA 1 | SERVICII PUNCTUALE DE SECURITATE INFORMATICA la Contractul cu Nr. 392/11.2.2026(1,625 EURO + TVA la cursul BNR) | Avans conform ANEXA 1 | SERVICII PUNCTUALE DE SECURITATE INFORMATICA la Contractul cu Nr. 392/11.2.202",,"CONTRACT; contract, date:0d, amount:0.0%, milestone:avans; company=SMALL; dominant=RED-PEN-B-E-B-5 (100%)"
accounting:BT.BIT 1043,no,RED-PEN-B-E-B-5,,SMALL,2,1,RED-PEN-B-E-B-5,1.000,0.000,MIXED/UNKNOWN,REVIEW,HIGH,STORNO_REFERENCE,ron,cms689ski02wtrt35kqk0cetk,BT.BIT 1043,VOLTA X SOLAR SYSTEMS S.R.L.,2026-03-17,RON,1625.00,8274.02,storno,RED-PEN-B-E-B-5,RED-PEN-B-E-B-<limit>,"{""limit"":""5""}",UNIQUE,RED-PEN-B-E-B-5,1575,2026-03-04,13,CONTRACT-CADRU DE PRESTĂRI SERVICII Nr. 392/11.2.2026,"Avans conform ANEXA 1 Servicii de penetration testing conform | SERVICII PUNCTUALE DE SECURITATE INFORMATICA la Contractul cu Nr. 392/11.2.2026(1,625 EURO + TVA la cursul BNR) Stornare factura 1036/04.03.2026 | Avans conform ANEXA 1 | SERVI",,Storno mapped to BT.BIT 1036; contract=true; amount=true; gap=13d
accounting:BT.BIT 119,no,RED-PEN-B-E-B-5,,STANDARD,5,3,RED-PEN-B-E-B-5,0.667,0.000,MIXED/UNKNOWN,REVIEW,HIGH,CONTRACT,valuta,cms689lc100a0rt355p4un7or,BT.BIT 119,VONQ B.V.,2021-11-11,EUR,4125.00,20414.63,,RED-PEN-B-E-B-5,RED-PEN-B-E-B-<limit>,"{""limit"":""5""}",UNIQUE,RED-PEN-B-E-B-5,875,2023-11-17,736,203/05/11/2021,SERVICES AGREEMENT NO.203 /05.11.2021 | Advance 50% represented 4125 euro. | SERVICES AGREEMENT NO.203 /05.11.2021 | Advance 50% represented 4125 euro.,,CONTRACT; contract; company=STANDARD; dominant=RED-PEN-B-E-B-5 (67%)
accounting:BT.BIT 127,no,RED-PEN-B-E-B-5,,STANDARD,5,3,RED-PEN-B-E-B-5,0.667,0.000,MIXED/UNKNOWN,REVIEW,HIGH,STORNO_REFERENCE,valuta,cms689ldz00aprt35wrj9sqcp,BT.BIT 127,VONQ B.V.,2021-12-21,EUR,4125.00,20414.62,storno,RED-PEN-B-E-B-5,RED-PEN-B-E-B-<limit>,"{""limit"":""5""}",UNIQUE,RED-PEN-B-E-B-5,875,2023-11-17,40,203/05/11/2021,SERVICES AGREEMENT NO.203 /05.11.2021 | Storno Advance 50% represented 4125 euro. | SERVICES AGREEMENT NO.203 /05.11.2021 | Storno Advance 50% represented 4125 euro. | SERVICES AGREEMENT NO.203 /05.11.2021,,Storno mapped to BT.BIT 119; contract=true; amount=true; gap=40d
accounting:BT.BIT 181,no,,,STANDARD,5,3,RED-PEN-B-E-B-5,0.667,0.000,MIXED/UNKNOWN,SKIP_NO_MATCH,NONE,NONE,valuta,cms689lqk00fert35sks28jkq,BT.BIT 181,VONQ B.V.,2023-11-17,EUR,8250.00,41005.80,,,,,EMPTY,,,,,,Services according to Addendum No. 1 from 25.09.2023 | Services according to Addendum No. 1 from 25.09.2023,,No accounting-to-tracker activity match met the conservative threshold.
accounting:BT.BIT 216,no,RED-PEN-B-E-B-5,,STANDARD,5,3,RED-PEN-B-E-B-5,0.667,0.000,MIXED/UNKNOWN,ACCEPT_CANDIDATE,HIGH,CONTRACT,valuta,cms689lyx00ihrt35qu96aesi,BT.BIT 216,VONQ B.V.,2024-12-16,EUR,8250.00,41028.90,,RED-PEN-B-E-B-5,RED-PEN-B-E-B-<limit>,"{""limit"":""5""}",UNIQUE,RED-PEN-B-E-B-5,876,2024-12-16,0,203/05/11/2021,Services according with Addendum No. 2 from 18.11.2021 | SERVICES AGREEMENT No. 203/05.11.2021 | Services according with Addendum No. 2 from 18.11.2021 | SERVICES AGREEMENT No. 203/05.11.2021,,"CONTRACT; contract, date:0d, amount:0.0%; company=STANDARD; dominant=RED-PEN-B-E-B-5 (67%)"
accounting:BT.R.BIT 60,no,RED-PEN-B-E-B-15,,STANDARD,5,3,RED-PEN-B-E-B-5,0.667,0.000,MIXED/UNKNOWN,REVIEW,MEDIUM,SCORED,valuta,cms689r3a02gwrt35jjf260ke,BT.R.BIT 60,VONQ B.V.,2025-12-04,EUR,12375.00,63001.13,,RED-PEN-B-E-B-15,RED-PEN-B-E-B-<limit>,"{""limit"":""15""}",UNIQUE,RED-PEN-B-E-B-5 | RED-PEN-B-E-B-15,877,2025-12-04,0,Addendum 3 17.11.2025,Services according with Addendum | No. 3 from 17.11.2025 SERVICES AGREEMENT No. 203/05.11.2021 | Services according with Addendum | No. 3 from 17.11.2025 SERVICES AGREEMENT No. 203/05.11.2021,,"SCORED; date:0d, amount:0.0%; company=STANDARD; dominant=RED-PEN-B-E-B-5 (67%)"
accounting:BT.BIT 2,no,,,UNMATCHED,,,,,,,SKIP_NO_MATCH,NONE,NONE,ron,cms689kgy0004rt35axug0b04,BT.BIT 2,VOX CARRIER SRL,2015-09-09,RON,1000.00,4426.10,,,,,EMPTY,,,,,,"SERVICII CONFORM CONTRACT NR.482 DIN 18.08.2015 ANEXA NR.1 | 1000 euro la cursul BNR de 4,4261 lei din 08.09.2015 | SERVICII CONFORM CONTRACT NR.482 DIN 18.08.2015 ANEXA NR.1 | 1000 euro la cursul BNR de 4,4261 lei din 08.09.2015",,Organization not found in tracker.
accounting:BT.BIT 3,no,,,UNMATCHED,,,,,,,SKIP_NO_MATCH,NONE,NONE,ron,cms689khh0007rt351vcvsi6y,BT.BIT 3,VOX CARRIER SRL,2015-10-14,RON,1300.00,5741.19,,,,,EMPTY,,,,,,SERVICII CONFORM CONTRACT NR.482 DIN 18.08.2015 ANEXA NR.3 | 1300 euro la cursul BNR de 4.4163 lei din 13.10.2015 | SERVICII CONFORM CONTRACT NR.482 DIN 18.08.2015 ANEXA NR.3 | 1300 euro la cursul BNR de 4.4163 lei din 13.10.2015,,Organization not found in tracker.
accounting:BT.BIT 5,no,,,UNMATCHED,,,,,,,SKIP_NO_MATCH,NONE,NONE,ron,cms689kia000drt350gqyl9zi,BT.BIT 5,VOX CARRIER SRL,2015-12-14,RON,1850.00,8340.73,,,,,EMPTY,,,,,,"SERVICII CONFORM CONTRACT NR.482 DIN 18.08.2015 ANEXA NR.3 | 1850 euro la cursul BNR de 4,5085 lei din 14.12.2015 | SERVICII CONFORM CONTRACT NR.482 DIN 18.08.2015 ANEXA NR.3 | 1850 euro la cursul BNR de 4,5085 lei din 14.12.2015",,Organization not found in tracker.
accounting:BT.BIT 72,no,RED-PEN-S-WB-1,,RECURRENT,77,64,BLUE-MDR-C-50,0.922,0.787,STABLE,ACCEPT_CANDIDATE,HIGH,CONTRACT,valuta,cms689kzt0063rt35c9ih9p8a,BT.BIT 72,"WAYDEV,INC",2020-07-08,USD,8000.00,34371.20,avans,RED-PEN-S-WB-1,RED-PEN-S-WB-<limit>,"{""limit"":""1""}",UNIQUE,RED-PEN-S-WB-1 | BLUE-IR-20,481,2020-07-08,0,165/08.07.2020,SERVICII CONFORM CONTRACT NR.165/08.07.2020 | Avans 50% | SERVICII CONFORM CONTRACT NR.165/08.07.2020 | Avans 50%,,"CONTRACT; contract, date:0d, milestone:avans; company=RECURRENT; dominant=BLUE-MDR-C-50 (92%)"
accounting:BT.BIT 77,no,RED-PEN-S-WB-1,,RECURRENT,77,64,BLUE-MDR-C-50,0.922,0.787,STABLE,ACCEPT_CANDIDATE,HIGH,CONTRACT,valuta,cms689l11006jrt35iasjyi6d,BT.BIT 77,"WAYDEV,INC",2020-08-13,USD,8000.00,32869.60,,RED-PEN-S-WB-1,RED-PEN-S-WB-<limit>,"{""limit"":""1""}",UNIQUE,RED-PEN-S-WB-1 | BLUE-IR-20,481,2020-08-13,0,165/08.07.2020,SERVICII CONFORM CONTRACT NR.165/08.07.2020 | SERVICII CONFORM CONTRACT NR.165/08.07.2020,,"CONTRACT; contract, date:0d; company=RECURRENT; dominant=BLUE-MDR-C-50 (92%)"
accounting:BT.BIT 81,no,BLUE-IR-20,,RECURRENT,77,64,BLUE-MDR-C-50,0.922,0.787,STABLE,REVIEW,HIGH,RECURRENT_DATE,valuta,cms689l26006yrt35vxkdllmy,BT.BIT 81,"WAYDEV,INC",2020-09-01,USD,2469.00,10031.79,,BLUE-IR-20,BLUE-IR-<limit>,"{""limit"":""20""}",UNIQUE,RED-PEN-S-WB-1 | BLUE-IR-20,482,2020-08-13,19,165/08.07.2020,SERVICII | SERVICII,,RECURRENT_DATE; date:19d; company=RECURRENT; dominant=BLUE-MDR-C-50 (92%)
accounting:BT.BIT 91,no,BLUE-MDR-I,,RECURRENT,77,64,BLUE-MDR-C-50,0.922,0.787,STABLE,ACCEPT_CANDIDATE,HIGH,CONTRACT,valuta,cms689l5e007srt35rwdjcxne,BT.BIT 91,SOCIETATEA  WAYDEV.INC,2021-02-19,USD,3628.00,14656.76,,BLUE-MDR-I,BLUE-MDR-I,,UNIQUE,BLUE-MDR-I | BLUE-MDR-C-50,483,2021-02-19,0,182/15.02.2021,INSTALARE SERVICII RECURENTE DE TIP MONITORIZARE SI RASPUNS | LA INCIDENTE DE SECURITATE INFORMATICA conform anexa 1 la contract 182/15.02.2021 | INSTALARE SERVICII RECURENTE DE TIP MONITORIZARE SI RASPUNS | LA INCIDENTE DE SECURITATE INFOR,,"CONTRACT; contract, date:0d, trend-adjusted-amount:1.082:1.6%, description:0.54; company=RECURRENT; dominant=BLUE-MDR-C-50 (92%)"
accounting:BT.BIT 95,no,BLUE-MDR-C-50,,RECURRENT,77,64,BLUE-MDR-C-50,0.922,0.787,STABLE,REVIEW,HIGH,CONTRACT,valuta,cms689l6b0084rt358y8ykelp,BT.BIT 95,SOCIETATEA  WAYDEV.INC,2021-04-06,EUR,660.00,3244.63,,BLUE-MDR-C-50,BLUE-MDR-C-<limit>,"{""limit"":""50""}",UNIQUE,BLUE-MDR-C-50,492,2021-12-16,254,182/15.02.2021,SERVICII RECURENTE DE TIP MONITORIZARE SI RASPUNS | LA INCIDENTE DE SECURITATE INFORMATICA conform contract 182/15.02.2021 | SERVICII RECURENTE DE TIP MONITORIZARE SI RASPUNS | LA INCIDENTE DE SECURITATE INFORMATICA conform contract 182/15.,,"CONTRACT; contract, trend-adjusted-amount:1.082:0.0%, description:0.64, company-profile:92%; company=RECURRENT; dominant=BLUE-MDR-C-50 (92%)"
accounting:BT.BIT 97,no,BLUE-MDR-C-50,,RECURRENT,77,64,BLUE-MDR-C-50,0.922,0.787,STABLE,ACCEPT_CANDIDATE,HIGH,CONTRACT,valuta,cms689l6u008art35723amgi7,BT.BIT 97,SOCIETATEA  WAYDEV.INC,2021-05-04,EUR,660.00,3250.30,,BLUE-MDR-C-50,BLUE-MDR-C-<limit>,"{""limit"":""50""}",UNIQUE,BLUE-MDR-C-50,484,2021-05-04,0,182/15.02.2021,SERVICII RECURENTE DE TIP MONITORIZARE SI RASPUNS | LA INCIDENTE DE SECURITATE INFORMATICA conform contract 182/15.02.2021 | SERVICII RECURENTE DE TIP MONITORIZARE SI RASPUNS | LA INCIDENTE DE SECURITATE INFORMATICA conform contract 182/15.,,"CONTRACT; contract, date:0d, trend-adjusted-amount:1.082:0.0%, description:0.64, company-profile:92%; company=RECURRENT; dominant=BLUE-MDR-C-50 (92%)"
accounting:BT.BIT 100,no,BLUE-MDR-C-50,,RECURRENT,77,64,BLUE-MDR-C-50,0.922,0.787,STABLE,ACCEPT_CANDIDATE,HIGH,CONTRACT,valuta,cms689l7l008jrt358hvr9tv2,BT.BIT 100,SOCIETATEA  WAYDEV.INC,2021-06-07,EUR,660.00,3249.05,,BLUE-MDR-C-50,BLUE-MDR-C-<limit>,"{""limit"":""50""}",UNIQUE,BLUE-MDR-C-50,485,2021-06-07,0,182/15.02.2021,SERVICII RECURENTE DE TIP MONITORIZARE SI RASPUNS | LA INCIDENTE DE SECURITATE INFORMATICA conform contract 182/15.02.2021 | SERVICII RECURENTE DE TIP MONITORIZARE SI RASPUNS | LA INCIDENTE DE SECURITATE INFORMATICA conform contract 182/15.,,"CONTRACT; contract, date:0d, trend-adjusted-amount:1.082:0.0%, description:0.64, company-profile:92%; company=RECURRENT; dominant=BLUE-MDR-C-50 (92%)"
accounting:BT.BIT 101,no,BLUE-MDR-C-50,,RECURRENT,77,64,BLUE-MDR-C-50,0.922,0.787,STABLE,ACCEPT_CANDIDATE,HIGH,CONTRACT,valuta,cms689l7t008mrt355w20be10,BT.BIT 101,SOCIETATEA  WAYDEV.INC,2021-07-02,EUR,660.00,3251.23,,BLUE-MDR-C-50,BLUE-MDR-C-<limit>,"{""limit"":""50""}",UNIQUE,BLUE-MDR-C-50,486,2021-07-06,4,182/15.02.2021,SERVICII RECURENTE DE TIP MONITORIZARE SI RASPUNS | LA INCIDENTE DE SECURITATE INFORMATICA conform contract 182/15.02.2021 | SERVICII RECURENTE DE TIP MONITORIZARE SI RASPUNS | LA INCIDENTE DE SECURITATE INFORMATICA conform contract 182/15.,,"CONTRACT; contract, date:4d, trend-adjusted-amount:1.082:0.0%, description:0.64, company-profile:92%; company=RECURRENT; dominant=BLUE-MDR-C-50 (92%)"
accounting:BT.BIT 107,no,,,RECURRENT,77,64,BLUE-MDR-C-50,0.922,0.787,STABLE,SKIP_NO_MATCH,NONE,NONE,valuta,cms689l940091rt356acyzzp4,BT.BIT 107,"WAYDEV,INC",2021-07-06,USD,762.00,3161.08,,,,,EMPTY,,,,,,SERVICIII | SERVICIII,,No accounting-to-tracker activity match met the conservative threshold.
accounting:BT.BIT 105,no,BLUE-MDR-C-50,,RECURRENT,77,64,BLUE-MDR-C-50,0.922,0.787,STABLE,ACCEPT_CANDIDATE,HIGH,CONTRACT,valuta,cms689l8v008yrt35aerricw3,BT.BIT 105,SOCIETATEA  WAYDEV.INC,2021-08-02,EUR,660.00,3247.07,,BLUE-MDR-C-50,BLUE-MDR-C-<limit>,"{""limit"":""50""}",UNIQUE,BLUE-MDR-C-50,487,2021-08-02,0,182/15.02.2021,SERVICII RECURENTE DE TIP MONITORIZARE SI RASPUNS | LA INCIDENTE DE SECURITATE INFORMATICA conform contract 182/15.02.2021 | SERVICII RECURENTE DE TIP MONITORIZARE SI RASPUNS | LA INCIDENTE DE SECURITATE INFORMATICA conform contract 182/15.,,"CONTRACT; contract, date:0d, trend-adjusted-amount:1.082:0.0%, description:0.64, company-profile:92%; company=RECURRENT; dominant=BLUE-MDR-C-50 (92%)"
accounting:BT.BIT 108,no,BLUE-MDR-C-50,,RECURRENT,77,64,BLUE-MDR-C-50,0.922,0.787,STABLE,ACCEPT_CANDIDATE,HIGH,CONTRACT,valuta,cms689l9e0095rt35rsw44vv4,BT.BIT 108,"WAYDEV,INC",2021-09-01,USD,640.00,2671.42,,BLUE-MDR-C-50,BLUE-MDR-C-<limit>,"{""limit"":""50""}",UNIQUE,BLUE-MDR-C-50,488,2021-09-01,0,182/15.02.2021,SERVICII RECURENTE DE TIP MONITORIZARE SI RASPUNS | LA INCIDENTE DE SECURITATE INFORMATICA conform contract 182/15.02.2021 | SERVICII RECURENTE DE TIP MONITORIZARE SI RASPUNS | LA INCIDENTE DE SECURITATE INFORMATICA conform contract 182/15.,,"CONTRACT; contract, date:0d, trend-adjusted-amount:1.066:1.5%, description:0.64, company-profile:92%; company=RECURRENT; dominant=BLUE-MDR-C-50 (92%)"
accounting:BT.BIT 111,no,BLUE-MDR-C-50,,RECURRENT,77,64,BLUE-MDR-C-50,0.922,0.787,STABLE,ACCEPT_CANDIDATE,HIGH,CONTRACT,valuta,cms689la4009ert35awck0joh,BT.BIT 111,"WAYDEV,INC",2021-10-14,USD,640.00,2740.99,,BLUE-MDR-C-50,BLUE-MDR-C-<limit>,"{""limit"":""50""}",UNIQUE,BLUE-MDR-C-50,489,2021-10-14,0,182/15.02.2021,SERVICII RECURENTE DE TIP MONITORIZARE SI RASPUNS | LA INCIDENTE DE SECURITATE INFORMATICA conform contract 182/15.02.2021 | SERVICII RECURENTE DE TIP MONITORIZARE SI RASPUNS | LA INCIDENTE DE SECURITATE INFORMATICA conform contract 182/15.,,"CONTRACT; contract, date:0d, trend-adjusted-amount:1.049:0.0%, description:0.64, company-profile:92%; company=RECURRENT; dominant=BLUE-MDR-C-50 (92%)"
accounting:BT.BIT 116,no,BLUE-MDR-C-50,,RECURRENT,77,64,BLUE-MDR-C-50,0.922,0.787,STABLE,ACCEPT_CANDIDATE,HIGH,CONTRACT,valuta,cms689lb8009qrt35klxdtwcm,BT.BIT 116,"WAYDEV,INC",2021-11-01,USD,640.00,2718.14,,BLUE-MDR-C-50,BLUE-MDR-C-<limit>,"{""limit"":""50""}",UNIQUE,BLUE-MDR-C-50,490,2021-11-01,0,182/15.02.2021,SERVICII RECURENTE DE TIP MONITORIZARE SI RASPUNS | LA INCIDENTE DE SECURITATE INFORMATICA conform contract 182/15.02.2021 | SERVICII RECURENTE DE TIP MONITORIZARE SI RASPUNS | LA INCIDENTE DE SECURITATE INFORMATICA conform contract 182/15.,,"CONTRACT; contract, date:0d, trend-adjusted-amount:1.049:0.0%, description:0.64, company-profile:92%; company=RECURRENT; dominant=BLUE-MDR-C-50 (92%)"
accounting:BT.BIT 120,no,BLUE-MDR-C-50,,RECURRENT,77,64,BLUE-MDR-C-50,0.922,0.787,STABLE,ACCEPT_CANDIDATE,HIGH,CONTRACT,valuta,cms689lca00a3rt358lfxfd5w,BT.BIT 120,"WAYDEV,INC",2021-12-02,USD,640.00,2806.59,,BLUE-MDR-C-50,BLUE-MDR-C-<limit>,"{""limit"":""50""}",UNIQUE,BLUE-MDR-C-50,491,2021-12-02,0,182/15.02.2021,SERVICII RECURENTE DE TIP MONITORIZARE SI RASPUNS | LA INCIDENTE DE SECURITATE INFORMATICA conform contract 182/15.02.2021 | SERVICII RECURENTE DE TIP MONITORIZARE SI RASPUNS | LA INCIDENTE DE SECURITATE INFORMATICA conform contract 182/15.,,"CONTRACT; contract, date:0d, trend-adjusted-amount:1.049:0.0%, description:0.64, company-profile:92%; company=RECURRENT; dominant=BLUE-MDR-C-50 (92%)"
accounting:BT.BIT 132,no,,,RECURRENT,77,64,BLUE-MDR-C-50,0.922,0.787,STABLE,SKIP_NO_MATCH,NONE,NONE,valuta,cms689lf400b9rt359nt85a6e,BT.BIT 132,"WAYDEV,INC",2021-12-16,USD,640.00,2811.97,,,,,EMPTY,,,,,,SERVICII | SERVICII,,No accounting-to-tracker activity match met the conservative threshold.
accounting:BT.BIT 129,no,BLUE-MDR-C-50,,RECURRENT,77,64,BLUE-MDR-C-50,0.922,0.787,STABLE,ACCEPT_CANDIDATE,HIGH,CONTRACT,valuta,cms689leg00axrt3584bvraqi,BT.BIT 129,"WAYDEV,INC",2022-01-04,USD,660.00,2874.89,,BLUE-MDR-C-50,BLUE-MDR-C-<limit>,"{""limit"":""50""}",UNIQUE,BLUE-MDR-C-50,493,2022-01-04,0,182/15.02.2021,SERVICII RECURENTE DE TIP MONITORIZARE SI RASPUNS | LA INCIDENTE DE SECURITATE INFORMATICA conform contract 182/15.02.2021 | SERVICII RECURENTE DE TIP MONITORIZARE SI RASPUNS | LA INCIDENTE DE SECURITATE INFORMATICA conform contract 182/15.,,"CONTRACT; contract, date:0d, trend-adjusted-amount:1.066:1.5%, description:0.64, company-profile:92%; company=RECURRENT; dominant=BLUE-MDR-C-50 (92%)"
accounting:BT.BIT 133,no,BLUE-MDR-C-50,,RECURRENT,77,64,BLUE-MDR-C-50,0.922,0.787,STABLE,ACCEPT_CANDIDATE,HIGH,CONTRACT,valuta,cms68c2aj003zpj38ccfbdtx0,BT.BIT 133,"WAYDEV,INC",2022-02-03,USD,660.00,2886.25,,BLUE-MDR-C-50,BLUE-MDR-C-<limit>,"{""limit"":""50""}",UNIQUE,BLUE-MDR-C-50,494,2022-02-03,0,182/15.02.2021,SERVICII RECURENTE DE TIP MONITORIZARE SI RASPUNS | LA INCIDENTE DE SECURITATE INFORMATICA conform contract 182/15.02.2021 | SERVICII RECURENTE DE TIP MONITORIZARE SI RASPUNS | LA INCIDENTE DE SECURITATE INFORMATICA conform contract 182/15.,,"CONTRACT; contract, date:0d, trend-adjusted-amount:1.082:0.0%, description:0.64, company-profile:92%; company=RECURRENT; dominant=BLUE-MDR-C-50 (92%)"
accounting:BT.BIT 137,no,BLUE-MDR-C-50,,RECURRENT,77,64,BLUE-MDR-C-50,0.922,0.787,STABLE,ACCEPT_CANDIDATE,HIGH,CONTRACT,valuta,cms689lg500blrt350yamwp1d,BT.BIT 137,"WAYDEV,INC",2022-03-03,USD,660.00,2942.94,,BLUE-MDR-C-50,BLUE-MDR-C-<limit>,"{""limit"":""50""}",UNIQUE,BLUE-MDR-C-50,495,2022-03-03,0,182/15.02.2021,SERVICII RECURENTE DE TIP MONITORIZARE SI RASPUNS | LA INCIDENTE DE SECURITATE INFORMATICA conform contract 182/15.02.2021 | SERVICII RECURENTE DE TIP MONITORIZARE SI RASPUNS | LA INCIDENTE DE SECURITATE INFORMATICA conform contract 182/15.,,"CONTRACT; contract, date:0d, trend-adjusted-amount:1.082:0.0%, description:0.64, company-profile:92%; company=RECURRENT; dominant=BLUE-MDR-C-50 (92%)"
accounting:BT.BIT 140,no,BLUE-MDR-C-50,,RECURRENT,77,64,BLUE-MDR-C-50,0.922,0.787,STABLE,ACCEPT_CANDIDATE,HIGH,CONTRACT,valuta,cms689lgv00burt3598xz50p7,BT.BIT 140,"WAYDEV,INC",2022-04-06,USD,660.00,2971.25,,BLUE-MDR-C-50,BLUE-MDR-C-<limit>,"{""limit"":""50""}",UNIQUE,BLUE-MDR-C-50,496,2022-04-06,0,182/15.02.2021,SERVICII RECURENTE DE TIP MONITORIZARE SI RASPUNS | LA INCIDENTE DE SECURITATE INFORMATICA conform contract 182/15.02.2021 | SERVICII RECURENTE DE TIP MONITORIZARE SI RASPUNS | LA INCIDENTE DE SECURITATE INFORMATICA conform contract 182/15.,,"CONTRACT; contract, date:0d, trend-adjusted-amount:1.082:0.0%, description:0.64, company-profile:92%; company=RECURRENT; dominant=BLUE-MDR-C-50 (92%)"
accounting:BT.BIT 143,no,BLUE-MDR-C-50,,RECURRENT,77,64,BLUE-MDR-C-50,0.922,0.787,STABLE,ACCEPT_CANDIDATE,HIGH,CONTRACT,valuta,cms689lhw00c6rt35os4lt3tw,BT.BIT 143,"WAYDEV,INC",2022-05-09,USD,660.00,3089.59,,BLUE-MDR-C-50,BLUE-MDR-C-<limit>,"{""limit"":""50""}",UNIQUE,BLUE-MDR-C-50,497,2022-05-09,0,182/15.02.2021,SERVICII RECURENTE DE TIP MONITORIZARE SI RASPUNS | LA INCIDENTE DE SECURITATE INFORMATICA conform contract 182/15.02.2021 | SERVICII RECURENTE DE TIP MONITORIZARE SI RASPUNS | LA INCIDENTE DE SECURITATE INFORMATICA conform contract 182/15.,,"CONTRACT; contract, date:0d, trend-adjusted-amount:1.082:0.0%, description:0.64, company-profile:92%; company=RECURRENT; dominant=BLUE-MDR-C-50 (92%)"
accounting:BT.BIT 147,no,BLUE-MDR-C-50,,RECURRENT,77,64,BLUE-MDR-C-50,0.922,0.787,STABLE,ACCEPT_CANDIDATE,HIGH,CONTRACT,valuta,cms689lio00cirt35eu63f28o,BT.BIT 147,"WAYDEV,INC",2022-06-09,USD,660.00,3048.87,,BLUE-MDR-C-50,BLUE-MDR-C-<limit>,"{""limit"":""50""}",UNIQUE,BLUE-MDR-C-50,498,2022-06-09,0,182/15.02.2021,SERVISERVICII RECURENTE DE TIP MONITORIZARE SI RASPUNS | LA INCIDENTE DE SECURITATE INFORMATICA conform contract 182/15.02.2021 | SERVISERVICII RECURENTE DE TIP MONITORIZARE SI RASPUNS | LA INCIDENTE DE SECURITATE INFORMATICA conform contra,,"CONTRACT; contract, date:0d, trend-adjusted-amount:1.082:0.0%, description:0.58, company-profile:92%; company=RECURRENT; dominant=BLUE-MDR-C-50 (92%)"
accounting:BT.BIT 150,no,BLUE-MDR-C-50,,RECURRENT,77,64,BLUE-MDR-C-50,0.922,0.787,STABLE,ACCEPT_CANDIDATE,HIGH,CONTRACT,valuta,cms68c2ep004ipj38ih8x2s24,BT.BIT 150,"WAYDEV,INC",2022-07-12,USD,660.00,3229.12,,BLUE-MDR-C-50,BLUE-MDR-C-<limit>,"{""limit"":""50""}",UNIQUE,BLUE-MDR-C-50,499,2022-07-12,0,182/15.02.2021,SERVISERVICII RECURENTE DE TIP MONITORIZARE SI | RASPUNS LA INCIDENTE DE SECURITATE INFORMATICA conform contract 182/15.02.2021 | SERVISERVICII RECURENTE DE TIP MONITORIZARE SI | RASPUNS LA INCIDENTE DE SECURITATE INFORMATICA conform contra,,"CONTRACT; contract, date:0d, trend-adjusted-amount:1.082:0.0%, description:0.58, company-profile:92%; company=RECURRENT; dominant=BLUE-MDR-C-50 (92%)"
accounting:BT.BIT 153,no,BLUE-MDR-C-50,,RECURRENT,77,64,BLUE-MDR-C-50,0.922,0.787,STABLE,ACCEPT_CANDIDATE,HIGH,CONTRACT,valuta,cms689ljw00d2rt35p5z52xy8,BT.BIT 153,"WAYDEV,INC",2022-08-03,EUR,2750.00,13547.05,,BLUE-MDR-C-50,BLUE-MDR-C-<limit>,"{""limit"":""50""}",UNIQUE,BLUE-MDR-C-50,500,2022-08-03,0,182/15.02.2021,SERVICII ACT ADITIONAL NR.1 LA CONTRACT 182/15.02.2021 | SERVICII ACT ADITIONAL NR.1 LA CONTRACT 182/15.02.2021,,"CONTRACT; contract, date:0d, company-profile:92%; company=RECURRENT; dominant=BLUE-MDR-C-50 (92%)"
accounting:BT.BIT 154,no,BLUE-MDR-C-50,,RECURRENT,77,64,BLUE-MDR-C-50,0.922,0.787,STABLE,ACCEPT_CANDIDATE,HIGH,CONTRACT,valuta,cms689lk300d5rt35uz59w7l7,BT.BIT 154,"WAYDEV,INC",2022-08-08,USD,660.00,3179.55,,BLUE-MDR-C-50,BLUE-MDR-C-<limit>,"{""limit"":""50""}",UNIQUE,BLUE-MDR-C-50,501,2022-08-08,0,182/15.02.2021,SERVISERVICII RECURENTE DE TIP MONITORIZARE SI | RASPUNS LA INCIDENTE DE SECURITATE INFORMATICA conform contract 182/15.02.2021 | SERVISERVICII RECURENTE DE TIP MONITORIZARE SI | RASPUNS LA INCIDENTE DE SECURITATE INFORMATICA conform contra,,"CONTRACT; contract, date:0d, trend-adjusted-amount:1.082:0.0%, description:0.58, company-profile:92%; company=RECURRENT; dominant=BLUE-MDR-C-50 (92%)"
accounting:BT.BIT 156,no,BLUE-MDR-C-50,,RECURRENT,77,64,BLUE-MDR-C-50,0.922,0.787,STABLE,ACCEPT_CANDIDATE,HIGH,CONTRACT,valuta,cms689lkn00dbrt35ae49qviz,BT.BIT 156,"WAYDEV,INC",2022-09-09,USD,660.00,3214.00,,BLUE-MDR-C-50,BLUE-MDR-C-<limit>,"{""limit"":""50""}",UNIQUE,BLUE-MDR-C-50,502,2022-09-09,0,182/15.02.2021,SERVISERVICII RECURENTE DE TIP MONITORIZARE SI | RASPUNS LA INCIDENTE DE SECURITATE INFORMATICA conform contract 182/15.02.2021 | SERVISERVICII RECURENTE DE TIP MONITORIZARE SI | RASPUNS LA INCIDENTE DE SECURITATE INFORMATICA conform contra,,"CONTRACT; contract, date:0d, trend-adjusted-amount:1.082:0.0%, description:0.58, company-profile:92%; company=RECURRENT; dominant=BLUE-MDR-C-50 (92%)"
accounting:BT.BIT 158,no,BLUE-MDR-C-50,,RECURRENT,77,64,BLUE-MDR-C-50,0.922,0.787,STABLE,ACCEPT_CANDIDATE,HIGH,CONTRACT,valuta,cms689ll300dhrt35x3q28zfw,BT.BIT 158,"WAYDEV,INC",2022-10-03,USD,660.00,3330.95,,BLUE-MDR-C-50,BLUE-MDR-C-<limit>,"{""limit"":""50""}",UNIQUE,BLUE-MDR-C-50,503,2022-10-03,0,182/15.02.2021,SERVISERVICII RECURENTE DE TIP MONITORIZARE SI | RASPUNS LA INCIDENTE DE SECURITATE INFORMATICA conform contract 182/15.02.2021 | SERVISERVICII RECURENTE DE TIP MONITORIZARE SI | RASPUNS LA INCIDENTE DE SECURITATE INFORMATICA conform contra,,"CONTRACT; contract, date:0d, trend-adjusted-amount:1.082:0.0%, description:0.58, company-profile:92%; company=RECURRENT; dominant=BLUE-MDR-C-50 (92%)"
accounting:BT.BIT 160,no,BLUE-MDR-C-50,,RECURRENT,77,64,BLUE-MDR-C-50,0.922,0.787,STABLE,ACCEPT_CANDIDATE,HIGH,CONTRACT,valuta,cms689lli00dnrt35e8zx0r3n,BT.BIT 160,"WAYDEV,INC",2022-11-06,USD,660.00,3294.65,,BLUE-MDR-C-50,BLUE-MDR-C-<limit>,"{""limit"":""50""}",UNIQUE,BLUE-MDR-C-50,504,2022-11-06,0,182/15.02.2021,SERVISERVICII RECURENTE DE TIP MONITORIZARE SI | RASPUNS LA INCIDENTE DE SECURITATE INFORMATICA conform contract 182/15.02.2021 | SERVISERVICII RECURENTE DE TIP MONITORIZARE SI | RASPUNS LA INCIDENTE DE SECURITATE INFORMATICA conform contra,,"CONTRACT; contract, date:0d, trend-adjusted-amount:1.082:0.0%, description:0.58, company-profile:92%; company=RECURRENT; dominant=BLUE-MDR-C-50 (92%)"
accounting:BT.BIT 163,no,BLUE-MDR-C-50,,RECURRENT,77,64,BLUE-MDR-C-50,0.922,0.787,STABLE,ACCEPT_CANDIDATE,HIGH,CONTRACT,valuta,cms689lm800dwrt35vgnjezfr,BT.BIT 163,"WAYDEV,INC",2022-12-09,USD,660.00,3092.23,,BLUE-MDR-C-50,BLUE-MDR-C-<limit>,"{""limit"":""50""}",UNIQUE,BLUE-MDR-C-50,505,2022-12-09,0,182/15.02.2021,SERVISERVICII RECURENTE DE TIP MONITORIZARE SI | RASPUNS LA INCIDENTE DE SECURITATE INFORMATICA conform contract 182/15.02.2021 | SERVISERVICII RECURENTE DE TIP MONITORIZARE SI | RASPUNS LA INCIDENTE DE SECURITATE INFORMATICA conform contra,,"CONTRACT; contract, date:0d, trend-adjusted-amount:1.082:0.0%, description:0.58, company-profile:92%; company=RECURRENT; dominant=BLUE-MDR-C-50 (92%)"
accounting:BT.BIT 165,no,,,RECURRENT,77,64,BLUE-MDR-C-50,0.922,0.787,STABLE,SKIP_NO_MATCH,NONE,NONE,valuta,cms689lmq00e2rt353zfflpev,BT.BIT 165,"WAYDEV,INC",2022-12-09,USD,2070.00,9698.36,,,,,EMPTY,,,,,,SERVICII | SERVICII,,No accounting-to-tracker activity match met the conservative threshold.
accounting:BT.BIT 164,no,BLUE-MDR-C-50,,RECURRENT,77,64,BLUE-MDR-C-50,0.922,0.787,STABLE,ACCEPT_CANDIDATE,HIGH,CONTRACT,valuta,cms689lmh00dzrt35l9a9ke5z,BT.BIT 164,"WAYDEV,INC",2023-01-09,USD,660.00,3095.00,,BLUE-MDR-C-50,BLUE-MDR-C-<limit>,"{""limit"":""50""}",UNIQUE,BLUE-MDR-C-50,506,2023-01-09,0,182/15.02.2021,SERVISERVICII RECURENTE DE TIP MONITORIZARE SI | RASPUNS LA INCIDENTE DE SECURITATE INFORMATICA conform contract 182/15.02.2021 | SERVISERVICII RECURENTE DE TIP MONITORIZARE SI | RASPUNS LA INCIDENTE DE SECURITATE INFORMATICA conform contra,,"CONTRACT; contract, date:0d, trend-adjusted-amount:1.082:0.0%, description:0.58, company-profile:92%; company=RECURRENT; dominant=BLUE-MDR-C-50 (92%)"
accounting:BT.BIT 167,no,,,RECURRENT,77,64,BLUE-MDR-C-50,0.922,0.787,STABLE,SKIP_NO_MATCH,NONE,NONE,valuta,cms689ln800e8rt35f3x95lyy,BT.BIT 167,"WAYDEV,INC",2023-01-11,USD,640.00,2935.55,,,,,EMPTY,,,,,,SERVICII | SERVICII,,No accounting-to-tracker activity match met the conservative threshold.
accounting:BT.BIT 166,no,BLUE-MDR-C-50,,RECURRENT,77,64,BLUE-MDR-C-50,0.922,0.787,STABLE,ACCEPT_CANDIDATE,HIGH,CONTRACT,valuta,cms689lmy00e5rt35c3rlz63m,BT.BIT 166,"WAYDEV,INC",2023-02-07,USD,660.00,3007.62,,BLUE-MDR-C-50,BLUE-MDR-C-<limit>,"{""limit"":""50""}",UNIQUE,BLUE-MDR-C-50,508,2023-02-07,0,182/15.02.2021,SERVISERVICII RECURENTE DE TIP MONITORIZARE SI | RASPUNS LA INCIDENTE DE SECURITATE INFORMATICA conform contract 182/15.02.2021 | SERVISERVICII RECURENTE DE TIP MONITORIZARE SI | RASPUNS LA INCIDENTE DE SECURITATE INFORMATICA conform contra,,"CONTRACT; contract, date:0d, trend-adjusted-amount:1.082:0.0%, description:0.58, company-profile:92%; company=RECURRENT; dominant=BLUE-MDR-C-50 (92%)"
accounting:BT.BIT 168,no,BLUE-MDR-C-50,,RECURRENT,77,64,BLUE-MDR-C-50,0.922,0.787,STABLE,ACCEPT_CANDIDATE,HIGH,CONTRACT,valuta,cms689lnh00ebrt35p1fwtgg9,BT.BIT 168,"WAYDEV,INC",2023-03-01,USD,660.00,3060.82,,BLUE-MDR-C-50,BLUE-MDR-C-<limit>,"{""limit"":""50""}",UNIQUE,BLUE-MDR-C-50,509,2023-03-01,0,182/15.02.2021,SERVISERVICII RECURENTE DE TIP MONITORIZARE SI | RASPUNS LA INCIDENTE DE SECURITATE INFORMATICA conform contract 182/15.02.2021 | SERVISERVICII RECURENTE DE TIP MONITORIZARE SI | RASPUNS LA INCIDENTE DE SECURITATE INFORMATICA conform contra,,"CONTRACT; contract, date:0d, trend-adjusted-amount:1.082:0.0%, description:0.58, company-profile:92%; company=RECURRENT; dominant=BLUE-MDR-C-50 (92%)"
accounting:BT.BIT 169,no,BLUE-MDR-C-50,,RECURRENT,77,64,BLUE-MDR-C-50,0.922,0.787,STABLE,ACCEPT_CANDIDATE,HIGH,CONTRACT,valuta,cms689lnq00eert35hwipr5ox,BT.BIT 169,"WAYDEV,INC",2023-04-10,USD,660.00,2985.38,,BLUE-MDR-C-50,BLUE-MDR-C-<limit>,"{""limit"":""50""}",UNIQUE,BLUE-MDR-C-50,510,2023-04-10,0,182/15.02.2021,SERVICII RECURENTE DE TIP MONITORIZARE SI | RASPUNS LA INCIDENTE DE SECURITATE INFORMATICA conform contract 182/15.02.2021 | SERVICII RECURENTE DE TIP MONITORIZARE SI | RASPUNS LA INCIDENTE DE SECURITATE INFORMATICA conform contract 182/15.,,"CONTRACT; contract, date:0d, trend-adjusted-amount:1.082:0.0%, description:0.64, company-profile:92%; company=RECURRENT; dominant=BLUE-MDR-C-50 (92%)"
accounting:BT.BIT 170,no,BLUE-MDR-C-50,,RECURRENT,77,64,BLUE-MDR-C-50,0.922,0.787,STABLE,ACCEPT_CANDIDATE,HIGH,CONTRACT,valuta,cms689lnz00ehrt35zcqvroa2,BT.BIT 170,"WAYDEV,INC",2023-05-03,USD,660.00,2947.16,,BLUE-MDR-C-50,BLUE-MDR-C-<limit>,"{""limit"":""50""}",UNIQUE,BLUE-MDR-C-50,511,2023-05-03,0,182/15.02.2021,SERVICII RECURENTE DE TIP MONITORIZARE SI | RASPUNS LA INCIDENTE DE SECURITATE INFORMATICA conform contract 182/15.02.2021 | SERVICII RECURENTE DE TIP MONITORIZARE SI | RASPUNS LA INCIDENTE DE SECURITATE INFORMATICA conform contract 182/15.,,"CONTRACT; contract, date:0d, trend-adjusted-amount:1.082:0.0%, description:0.64, company-profile:92%; company=RECURRENT; dominant=BLUE-MDR-C-50 (92%)"
accounting:BT.BIT 171,no,RED-PEN-S-WB-1,,RECURRENT,77,64,BLUE-MDR-C-50,0.922,0.787,STABLE,ACCEPT_CANDIDATE,HIGH,RECURRENT_DATE,valuta,cms689lo900ekrt35yp3258ni,BT.BIT 171,"WAYDEV,INC",2023-05-15,USD,6187.50,27983.59,avans,RED-PEN-S-WB-1,RED-PEN-S-WB-<limit>,"{""limit"":""1""}",UNIQUE,RED-PEN-S-WB-1,555,2023-05-15,0,NR. 1 DIN 18.04.2023,SERVICII CONTRACT Nr. 182/15.02.2021 | ACT ADITIONAL NR. 1 DIN 5.05.2023 reprezentand avans | SERVICII CONTRACT Nr. 182/15.02.2021 | ACT ADITIONAL NR. 1 DIN 5.05.2023 reprezentand avans,,"RECURRENT_DATE; date:0d, milestone:avans; company=RECURRENT; dominant=BLUE-MDR-C-50 (92%)"
accounting:BT.BIT 172,no,BLUE-MDR-C-50,,RECURRENT,77,64,BLUE-MDR-C-50,0.922,0.787,STABLE,ACCEPT_CANDIDATE,HIGH,CONTRACT,valuta,cms68c2l5005apj385umd9v51,BT.BIT 172,"WAYDEV,INC",2023-06-08,USD,660.00,3059.10,,BLUE-MDR-C-50,BLUE-MDR-C-<limit>,"{""limit"":""50""}",UNIQUE,BLUE-MDR-C-50,512,2023-06-08,0,182/15.02.2021,SERVICII RECURENTE DE TIP MONITORIZARE SI | RASPUNS LA INCIDENTE DE SECURITATE INFORMATICA conform contract 182/15.02.2021 | SERVICII RECURENTE DE TIP MONITORIZARE SI | RASPUNS LA INCIDENTE DE SECURITATE INFORMATICA conform contract 182/15.,,"CONTRACT; contract, date:0d, trend-adjusted-amount:1.082:0.0%, description:0.64, company-profile:92%; company=RECURRENT; dominant=BLUE-MDR-C-50 (92%)"
accounting:BT.BIT 173,no,BLUE-MDR-C-50,,RECURRENT,77,64,BLUE-MDR-C-50,0.922,0.787,STABLE,REVIEW,HIGH,CONTRACT,valuta,cms689los00eqrt35v4slo3e8,BT.BIT 173,"WAYDEV,INC",2023-06-26,USD,6187.50,28242.84,,BLUE-MDR-C-50,BLUE-MDR-C-<limit>,"{""limit"":""50""}",UNIQUE,BLUE-MDR-C-50,507,2023-01-11,166,182/15.02.2021,SERVICII CONTRACT Nr. 182/15.02.2021 | ACT ADITIONAL NR. 1 DIN 5.05.2023 | SERVICII CONTRACT Nr. 182/15.02.2021 | ACT ADITIONAL NR. 1 DIN 5.05.2023,,"CONTRACT; contract, company-profile:92%; company=RECURRENT; dominant=BLUE-MDR-C-50 (92%)"
accounting:BT.BIT 174,no,BLUE-MDR-C-50,,RECURRENT,77,64,BLUE-MDR-C-50,0.922,0.787,STABLE,ACCEPT_CANDIDATE,HIGH,CONTRACT,valuta,cms689lp000etrt351ggbaa25,BT.BIT 174,"WAYDEV,INC",2023-07-04,USD,660.00,2998.12,,BLUE-MDR-C-50,BLUE-MDR-C-<limit>,"{""limit"":""50""}",UNIQUE,BLUE-MDR-C-50,513,2023-07-04,0,182/15.02.2021,SERVICII RECURENTE DE TIP MONITORIZARE SI | RASPUNS LA INCIDENTE DE SECURITATE INFORMATICA conform contract 182/15.02.2021 | SERVICII RECURENTE DE TIP MONITORIZARE SI | RASPUNS LA INCIDENTE DE SECURITATE INFORMATICA conform contract 182/15.,,"CONTRACT; contract, date:0d, trend-adjusted-amount:1.082:0.0%, description:0.64, company-profile:92%; company=RECURRENT; dominant=BLUE-MDR-C-50 (92%)"
accounting:BT.BIT 175,no,BLUE-MDR-C-50,,RECURRENT,77,64,BLUE-MDR-C-50,0.922,0.787,STABLE,ACCEPT_CANDIDATE,HIGH,CONTRACT,valuta,cms689lp800ewrt35eosk7y1c,BT.BIT 175,"WAYDEV,INC",2023-08-07,USD,660.00,2987.03,,BLUE-MDR-C-50,BLUE-MDR-C-<limit>,"{""limit"":""50""}",UNIQUE,BLUE-MDR-C-50,514,2023-08-07,0,182/15.02.2021,SERVICII RECURENTE DE TIP MONITORIZARE SI | RASPUNS LA INCIDENTE DE SECURITATE INFORMATICA conform contract 182/15.02.2021 | SERVICII RECURENTE DE TIP MONITORIZARE SI | RASPUNS LA INCIDENTE DE SECURITATE INFORMATICA conform contract 182/15.,,"CONTRACT; contract, date:0d, trend-adjusted-amount:1.082:0.0%, description:0.64, company-profile:92%; company=RECURRENT; dominant=BLUE-MDR-C-50 (92%)"
accounting:BT.BIT 176,no,BLUE-MDR-C-50,,RECURRENT,77,64,BLUE-MDR-C-50,0.922,0.787,STABLE,ACCEPT_CANDIDATE,HIGH,CONTRACT,valuta,cms689lpg00ezrt35a6qmpfhb,BT.BIT 176,"WAYDEV,INC",2023-09-05,USD,660.00,3023.39,,BLUE-MDR-C-50,BLUE-MDR-C-<limit>,"{""limit"":""50""}",UNIQUE,BLUE-MDR-C-50,515,2023-09-06,1,182/15.02.2021,SERVICII RECURENTE DE TIP MONITORIZARE SI | RASPUNS LA INCIDENTE DE SECURITATE INFORMATICA conform contract 182/15.02.2021 | SERVICII RECURENTE DE TIP MONITORIZARE SI | RASPUNS LA INCIDENTE DE SECURITATE INFORMATICA conform contract 182/15.,,"CONTRACT; contract, date:1d, trend-adjusted-amount:1.082:0.0%, description:0.64, company-profile:92%; company=RECURRENT; dominant=BLUE-MDR-C-50 (92%)"
accounting:BT.BIT 177,no,BLUE-MDR-C-50,,RECURRENT,77,64,BLUE-MDR-C-50,0.922,0.787,STABLE,ACCEPT_CANDIDATE,HIGH,CONTRACT,valuta,cms689lpr00f5rt35ucvsdvg3,BT.BIT 177,"WAYDEV,INC",2023-10-02,USD,660.00,3093.02,,BLUE-MDR-C-50,BLUE-MDR-C-<limit>,"{""limit"":""50""}",UNIQUE,BLUE-MDR-C-50,516,2023-10-02,0,182/15.02.2021,SERVICII RECURENTE DE TIP MONITORIZARE SI | RASPUNS LA INCIDENTE DE SECURITATE INFORMATICA conform contract 182/15.02.2021 | SERVICII RECURENTE DE TIP MONITORIZARE SI | RASPUNS LA INCIDENTE DE SECURITATE INFORMATICA conform contract 182/15.,,"CONTRACT; contract, date:0d, trend-adjusted-amount:1.082:0.0%, description:0.64, company-profile:92%; company=RECURRENT; dominant=BLUE-MDR-C-50 (92%)"
accounting:BT.BIT 180,no,BLUE-MDR-C-50,,RECURRENT,77,64,BLUE-MDR-C-50,0.922,0.787,STABLE,ACCEPT_CANDIDATE,HIGH,CONTRACT,valuta,cms689lq800fbrt35ng9su2g6,BT.BIT 180,"WAYDEV,INC",2023-11-06,USD,660.00,3082.07,,BLUE-MDR-C-50,BLUE-MDR-C-<limit>,"{""limit"":""50""}",UNIQUE,BLUE-MDR-C-50,517,2023-11-07,1,182/15.02.2021,SERVICII RECURENTE DE TIP MONITORIZARE SI | RASPUNS LA INCIDENTE DE SECURITATE INFORMATICA conform contract 182/15.02.2021 | SERVICII RECURENTE DE TIP MONITORIZARE SI | RASPUNS LA INCIDENTE DE SECURITATE INFORMATICA conform contract 182/15.,,"CONTRACT; contract, date:1d, trend-adjusted-amount:1.082:0.0%, description:0.64, company-profile:92%; company=RECURRENT; dominant=BLUE-MDR-C-50 (92%)"
accounting:BT.BIT 182,no,BLUE-MDR-C-50,,RECURRENT,77,64,BLUE-MDR-C-50,0.922,0.787,STABLE,ACCEPT_CANDIDATE,HIGH,CONTRACT,valuta,cms689lqs00fhrt355slyhamo,BT.BIT 182,"WAYDEV,INC",2023-12-11,USD,660.00,3039.89,,BLUE-MDR-C-50,BLUE-MDR-C-<limit>,"{""limit"":""50""}",UNIQUE,BLUE-MDR-C-50,518,2023-12-08,3,182/15.02.2021,SERVICII RECURENTE DE TIP MONITORIZARE SI | RASPUNS LA INCIDENTE DE SECURITATE INFORMATICA conform contract 182/15.02.2021 | SERVICII RECURENTE DE TIP MONITORIZARE SI | RASPUNS LA INCIDENTE DE SECURITATE INFORMATICA conform contract 182/15.,,"CONTRACT; contract, date:3d, trend-adjusted-amount:1.082:0.0%, description:0.64, company-profile:92%; company=RECURRENT; dominant=BLUE-MDR-C-50 (92%)"
accounting:BT.BIT 184,no,BLUE-MDR-C-50,,RECURRENT,77,64,BLUE-MDR-C-50,0.922,0.787,STABLE,ACCEPT_CANDIDATE,HIGH,CONTRACT,valuta,cms689lr800fnrt35rm35qy34,BT.BIT 184,"WAYDEV,INC",2024-01-11,USD,660.00,2997.59,,BLUE-MDR-C-50,BLUE-MDR-C-<limit>,"{""limit"":""50""}",UNIQUE,BLUE-MDR-C-50,519,2024-01-01,10,182/15.02.2021,SERVICII RECURENTE DE TIP MONITORIZARE SI | RASPUNS LA INCIDENTE DE SECURITATE INFORMATICA conform contract 182/15.02.2021 | SERVICII RECURENTE DE TIP MONITORIZARE SI | RASPUNS LA INCIDENTE DE SECURITATE INFORMATICA conform contract 182/15.,,"CONTRACT; contract, date:10d, trend-adjusted-amount:1.082:0.0%, description:0.64, company-profile:92%; company=RECURRENT; dominant=BLUE-MDR-C-50 (92%)"
accounting:BT.BIT 185,no,BLUE-MDR-C-50,,RECURRENT,77,64,BLUE-MDR-C-50,0.922,0.787,STABLE,ACCEPT_CANDIDATE,HIGH,CONTRACT,valuta,cms689lrh00fqrt35zn4jd28z,BT.BIT 185,"WAYDEV,INC",2024-02-12,USD,660.00,3050.12,,BLUE-MDR-C-50,BLUE-MDR-C-<limit>,"{""limit"":""50""}",UNIQUE,BLUE-MDR-C-50,520,2024-02-01,11,182/15.02.2021,SERVICII RECURENTE DE TIP MONITORIZARE SI | RASPUNS LA INCIDENTE DE SECURITATE INFORMATICA conform contract 182/15.02.2021 | SERVICII RECURENTE DE TIP MONITORIZARE SI | RASPUNS LA INCIDENTE DE SECURITATE INFORMATICA conform contract 182/15.,,"CONTRACT; contract, date:11d, trend-adjusted-amount:1.082:0.0%, description:0.64, company-profile:92%; company=RECURRENT; dominant=BLUE-MDR-C-50 (92%)"
accounting:BT.BIT 186,no,BLUE-MDR-C-50,,RECURRENT,77,64,BLUE-MDR-C-50,0.922,0.787,STABLE,ACCEPT_CANDIDATE,HIGH,CONTRACT,valuta,cms689lrp00ftrt35i287j2th,BT.BIT 186,"WAYDEV,INC",2024-03-01,USD,660.00,3024.32,,BLUE-MDR-C-50,BLUE-MDR-C-<limit>,"{""limit"":""50""}",UNIQUE,BLUE-MDR-C-50,521,2024-03-01,0,182/15.02.2021,SERVICII RECURENTE DE TIP MONITORIZARE SI | RASPUNS LA INCIDENTE DE SECURITATE INFORMATICA conform contract 182/15.02.2021 | SERVICII RECURENTE DE TIP MONITORIZARE SI | RASPUNS LA INCIDENTE DE SECURITATE INFORMATICA conform contract 182/15.,,"CONTRACT; contract, date:0d, trend-adjusted-amount:1.082:0.0%, description:0.64, company-profile:92%; company=RECURRENT; dominant=BLUE-MDR-C-50 (92%)"
accounting:BT.BIT 188,no,BLUE-MDR-C-50,,RECURRENT,77,64,BLUE-MDR-C-50,0.922,0.787,STABLE,ACCEPT_CANDIDATE,HIGH,CONTRACT,valuta,cms689ls500fzrt35fqbpk9rz,BT.BIT 188,"WAYDEV,INC",2024-04-09,USD,660.00,3028.15,,BLUE-MDR-C-50,BLUE-MDR-C-<limit>,"{""limit"":""50""}",UNIQUE,BLUE-MDR-C-50,522,2024-04-01,8,182/15.02.2021,SERVICII RECURENTE DE TIP MONITORIZARE SI | RASPUNS LA INCIDENTE DE SECURITATE INFORMATICA conform contract 182/15.02.2021 | SERVICII RECURENTE DE TIP MONITORIZARE SI | RASPUNS LA INCIDENTE DE SECURITATE INFORMATICA conform contract 182/15.,,"CONTRACT; contract, date:8d, trend-adjusted-amount:1.082:0.0%, description:0.64, company-profile:92%; company=RECURRENT; dominant=BLUE-MDR-C-50 (92%)"
accounting:BT.BIT 190,no,BLUE-MDR-C-50,,RECURRENT,77,64,BLUE-MDR-C-50,0.922,0.787,STABLE,ACCEPT_CANDIDATE,HIGH,CONTRACT,valuta,cms689lsn00g6rt3578dmaq4f,BT.BIT 190,"WAYDEV,INC",2024-05-14,USD,660.00,3046.30,,BLUE-MDR-C-50,BLUE-MDR-C-<limit>,"{""limit"":""50""}",UNIQUE,BLUE-MDR-C-50,523,2024-05-01,13,182/15.02.2021,SERVICII RECURENTE DE TIP MONITORIZARE SI | RASPUNS LA INCIDENTE DE SECURITATE INFORMATICA conform contract 182/15.02.2021 | SERVICII RECURENTE DE TIP MONITORIZARE SI | RASPUNS LA INCIDENTE DE SECURITATE INFORMATICA conform contract 182/15.,,"CONTRACT; contract, date:13d, trend-adjusted-amount:1.082:0.0%, description:0.64, company-profile:92%; company=RECURRENT; dominant=BLUE-MDR-C-50 (92%)"
accounting:BT.BIT 192,no,BLUE-MDR-C-50,,RECURRENT,77,64,BLUE-MDR-C-50,0.922,0.787,STABLE,ACCEPT_CANDIDATE,HIGH,CONTRACT,valuta,cms689lt200gcrt35cjmvvxjn,BT.BIT 192,"WAYDEV,INC",2024-06-06,USD,660.00,3019.63,,BLUE-MDR-C-50,BLUE-MDR-C-<limit>,"{""limit"":""50""}",UNIQUE,BLUE-MDR-C-50,524,2024-06-01,5,182/15.02.2021,SERVICII RECURENTE DE TIP MONITORIZARE SI | RASPUNS LA INCIDENTE DE SECURITATE INFORMATICA conform contract 182/15.02.2021 | SERVICII RECURENTE DE TIP MONITORIZARE SI | RASPUNS LA INCIDENTE DE SECURITATE INFORMATICA conform contract 182/15.,,"CONTRACT; contract, date:5d, trend-adjusted-amount:1.082:0.0%, description:0.64, company-profile:92%; company=RECURRENT; dominant=BLUE-MDR-C-50 (92%)"
accounting:BT.BIT 194,no,,,RECURRENT,77,64,BLUE-MDR-C-50,0.922,0.787,STABLE,SKIP_NO_MATCH,NONE,SOURCE_REUSE_ANOMALY,valuta,cms689ltk00girt35379nc7fc,BT.BIT 194,"WAYDEV,INC",2024-07-02,USD,660.00,3053.36,,,,,EMPTY,BLUE-MDR-C-50,,,1,,SERVICII RECURENTE DE TIP MONITORIZARE SI _R�alisation _Cyber Security Services | RASPUNS LA INCIDENTE DE SECURITATE INFORMATICA conform contract 182/15.02.2021 | SERVICII RECURENTE DE TIP MONITORIZARE SI | RASPUNS LA INCIDENTE DE SECURITAT,"[{""line"":1,""service"":""SERVICII RECURENTE DE TIP MONITORIZARE SI | RASPUNS LA INCIDENTE DE SECURITATE INFORMATICA conform contract 182/15.02.2021"",""partNumber"":""BLUE-MDR-C-50"",""confidence"":""HIGH"",""trackerRow"":525},{""line"":2,""service"":""_R�alisation _Cyber Security Services | - Quality Check - Pentests 2026, _Purchase Order: _6000843321 6.3.2026"",""partNumber"":""BLUE-MDR-C-50"",""confidence"":""HIGH"",""trackerRow"":540}]",Quarantined: nr_iesire is reused by multiple organization/date/id_iesire headers inside the same source workbook; production lines may be contaminated.
accounting:BT.BIT 198,no,,,RECURRENT,77,64,BLUE-MDR-C-50,0.922,0.787,STABLE,SKIP_NO_MATCH,NONE,SOURCE_REUSE_ANOMALY,valuta,cms689lul00gwrt35wercobf9,BT.BIT 198,"WAYDEV,INC",2024-07-31,EUR,6187.50,30784.67,,,,,EMPTY,BLUE-MDR-C-50 | RED-PEN-S-WB-1,,,0,,"SERVICII 50% din suma, adica 6,187,5 Euro DDoS Stress Testing Services, difference of 50% according | SERVICII 50% din suma, adica 6,187,5 Euro | DDoS Stress Testing Services, difference of 50% according | SPECIFIC CYBER SECURITY SERVICES, ","[{""line"":1,""service"":""SERVICII 50% din suma, adica 6,187,5 Euro"",""partNumber"":""RED-PEN-S-WB-1"",""confidence"":""HIGH"",""trackerRow"":556},{""line"":2,""service"":""DDoS Stress Testing Services, difference of 50% according | SPECIFIC CYBER SECURITY SERVICES, to FRAMEWORK SERVICE AGREEMENT NO. 394/11.3.2026"",""partNumber"":"""",""confidence"":""NONE"",""trackerRow"":null}]",Quarantined: nr_iesire is reused by multiple organization/date/id_iesire headers inside the same source workbook; production lines may be contaminated.
accounting:BT.BIT 199,no,,,RECURRENT,77,64,BLUE-MDR-C-50,0.922,0.787,STABLE,SKIP_NO_MATCH,NONE,SOURCE_REUSE_ANOMALY,valuta,cms689luv00gzrt356aueap2v,BT.BIT 199,"WAYDEV,INC",2024-08-01,USD,660.00,3033.10,,,,,EMPTY,BLUE-MDR-C-50,,,0,,SERVICII RECURENTE DE TIP MONITORIZARE SI R�alisation Pentest Cybers�curit� - 2026 | RASPUNS LA INCIDENTE DE SECURITATE INFORMATICA conform contract 182/15.02.2021 | SERVICII RECURENTE DE TIP MONITORIZARE SI | RASPUNS LA INCIDENTE DE SECURI,"[{""line"":1,""service"":""SERVICII RECURENTE DE TIP MONITORIZARE SI | RASPUNS LA INCIDENTE DE SECURITATE INFORMATICA conform contract 182/15.02.2021"",""partNumber"":""BLUE-MDR-C-50"",""confidence"":""HIGH"",""trackerRow"":526},{""line"":2,""service"":""R�alisation Pentest Cybers�curit� - 2026 | - BITSENTINEL, Purchase order 6000880841 from 13.04.2026"",""partNumber"":""BLUE-MDR-C-50"",""confidence"":""HIGH"",""trackerRow"":539}]",Quarantined: nr_iesire is reused by multiple organization/date/id_iesire headers inside the same source workbook; production lines may be contaminated.
accounting:BT.BIT 203,no,,,RECURRENT,77,64,BLUE-MDR-C-50,0.922,0.787,STABLE,SKIP_NO_MATCH,NONE,SOURCE_REUSE_ANOMALY,valuta,cms689lvt00hbrt35y3s51bq0,BT.BIT 203,"WAYDEV,INC",2024-08-07,EUR,6187.50,30793.95,,,,,EMPTY,RED-PEN-S-WB-1 | BLUE-MDR-C-50,,,1,,"SERVICII 50% din suma, adica 6,187,5 Euro EECC_JET_Organization of an interactive workshop during | SERVICII 50% din suma, adica 6,187,5 Euro | EECC_JET_Organization of an interactive workshop during | Moldova Cybersecurity Forum( Notes PO ","[{""line"":1,""service"":""SERVICII 50% din suma, adica 6,187,5 Euro"",""partNumber"":""RED-PEN-S-WB-1"",""confidence"":""HIGH"",""trackerRow"":556},{""line"":2,""service"":""EECC_JET_Organization of an interactive workshop during | Moldova Cybersecurity Forum( Notes PO Contract for the organization of an interactive workshop during Moldova Cybersecurity Forum 2026 Project: 01000952/JET, Purchase Order 10541584/11.05.2026"",""partNumber"":"""",""confidence"":""NONE"",""trackerRow"":null}]",Quarantined: nr_iesire is reused by multiple organization/date/id_iesire headers inside the same source workbook; production lines may be contaminated.
accounting:BT.BIT 205,no,,,RECURRENT,77,64,BLUE-MDR-C-50,0.922,0.787,STABLE,SKIP_NO_MATCH,NONE,SOURCE_REUSE_ANOMALY,valuta,cms689lwa00hhrt35wmtik390,BT.BIT 205,"WAYDEV,INC",2024-09-02,USD,660.00,2963.80,,,,,EMPTY,BLUE-MDR-C-50,,,1,,"SERVICII RECURENTE DE TIP MONITORIZARE SI The difference of 50%, Advance amount accordingly with | RASPUNS LA INCIDENTE DE SECURITATE INFORMATICA conform contract 182/15.02.2021 | SERVICII RECURENTE DE TIP MONITORIZARE SI | RASPUNS LA INCID","[{""line"":1,""service"":""SERVICII RECURENTE DE TIP MONITORIZARE SI | RASPUNS LA INCIDENTE DE SECURITATE INFORMATICA conform contract 182/15.02.2021"",""partNumber"":""BLUE-MDR-C-50"",""confidence"":""HIGH"",""trackerRow"":527},{""line"":2,""service"":""The difference of 50%, Advance amount accordingly with | ANNEX 1 - SPECIFIC CYBER SECURITY SERVICES to FRAMEWORK SERVICE AGREEMENT NO. 396/24.3.2026"",""partNumber"":""BLUE-MDR-C-50"",""confidence"":""HIGH"",""trackerRow"":530}]",Quarantined: nr_iesire is reused by multiple organization/date/id_iesire headers inside the same source workbook; production lines may be contaminated.
accounting:BT.BIT 207,no,BLUE-MDR-C-50,,RECURRENT,77,64,BLUE-MDR-C-50,0.922,0.787,STABLE,ACCEPT_CANDIDATE,HIGH,CONTRACT,valuta,cms689lwr00hnrt35poklnsqw,BT.BIT 207,"WAYDEV,INC",2024-10-03,USD,660.00,2966.70,,BLUE-MDR-C-50,BLUE-MDR-C-<limit>,"{""limit"":""50""}",UNIQUE,BLUE-MDR-C-50,528,2024-10-01,2,182/15.02.2021,SERVICII RECURENTE DE TIP MONITORIZARE SI | RASPUNS LA INCIDENTE DE SECURITATE INFORMATICA conform contract 182/15.02.2021 | SERVICII RECURENTE DE TIP MONITORIZARE SI | RASPUNS LA INCIDENTE DE SECURITATE INFORMATICA conform contract 182/15.,,"CONTRACT; contract, date:2d, trend-adjusted-amount:1.082:0.0%, description:0.64, company-profile:92%; company=RECURRENT; dominant=BLUE-MDR-C-50 (92%)"
accounting:BT.BIT 210,no,BLUE-MDR-C-50,,RECURRENT,77,64,BLUE-MDR-C-50,0.922,0.787,STABLE,ACCEPT_CANDIDATE,HIGH,CONTRACT,valuta,cms689lxh00hwrt35fcb0qihe,BT.BIT 210,"WAYDEV,INC",2024-11-02,USD,660.00,3023.72,,BLUE-MDR-C-50,BLUE-MDR-C-<limit>,"{""limit"":""50""}",UNIQUE,BLUE-MDR-C-50,529,2024-11-01,1,182/15.02.2021,SERVICII RECURENTE DE TIP MONITORIZARE SI | RASPUNS LA INCIDENTE DE SECURITATE INFORMATICA conform contract 182/15.02.2021 | SERVICII RECURENTE DE TIP MONITORIZARE SI | RASPUNS LA INCIDENTE DE SECURITATE INFORMATICA conform contract 182/15.,,"CONTRACT; contract, date:1d, trend-adjusted-amount:1.082:0.0%, description:0.64, company-profile:92%; company=RECURRENT; dominant=BLUE-MDR-C-50 (92%)"
accounting:BT.BIT 213,no,,,RECURRENT,77,64,BLUE-MDR-C-50,0.922,0.787,STABLE,SKIP_NO_MATCH,NONE,NONE,valuta,cms689ly500i5rt35ra6tzshh,BT.BIT 213,"WAYDEV,INC",2024-12-03,USD,660.00,3122.33,,,,,EMPTY,,,,,,SERVICII RECURENTE DE TIP MONITORIZARE SI | SERVICII RECURENTE DE TIP MONITORIZARE SI,,No accounting-to-tracker activity match met the conservative threshold.
accounting:BT.BIT 220,no,BLUE-MDR-C-50,,RECURRENT,77,64,BLUE-MDR-C-50,0.922,0.787,STABLE,ACCEPT_CANDIDATE,HIGH,CONTRACT,valuta,cms689lzt00iurt35rzjp9gto,BT.BIT 220,"WAYDEV,INC",2025-01-15,USD,660.00,3200.41,,BLUE-MDR-C-50,BLUE-MDR-C-<limit>,"{""limit"":""50""}",UNIQUE,BLUE-MDR-C-50,531,2025-01-01,14,182/15.02.2021,SERVICII RECURENTE DE TIP MONITORIZARE SI | RASPUNS LA INCIDENTE DE SECURITATE INFORMATICA conform contract 182/15.02.2021 | SERVICII RECURENTE DE TIP MONITORIZARE SI | RASPUNS LA INCIDENTE DE SECURITATE INFORMATICA conform contract 182/15.,,"CONTRACT; contract, date:14d, trend-adjusted-amount:1.082:0.0%, description:0.64, company-profile:92%; company=RECURRENT; dominant=BLUE-MDR-C-50 (92%)"
accounting:BT.BIT 223,no,BLUE-MDR-C-50,,RECURRENT,77,64,BLUE-MDR-C-50,0.922,0.787,STABLE,ACCEPT_CANDIDATE,HIGH,CONTRACT,valuta,cms689m0j00j3rt35ubth4tx2,BT.BIT 223,"WAYDEV,INC",2025-02-03,USD,660.00,3165.29,,BLUE-MDR-C-50,BLUE-MDR-C-<limit>,"{""limit"":""50""}",UNIQUE,BLUE-MDR-C-50,532,2025-02-01,2,182/15.02.2021,SERVICII RECURENTE DE TIP MONITORIZARE SI | RASPUNS LA INCIDENTE DE SECURITATE INFORMATICA conform contract 182/15.02.2021 | SERVICII RECURENTE DE TIP MONITORIZARE SI | RASPUNS LA INCIDENTE DE SECURITATE INFORMATICA conform contract 182/15.,,"CONTRACT; contract, date:2d, trend-adjusted-amount:1.082:0.0%, description:0.64, company-profile:92%; company=RECURRENT; dominant=BLUE-MDR-C-50 (92%)"
accounting:BT.BIT 227,no,BLUE-MDR-C-50,,RECURRENT,77,64,BLUE-MDR-C-50,0.922,0.787,STABLE,ACCEPT_CANDIDATE,HIGH,CONTRACT,valuta,cms689m1j00jgrt35h3it7i21,BT.BIT 227,"WAYDEV,INC",2025-03-06,USD,660.00,3071.90,,BLUE-MDR-C-50,BLUE-MDR-C-<limit>,"{""limit"":""50""}",UNIQUE,BLUE-MDR-C-50,533,2025-03-01,5,182/15.02.2021,SERVICII RECURENTE DE TIP MONITORIZARE SI | RASPUNS LA INCIDENTE DE SECURITATE INFORMATICA conform contract 182/15.02.2021 | SERVICII RECURENTE DE TIP MONITORIZARE SI | RASPUNS LA INCIDENTE DE SECURITATE INFORMATICA conform contract 182/15.,,"CONTRACT; contract, date:5d, trend-adjusted-amount:1.082:0.0%, description:0.64, company-profile:92%; company=RECURRENT; dominant=BLUE-MDR-C-50 (92%)"
accounting:BT.BIT 229,no,BLUE-MDR-C-50,,RECURRENT,77,64,BLUE-MDR-C-50,0.922,0.787,STABLE,ACCEPT_CANDIDATE,HIGH,CONTRACT,valuta,cms689m1y00jmrt35gkqnl2wa,BT.BIT 229,"WAYDEV,INC",2025-04-02,USD,660.00,3035.87,,BLUE-MDR-C-50,BLUE-MDR-C-<limit>,"{""limit"":""50""}",UNIQUE,BLUE-MDR-C-50,534,2025-04-01,1,182/15.02.2021,SERVICII RECURENTE DE TIP MONITORIZARE SI | RASPUNS LA INCIDENTE DE SECURITATE INFORMATICA conform contract 182/15.02.2021 | SERVICII RECURENTE DE TIP MONITORIZARE SI | RASPUNS LA INCIDENTE DE SECURITATE INFORMATICA conform contract 182/15.,,"CONTRACT; contract, date:1d, trend-adjusted-amount:1.082:0.0%, description:0.64, company-profile:92%; company=RECURRENT; dominant=BLUE-MDR-C-50 (92%)"
accounting:BT.BIT 236,no,BLUE-MDR-C-50,,RECURRENT,77,64,BLUE-MDR-C-50,0.922,0.787,STABLE,ACCEPT_CANDIDATE,HIGH,CONTRACT,valuta,cms689m3k00k8rt35u6is20bv,BT.BIT 236,"WAYDEV,INC",2025-05-13,USD,660.00,3024.52,,BLUE-MDR-C-50,BLUE-MDR-C-<limit>,"{""limit"":""50""}",UNIQUE,BLUE-MDR-C-50,535,2025-05-01,12,182/15.02.2021,SERVICII RECURENTE DE TIP MONITORIZARE SI | RASPUNS LA INCIDENTE DE SECURITATE INFORMATICA conform contract 182/15.02.2021 | SERVICII RECURENTE DE TIP MONITORIZARE SI | RASPUNS LA INCIDENTE DE SECURITATE INFORMATICA conform contract 182/15.,,"CONTRACT; contract, date:12d, trend-adjusted-amount:1.082:0.0%, description:0.64, company-profile:92%; company=RECURRENT; dominant=BLUE-MDR-C-50 (92%)"
accounting:BT.BIT 239,no,BLUE-MDR-C-50,,RECURRENT,77,64,BLUE-MDR-C-50,0.922,0.787,STABLE,REVIEW,HIGH,CONTRACT,valuta,cms689m4800khrt35h0kkln6a,BT.BIT 239,"WAYDEV,INC",2025-06-16,USD,660.00,2881.89,,BLUE-MDR-C-50,BLUE-MDR-C-<limit>,"{""limit"":""50""}",UNIQUE,BLUE-MDR-C-50,536,2025-06-01,15,182/15.02.2021,SERVICII RECURENTE DE TIP MONITORIZARE SI | RASPUNS LA INCIDENTE DE SECURITATE INFORMATICA conform contract 182/15.02.2021 | SERVICII RECURENTE DE TIP MONITORIZARE SI | RASPUNS LA INCIDENTE DE SECURITATE INFORMATICA conform contract 182/15.,,"CONTRACT; contract, date:15d, trend-adjusted-amount:1.082:0.0%, description:0.64, company-profile:92%; company=RECURRENT; dominant=BLUE-MDR-C-50 (92%)"
accounting:BT.BIT 243,no,BLUE-MDR-C-50,,RECURRENT,77,64,BLUE-MDR-C-50,0.922,0.787,STABLE,ACCEPT_CANDIDATE,HIGH,CONTRACT,valuta,cms689m5600kzrt35lh7dzk50,BT.BIT 243,"WAYDEV,INC",2025-07-02,USD,660.00,2835.23,,BLUE-MDR-C-50,BLUE-MDR-C-<limit>,"{""limit"":""50""}",UNIQUE,BLUE-MDR-C-50,537,2025-07-10,8,182/15.02.2021,SERVICII RECURENTE DE TIP MONITORIZARE SI | RASPUNS LA INCIDENTE DE SECURITATE INFORMATICA conform contract 182/15.02.2021 | SERVICII RECURENTE DE TIP MONITORIZARE SI | RASPUNS LA INCIDENTE DE SECURITATE INFORMATICA conform contract 182/15.,,"CONTRACT; contract, date:8d, trend-adjusted-amount:1.082:0.0%, description:0.64, company-profile:92%; company=RECURRENT; dominant=BLUE-MDR-C-50 (92%)"
accounting:BT.BIT 246,no,BLUE-MDR-C-50,,RECURRENT,77,64,BLUE-MDR-C-50,0.922,0.787,STABLE,ACCEPT_CANDIDATE,HIGH,CONTRACT,valuta,cms689m5v00l8rt35ug13nlxy,BT.BIT 246,"WAYDEV,INC",2025-08-04,USD,660.00,2940.76,,BLUE-MDR-C-50,BLUE-MDR-C-<limit>,"{""limit"":""50""}",UNIQUE,BLUE-MDR-C-50,538,2025-08-04,0,182/15.02.2021,SERVICII RECURENTE DE TIP MONITORIZARE SI | RASPUNS LA INCIDENTE DE SECURITATE INFORMATICA conform contract 182/15.02.2021 | SERVICII RECURENTE DE TIP MONITORIZARE SI | RASPUNS LA INCIDENTE DE SECURITATE INFORMATICA conform contract 182/15.,,"CONTRACT; contract, date:0d, trend-adjusted-amount:1.082:0.0%, description:0.64, company-profile:92%; company=RECURRENT; dominant=BLUE-MDR-C-50 (92%)"
accounting:BT.R.BIT 1,no,BLUE-MDR-C-50,,RECURRENT,77,64,BLUE-MDR-C-50,0.922,0.787,STABLE,REVIEW,HIGH,HISTORICAL_PATTERN,valuta,cms68c38z007ypj38yreu7mkh,BT.R.BIT 1,"WAYDEV,INC",2025-09-02,USD,660.00,2855.89,,BLUE-MDR-C-50,BLUE-MDR-C-<limit>,"{""limit"":""50""}",UNIQUE,BLUE-MDR-C-50,538,,29,182/15.02.2021,SERVICII RECURENTE DE TIP MONITORIZARE SI RASPUNS | LA INCIDENTE | SERVICII RECURENTE DE TIP MONITORIZARE SI RASPUNS | LA INCIDENTE,,Historical recurring pattern: 24/24 similar issued invoices map to BLUE-MDR-C-50 (100%); nearest=29d; amount intentionally ignored.
accounting:BT.R.BIT 28,no,BLUE-MDR-C-50,,RECURRENT,77,64,BLUE-MDR-C-50,0.922,0.787,STABLE,REVIEW,HIGH,HISTORICAL_PATTERN,valuta,cms68c3cb008hpj38hrq4b9yt,BT.R.BIT 28,"WAYDEV,INC",2025-10-20,USD,660.00,2870.27,,BLUE-MDR-C-50,BLUE-MDR-C-<limit>,"{""limit"":""50""}",UNIQUE,BLUE-MDR-C-50,541,,37,182/15.02.2021,SERVICII RECURENTE DE TIP MONITORIZARE SI RASPUNS | LA INCIDENTE | SERVICII RECURENTE DE TIP MONITORIZARE SI RASPUNS | LA INCIDENTE,,Historical recurring pattern: 22/22 similar issued invoices map to BLUE-MDR-C-50 (100%); nearest=37d; amount intentionally ignored.
accounting:BT.R.BIT 55,no,BLUE-MDR-C-50,,RECURRENT,77,64,BLUE-MDR-C-50,0.922,0.787,STABLE,ACCEPT_CANDIDATE,HIGH,RECURRENT_DATE,valuta,cms68c3ea008xpj38aoh86786,BT.R.BIT 55,"WAYDEV,INC",2025-11-26,USD,660.00,2911.39,,BLUE-MDR-C-50,BLUE-MDR-C-<limit>,"{""limit"":""50""}",UNIQUE,BLUE-MDR-C-50,541,2025-11-26,0,182/15.02.2021,SERVICII RECURENTE DE TIP MONITORIZARE SI RASPUNS | LA INCIDENTE | SERVICII RECURENTE DE TIP MONITORIZARE SI RASPUNS | LA INCIDENTE,,"RECURRENT_DATE; date:0d, trend-adjusted-amount:1.082:0.0%, description:0.56, company-profile:92%; company=RECURRENT; dominant=BLUE-MDR-C-50 (92%)"
accounting:BT.R.BIT 83,no,BLUE-MDR-C-50,,RECURRENT,77,64,BLUE-MDR-C-50,0.922,0.787,STABLE,REVIEW,HIGH,HISTORICAL_PATTERN,valuta,cms689rko02mkrt357lhkb50y,BT.R.BIT 83,"WAYDEV,INC",2025-12-23,USD,660.00,2862.02,,BLUE-MDR-C-50,BLUE-MDR-C-<limit>,"{""limit"":""50""}",UNIQUE,BLUE-MDR-C-50,541,,27,182/15.02.2021,SERVICII RECURENTE DE TIP MONITORIZARE SI RASPUNS | LA INCIDENTE | SERVICII RECURENTE DE TIP MONITORIZARE SI RASPUNS | LA INCIDENTE,,Historical recurring pattern: 20/20 similar issued invoices map to BLUE-MDR-C-50 (100%); nearest=27d; amount intentionally ignored.
accounting:BT.R.BIT 110,no,BLUE-MDR-C-50,,RECURRENT,77,64,BLUE-MDR-C-50,0.922,0.787,STABLE,ACCEPT_CANDIDATE,HIGH,RECURRENT_DATE,valuta,cms68c3hn009gpj38xfgn9gj8,BT.R.BIT 110,"WAYDEV,INC",2026-01-20,USD,660.00,2890.73,,BLUE-MDR-C-50,BLUE-MDR-C-<limit>,"{""limit"":""50""}",UNIQUE,BLUE-MDR-C-50,542,2026-01-20,0,182/15.02.2021,SERVICII RECURENTE DE TIP MONITORIZARE SI RASPUNS | LA INCIDENTE | SERVICII RECURENTE DE TIP MONITORIZARE SI RASPUNS | LA INCIDENTE,,"RECURRENT_DATE; date:0d, trend-adjusted-amount:1.082:0.0%, description:0.56, company-profile:92%; company=RECURRENT; dominant=BLUE-MDR-C-50 (92%)"
accounting:BT.R.BIT 137,no,BLUE-MDR-C-50,,RECURRENT,77,64,BLUE-MDR-C-50,0.922,0.787,STABLE,REVIEW,HIGH,HISTORICAL_PATTERN,valuta,cms68c3ib009ppj38r3f6hzgf,BT.R.BIT 137,"WAYDEV,INC",2026-02-13,USD,660.00,2851.79,,BLUE-MDR-C-50,BLUE-MDR-C-<limit>,"{""limit"":""50""}",UNIQUE,BLUE-MDR-C-50,542,,24,182/15.02.2021,SERVICII RECURENTE DE TIP MONITORIZARE SI RASPUNS | LA INCIDENTE | SERVICII RECURENTE DE TIP MONITORIZARE SI RASPUNS | LA INCIDENTE,,Historical recurring pattern: 19/19 similar issued invoices map to BLUE-MDR-C-50 (100%); nearest=24d; amount intentionally ignored.
accounting:BT.R.BIT 193,no,BLUE-MDR-C-50,,RECURRENT,77,64,BLUE-MDR-C-50,0.922,0.787,STABLE,REVIEW,HIGH,HISTORICAL_PATTERN,valuta,cms68c3jh00a4pj387jjpf9cr,BT.R.BIT 193,"WAYDEV,INC",2026-03-20,USD,660.00,2931.72,,BLUE-MDR-C-50,BLUE-MDR-C-<limit>,"{""limit"":""50""}",UNIQUE,BLUE-MDR-C-50,542,,59,182/15.02.2021,SERVICII RECURENTE DE TIP MONITORIZARE SI RASPUNS | LA INCIDENTE | SERVICII RECURENTE DE TIP MONITORIZARE SI RASPUNS | LA INCIDENTE,,Historical recurring pattern: 18/18 similar issued invoices map to BLUE-MDR-C-50 (100%); nearest=59d; amount intentionally ignored.
accounting:BT.R.BIT 222,no,BLUE-MDR-C-50,,RECURRENT,77,64,BLUE-MDR-C-50,0.922,0.787,STABLE,REVIEW,MEDIUM,HISTORICAL_PATTERN,valuta,cms68c3k700adpj387a01azqq,BT.R.BIT 222,"WAYDEV,INC",2026-04-29,USD,660.00,2873.71,,BLUE-MDR-C-50,BLUE-MDR-C-<limit>,"{""limit"":""50""}",UNIQUE,BLUE-MDR-C-50,542,,99,182/15.02.2021,SERVICII RECURENTE DE TIP MONITORIZARE SI RASPUNS | LA INCIDENTE | SERVICII RECURENTE DE TIP MONITORIZARE SI RASPUNS | LA INCIDENTE,,Historical recurring pattern: 16/16 similar issued invoices map to BLUE-MDR-C-50 (100%); nearest=99d; amount intentionally ignored.
accounting:BT.R.BIT 251,no,BLUE-MDR-C-50,,RECURRENT,77,64,BLUE-MDR-C-50,0.922,0.787,STABLE,REVIEW,MEDIUM,HISTORICAL_PATTERN,valuta,cms68c3l000ampj38gkhf8oee,BT.R.BIT 251,"WAYDEV,INC",2026-05-25,USD,660.00,2985.25,,BLUE-MDR-C-50,BLUE-MDR-C-<limit>,"{""limit"":""50""}",UNIQUE,BLUE-MDR-C-50,542,,125,182/15.02.2021,SERVICII RECURENTE DE TIP MONITORIZARE SI RASPUNS | LA INCIDENTE | SERVICII RECURENTE DE TIP MONITORIZARE SI RASPUNS | LA INCIDENTE,,Historical recurring pattern: 15/15 similar issued invoices map to BLUE-MDR-C-50 (100%); nearest=125d; amount intentionally ignored.
accounting:BT.R.BIT 280,no,BLUE-MDR-C-50,,RECURRENT,77,64,BLUE-MDR-C-50,0.922,0.787,STABLE,REVIEW,MEDIUM,HISTORICAL_PATTERN,valuta,cms68c3lj00aspj38b0lvg8cw,BT.R.BIT 280,"WAYDEV,INC",2026-06-17,USD,660.00,2976.01,,BLUE-MDR-C-50,BLUE-MDR-C-<limit>,"{""limit"":""50""}",UNIQUE,BLUE-MDR-C-50,542,,148,182/15.02.2021,SERVICII RECURENTE DE TIP MONITORIZARE SI RASPUNS | LA INCIDENTE | SERVICII RECURENTE DE TIP MONITORIZARE SI RASPUNS | LA INCIDENTE,,Historical recurring pattern: 15/15 similar issued invoices map to BLUE-MDR-C-50 (100%); nearest=148d; amount intentionally ignored.
accounting:BT.R.BIT 309,no,BLUE-MDR-C-50,,RECURRENT,77,64,BLUE-MDR-C-50,0.922,0.787,STABLE,REVIEW,MEDIUM,HISTORICAL_PATTERN,valuta,cms689u0c03bcrt35ltixfxk2,BT.R.BIT 309,"WAYDEV,INC",2026-07-18,USD,660.00,3024.91,,BLUE-MDR-C-50,BLUE-MDR-C-<limit>,"{""limit"":""50""}",UNIQUE,BLUE-MDR-C-50,542,,179,182/15.02.2021,SERVICII RECURENTE DE TIP MONITORIZARE SI RASPUNS | LA INCIDENTE | SERVICII RECURENTE DE TIP MONITORIZARE SI RASPUNS | LA INCIDENTE,,Historical recurring pattern: 14/14 similar issued invoices map to BLUE-MDR-C-50 (100%); nearest=179d; amount intentionally ignored.
accounting:BT.BIT 271,no,,,STANDARD,6,1,RED-PEN-B-E-B-10,1.000,0.000,MIXED/UNKNOWN,SKIP_NO_MATCH,NONE,NONE,ron,cms689mbk00n9rt35qsrspro4,BT.BIT 271,WHITE IMAGE LOYALTY SRL,2021-05-31,RON,4050.00,19925.19,avans,,,,EMPTY,,,,,,AVANS 50 % CONFORM CONTRACT NR.192 DIN 19.05.2021 | 4.050 euro la cursul BNR | AVANS 50 % CONFORM CONTRACT NR.192 DIN 19.05.2021 | 4.050 euro la cursul BNR,,No accounting-to-tracker activity match met the conservative threshold.
accounting:BT.BIT 276,no,,,STANDARD,6,1,RED-PEN-B-E-B-10,1.000,0.000,MIXED/UNKNOWN,SKIP_NO_MATCH,NONE,NONE,ron,cms689mcz00nprt3551f7ay1f,BT.BIT 276,WHITE IMAGE LOYALTY SRL,2021-06-25,RON,4050.00,19960.83,storno,,,,EMPTY,,,,,,STORNARE AVANS 50 % CONFORM CONTRACT NR.192 DIN 19.05.2021 SERVICII CONFORM CONTRACT NR. 192/18.05.2021 | 4.050 euro la cursul BNR | STORNARE AVANS 50 % CONFORM CONTRACT NR.192 DIN 19.05.2021 | 4.050 euro la cursul BNR | SERVICII CONFORM CO,,Storno: no sufficiently similar original invoice found.
accounting:BT.R.BIT 969,no,RED-PEN-B-E-B-10,,STANDARD,6,1,RED-PEN-B-E-B-10,1.000,0.000,MIXED/UNKNOWN,ACCEPT_CANDIDATE,HIGH,CONTRACT,ron,cms689rh702llrt35q6sy4q8f,BT.R.BIT 969,WHITE IMAGE LOYALTY SRL,2025-10-28,RON,2950.00,15000.16,avans,RED-PEN-B-E-B-10,RED-PEN-B-E-B-<limit>,"{""limit"":""10""}",UNIQUE,RED-PEN-B-E-B-10,1553,2025-10-28,0,CONTRACT-CADRU DE PRESTARI SERVICII NR. 367/14.10.2025,SERVICII PUNCTUALE DE SECURITATE INFORMATICA | la CONTRACTUL NR. 367/14.10.2025 -Avans 50% conform ANEXA 1 ( 2.950 euro+TVA la cursul BNR) | SERVICII PUNCTUALE DE SECURITATE INFORMATICA | la CONTRACTUL NR. 367/14.10.2025 -Avans 50% conform ,,"CONTRACT; contract, date:0d, amount:0.0%, milestone:avans; company=STANDARD; dominant=RED-PEN-B-E-B-10 (100%)"
accounting:BT.BIT 366,no,,,SMALL,3,1,RED-PEN-B-I-B-1,1.000,0.000,MIXED/UNKNOWN,SKIP_NO_MATCH,NONE,NONE,ron,cms689myt00vort35hpf9kj6x,BT.BIT 366,WPCODEBOX S.R.L.,2022-07-07,RON,2250.00,11126.48,,,,,EMPTY,,,,,,SERV. CONF. CONTRACT NR.228/06.07.2022 | 2.250 euro+TVA la cursul BNR | SERV. CONF. CONTRACT NR.228/06.07.2022 | 2.250 euro+TVA la cursul BNR,,No accounting-to-tracker activity match met the conservative threshold.
accounting:BT.BIT 374,no,RED-PEN-B-I-B-1,,SMALL,3,1,RED-PEN-B-I-B-1,1.000,0.000,MIXED/UNKNOWN,ACCEPT_CANDIDATE,HIGH,CONTRACT,ron,cms689n0v00wcrt35q11us8hc,BT.BIT 374,WPCODEBOX S.R.L.,2022-08-01,RON,2250.00,11089.58,,RED-PEN-B-I-B-1,RED-PEN-B-I-B-<limit>,"{""limit"":""1""}",UNIQUE,RED-PEN-B-I-B-1,166,2022-08-01,0,228/6.7.2022,SERV. CONF. CONTRACT NR.228/06.07.2022 | 2.250 euro+TVA la cursul BNR | SERV. CONF. CONTRACT NR.228/06.07.2022 | 2.250 euro+TVA la cursul BNR,,"CONTRACT; contract, date:0d, amount:0.0%; company=SMALL; dominant=RED-PEN-B-I-B-1 (100%)"
accounting:BT.BIT 373,no,RED-PEN-B-I-B-1,,SMALL,3,1,RED-PEN-B-I-B-1,1.000,0.000,MIXED/UNKNOWN,REVIEW,HIGH,STORNO_REFERENCE,ron,cms689n0o00w9rt354oafxv3c,BT.BIT 373,WPCODEBOX S.R.L.,2022-08-03,RON,2250.00,11126.48,storno,RED-PEN-B-I-B-1,RED-PEN-B-I-B-<limit>,"{""limit"":""1""}",UNIQUE,RED-PEN-B-I-B-1,166,2022-08-01,2,228/6.7.2022,SERV. CONF. CONTRACT NR.228/06.07.2022 | stornare factura 366/07.07.2022(2.250 euro+TVA la cursul BNR | SERV. CONF. CONTRACT NR.228/06.07.2022 | stornare factura 366/07.07.2022(2.250 euro+TVA la cursul BNR,,Storno mapped to BT.BIT 374; contract=true; amount=true; gap=2d
accounting:B.CYB 2,no,CYBEREDU-DEV-T-2,,SMALL,2,1,CYBEREDU-DEV-T-2,1.000,0.000,MIXED/UNKNOWN,ACCEPT_CANDIDATE,HIGH,CONTRACT,ron,cms68cdmb03bqrt354glyzwia,B.CYB 2,XOOMWORKS DEVELOPMENT RO S.R.L.,2022-02-09,RON,3750.00,18546.75,avans,CYBEREDU-DEV-T-2,CYBEREDU-DEV-T-<limit>,"{""limit"":""2""}",UNIQUE,CYBEREDU-DEV-T-2,849,2022-02-09,0,104/04.02.2022,SERVICII CONFORM CONTRACT NR.104/04.02.2022 | avans 50% reprezentand 3.750 euro+TVA la cursul BNR | SERVICII CONFORM CONTRACT NR.104/04.02.2022 | avans 50% reprezentand 3.750 euro+TVA la cursul BNR,,"CONTRACT; contract, date:0d, amount:0.0%, milestone:avans; company=SMALL; dominant=CYBEREDU-DEV-T-2 (100%)"
accounting:B.CYB 4,no,CYBEREDU-DEV-T-2,,SMALL,2,1,CYBEREDU-DEV-T-2,1.000,0.000,MIXED/UNKNOWN,REVIEW,HIGH,STORNO_REFERENCE,ron,cms68cdne03bzrt35nyc8a6ny,B.CYB 4,XOOMWORKS DEVELOPMENT RO S.R.L.,2022-04-11,RON,3750.00,18510.00,storno,CYBEREDU-DEV-T-2,CYBEREDU-DEV-T-<limit>,"{""limit"":""2""}",UNIQUE,CYBEREDU-DEV-T-2,849,2022-02-09,61,104/04.02.2022,SERVICII CONFORM CONTRACT NR.104/04.02.2022 | Stornare factura B.CYB.3/09.02.2022(avans 50% reprezentand 3.750 euro+TVA la cursul BNR | SERVICII CONFORM CONTRACT NR.104/04.02.2022 | Stornare factura B.CYB.3/09.02.2022(avans 50% reprezentand,,Storno mapped to B.CYB 2; contract=true; amount=true; gap=61d
accounting:BT.BIT 54,no,,,UNMATCHED,,,,,,,SKIP_NO_MATCH,NONE,NONE,valuta,cms689kuw004hrt35dv8jh5bd,BT.BIT 54,YOUTH BOARD OF CYPRUS NATIONAL AGENCY OF ERASMUS+YOUTH PROGRAM,2019-10-02,EUR,300.00,1425.36,,,,,EMPTY,,,,,,"Key note speaker at the ?Towards Collaborative Practice | SOCIAL INNOVATION FOR SOCIAL INCLUSION?, 14-15 September 2019, Larnaca, Cyprus | Key note speaker at the ?Towards Collaborative Practice | SOCIAL INNOVATION FOR SOCIAL INCLUSION?, 14",,Organization not found in tracker.
accounting:BT.BIT 597,no,BLUE-MDR-C-103,,RECURRENT,30,36,BLUE-MDR-C-103,1.000,0.931,STABLE,REVIEW,HIGH,CONTRACT,ron,cms689oft01g3rt35lvtwh3pu,BT.BIT 597,"SCA ""ZAMFIRESCU RACOTI VASILE AND PARTNERS """,2024-02-01,RON,1632.00,8120.67,avans,BLUE-MDR-C-103,BLUE-MDR-C-<limit>,"{""limit"":""103""}",UNIQUE,BLUE-MDR-C-103,948,,,nr. 284/29.01.2024,SERVICII RECURENTE DE SECURITATE INFORMATICA | conform ANEXA 1 CONTRACT-CADRU DE PRESTARI SERVICII Nr. 284/29.01.2024 ( avans 1.632 euro+TVA la cursul BNR) | SERVICII RECURENTE DE SECURITATE INFORMATICA | conform ANEXA 1 CONTRACT-CADRU DE P,,"CONTRACT; contract, trend-adjusted-amount:1.000:0.0%, milestone:avans, company-profile:100%; company=RECURRENT; dominant=BLUE-MDR-C-103 (100%)"
accounting:BT.BIT 617,no,BLUE-MDR-C-103,,RECURRENT,30,36,BLUE-MDR-C-103,1.000,0.931,STABLE,ACCEPT_CANDIDATE,HIGH,CONTRACT,ron,cms689ok501htrt35s91qfmxf,BT.BIT 617,"SCA ""ZAMFIRESCU RACOTI VASILE AND PARTNERS """,2024-03-14,RON,1150.00,5716.88,,BLUE-MDR-C-103,BLUE-MDR-C-<limit>,"{""limit"":""103""}",UNIQUE,BLUE-MDR-C-103,949,2024-03-14,0,nr. 284/29.01.2024,"ANEXA 1 ? SERVICII RECURENTE DE SECURITATE INFORMATICA | Contract Nr. 284/29.01.2024,( 1,150 EURO + TVA la cursul BNR) | ANEXA 1 ? SERVICII RECURENTE DE SECURITATE INFORMATICA | Contract Nr. 284/29.01.2024,( 1,150 EURO + TVA la cursul BNR)",,"CONTRACT; contract, date:0d, trend-adjusted-amount:1.000:0.0%, company-profile:100%; company=RECURRENT; dominant=BLUE-MDR-C-103 (100%)"
accounting:BT.BIT 631,no,BLUE-MDR-C-103,,RECURRENT,30,36,BLUE-MDR-C-103,1.000,0.931,STABLE,ACCEPT_CANDIDATE,HIGH,CONTRACT,ron,cms689onb01j3rt35zupxp9wf,BT.BIT 631,"SCA ""ZAMFIRESCU RACOTI VASILE AND PARTNERS """,2024-04-09,RON,1150.00,5713.43,,BLUE-MDR-C-103,BLUE-MDR-C-<limit>,"{""limit"":""103""}",UNIQUE,BLUE-MDR-C-103,950,2024-04-09,0,nr. 284/29.01.2024,"ANEXA 1 ? SERVICII RECURENTE DE SECURITATE INFORMATICA, | Contract Nr. 284/29.01.2024,( 1.150 euro+TVA la cursul BNR) | ANEXA 1 ? SERVICII RECURENTE DE SECURITATE INFORMATICA, | Contract Nr. 284/29.01.2024,( 1.150 euro+TVA la cursul BNR)",,"CONTRACT; contract, date:0d, trend-adjusted-amount:1.000:0.0%, company-profile:100%; company=RECURRENT; dominant=BLUE-MDR-C-103 (100%)"
accounting:BT.BIT 644,no,BLUE-MDR-C-103,,RECURRENT,30,36,BLUE-MDR-C-103,1.000,0.931,STABLE,ACCEPT_CANDIDATE,HIGH,CONTRACT,ron,cms689oqe01k7rt35n5xuunrl,BT.BIT 644,"SCA ""ZAMFIRESCU RACOTI VASILE AND PARTNERS """,2024-05-14,RON,1150.00,5722.75,,BLUE-MDR-C-103,BLUE-MDR-C-<limit>,"{""limit"":""103""}",UNIQUE,BLUE-MDR-C-103,951,2024-05-14,0,nr. 284/29.01.2024,"ANEXA 1 ? SERVICII RECURENTE DE SECURITATE | INFORMATICA, Contract Nr. 284/29.01.2024,( 1.150 euro+TVA la cursul BNR) | ANEXA 1 ? SERVICII RECURENTE DE SECURITATE | INFORMATICA, Contract Nr. 284/29.01.2024,( 1.150 euro+TVA la cursul BNR)",,"CONTRACT; contract, date:0d, trend-adjusted-amount:1.000:0.0%, company-profile:100%; company=RECURRENT; dominant=BLUE-MDR-C-103 (100%)"
accounting:BT.BIT 657,no,BLUE-MDR-C-103,,RECURRENT,30,36,BLUE-MDR-C-103,1.000,0.931,STABLE,ACCEPT_CANDIDATE,HIGH,CONTRACT,ron,cms689ot301lbrt3539nym6io,BT.BIT 657,"SCA ""ZAMFIRESCU RACOTI VASILE AND PARTNERS """,2024-06-06,RON,1150.00,5722.75,,BLUE-MDR-C-103,BLUE-MDR-C-<limit>,"{""limit"":""103""}",UNIQUE,BLUE-MDR-C-103,952,2024-06-06,0,nr. 284/29.01.2024,"ANEXA 1 ? SERVICII RECURENTE DE SECURITATE | INFORMATICA, Contract Nr. 284/29.01.2024,( 1.150 euro+TVA la cursul BNR) | ANEXA 1 ? SERVICII RECURENTE DE SECURITATE | INFORMATICA, Contract Nr. 284/29.01.2024,( 1.150 euro+TVA la cursul BNR)",,"CONTRACT; contract, date:0d, trend-adjusted-amount:1.000:0.0%, company-profile:100%; company=RECURRENT; dominant=BLUE-MDR-C-103 (100%)"
accounting:BT.BIT 672,no,BLUE-MDR-C-103,,RECURRENT,30,36,BLUE-MDR-C-103,1.000,0.931,STABLE,ACCEPT_CANDIDATE,HIGH,CONTRACT,ron,cms689owo01mnrt351j3f04ph,BT.BIT 672,"SCA ""ZAMFIRESCU RACOTI VASILE AND PARTNERS """,2024-07-02,RON,1150.00,5723.55,,BLUE-MDR-C-103,BLUE-MDR-C-<limit>,"{""limit"":""103""}",UNIQUE,BLUE-MDR-C-103,953,2024-07-02,0,nr. 284/29.01.2024,"ANEXA 1 ? SERVICII RECURENTE DE SECURITATE | INFORMATICA, Contract Nr. 284/29.01.2024,( 1.150 euro+TVA la cursul BNR) | ANEXA 1 ? SERVICII RECURENTE DE SECURITATE | INFORMATICA, Contract Nr. 284/29.01.2024,( 1.150 euro+TVA la cursul BNR)",,"CONTRACT; contract, date:0d, trend-adjusted-amount:1.000:0.0%, company-profile:100%; company=RECURRENT; dominant=BLUE-MDR-C-103 (100%)"
accounting:BT.BIT 691,no,BLUE-MDR-C-103,,RECURRENT,30,36,BLUE-MDR-C-103,1.000,0.931,STABLE,ACCEPT_CANDIDATE,HIGH,CONTRACT,ron,cms689p1901o9rt35tqwg1brt,BT.BIT 691,"SCA ""ZAMFIRESCU RACOTI VASILE AND PARTNERS """,2024-08-01,RON,1150.00,5722.40,,BLUE-MDR-C-103,BLUE-MDR-C-<limit>,"{""limit"":""103""}",UNIQUE,BLUE-MDR-C-103,954,2024-08-01,0,nr. 284/29.01.2024,"ANEXA 1 ? SERVICII RECURENTE DE SECURITATE | INFORMATICA, Contract Nr. 284/29.01.2024,( 1.150 euro+TVA la cursul BNR) | ANEXA 1 ? SERVICII RECURENTE DE SECURITATE | INFORMATICA, Contract Nr. 284/29.01.2024,( 1.150 euro+TVA la cursul BNR)",,"CONTRACT; contract, date:0d, trend-adjusted-amount:1.000:0.0%, company-profile:100%; company=RECURRENT; dominant=BLUE-MDR-C-103 (100%)"
accounting:BT.BIT 707,no,BLUE-MDR-C-103,,RECURRENT,30,36,BLUE-MDR-C-103,1.000,0.931,STABLE,ACCEPT_CANDIDATE,HIGH,CONTRACT,ron,cms689p4q01prrt35q6ffa1wj,BT.BIT 707,"SCA ""ZAMFIRESCU RACOTI VASILE AND PARTNERS """,2024-09-02,RON,1150.00,5723.44,,BLUE-MDR-C-103,BLUE-MDR-C-<limit>,"{""limit"":""103""}",UNIQUE,BLUE-MDR-C-103,955,2024-09-02,0,nr. 284/29.01.2024,"ANEXA 1 ? SERVICII RECURENTE DE SECURITATE INFORMATICA | Contract Nr. 284/29.01.2024, (1.150 EURO + TVA la cursul BNR ) | ANEXA 1 ? SERVICII RECURENTE DE SECURITATE INFORMATICA | Contract Nr. 284/29.01.2024, (1.150 EURO + TVA la cursul BNR ",,"CONTRACT; contract, date:0d, trend-adjusted-amount:1.000:0.0%, company-profile:100%; company=RECURRENT; dominant=BLUE-MDR-C-103 (100%)"
accounting:BT.BIT 721,no,BLUE-MDR-C-103,,RECURRENT,30,36,BLUE-MDR-C-103,1.000,0.931,STABLE,ACCEPT_CANDIDATE,HIGH,CONTRACT,ron,cms689p7j01qyrt35hsi1i4to,BT.BIT 721,"SCA ""ZAMFIRESCU RACOTI VASILE AND PARTNERS """,2024-10-03,RON,1150.00,5722.86,,BLUE-MDR-C-103,BLUE-MDR-C-<limit>,"{""limit"":""103""}",UNIQUE,BLUE-MDR-C-103,956,2024-10-04,1,nr. 284/29.01.2024,"ANEXA 1 ? SERVICII RECURENTE DE SECURITATE | INFORMATICA Contract Nr. 284/29.01.2024, (1.150 EURO + TVA la cursul BNR ) | ANEXA 1 ? SERVICII RECURENTE DE SECURITATE | INFORMATICA Contract Nr. 284/29.01.2024, (1.150 EURO + TVA la cursul BNR ",,"CONTRACT; contract, date:1d, trend-adjusted-amount:1.000:0.0%, company-profile:100%; company=RECURRENT; dominant=BLUE-MDR-C-103 (100%)"
accounting:BT.BIT 747,no,BLUE-MDR-C-103,,RECURRENT,30,36,BLUE-MDR-C-103,1.000,0.931,STABLE,ACCEPT_CANDIDATE,HIGH,CONTRACT,ron,cms689pd001tbrt354dgljbgb,BT.BIT 747,"SCA ""ZAMFIRESCU RACOTI VASILE AND PARTNERS """,2024-11-02,RON,1150.00,5720.91,,BLUE-MDR-C-103,BLUE-MDR-C-<limit>,"{""limit"":""103""}",UNIQUE,BLUE-MDR-C-103,957,2024-11-05,3,nr. 284/29.01.2024,"ANEXA 1 ? SERVICII RECURENTE DE SECURITATE | INFORMATICA Contract Nr. 284/29.01.2024, (1.150 EURO + TVA la cursul BNR ) | ANEXA 1 ? SERVICII RECURENTE DE SECURITATE | INFORMATICA Contract Nr. 284/29.01.2024, (1.150 EURO + TVA la cursul BNR ",,"CONTRACT; contract, date:3d, trend-adjusted-amount:1.000:0.0%, company-profile:100%; company=RECURRENT; dominant=BLUE-MDR-C-103 (100%)"
accounting:BT.BIT 769,no,BLUE-MDR-C-103,,RECURRENT,30,36,BLUE-MDR-C-103,1.000,0.931,STABLE,ACCEPT_CANDIDATE,HIGH,CONTRACT,ron,cms689phw01v7rt35fh3jkpqr,BT.BIT 769,"SCA ""ZAMFIRESCU RACOTI VASILE AND PARTNERS """,2024-12-03,RON,1150.00,5723.55,,BLUE-MDR-C-103,BLUE-MDR-C-<limit>,"{""limit"":""103""}",UNIQUE,BLUE-MDR-C-103,958,2024-12-07,4,nr. 284/29.01.2024,"ANEXA 1 ? SERVICII RECURENTE DE SECURITATE | INFORMATICA Contract Nr. 284/29.01.2024, (1.150 EURO + TVA la cursul BNR) | ANEXA 1 ? SERVICII RECURENTE DE SECURITATE | INFORMATICA Contract Nr. 284/29.01.2024, (1.150 EURO + TVA la cursul BNR)",,"CONTRACT; contract, date:4d, trend-adjusted-amount:1.000:0.0%, company-profile:100%; company=RECURRENT; dominant=BLUE-MDR-C-103 (100%)"
accounting:BT.BIT 801,no,BLUE-MDR-C-103,,RECURRENT,30,36,BLUE-MDR-C-103,1.000,0.931,STABLE,ACCEPT_CANDIDATE,HIGH,CONTRACT,ron,cms689pp201xwrt35qxwhov6m,BT.BIT 801,"SCA ""ZAMFIRESCU RACOTI VASILE AND PARTNERS """,2025-01-15,RON,1150.00,5720.33,,BLUE-MDR-C-103,BLUE-MDR-C-<limit>,"{""limit"":""103""}",UNIQUE,BLUE-MDR-C-103,959,2025-01-05,10,nr. 284/29.01.2024,"ANEXA 1 ? SERVICII RECURENTE DE SECURITATE | INFORMATICA Contract Nr. 284/29.01.2024, (1.150 EURO + TVA la cursul BNR) | ANEXA 1 ? SERVICII RECURENTE DE SECURITATE | INFORMATICA Contract Nr. 284/29.01.2024, (1.150 EURO + TVA la cursul BNR)",,"CONTRACT; contract, date:10d, trend-adjusted-amount:1.000:0.0%, company-profile:100%; company=RECURRENT; dominant=BLUE-MDR-C-103 (100%)"
accounting:BT.BIT 821,no,BLUE-MDR-C-103,,RECURRENT,30,36,BLUE-MDR-C-103,1.000,0.931,STABLE,ACCEPT_CANDIDATE,HIGH,CONTRACT,ron,cms689pt901znrt3551arixcv,BT.BIT 821,"SCA ""ZAMFIRESCU RACOTI VASILE AND PARTNERS """,2025-02-03,RON,1150.00,5723.21,,BLUE-MDR-C-103,BLUE-MDR-C-<limit>,"{""limit"":""103""}",UNIQUE,BLUE-MDR-C-103,960,2025-02-05,2,"Act aditional Nr. 1 din 8.1.2025, nr. 284/29.01.2024","ANEXA 1 ? SERVICII RECURENTE DE SECURITATE | INFORMATICA Contract Nr. 284/29.01.2024, (1.150 EURO + TVA la cursul BNR) | ANEXA 1 ? SERVICII RECURENTE DE SECURITATE | INFORMATICA Contract Nr. 284/29.01.2024, (1.150 EURO + TVA la cursul BNR)",,"CONTRACT; contract, date:2d, trend-adjusted-amount:1.000:0.0%, company-profile:100%; company=RECURRENT; dominant=BLUE-MDR-C-103 (100%)"
accounting:BT.BIT 837,no,BLUE-MDR-C-103,,RECURRENT,30,36,BLUE-MDR-C-103,1.000,0.931,STABLE,ACCEPT_CANDIDATE,HIGH,CONTRACT,ron,cms689pwm020zrt35la2zjnig,BT.BIT 837,"SCA ""ZAMFIRESCU RACOTI VASILE AND PARTNERS """,2025-03-06,RON,1150.00,5723.55,,BLUE-MDR-C-103,BLUE-MDR-C-<limit>,"{""limit"":""103""}",UNIQUE,BLUE-MDR-C-103,961,2025-03-05,1,"Act aditional Nr. 1 din 8.1.2025, nr. 284/29.01.2024","ANEXA 1 ? SERVICII RECURENTE DE SECURITATE | INFORMATICA Contract Nr. 284/29.01.2024, (1.150 EURO + TVA la cursul BNR) | ANEXA 1 ? SERVICII RECURENTE DE SECURITATE | INFORMATICA Contract Nr. 284/29.01.2024, (1.150 EURO + TVA la cursul BNR)",,"CONTRACT; contract, date:1d, trend-adjusted-amount:1.000:0.0%, company-profile:100%; company=RECURRENT; dominant=BLUE-MDR-C-103 (100%)"
accounting:BT.BIT 861,no,BLUE-MDR-C-103,,RECURRENT,30,36,BLUE-MDR-C-103,1.000,0.931,STABLE,ACCEPT_CANDIDATE,HIGH,CONTRACT,ron,cms689q250231rt3589e1d80s,BT.BIT 861,"SCA ""ZAMFIRESCU RACOTI VASILE AND PARTNERS """,2025-04-02,RON,1150.00,5723.55,,BLUE-MDR-C-103,BLUE-MDR-C-<limit>,"{""limit"":""103""}",UNIQUE,BLUE-MDR-C-103,962,2025-04-05,3,"Act aditional Nr. 1 din 8.1.2025, nr. 284/29.01.2024","ANEXA 1 ? SERVICII RECURENTE DE SECURITATE | INFORMATICA Contract Nr. 284/29.01.2024, (1.150 EURO + TVA la cursul BNR) | ANEXA 1 ? SERVICII RECURENTE DE SECURITATE | INFORMATICA Contract Nr. 284/29.01.2024, (1.150 EURO + TVA la cursul BNR)",,"CONTRACT; contract, date:3d, trend-adjusted-amount:1.000:0.0%, company-profile:100%; company=RECURRENT; dominant=BLUE-MDR-C-103 (100%)"
accounting:BT.BIT 890,no,BLUE-MDR-C-103,,RECURRENT,30,36,BLUE-MDR-C-103,1.000,0.931,STABLE,ACCEPT_CANDIDATE,HIGH,CONTRACT,ron,cms689q8p025krt352gxt7q0s,BT.BIT 890,"SCA ""ZAMFIRESCU RACOTI VASILE AND PARTNERS """,2025-05-13,RON,1150.00,5864.20,,BLUE-MDR-C-103,BLUE-MDR-C-<limit>,"{""limit"":""103""}",UNIQUE,BLUE-MDR-C-103,963,2025-05-05,8,"Act aditional Nr. 1 din 8.1.2025, nr. 284/29.01.2024","ANEXA 1 ? SERVICII RECURENTE DE SECURITATE | INFORMATICA Contract Nr. 284/29.01.2024, (1.150 EURO + TVA la curs BNR) | ANEXA 1 ? SERVICII RECURENTE DE SECURITATE | INFORMATICA Contract Nr. 284/29.01.2024, (1.150 EURO + TVA la curs BNR)",,"CONTRACT; contract, date:8d, trend-adjusted-amount:1.000:0.0%, company-profile:100%; company=RECURRENT; dominant=BLUE-MDR-C-103 (100%)"
accounting:BT.BIT 914,no,BLUE-MDR-C-103,,RECURRENT,30,36,BLUE-MDR-C-103,1.000,0.931,STABLE,ACCEPT_CANDIDATE,HIGH,CONTRACT,ron,cms689qe7027ort35dmgkj8nz,BT.BIT 914,"SCA ""ZAMFIRESCU RACOTI VASILE AND PARTNERS """,2025-06-16,RON,1150.00,5786.80,,BLUE-MDR-C-103,BLUE-MDR-C-<limit>,"{""limit"":""103""}",UNIQUE,BLUE-MDR-C-103,964,2025-06-16,0,"Act aditional Nr. 1 din 8.1.2025, nr. 284/29.01.2024","ANEXA 1 ? SERVICII RECURENTE DE SECURITATE | INFORMATICA Contract Nr. 284/29.01.2024, (1.150 EURO + TVA la cursul BNR) | ANEXA 1 ? SERVICII RECURENTE DE SECURITATE | INFORMATICA Contract Nr. 284/29.01.2024, (1.150 EURO + TVA la cursul BNR)",,"CONTRACT; contract, date:0d, trend-adjusted-amount:1.000:0.0%, company-profile:100%; company=RECURRENT; dominant=BLUE-MDR-C-103 (100%)"
accounting:BT.BIT 939,no,BLUE-MDR-C-103,,RECURRENT,30,36,BLUE-MDR-C-103,1.000,0.931,STABLE,ACCEPT_CANDIDATE,HIGH,CONTRACT,ron,cms689qjw029rrt35d6l25yih,BT.BIT 939,"SCA ""ZAMFIRESCU RACOTI VASILE AND PARTNERS """,2025-07-02,RON,1150.00,5838.78,,BLUE-MDR-C-103,BLUE-MDR-C-<limit>,"{""limit"":""103""}",UNIQUE,BLUE-MDR-C-103,965,2025-07-10,8,"Act aditional Nr. 1 din 8.1.2025, nr. 284/29.01.2024","ANEXA 1 ? SERVICII RECURENTE DE SECURITATE | INFORMATICA Contract Nr. 284/29.01.2024, (1.150 EURO + TVA la cursul BNR) | ANEXA 1 ? SERVICII RECURENTE DE SECURITATE | INFORMATICA Contract Nr. 284/29.01.2024, (1.150 EURO + TVA la cursul BNR)",,"CONTRACT; contract, date:8d, trend-adjusted-amount:1.000:0.0%, company-profile:100%; company=RECURRENT; dominant=BLUE-MDR-C-103 (100%)"
accounting:BT.BIT 967,no,BLUE-MDR-C-103,,RECURRENT,30,36,BLUE-MDR-C-103,1.000,0.931,STABLE,ACCEPT_CANDIDATE,HIGH,CONTRACT,ron,cms689qqu02c3rt35hkkt0xdz,BT.BIT 967,"SCA ""ZAMFIRESCU RACOTI VASILE AND PARTNERS """,2025-08-04,RON,1150.00,5838.55,,BLUE-MDR-C-103,BLUE-MDR-C-<limit>,"{""limit"":""103""}",UNIQUE,BLUE-MDR-C-103,966,2025-08-04,0,"Act aditional Nr. 1 din 8.1.2025, nr. 284/29.01.2024","ANEXA 1 ? SERVICII RECURENTE DE SECURITATE | INFORMATICA Contract Nr. 284/29.01.2024, (1.150 EURO + TVA la cursul BNR) | ANEXA 1 ? SERVICII RECURENTE DE SECURITATE | INFORMATICA Contract Nr. 284/29.01.2024, (1.150 EURO + TVA la cursul BNR)",,"CONTRACT; contract, date:0d, trend-adjusted-amount:1.000:0.0%, company-profile:100%; company=RECURRENT; dominant=BLUE-MDR-C-103 (100%)"
accounting:BT.R.BIT 18,no,BLUE-MDR-C-103,,RECURRENT,30,36,BLUE-MDR-C-103,1.000,0.931,STABLE,ACCEPT_CANDIDATE,HIGH,CONTRACT,ron,cms689qx002efrt35e2yuytqa,BT.R.BIT 18,"SCA ""ZAMFIRESCU RACOTI VASILE AND PARTNERS """,2025-09-02,RON,1150.00,5833.38,,BLUE-MDR-C-103,BLUE-MDR-C-<limit>,"{""limit"":""103""}",UNIQUE,BLUE-MDR-C-103,967,2025-09-05,3,"Act aditional Nr. 1 din 8.1.2025, nr. 284/29.01.2024","SERVICII CONTRACT NR. 284/29.01.2024 | ANEXA 1 - SERVICII RECURENTE DE SECURITATE, 1150 EUR+TVA la cursul BNR 5.0725 | SERVICII CONTRACT NR. 284/29.01.2024 | ANEXA 1 - SERVICII RECURENTE DE SECURITATE, 1150 EUR+TVA la cursul BNR 5.0725",,"CONTRACT; contract, date:3d, trend-adjusted-amount:1.000:0.0%, company-profile:100%; company=RECURRENT; dominant=BLUE-MDR-C-103 (100%)"
accounting:BT.R.BIT 45,no,BLUE-MDR-C-103,,RECURRENT,30,36,BLUE-MDR-C-103,1.000,0.931,STABLE,ACCEPT_CANDIDATE,HIGH,CONTRACT,ron,cms689rb202k4rt355i6l8nba,BT.R.BIT 45,"SCA ""ZAMFIRESCU RACOTI VASILE AND PARTNERS """,2025-10-20,RON,1150.00,5852.23,,BLUE-MDR-C-103,BLUE-MDR-C-<limit>,"{""limit"":""103""}",UNIQUE,BLUE-MDR-C-103,968,2025-10-20,0,"Act aditional Nr. 1 din 8.1.2025, nr. 284/29.01.2024","SERVICII CONTRACT NR. 284/29.01.2024 | ANEXA 1 - SERVICII RECURENTE DE SECURITATE, 1150 EUR+TVA la cursul BNR 5.0889 | SERVICII CONTRACT NR. 284/29.01.2024 | ANEXA 1 - SERVICII RECURENTE DE SECURITATE, 1150 EUR+TVA la cursul BNR 5.0889",,"CONTRACT; contract, date:0d, trend-adjusted-amount:1.000:0.0%, company-profile:100%; company=RECURRENT; dominant=BLUE-MDR-C-103 (100%)"
accounting:BT.R.BIT 72,no,BLUE-MDR-C-103,,RECURRENT,30,36,BLUE-MDR-C-103,1.000,0.931,STABLE,ACCEPT_CANDIDATE,HIGH,CONTRACT,ron,cms689r5l02hwrt3565hq8vgc,BT.R.BIT 72,"SCA ""ZAMFIRESCU RACOTI VASILE AND PARTNERS """,2025-11-26,RON,1150.00,5852.35,,BLUE-MDR-C-103,BLUE-MDR-C-<limit>,"{""limit"":""103""}",UNIQUE,BLUE-MDR-C-103,969,2025-11-26,0,"Act aditional Nr. 1 din 8.1.2025, nr. 284/29.01.2024","SERVICII CONTRACT NR. 284/29.01.2024 | ANEXA 1 - SERVICII RECURENTE DE SECURITATE, 1150 EUR+TVA la cursul BNR 5.089 | SERVICII CONTRACT NR. 284/29.01.2024 | ANEXA 1 - SERVICII RECURENTE DE SECURITATE, 1150 EUR+TVA la cursul BNR 5.089",,"CONTRACT; contract, date:0d, trend-adjusted-amount:1.000:0.0%, company-profile:100%; company=RECURRENT; dominant=BLUE-MDR-C-103 (100%)"
accounting:BT.R.BIT 99,no,BLUE-MDR-C-103,,RECURRENT,30,36,BLUE-MDR-C-103,1.000,0.931,STABLE,ACCEPT_CANDIDATE,HIGH,CONTRACT,ron,cms689rtx02otrt35yaxs2y92,BT.R.BIT 99,"SCA ""ZAMFIRESCU RACOTI VASILE AND PARTNERS """,2025-12-23,RON,1150.00,5851.31,,BLUE-MDR-C-103,BLUE-MDR-C-<limit>,"{""limit"":""103""}",UNIQUE,BLUE-MDR-C-103,970,2025-12-23,0,"Act aditional Nr. 1 din 8.1.2025, nr. 284/29.01.2024","SERVICII CONTRACT NR. 284/29.01.2024 | ANEXA 1 - SERVICII RECURENTE DE SECURITATE, 1150 EUR+TVA la cursul BNR 5.0881 | SERVICII CONTRACT NR. 284/29.01.2024 | ANEXA 1 - SERVICII RECURENTE DE SECURITATE, 1150 EUR+TVA la cursul BNR 5.0881",,"CONTRACT; contract, date:0d, trend-adjusted-amount:1.000:0.0%, company-profile:100%; company=RECURRENT; dominant=BLUE-MDR-C-103 (100%)"
accounting:BT.R.BIT 126,no,BLUE-MDR-C-103,,RECURRENT,30,36,BLUE-MDR-C-103,1.000,0.931,STABLE,ACCEPT_CANDIDATE,HIGH,CONTRACT,ron,cms689s0702r1rt35tgy0i8ad,BT.R.BIT 126,"SCA ""ZAMFIRESCU RACOTI VASILE AND PARTNERS """,2026-01-20,RON,1150.00,5855.91,,BLUE-MDR-C-103,BLUE-MDR-C-<limit>,"{""limit"":""103""}",UNIQUE,BLUE-MDR-C-103,971,2026-01-20,0,"Act aditional Nr. 1 din 8.1.2025, nr. 284/29.01.2024","SERVICII CONTRACT NR. 284/29.01.2024 | ANEXA 1 - SERVICII RECURENTE DE SECURITATE, 1150 EUR+TVA la cursul BNR 5.0921 | SERVICII CONTRACT NR. 284/29.01.2024 | ANEXA 1 - SERVICII RECURENTE DE SECURITATE, 1150 EUR+TVA la cursul BNR 5.0921",,"CONTRACT; contract, date:0d, trend-adjusted-amount:1.000:0.0%, company-profile:100%; company=RECURRENT; dominant=BLUE-MDR-C-103 (100%)"
accounting:BT.R.BIT 154,no,BLUE-MDR-C-103,,RECURRENT,30,36,BLUE-MDR-C-103,1.000,0.931,STABLE,ACCEPT_CANDIDATE,HIGH,CONTRACT,ron,cms689sde02uort35fp6tk4ig,BT.R.BIT 154,"SCA ""ZAMFIRESCU RACOTI VASILE AND PARTNERS """,2026-02-13,RON,1150.00,5857.41,,BLUE-MDR-C-103,BLUE-MDR-C-<limit>,"{""limit"":""103""}",UNIQUE,BLUE-MDR-C-103,972,2026-02-13,0,"Act aditional Nr. 1 din 8.1.2025, nr. 284/29.01.2024","SERVICII CONTRACT NR. 284/29.01.2024 | ANEXA 1 - SERVICII RECURENTE DE SECURITATE, 1150 EUR+TVA la cursul BNR 5.0934 | SERVICII CONTRACT NR. 284/29.01.2024 | ANEXA 1 - SERVICII RECURENTE DE SECURITATE, 1150 EUR+TVA la cursul BNR 5.0934",,"CONTRACT; contract, date:0d, trend-adjusted-amount:1.000:0.0%, company-profile:100%; company=RECURRENT; dominant=BLUE-MDR-C-103 (100%)"
accounting:BT.R.BIT 187,no,BLUE-MDR-C-103,,RECURRENT,30,36,BLUE-MDR-C-103,1.000,0.931,STABLE,ACCEPT_CANDIDATE,HIGH,CONTRACT,ron,cms689sre02yrrt359ijmyd4k,BT.R.BIT 187,"SCA ""ZAMFIRESCU RACOTI VASILE AND PARTNERS """,2026-03-20,RON,1150.00,5860.29,,BLUE-MDR-C-103,BLUE-MDR-C-<limit>,"{""limit"":""103""}",UNIQUE,BLUE-MDR-C-103,973,2026-03-20,0,"Act aditional Nr. 1 din 8.1.2025, nr. 284/29.01.2024","SERVICII CONTRACT NR. 284/29.01.2024 | ANEXA 1 - SERVICII RECURENTE DE SECURITATE, 1150.00 EUR+TVA la cursul BNR 5.0959 | SERVICII CONTRACT NR. 284/29.01.2024 | ANEXA 1 - SERVICII RECURENTE DE SECURITATE, 1150.00 EUR+TVA la cursul BNR 5.095",,"CONTRACT; contract, date:0d, trend-adjusted-amount:1.000:0.0%, company-profile:100%; company=RECURRENT; dominant=BLUE-MDR-C-103 (100%)"
accounting:BT.R.BIT 216,no,BLUE-MDR-C-103,,RECURRENT,30,36,BLUE-MDR-C-103,1.000,0.931,STABLE,ACCEPT_CANDIDATE,HIGH,CONTRACT,ron,cms689t72032urt35ust5dg52,BT.R.BIT 216,"SCA ""ZAMFIRESCU RACOTI VASILE AND PARTNERS """,2026-04-29,RON,1150.00,5857.76,,BLUE-MDR-C-103,BLUE-MDR-C-<limit>,"{""limit"":""103""}",UNIQUE,BLUE-MDR-C-103,974,2026-04-29,0,"Act aditional Nr. 1 din 8.1.2025, nr. 284/29.01.2024","SERVICII CONTRACT NR. 284/29.01.2024 | ANEXA 1 - SERVICII RECURENTE DE SECURITATE, 1150.00 EUR+TVA la cursul BNR 5.0937 | SERVICII CONTRACT NR. 284/29.01.2024 | ANEXA 1 - SERVICII RECURENTE DE SECURITATE, 1150.00 EUR+TVA la cursul BNR 5.093",,"CONTRACT; contract, date:0d, trend-adjusted-amount:1.000:0.0%, company-profile:100%; company=RECURRENT; dominant=BLUE-MDR-C-103 (100%)"
accounting:BT.R.BIT 245,no,BLUE-MDR-C-103,,RECURRENT,30,36,BLUE-MDR-C-103,1.000,0.931,STABLE,ACCEPT_CANDIDATE,HIGH,CONTRACT,ron,cms689tfb035ert355zb04lys,BT.R.BIT 245,"SCA ""ZAMFIRESCU RACOTI VASILE AND PARTNERS """,2026-05-25,RON,1150.00,6036.12,,BLUE-MDR-C-103,BLUE-MDR-C-<limit>,"{""limit"":""103""}",UNIQUE,BLUE-MDR-C-103,975,2026-05-25,0,"Act aditional Nr. 1 din 8.1.2025, nr. 284/29.01.2024","SERVICII CONTRACT NR. 284/29.01.2024 | ANEXA 1 - SERVICII RECURENTE DE SECURITATE, 1150.00 EUR+TVA la cursul BNR 5.2488 | SERVICII CONTRACT NR. 284/29.01.2024 | ANEXA 1 - SERVICII RECURENTE DE SECURITATE, 1150.00 EUR+TVA la cursul BNR 5.248",,"CONTRACT; contract, date:0d, trend-adjusted-amount:1.000:0.0%, company-profile:100%; company=RECURRENT; dominant=BLUE-MDR-C-103 (100%)"
accounting:BT.R.BIT 274,no,BLUE-MDR-C-103,,RECURRENT,30,36,BLUE-MDR-C-103,1.000,0.931,STABLE,ACCEPT_CANDIDATE,HIGH,CONTRACT,ron,cms689tpo0382rt35wg4mdwyo,BT.R.BIT 274,"SCA ""ZAMFIRESCU RACOTI VASILE AND PARTNERS """,2026-06-17,RON,1150.00,6015.65,,BLUE-MDR-C-103,BLUE-MDR-C-<limit>,"{""limit"":""103""}",UNIQUE,BLUE-MDR-C-103,976,2026-06-19,2,"Act aditional Nr. 1 din 8.1.2025, nr. 284/29.01.2024","SERVICII CONTRACT NR. 284/29.01.2024 | ANEXA 1 - SERVICII RECURENTE DE SECURITATE, 1150.00 EUR+TVA la cursul BNR 5.231 | SERVICII CONTRACT NR. 284/29.01.2024 | ANEXA 1 - SERVICII RECURENTE DE SECURITATE, 1150.00 EUR+TVA la cursul BNR 5.231",,"CONTRACT; contract, date:2d, trend-adjusted-amount:1.000:0.0%, company-profile:100%; company=RECURRENT; dominant=BLUE-MDR-C-103 (100%)"
accounting:BT.R.BIT 303,no,BLUE-MDR-C-103,,RECURRENT,30,36,BLUE-MDR-C-103,1.000,0.931,STABLE,ACCEPT_CANDIDATE,HIGH,CONTRACT,ron,cms689tyj03aurt35grm04689,BT.R.BIT 303,"SCA ""ZAMFIRESCU RACOTI VASILE AND PARTNERS """,2026-07-18,RON,1150.00,6029.34,,BLUE-MDR-C-103,BLUE-MDR-C-<limit>,"{""limit"":""103""}",UNIQUE,BLUE-MDR-C-103,977,2026-07-05,13,"Act aditional Nr. 1 din 8.1.2025, nr. 284/29.01.2024","SERVICII CONTRACT NR. 284/29.01.2024 | ANEXA 1 - SERVICII RECURENTE DE SECURITATE, 1150.00 EUR+TVA la cursul BNR 5.2429 | SERVICII CONTRACT NR. 284/29.01.2024 | ANEXA 1 - SERVICII RECURENTE DE SECURITATE, 1150.00 EUR+TVA la cursul BNR 5.242",,"CONTRACT; contract, date:13d, trend-adjusted-amount:1.000:0.0%, company-profile:100%; company=RECURRENT; dominant=BLUE-MDR-C-103 (100%)"
accounting:B.CYB 22,no,,,UNMATCHED,,,,,,,SKIP_NO_MATCH,NONE,NONE,ron,cms68crgr00d3pj38s6is3wz2,B.CYB 22,ZIENDE CYBER CONSULTING S.R.L.,2025-10-23,RON,70.00,12809.41,,,,,EMPTY,,,,,,SERVICII CONFORM CONTRACT | 36 ore x 70 eur + tva la cursul BNR | SERVICII CONFORM CONTRACT | 36 ore x 70 eur + tva la cursul BNR,,Organization not found in tracker.
accounting:B.CYB 23,no,,,UNMATCHED,,,,,,,SKIP_NO_MATCH,NONE,NONE,ron,cms68crgz00d6pj388u5vhkw4,B.CYB 23,ZIENDE CYBER CONSULTING S.R.L.,2025-10-23,RON,70.00,12809.41,,,,,EMPTY,,,,,,SERVICII CONFORM CONTRACT | 36 ore x 70 eur + tva la cursul BNR | SERVICII CONFORM CONTRACT | 36 ore x 70 eur + tva la cursul BNR,,Organization not found in tracker.
accounting:BT.BIT 291,no,PHISH-P-L-MM-S-200-12,,MANY,35,21,PHISH-P-L-MM-S-200-12,0.381,0.083,MIXED/UNKNOWN,ACCEPT_CANDIDATE,HIGH,CONTRACT,ron,cms689mgp00p6rt35769424o7,BT.BIT 291,ZIPPER SERVICES SRL,2021-09-16,RON,1245.00,6160.39,,PHISH-P-L-MM-S-200-12,PHISH-P-L-MM-S-<limit1>-<limit2>,"{""limit1"":""200"",""limit2"":""12""}",UNIQUE,PHISH-P-L-MM-S-200-12,347,2021-09-16,0,Nr. 200/01.09.2021,SERVICII CONFORM PHISH ENTERPRISE FORMULAR DE COMANDA | Nr. 1 la Contract Nr. 200/01.09.2021 ( 1.245 EURO+TVA la cursul BNR) | SERVICII CONFORM PHISH ENTERPRISE FORMULAR DE COMANDA | Nr. 1 la Contract Nr. 200/01.09.2021 ( 1.245 EURO+TVA la ,,"CONTRACT; contract, date:0d, amount:0.0%, description:0.25; company=MANY; dominant=PHISH-P-L-MM-S-200-12 (38%)"
accounting:BT.BIT 308,no,PHISH-P-L-MM-S-200-12,,MANY,35,21,PHISH-P-L-MM-S-200-12,0.381,0.083,MIXED/UNKNOWN,ACCEPT_CANDIDATE,HIGH,CONTRACT,ron,cms689mkt00qtrt35sqdby3cc,BT.BIT 308,ZIPPER SERVICES SRL,2021-12-02,RON,1245.00,6161.50,,PHISH-P-L-MM-S-200-12,PHISH-P-L-MM-S-<limit1>-<limit2>,"{""limit1"":""200"",""limit2"":""12""}",UNIQUE,PHISH-P-L-MM-S-200-12,348,2021-12-02,0,Nr. 200/01.09.2022,SERVICII CONFORM PHISH ENTERPRISE FORMULAR DE | COMANDA Nr. 1 la Contract Nr. 200/01.09.2021 ( 1.245 EURO+TVA la cursul BNR) | SERVICII CONFORM PHISH ENTERPRISE FORMULAR DE | COMANDA Nr. 1 la Contract Nr. 200/01.09.2021 ( 1.245 EURO+TVA la ,,"CONTRACT; contract, date:0d, amount:0.0%, description:0.25; company=MANY; dominant=PHISH-P-L-MM-S-200-12 (38%)"
accounting:BT.BIT 329,no,PHISH-P-L-MM-S-200-12,,MANY,35,21,PHISH-P-L-MM-S-200-12,0.381,0.083,MIXED/UNKNOWN,ACCEPT_CANDIDATE,HIGH,CONTRACT,ron,cms689mpy00skrt35o2ilgti4,BT.BIT 329,ZIPPER SERVICES SRL,2022-03-03,RON,1245.00,6161.38,,PHISH-P-L-MM-S-200-12,PHISH-P-L-MM-S-<limit1>-<limit2>,"{""limit1"":""200"",""limit2"":""12""}",UNIQUE,PHISH-P-L-MM-S-200-12,349,2022-03-03,0,Nr. 200/01.09.2023,SERVICII CONFORM PHISH ENTERPRISE FORMULAR DE | COMANDA Nr. 1 la Contract Nr. 200/01.09.2021 ( 1.245 EURO+TVA la cursul BNR) | SERVICII CONFORM PHISH ENTERPRISE FORMULAR DE | COMANDA Nr. 1 la Contract Nr. 200/01.09.2021 ( 1.245 EURO+TVA la ,,"CONTRACT; contract, date:0d, amount:0.0%, description:0.25; company=MANY; dominant=PHISH-P-L-MM-S-200-12 (38%)"
accounting:BT.BIT 362,no,PHISH-P-L-MM-S-200-12,,MANY,35,21,PHISH-P-L-MM-S-200-12,0.381,0.083,MIXED/UNKNOWN,ACCEPT_CANDIDATE,HIGH,CONTRACT,ron,cms689mxw00vcrt35jbzgp838,BT.BIT 362,ZIPPER SERVICES SRL,2022-06-09,RON,1245.00,6157.27,,PHISH-P-L-MM-S-200-12,PHISH-P-L-MM-S-<limit1>-<limit2>,"{""limit1"":""200"",""limit2"":""12""}",UNIQUE,PHISH-P-L-MM-S-200-12,350,2022-06-09,0,Nr. 200/01.09.2024,SERVICII CONFORM PHISH ENTERPRISE FORMULAR DE COMANDA Nr. 1 | la Contract Nr. 200/01.09.2021 ( 1.245 euro+TVA la cursul BNR) | SERVICII CONFORM PHISH ENTERPRISE FORMULAR DE COMANDA Nr. 1 | la Contract Nr. 200/01.09.2021 ( 1.245 euro+TVA la ,,"CONTRACT; contract, date:0d, amount:0.0%, description:0.25; company=MANY; dominant=PHISH-P-L-MM-S-200-12 (38%)"
accounting:BT.BIT 392,no,PHISH-P-L-MM-S-200-12,,MANY,35,21,PHISH-P-L-MM-S-200-12,0.381,0.083,MIXED/UNKNOWN,ACCEPT_CANDIDATE,HIGH,CONTRACT,ron,cms689n5600y5rt35mi23kr9n,BT.BIT 392,ZIPPER SERVICES SRL,2022-09-09,RON,1245.00,6092.53,,PHISH-P-L-MM-S-200-12,PHISH-P-L-MM-S-<limit1>-<limit2>,"{""limit1"":""200"",""limit2"":""12""}",UNIQUE,PHISH-P-L-MM-S-200-12,351,2022-09-09,0,Nr. 200/01.09.2025,SERVICII CONFORM PHISH ENTERPRISE FORMULAR DE | COMANDA Nr. 1 la Contract Nr. 200/01.09.2021 ( 1.245 euro+TVA la cursul BNR) | SERVICII CONFORM PHISH ENTERPRISE FORMULAR DE | COMANDA Nr. 1 la Contract Nr. 200/01.09.2021 ( 1.245 euro+TVA la ,,"CONTRACT; contract, date:0d, amount:0.0%, description:0.25; company=MANY; dominant=PHISH-P-L-MM-S-200-12 (38%)"
accounting:420,no,PHISH-P-L-MM-S-200-12,,MANY,35,21,PHISH-P-L-MM-S-200-12,0.381,0.083,MIXED/UNKNOWN,ACCEPT_CANDIDATE,HIGH,CONTRACT,ron,cms689nb5010ert35ruzkd64m,420,ZIPPER SERVICES SRL,2022-12-09,RON,1245.00,6124.40,,PHISH-P-L-MM-S-200-12,PHISH-P-L-MM-S-<limit1>-<limit2>,"{""limit1"":""200"",""limit2"":""12""}",UNIQUE,PHISH-P-L-MM-S-200-12,352,2022-12-09,0,Nr. 200/01.09.2026,SERVICII CONFORM PHISH ENTERPRISE FORMULAR DE | COMANDA Nr. 1 la Contract Nr. 200/01.09.2021 ( 1.245 euro+TVA la cursul BNR) | SERVICII CONFORM PHISH ENTERPRISE FORMULAR DE | COMANDA Nr. 1 la Contract Nr. 200/01.09.2021 ( 1.245 euro+TVA la ,,"CONTRACT; contract, date:0d, amount:0.0%, description:0.25; company=MANY; dominant=PHISH-P-L-MM-S-200-12 (38%)"
accounting:BT.BIT 500,no,PHISH-P-L-MM-S-200-12,,MANY,35,21,PHISH-P-L-MM-S-200-12,0.381,0.083,MIXED/UNKNOWN,REVIEW,HIGH,CONTRACT,ron,cms689ntq017irt35aezarw3y,BT.BIT 500,ZIPPER SERVICES SRL,2023-07-04,RON,2490.00,12326.24,,PHISH-P-L-MM-S-200-12,PHISH-P-L-MM-S-<limit1>-<limit2>,"{""limit1"":""200"",""limit2"":""12""}",UNIQUE,PHISH-P-L-MM-S-200-12,356,2024-07-17,379,Nr. 200/01.09.2026,SERVICII CONFORM PHISH ENTERPRISE FORMULAR DE | COMANDA Nr. 1 la Contract Nr. 200/01.09.2021 (martie 2023 si iunie 2023)(2.490 euro+TVA la cursul BNR ) | SERVICII CONFORM PHISH ENTERPRISE FORMULAR DE | COMANDA Nr. 1 la Contract Nr. 200/01.0,,"CONTRACT; contract, description:0.20; company=MANY; dominant=PHISH-P-L-MM-S-200-12 (38%)"
accounting:BT.BIT 580,no,,,MANY,35,21,PHISH-P-L-MM-S-200-12,0.381,0.083,MIXED/UNKNOWN,SKIP_NO_MATCH,NONE,NONE,ron,cms689obx01emrt356j5m7f9c,BT.BIT 580,ZIPPER SERVICES SRL,2023-12-12,RON,7260.00,36099.62,avans,,,,EMPTY,,,,,,SERVICII CONFORM CONTRACT 277/11.12.2023 | 7.260 euro+TVA la cursul BNR reprezentand avans 40% . | SERVICII CONFORM CONTRACT 277/11.12.2023 | 7.260 euro+TVA la cursul BNR reprezentand avans 40% .,,No accounting-to-tracker activity match met the conservative threshold.
accounting:BT.BIT 581,no,,,MANY,35,21,PHISH-P-L-MM-S-200-12,0.381,0.083,MIXED/UNKNOWN,SKIP_NO_MATCH,NONE,NONE,ron,cms689oca01eprt35ynspnq5g,BT.BIT 581,ZIPPER SERVICES SRL,2023-12-21,RON,7260.00,54091.36,storno,,,,EMPTY,,,,,,SERVICII CONFORM CONTRACT 277/11.12.2023 | Stornare factura avans 580/12.12.2023(avans 40% 7260 euro+TVA la cursul BNR | SERVICII CONFORM CONTRACT 277/11.12.2023 | Stornare factura avans 580/12.12.2023(avans 40% 7260 euro+TVA la cursul BNR ,,Storno: no sufficiently similar original invoice found.
accounting:BT.BIT 682,no,PHISH-P-L-MM-S-200-12,,MANY,35,21,PHISH-P-L-MM-S-200-12,0.381,0.083,MIXED/UNKNOWN,ACCEPT_CANDIDATE,HIGH,CONTRACT,ron,cms689oza01nirt35e4zf5qan,BT.BIT 682,ZIPPER SERVICES SRL,2024-07-17,RON,1245.00,6185.29,,PHISH-P-L-MM-S-200-12,PHISH-P-L-MM-S-<limit1>-<limit2>,"{""limit1"":""200"",""limit2"":""12""}",UNIQUE,PHISH-P-L-MM-S-200-12,353,2024-07-17,0,Nr. 200/01.09.2026,Campanie Phish Enterprise & Training | contract Nr. 200/01.09.2021( 1.245 euro+TVA la cursul BNR) | Campanie Phish Enterprise & Training | contract Nr. 200/01.09.2021( 1.245 euro+TVA la cursul BNR),,"CONTRACT; contract, date:0d, amount:0.0%, description:0.25; company=MANY; dominant=PHISH-P-L-MM-S-200-12 (38%)"
accounting:BT.BIT 786,no,RED-NIS-C-PEN-10,,MANY,35,21,PHISH-P-L-MM-S-200-12,0.381,0.083,MIXED/UNKNOWN,ACCEPT_CANDIDATE,HIGH,CONTRACT,ron,cms689plo01wmrt35i2cghdrr,BT.BIT 786,ZIPPER SERVICES SRL,2024-12-23,RON,2400.00,11942.16,avans,RED-NIS-C-PEN-10,RED-NIS-C-PEN-<limit>,"{""limit"":""10""}",UNIQUE,RED-NIS-C-PEN-10,357,2024-12-23,0,NR. 318/25.11.2024,Avans conform CONTRACT PENTRU PRESTAREA DE SERVICII | DE TESTE DE PENETRARE NR. 318/25.11.2024( 2.400 euro+TVA la cursul BNR) | Avans conform CONTRACT PENTRU PRESTAREA DE SERVICII | DE TESTE DE PENETRARE NR. 318/25.11.2024( 2.400 euro+TVA l,,"CONTRACT; contract, date:0d, amount:0.0%, milestone:avans; company=MANY; dominant=PHISH-P-L-MM-S-200-12 (38%)"
accounting:BT.BIT 807,no,RED-NIS-C-PEN-10,,MANY,35,21,PHISH-P-L-MM-S-200-12,0.381,0.083,MIXED/UNKNOWN,REVIEW,HIGH,STORNO_REFERENCE,ron,cms689pqi01ygrt35il6cw3fd,BT.BIT 807,ZIPPER SERVICES SRL,2025-01-31,RON,2400.00,17914.44,storno,RED-NIS-C-PEN-10,RED-NIS-C-PEN-<limit>,"{""limit"":""10""}",UNIQUE,RED-NIS-C-PEN-10,357,2024-12-23,39,NR. 318/25.11.2024,Avans conform CONTRACT PENTRU PRESTAREA DE SERVICII FACTURA FINALA CONFORM | DE TESTE DE PENETRARE NR. 318/25.11.2024( 2.400 euro+TVA la cursul BNR) Stornare factura 786/23.12.2024 | Avans conform CONTRACT PENTRU PRESTAREA DE SERVICII | DE ,,Storno mapped to BT.BIT 786; contract=true; amount=true; gap=39d
accounting:BT.R.BIT 967,no,PHISH-P-L-YY-F-110-36,,MANY,35,21,PHISH-P-L-MM-S-200-12,0.381,0.083,MIXED/UNKNOWN,REVIEW,MEDIUM,SCORED,ron,cms689rgo02ldrt35l26i8r0o,BT.R.BIT 967,ZIPPER SERVICES SRL,2025-10-23,RON,22033.80,112000.00,,PHISH-P-L-YY-F-110-36,PHISH-P-L-YY-F-<limit1>-<limit2>,"{""limit1"":""110"",""limit2"":""36""}",UNIQUE,PHISH-P-L-YY-F-<110>-<36> | RED-NIS-C-PEN-10,1552,2025-10-23,0,Contract de prestari servicii nr. BSS365/8.10.2025,Platforma de constienizare in materie de securitate | cibernetica (Security Awareness) conform CONTRACT DE PRESTARI SERVICII NR. BSS365 / 08.10.2025: - a) pachetul informatic | Platforma de constienizare in materie de securitate | ciberneti,"[{""line"":1,""service"":""Platforma de constienizare in materie de securitate | cibernetica (Security Awareness) conform CONTRACT DE PRESTARI SERVICII NR. BSS365 / 08.10.2025: - a) pachetul informatic"",""partNumber"":""PHISH-P-L-YY-F-<110>-<36>"",""confidence"":""MEDIUM"",""trackerRow"":1552},{""line"":2,""service"":""Platforma de constienizare in materie de securitate | cibernetica (Security Awareness) conform CONTRACT DE PRESTARI SERVICII NR. BSS365 / 08.10.2025: b) Licenta COTS"",""partNumber"":"""",""confidence"":""NONE"",""trackerRow"":null},{""line"":3,""service"":""Platforma de constienizare in materie de securitate | cibernetica (Security Awareness) conform CONTRACT DE PRESTARI SERVICII NR. BSS365 / 08.10.2025: c) serviciile de instruire"",""partNumber"":"""",""confidence"":""NONE"",""trackerRow"":null}]",SCORED; date:0d; company=MANY; dominant=PHISH-P-L-MM-S-200-12 (38%)
accounting:BT.R.BIT 968,no,,,MANY,35,21,PHISH-P-L-MM-S-200-12,0.381,0.083,MIXED/UNKNOWN,SKIP_NO_MATCH,NONE,NONE,ron,cms689rgz02lirt35090fgg93,BT.R.BIT 968,ZIPPER SERVICES SRL,2025-10-27,RON,6000.00,30501.00,,,,,EMPTY,,,,,,"Servicii conform Act aditional nr. 1, din 14.10.2025 | la CONTRACT NR. 351/11.8.2025, ANEXA 2 ? Testarea ?i evaluarea securita?ii, de catre personal specializat, atestat de catre ANSRSI( 6.000 euro+TVA la cursul BNR) | Servicii conform Act ",,No accounting-to-tracker activity match met the conservative threshold.
accounting:BT.BIT_ 972,no,RED-NIS-C-PEN-10,,MANY,35,21,PHISH-P-L-MM-S-200-12,0.381,0.083,MIXED/UNKNOWN,REVIEW,MEDIUM,STORNO_REFERENCE,ron,cms689ria02lwrt354fdg806k,BT.BIT_ 972,ZIPPER SERVICES SRL,2025-11-04,RON,6000.00,30501.00,storno,RED-NIS-C-PEN-10,RED-NIS-C-PEN-<limit>,"{""limit"":""10""}",UNIQUE,RED-NIS-C-PEN-10,358,2025-10-27,0,"Act aditional nr. 1, din 14.10.2025 la contractul cu NR. 318/25.11.2024","Servicii conform Act aditional nr. 1, din 14.10.2025 | la CONTRACT NR. 351/11.8.2025, ANEXA 2 ? Testarea ?i evaluarea securita?ii, de catre personal specializat, atestat de catre ANSRSI( 6.000 euro+TVA la cursul BNR) stornare factura 968 te",,Storno mapped to BT.BIT_ 973; contract=false; amount=true; gap=0d
accounting:BT.BIT_ 973,no,RED-NIS-C-PEN-10,,MANY,35,21,PHISH-P-L-MM-S-200-12,0.381,0.083,MIXED/UNKNOWN,ACCEPT_CANDIDATE,HIGH,CONTRACT,ron,cms689rim02lzrt3563kq96av,BT.BIT_ 973,ZIPPER SERVICES SRL,2025-11-04,RON,6000.00,30501.00,,RED-NIS-C-PEN-10,RED-NIS-C-PEN-<limit>,"{""limit"":""10""}",UNIQUE,RED-NIS-C-PEN-10 | RED-PEN-S-WB-1 | PHISH-P-L-YY-F-<110>-<36>,358,2025-10-27,8,"Act aditional nr. 1, din 14.10.2025 la contractul cu NR. 318/25.11.2024","Servicii conform Act aditional nr. 1, din 14.10.2025 | la CONTRACT NR.NR. 318/25.11.2024, ANEXA 2 ? Testarea ?i evaluarea securita?ii, de catre personal specializat, atestat de catre ANSRSI (6.000 euro+TVA la cursul BNR) | Servicii conform ",,"CONTRACT; contract, date:8d, amount:0.0%; company=MANY; dominant=PHISH-P-L-MM-S-200-12 (38%)"
accounting:BT.BIT 1084,no,RED-PEN-S-WB-1,,MANY,35,21,PHISH-P-L-MM-S-200-12,0.381,0.083,MIXED/UNKNOWN,ACCEPT_CANDIDATE,HIGH,CONTRACT,ron,cms689u0r03bfrt35rzjlxs50,BT.BIT 1084,ZIPPER SERVICES SRL,2026-07-27,RON,9000.00,47113.20,,RED-PEN-S-WB-1,RED-PEN-S-WB-<limit>,"{""limit"":""1""}",UNIQUE,RED-PEN-S-WB-1 | RED-NIS-C-PEN-10,1592,2026-07-27,0,CONTRACT DE PRESTARI SERVICII NR. 318/25.11.2024,SERVICII CONFORM ACT ADITIONAL NR. 3 DIN 01.07.2026 | la contractul nr.318/25.11.2024( 9000 euro+TVA la cursul BNR) | SERVICII CONFORM ACT ADITIONAL NR. 3 DIN 01.07.2026 | la contractul nr.318/25.11.2024( 9000 euro+TVA la cursul BNR),,"CONTRACT; contract, date:0d, amount:6.3%; company=MANY; dominant=PHISH-P-L-MM-S-200-12 (38%)"
accounting:BT.BIT 350,no,CYBEREDU-UNR,,SMALL,2,2,CYBEREDU-UNR,1.000,0.000,MIXED/UNKNOWN,ACCEPT_CANDIDATE,HIGH,CONTRACT,ron,cms689muu00ucrt352izduilw,BT.BIT 350,ZITEC COM SRL,2022-05-16,RON,5000.00,24734.50,,CYBEREDU-UNR,CYBEREDU-UNR,,UNIQUE,CYBEREDU-UNR,177,2022-05-16,0,218/24.03.2022,SERV. CONF. CONTRACT NR.218/24.03.2022 | 5.000 euro+TVA la cursul BNR | SERV. CONF. CONTRACT NR.218/24.03.2022 | 5.000 euro+TVA la cursul BNR,,"CONTRACT; contract, date:0d, amount:0.0%; company=SMALL; dominant=CYBEREDU-UNR (100%)"
accounting:B.CYB 10,no,CYBEREDU-UNR,,SMALL,2,2,CYBEREDU-UNR,1.000,0.000,MIXED/UNKNOWN,ACCEPT_CANDIDATE,HIGH,CONTRACT,ron,cms68crdg00bqpj38qk1jozo7,B.CYB 10,ZITEC COM SRL,2023-08-02,RON,1500.00,7400.10,,CYBEREDU-UNR,CYBEREDU-UNR,,UNIQUE,CYBEREDU-UNR,178,2023-08-02,0,116/27.03.2023,SERVICII CONFORM CONTRACT NR.116/27.03.2023 | 1.500 euro+TVA la cursul BNR | SERVICII CONFORM CONTRACT NR.116/27.03.2023 | 1.500 euro+TVA la cursul BNR,,"CONTRACT; contract, date:0d, amount:0.0%, description:0.10; company=SMALL; dominant=CYBEREDU-UNR (100%)"
accounting:BT.BIT 278,no,BLUE-IR-50,,SMALL,2,2,BLUE-IR-50,0.500,0.000,MIXED/UNKNOWN,ACCEPT_CANDIDATE,HIGH,CONTRACT,ron,cms689mdg00nwrt35a7y4a9ik,BT.BIT 278,ZONE CONSULTING IT S.R.L.,2021-07-02,RON,7150.00,35227.34,,BLUE-IR-50,BLUE-IR-<limit>,"{""limit"":""50""}",UNIQUE,BLUE-IR-50,127,2021-07-02,0,196/29.06.2021,Servicii conform anexa 2 la contract nr.196/29.06.2021 | 7.150euro+TVA la cursul BNR | Servicii conform anexa 2 la contract nr.196/29.06.2021 | 7.150euro+TVA la cursul BNR,,"CONTRACT; contract, date:0d, amount:4.7%; company=SMALL; dominant=BLUE-IR-50 (50%)"
accounting:416,no,BLUE-IR-25,,SMALL,2,2,BLUE-IR-50,0.500,0.000,MIXED/UNKNOWN,REVIEW,LOW,SCORED,ron,cms689na90102rt35p5iinhy5,416,ZONE CONSULTING IT S.R.L.,2022-11-23,RON,2500.00,12346.25,,BLUE-IR-25,BLUE-IR-<limit>,"{""limit"":""25""}",UNIQUE,BLUE-IR-50 | BLUE-IR-25,128,2022-11-23,0,Anexa nr 3,SERVICII CONFORM CONTRACT 196/29.06.2021 | 2.500 euro+TVA la cursul BNR conform anexa 3 la contract | SERVICII CONFORM CONTRACT 196/29.06.2021 | 2.500 euro+TVA la cursul BNR conform anexa 3 la contract,,"SCORED; date:0d, amount:0.0%; company=SMALL; dominant=BLUE-IR-50 (50%)"