invoiceKey,invoiceNumber,organization,orgMatch,issueDate,currency,milestone,amountEur,amountRon,tier,confidence,proposedPartNumber,proposedContractRef,amountMatchedOn,trackerYear,issuer,trackerDescription,invoiceServiceText,candidateCount,reason,topCandidates,lineProposals
accounting:BT.BIT 1,BT.BIT 1,CYBERGHOST SRL,none,2015-08-27,RON,,100,443.75,UNRESOLVED,NONE,,,,,,,"consultanta securitate informatica. consultanta securitate informatica. 100 euro la cursul BNR din 26.08.2015 de 4,4376 lei",0,org not found in tracker,[],
accounting:BT.BIT 2,BT.BIT 2,VOX CARRIER SRL,none,2015-09-09,RON,,1000,4426.1,UNRESOLVED,NONE,,,,,,,"SERVICII CONFORM CONTRACT NR.482 DIN 18.08.2015 ANEXA NR.1 SERVICII CONFORM CONTRACT NR.482 DIN 18.08.2015 ANEXA NR.1 1000 euro la cursul BNR de 4,4261 lei din ",0,org not found in tracker,[],
accounting:BT.BIT 3,BT.BIT 3,VOX CARRIER SRL,none,2015-10-14,RON,,1300,5741.19,UNRESOLVED,NONE,,,,,,,SERVICII CONFORM CONTRACT NR.482 DIN 18.08.2015 ANEXA NR.3 SERVICII CONFORM CONTRACT NR.482 DIN 18.08.2015 ANEXA NR.3 1300 euro la cursul BNR de 4.4163 lei din ,0,org not found in tracker,[],
accounting:BT.BIT 4,BT.BIT 4,BLUETEQ BUSINESS SRL,none,2015-12-03,RON,,150,669.06,UNRESOLVED,NONE,,,,,,,"Servicii de mentenanta it Servicii de mentenanta it 150 euro la cursul BNR de 4,4604 lei din 02.12.2015",0,org not found in tracker,[],
accounting:BT.BIT 5,BT.BIT 5,VOX CARRIER SRL,none,2015-12-14,RON,,1850,8340.73,UNRESOLVED,NONE,,,,,,,"SERVICII CONFORM CONTRACT NR.482 DIN 18.08.2015 ANEXA NR.3 SERVICII CONFORM CONTRACT NR.482 DIN 18.08.2015 ANEXA NR.3 1850 euro la cursul BNR de 4,5085 lei din ",0,org not found in tracker,[],
accounting:BT.BIT 6,BT.BIT 6,VELERA NETWORK SRL,none,2015-12-21,RON,,1334,6017.01,UNRESOLVED,NONE,,,,,,,"SERVICII CONFORM CONTRACT NR.337/16.12.2015 ANEXA NR.1 SERVICII CONFORM CONTRACT NR.337/16.12.2015 ANEXA NR.1 1334 euro la cursul BNR de 4,5105 lei din 21.12.20",0,org not found in tracker,[],
accounting:BT.BIT 7,BT.BIT 7,CREATIVE MEDIA DEVELOPMENT SRL,none,2016-02-10,RON,,8900,39918.28,UNRESOLVED,NONE,,,,,,,"PRESTARI SERVICII CONFORM CONTRACT NR.102 DIN 21.01.2016 PRESTARI SERVICII CONFORM CONTRACT NR.102 DIN 21.01.2016 8900 euro la cursul BNR de 4,4852 lei din 10.0",0,org not found in tracker,[],
accounting:BT.BIT 8,BT.BIT 8,CREATIVE MEDIA DEVELOPMENT SRL,none,2016-03-24,RON,,500,2232.05,UNRESOLVED,NONE,,,,,,,"PREST. SERV. CONF. ANEXA NR. 6 LA CONTR.NR.102/21.01.2016 PREST. SERV. CONF. ANEXA NR. 6 LA CONTR.NR.102/21.01.2016 500 euro la cursul BNR de 4,4641 lei din 23.",0,org not found in tracker,[],
accounting:BT.BIT 9,BT.BIT 9,RENANIA TRADE SRL,none,2016-04-12,RON,,10300,46008.04,UNRESOLVED,NONE,,,,,,,"SERVICII CONFORM CONTRACT NR.101 DIN 19.01.2016 SERVICII CONFORM CONTRACT NR.101 DIN 19.01.2016 10300 euro la cursul BNR de 4,4668 din 12.04.2016",0,org not found in tracker,[],
accounting:BT.BIT 10,BT.BIT 10,ORANGE ROMANIA SA,exact,2016-04-12,RON,,4000,17867.2,SCORED,MEDIUM,ORO-TEM-DEV-50,PO 40280009,final,2016,BSS,dezv,Dezvoltare platforma web Orange Threat Map Dezvoltare platforma web Orange Threat Map Bon de comanda nr. 40280009 din 06.04.2016 reprezentand 4000 euro la cursu,7,"org exact; score=45 margin=23 on [amount~final, data final (0d)]; 1 distinct part# near top","[{""pn"":""ORO-TEM-DEV-50"",""score"":45,""on"":[""amount~final"",""data final (0d)""],""ref"":""PO 40280009"",""desc"":""dezv""},{""pn"":""RED-PEN-B-E-B-5"",""score"":22,""on"":[""amount~final""],""ref"":""12.03.2024"",""desc"":""servicii de pentest""},{""pn"":""ORO-TEM-DEV-100"",""score"":12,""on"":[""amount~final""],""ref"":""PO 40407868"",""desc"":""multiple services""}]",
accounting:BT.BIT 11,BT.BIT 11,SETY ROBOTICS SRL,none,2016-06-21,RON,,750,3399.75,UNRESOLVED,NONE,,,,,,,"SERVICII CONFORM CONTRACT NR.601 DIN 06.06.2016 SERVICII CONFORM CONTRACT NR.601 DIN 06.06.2016 750 euro la cursul BNR de 4,5330 lei din 21.06.2016",0,org not found in tracker,[],
accounting:BT.BIT 12,BT.BIT 12,BLUETEQ BUSINESS SRL,none,2016-08-02,RON,,656,2922.22,UNRESOLVED,NONE,,,,,,,"SERVICII MENTENANTA IT SERVICII MENTENANTA IT 656 euro la cursul BNR de 4,4546 lei din 02.08.2016",0,org not found in tracker,[],
accounting:BT.BIT 13,BT.BIT 13,BLUETEQ BUSINESS SRL,none,2016-09-19,RON,,228.76,1017.16,UNRESOLVED,NONE,,,,,,,"SERVICII MENTENANTA IT SERVICII MENTENANTA IT 228,76 euro la cursul BNR de 4,4464 lei din 19.09.2016",0,org not found in tracker,[],
accounting:BT.BIT 14,BT.BIT 14,CREATIVE MEDIA DEVELOPMENT SRL,none,2016-09-26,RON,,650,2890.55,UNRESOLVED,NONE,,,,,,,"PREST. SERV. CONF. CONTR.NR.102/21.01.2016 PREST. SERV. CONF. CONTR.NR.102/21.01.2016 650 euro la cursul BNR de 4,4470 din 23.09.2016",0,org not found in tracker,[],
accounting:BT.BIT 15,BT.BIT 15,SC GEORANKER SRL,none,2016-12-05,RON,,4200,18911.34,UNRESOLVED,NONE,,,,,,,"SERVICII CONFORM CONTRACT NR.1811 DIN 18.11.2016 SERVICII CONFORM CONTRACT NR.1811 DIN 18.11.2016 4200 euro la cursul BNR de 4,5027 lei din 05.12.2016",0,org not found in tracker,[],
accounting:BT.BIT 16,BT.BIT 16,CREATIVE MEDIA DEVELOPMENT SRL,none,2016-12-07,RON,,11130,50092.79,UNRESOLVED,NONE,,,,,,,"SERVICII CONFORM CONTRACT NR.1101 DIN 15.11.2016 SERVICII CONFORM CONTRACT NR.1101 DIN 15.11.2016 11130 euro la cursul BNR de 4,5007 lei din 07.12.2016",0,org not found in tracker,[],
accounting:BT.BIT 17,BT.BIT 17,MARKETIZATOR FRIENDS SRL,none,2016-12-08,RON,,2750,12376.93,UNRESOLVED,NONE,,,,,,,"SERVICII CONFORM CONTRACT NR.1002 DIN 24.10.2016 SERVICII CONFORM CONTRACT NR.1002 DIN 24.10.2016 2750 euro la cursul BNR de 4,5007 lei din 07.12.2016",0,org not found in tracker,[],
accounting:BT.BIT 18,BT.BIT 18,ORANGE ROMANIA SA,exact,2016-12-20,RON,,3100,14010.14,SCORED,MEDIUM,ORO-TEM-DEV-50,PO 40298463,final,2016,BSS,Adaugare/imbunatatire functionalitati pentru platforma BIS Threat Map,BON DE COMANDA 40298463/23.11.2016; ID comanda C27892 BON DE COMANDA 40298463/23.11.2016; ID comanda C27892 Adaugare/imbunatatire functionalitati pentru platfor,7,"org exact; score=54 margin=32 on [amount~final, data final (0d), desc~0.35]; 1 distinct part# near top","[{""pn"":""ORO-TEM-DEV-50"",""score"":54,""on"":[""amount~final"",""data final (0d)"",""desc~0.35""],""ref"":""PO 40298463"",""desc"":""Adaugare/imbunatatire\nfunctionalitati pentru\nplatforma BIS T""},{""pn"":""ORO-TEM-DEV-50"",""score"":22,""on"":[""amount~final""],""ref"":""PO 40361678"",""desc"":""dezvoltari tem""},{""pn"":""RED-PEN-B-I-B-20"",""score"":12,""on"":[""amount~final""],""ref"":""27.5.2024"",""desc"":""servicii de pentest""}]",
accounting:BT.BIT 19,BT.BIT 19,FAN COURIER EXPRESS SRL,none,2016-12-30,RON,,13300,60396.63,UNRESOLVED,NONE,,,,,,,"PREST. SERV. CONF. CONTR.NR.802/26.08.2016 PREST. SERV. CONF. CONTR.NR.802/26.08.2016 13300 euro la cursul BNR de 4,5411 lei din 30.12.2016",0,org not found in tracker,[],
accounting:BT.BIT 20,BT.BIT 20,SYNEVO ROMANIA SRL,none,2017-01-03,RON,,13600,61438,UNRESOLVED,NONE,,,,,,,"PREST. SERV. CONF. CONTR.NR.902/22.09.2016 PREST. SERV. CONF. CONTR.NR.902/22.09.2016 13600 euro la cursul BNR de 4,5175 din 03.01.2017",0,org not found in tracker,[],
accounting:BT.BIT 21,BT.BIT 21,VOX CARRIER SRL,none,2017-02-01,RON,,1100,5921.92,UNRESOLVED,NONE,,,,,,,"SERVICII CONFORM CONTRACT NR.101 DIN 16.01.2017 SERVICII CONFORM CONTRACT NR.101 DIN 16.01.2017 1100 euro la cursul BNR de 4,5240 lei din 01.02.2017",0,org not found in tracker,[],
accounting:BT.BIT 22,BT.BIT 22,FAN COURIER EXPRESS SRL,none,2017-03-13,RON,storno,13300,-60396.63,UNRESOLVED,NONE,,,,,,,"PREST. SERV. CONF. CONTR.NR.802/26.08.2016 PREST. SERV. CONF. CONTR.NR.802/26.08.2016 13300 euro la cursul BNR de 4,5411 lei din 30.12.2016 Storneaza factura BT",0,org not found in tracker,[],
accounting:BT.BIT 23,BT.BIT 23,FAN COURIER EXPRESS SRL,none,2017-03-13,RON,,,72072.99,UNRESOLVED,NONE,,,,,,,PREST. SERV. CONF. CONTR.NR.802/26.08.2016 PREST. SERV. CONF. CONTR.NR.802/26.08.2016,0,org not found in tracker,[],
accounting:BT.BIT 24,BT.BIT 24,CREATIVE MEDIA DEVELOPMENT SRL,none,2017-03-22,RON,,,2715.22,UNRESOLVED,NONE,,,,,,,"SERVICII CONFORM CONTRACT NR.11001DIN 15.11.2016 si ANEXA 6 SERVICII CONFORM CONTRACT NR.11001DIN 15.11.2016 si ANEXA 6 CURS BNR DE 4,5634 LEI DIN 21.03.2017",0,org not found in tracker,[],
accounting:BT.BIT 25,BT.BIT 25,EDWARD NEUK COMPANY SRL,none,2017-04-03,RON,,6900,37360.87,UNRESOLVED,NONE,,,,,,,"PREST. SERV. CONF. CONTR.NR.102/22.02.2017 PREST. SERV. CONF. CONTR.NR.102/22.02.2017 6900 euro la cursul BNR de 4,5501 lei din 03.04.2017",0,org not found in tracker,[],
accounting:BT.BIT 26,BT.BIT 26,CREATIVE MEDIA DEVELOPMENT SRL,none,2017-06-14,RON,,,2717.19,UNRESOLVED,NONE,,,,,,,"SERVICII CONFORM CONTRACT NR.11001 DIN 15.11.2016 SI ANEXA 6 SERVICII CONFORM CONTRACT NR.11001 DIN 15.11.2016 SI ANEXA 6 CURS BNR 4,5667 LEI DIN 14.06.2017",0,org not found in tracker,[],
accounting:BT.BIT 27,BT.BIT 27,GRUPUL EDITORIAL ART SRL,none,2017-06-27,RON,,,14188.37,UNRESOLVED,NONE,,,,,,,Servicii conform contract 105/19.06.2017 Servicii conform contract 105/19.06.2017,0,org not found in tracker,[],
accounting:BT.BIT 28,BT.BIT 28,OMNIASIG VIENNA INSURANCE GROUP S.A.,none,2017-07-26,RON,,,134749.65,UNRESOLVED,NONE,,,,,,,SERVICII CONFORM CONTRACT NR.104 DIN 06.06.2017 SERVICII CONFORM CONTRACT NR.104 DIN 06.06.2017,0,org not found in tracker,[],
accounting:BT.BIT 29,BT.BIT 29,CREATIVE MEDIA DEVELOPMENT SRL,none,2017-09-06,RON,,500,2734.56,UNRESOLVED,NONE,,,,,,,"SERVICII CONFORM CONTRACT NR.11001 DIN 15.11.2016 ANEXA 6 SERVICII CONFORM CONTRACT NR.11001 DIN 15.11.2016 ANEXA 6 500 euro la cursul BNR de 4,5959 lei din 05.",0,org not found in tracker,[],
accounting:BT.BIT 30,BT.BIT 30,ORANGE ROMANIA SA,exact,2017-09-07,RON,,10000,54722.15,SCORED,MEDIUM,ORO-TEM-DEV-50,PO 40321546,final,2017,BSS,dezv,"Adaugare/imbunatatirefunctionalitati platforma BISThreatMap Adaugare/imbunatatirefunctionalitati platforma BISThreatMap 10000 euro la cursul BNR de 4,5985 lei d",16,"org exact; score=45 margin=15 on [amount~final, data final (0d)]; 1 distinct part# near top","[{""pn"":""ORO-TEM-DEV-50"",""score"":45,""on"":[""amount~final"",""data final (0d)""],""ref"":""PO 40321546"",""desc"":""dezv""},{""pn"":""BLUE-IR-100"",""score"":30,""on"":[""amount~final""],""ref"":""PO 40360300"",""desc"":""data breach""},{""pn"":""CYBEREDU-UNR"",""score"":30,""on"":[""amount~final""],""ref"":""40469783"",""desc"":""parteneriat unr 2022""}]",
accounting:BT.BIT 31,BT.BIT 31,OMNICONVERT SRL,none,2017-09-12,RON,,4900,26809.77,UNRESOLVED,NONE,,,,,,,"SERVICII CONFORM CONTRACT NR.108 DIN 28.07.2017 SERVICII CONFORM CONTRACT NR.108 DIN 28.07.2017 4900 euro +TVA la cursul BNR de 4,5978 lei din 11.09.2017",0,org not found in tracker,[],
accounting:BT.BIT 32,BT.BIT 32,CONSILIERUL COMERCIAL AL AMBASADEI AUSTRIEI LA BUCURESTI,none,2017-10-05,RON,,1750,9532.02,UNRESOLVED,NONE,,,,,,,"Elemente logistice Elemente logistice pentru organizarea evenimentului din data de 8 Noiembrie 2017 . Valoare 1750 euro +TVA la cursul BNR de 4,5772 lei din 04.",0,org not found in tracker,[],
accounting:BT.BIT 33,BT.BIT 33,EDWARD NEUK COMPANY SRL,none,2017-11-16,RON,,13800,76043.71,UNRESOLVED,NONE,,,,,,,"PREST. SERV. CONF. CONTR.NR.102/22.02.2017 anexa 4 PREST. SERV. CONF. CONTR.NR.102/22.02.2017 anexa 4 13800 euro la cursul BNR de 4,6306 lei din 15.11.2017.",0,org not found in tracker,[],
accounting:BT.BIT 34,BT.BIT 34,CREATIVE MEDIA DEVELOPMENT SRL,none,2017-11-29,RON,,500,2762.11,UNRESOLVED,NONE,,,,,,,"SERVICII CONFORM CONTRACT NR.11001 DIN 15.11.2016 ANEXA 6 SERVICII CONFORM CONTRACT NR.11001 DIN 15.11.2016 ANEXA 6 500 euro la cursul BNR de 4,6422 lei din 29.",0,org not found in tracker,[],
accounting:BT.BIT 35,BT.BIT 35,ZIPPER SERVICES SRL,exact,2017-12-20,RON,avans,4000,22027.38,DETERMINISTIC,HIGH,RED-PEN-S-WB-1,NR.109 DIN 07.12.2017,,2017,BSS,pentest aplicatie si cod review,"AVANS SERVICII CONFORM CONTRSCT NR.109 DIN 07.12.2017 AVANS SERVICII CONFORM CONTRSCT NR.109 DIN 07.12.2017 4000 euro la cursul BNR de 4,6276 lei din 20.12.2017",1,org exact; unique part# via contract 109; avans,"[{""pn"":""RED-PEN-S-WB-1"",""score"":100,""on"":[""contract#""],""ref"":""NR.109 DIN 07.12.2017"",""desc"":""pentest aplicatie si cod review""}]",
accounting:BT.BIT 36,BT.BIT 36,EDWARD NEUK COMPANY SRL,none,2017-12-26,RON,,13800,76199.72,UNRESOLVED,NONE,,,,,,,PREST. SERV. CONF. CONTR.NR.102/22.02.2017 anexa 5 PREST. SERV. CONF. CONTR.NR.102/22.02.2017 anexa 5 13800 euro +TVA,0,org not found in tracker,[],
accounting:BT.BIT 37,BT.BIT 37,ZIPPER SERVICES SRL,exact,2018-01-18,RON,storno,4000,26466.75,DETERMINISTIC,HIGH,RED-PEN-S-WB-1,NR.109 DIN 07.12.2017,,2017,BSS,pentest aplicatie si cod review,STORNARE AVANS SERVICII CONFORM CONTRSCT NR.109 DIN 07.12.20 STORNARE AVANS SERVICII CONFORM CONTRSCT NR.109 DIN 07.12.20 Factura BT.BIT36 din 20.12.2017 (4000 ,1,org exact; unique part# via contract 109; storno,"[{""pn"":""RED-PEN-S-WB-1"",""score"":100,""on"":[""contract#""],""ref"":""NR.109 DIN 07.12.2017"",""desc"":""pentest aplicatie si cod review""}]",
accounting:BT.BIT 38,BT.BIT 38,CREATIVE MEDIA DEVELOPMENT SRL,none,2018-02-16,RON,,,69314.52,UNRESOLVED,NONE,,,,,,,SERVICII CONFORM CONTRACT NR.112 DIN 29.01.2018 ANEXA NR.1 SERVICII CONFORM CONTRACT NR.112 DIN 29.01.2018 ANEXA NR.1,0,org not found in tracker,[],
accounting:BT.BIT 39,BT.BIT 39,EDWARD NEUK COMPANY SRL,none,2018-02-19,RON,,13800,76541.3,UNRESOLVED,NONE,,,,,,,SERVICII CONFORM CONTRACT NR.102 DIN 22.02.2017 anexa 6 SERVICII CONFORM CONTRACT NR.102 DIN 22.02.2017 anexa 6 13800 euro+TVA,0,org not found in tracker,[],
accounting:BT.BIT 40,BT.BIT 40,CREATIVE MEDIA DEVELOPMENT SRL,none,2018-02-27,RON,,650,3601.73,UNRESOLVED,NONE,,,,,,,"SERVICII CONFORM CONTRACT NR.112 DIN 29.01.2018 , Anexa1 SERVICII CONFORM CONTRACT NR.112 DIN 29.01.2018 , Anexa1 650 euro la cursul BNR de 4,6564 lei din 27.02",0,org not found in tracker,[],
accounting:BT.BIT 41,BT.BIT 41,ZIPPER SERVICES SRL,exact,2018-03-07,RON,,6500,36042.01,DETERMINISTIC,HIGH,RED-PEN-S-WB-1,NR.109 DIN 07.12.2017,,2017,BSS,pentest aplicatie si cod review,"SERVICII CONFORM CONTRACT NR.109 DIN 07.12.2017 SERVICII CONFORM CONTRACT NR.109 DIN 07.12.2017 6500 euro la cursul BNR de 4,6596 lei din 06.03.2018",1,org exact; unique part# via contract 109,"[{""pn"":""RED-PEN-S-WB-1"",""score"":100,""on"":[""contract#""],""ref"":""NR.109 DIN 07.12.2017"",""desc"":""pentest aplicatie si cod review""}]",
accounting:BT.BIT 42,BT.BIT 42,ZIPPER SERVICES SRL,exact,2018-03-22,RON,,6500,36090.74,DETERMINISTIC,HIGH,RED-PEN-S-WB-1,NR.109 DIN 07.12.2017,,2017,BSS,pentest aplicatie si cod review,"SERVICII CONFORM CONTRACT NR.109 DIN 07.12.2017 SERVICII CONFORM CONTRACT NR.109 DIN 07.12.2017 6500 euro la cursul BNR de 4,6659 lei din 22.03.2018",1,org exact; unique part# via contract 109,"[{""pn"":""RED-PEN-S-WB-1"",""score"":100,""on"":[""contract#""],""ref"":""NR.109 DIN 07.12.2017"",""desc"":""pentest aplicatie si cod review""}]",
accounting:BT.BIT 43,BT.BIT 43,ONLINE VENUES & EVENTS SRL,exact,2018-03-28,RON,,1500,8310.42,DETERMINISTIC,HIGH,RED-PEN-S-B-1,119/15.03.2018,,2018,BSS,pentest app,"SERVICII CONFORM CONTRACT NR.119 DIN 15.03.2018 SERVICII CONFORM CONTRACT NR.119 DIN 15.03.2018 1500 euro la cursul BNR de 4,6557 lei din 28.03.2018",1,org exact; unique part# via contract 119,"[{""pn"":""RED-PEN-S-B-1"",""score"":100,""on"":[""contract#""],""ref"":""119/15.03.2018"",""desc"":""pentest app""}]",
accounting:BT.BIT 44,BT.BIT 44,MEDIADAV SOLUTIONS SRL-D,none,2018-03-29,RON,avans,15000,83125.67,UNRESOLVED,NONE,,,,,,,"AVANS SERVICII CONSULTANTA CONFORM CONTRACT 118/13.03.2018 AVANS SERVICII CONSULTANTA CONFORM CONTRACT 118/13.03.2018 15000 euro+TVA la cursul BNR de 4,6569 lei",0,org not found in tracker,[],
accounting:BT.BIT 45,BT.BIT 45,ZIPPER SERVICES SRL,exact,2018-03-29,RON,storno,6500,-30328.35,SCORED,MEDIUM,RED-PEN-S-WB-1,NR. 1 DIN 16.02.2018,final,2018,BSS,pentest aplicatie si cod review,"STORNARE FACTURA 42/22.03.2018(SERVICII CONFORM CONTRACT NR. STORNARE FACTURA 42/22.03.2018(SERVICII CONFORM CONTRACT NR. 6500 euro la cursul BNR de 4,6659 lei ",11,"org exact; score=45 margin=30 on [amount~final, data final (22d)]; 1 distinct part# near top; storno","[{""pn"":""RED-PEN-S-WB-1"",""score"":45,""on"":[""amount~final"",""data final (22d)""],""ref"":""NR. 1 DIN 16.02.2018"",""desc"":""pentest aplicatie si cod review""},{""pn"":""RED-GDPR-10"",""score"":15,""on"":[""data avans (6d)""],""ref"":""120 DIN 22.03.2018"",""desc"":""bbraun gdpr""},{""pn"":""RED-NIS-C-PEN-10"",""score"":13,""on"":[""amount~total""],""ref"":""NR. 318/25.11.2024"",""desc"":""servicii de pentest nis""}]",
accounting:BT.BIT 46,BT.BIT 46,ZIPPER SERVICES SRL,exact,2018-04-04,RON,avans,1200,6654.19,SCORED,MEDIUM,RED-GDPR-10,120 DIN 22.03.2018,avans,2018,BSS,bbraun gdpr,"AVANS 25% CONFORM CONTRACT 120 DIN 22.03.2018 AVANS 25% CONFORM CONTRACT 120 DIN 22.03.2018 1200 euro + TVA la cursul de 4,6598 lei din 04.04.2018",10,"org exact; score=51 margin=29 on [amount~avans, data avans (0d)]; 1 distinct part# near top; avans","[{""pn"":""RED-GDPR-10"",""score"":51,""on"":[""amount~avans"",""data avans (0d)""],""ref"":""120 DIN 22.03.2018"",""desc"":""bbraun gdpr""},{""pn"":""PHISH-P-L-MM-S-200-12"",""score"":22,""on"":[""amount~final""],""ref"":""Nr. 200/01.09.2021"",""desc"":""phish enterprise trimestrial""},{""pn"":""RED-GDPR-5"",""score"":21,""on"":[""amount~avans"",""data avans (330d)""],""ref"":""NR.142/18.02.2019"",""desc"":""romfilatelia gdpr""}]",
accounting:BT.BIT 48,BT.BIT 48,NETOPIA SRL,none,2018-04-24,RON,,2500,13852.49,UNRESOLVED,NONE,,,,,,,"SERVICII CONFORM CONTRACT NR.115 DIN 20.02.2018 SERVICII CONFORM CONTRACT NR.115 DIN 20.02.2018 2500 euro+TVA la cursul BNR de 4,6563 lei din 23.04.2018",0,org not found in tracker,[],
accounting:BT.BIT 49,BT.BIT 49,GHICA TATIANA-CRISTINA - CABINET INDIVIDUAL DE AVOCAT,none,2018-05-02,RON,avans,1120,6214.85,UNRESOLVED,NONE,,,,,,,"SERVICII CONFORM CONTRACT NR.122 DIN 24.04.2018 SERVICII CONFORM CONTRACT NR.122 DIN 24.04.2018 1120 euro+TVA la cursul BNR de 4,6630 lei din 02.05.2018(avans 7",0,org not found in tracker,[],
accounting:BT.BIT 50,BT.BIT 50,CREATIVE MEDIA DEVELOPMENT SRL,none,2018-05-23,RON,,5500,30254.26,UNRESOLVED,NONE,,,,,,,SERVICII CONFORM CONTRACT NR.112 DIN 29.01.2018 SERVICII CONFORM CONTRACT NR.112 DIN 29.01.2018 Act aditional nr. 1 din 22.05.2018 (5500 euro+TVA la cursul BNR ,0,org not found in tracker,[],
accounting:BT.BIT 51,BT.BIT 51,CREATIVE MEDIA DEVELOPMENT SRL,none,2018-05-23,RON,,650,3575.5,UNRESOLVED,NONE,,,,,,,Servicii conform anexa 2 la contract nr.112/09.01.2018 Servicii conform anexa 2 la contract nr.112/09.01.2018 Act aditional nr. 1 din 22.05.2018(650 euro+TVA la,0,org not found in tracker,[],
accounting:BT.BIT 52,BT.BIT 52,ZIPPER SERVICES SRL,exact,2018-05-28,RON,avans,800,4406.62,SCORED,MEDIUM,RED-GDPR-3,NR.44 DIN 04.05.2018,avans,2018,BSS,bilete.ro gdpr,"AVANS 50 % CONFORM CONTRACT NR.ZS44 DIN 04.05.2018 AVANS 50 % CONFORM CONTRACT NR.ZS44 DIN 04.05.2018 800 euro +TVA la cursul BNR de 4,6288 lei din 25.05.2018",9,"org exact; score=51 margin=36 on [amount~avans, data avans (0d)]; 1 distinct part# near top; avans","[{""pn"":""RED-GDPR-3"",""score"":51,""on"":[""amount~avans"",""data avans (0d)""],""ref"":""NR.44 DIN 04.05.2018"",""desc"":""bilete.ro gdpr""},{""pn"":""RED-GDPR-10"",""score"":15,""on"":[""data final (25d)""],""ref"":""120 DIN 22.03.2018"",""desc"":""bbraun gdpr""},{""pn"":""RED-PEN-S-WB-1"",""score"":8,""on"":[""data final (82d)""],""ref"":""NR. 1 DIN 16.02.2018"",""desc"":""pentest aplicatie si cod review""}]",
accounting:BT.BIT 53,BT.BIT 53,MEDIADAV SOLUTIONS SRL-D,none,2018-06-04,RON,,10000,55413.54,UNRESOLVED,NONE,,,,,,,"SERVICII CONFORM CONTRACT NR.113 DIN 13.03.2018 SERVICII CONFORM CONTRACT NR.113 DIN 13.03.2018 10000 euro +TVA la cursul BNR de 4,6566 lei din 04.06.2018",0,org not found in tracker,[],
accounting:BT.BIT 54,BT.BIT 54,ONLINE VENUES & EVENTS SRL,exact,2018-06-04,RON,,1000,5541.35,DETERMINISTIC,HIGH,RED-PEN-S-B-1,119/15.03.2018,,2018,BSS,pentest app,"SERVICII CONFORM CONTRACT NR.119 DIN 15.03.2018 SERVICII CONFORM CONTRACT NR.119 DIN 15.03.2018 1000 euro+TVA la cursul BNR de 4,6566 lei din 04.06.2018",1,org exact; unique part# via contract 119,"[{""pn"":""RED-PEN-S-B-1"",""score"":100,""on"":[""contract#""],""ref"":""119/15.03.2018"",""desc"":""pentest app""}]",
accounting:BT.BIT 55,BT.BIT 55,ZIPPER SERVICES SRL,exact,2018-06-05,RON,,,1094.8,SCORED,LOW,RED-GDPR-10,120 DIN 22.03.2018,,2018,BSS,bbraun gdpr,Decontare servicii cazare si transport Decontare servicii cazare si transport 920 lei+TVA conform act aditional nr.1 din 16.04.2018 la contractul nr.120 din 22.,11,org exact; score=15 margin=0 on [data final (17d)]; 3 distinct part# near top,"[{""pn"":""RED-GDPR-10"",""score"":15,""on"":[""data final (17d)""],""ref"":""120 DIN 22.03.2018"",""desc"":""bbraun gdpr""},{""pn"":""RED-GDPR-3"",""score"":15,""on"":[""data avans (8d)""],""ref"":""NR.44 DIN 04.05.2018"",""desc"":""bilete.ro gdpr""},{""pn"":""RED-PEN-S-WB-1"",""score"":8,""on"":[""data final (90d)""],""ref"":""NR. 1 DIN 16.02.2018"",""desc"":""pentest aplicatie si cod review""}]",
accounting:BT.BIT 56,BT.BIT 56,ORANGE ROMANIA SA,exact,2018-06-07,RON,,15500,85793.23,SCORED,MEDIUM,ORO-TEM-DEV-100,PO 40342292,final,2018,BSS,dezv,Adaugare/imbunatatire functionalitati si modificari necesare Adaugare/imbunatatire functionalitati si modificari necesare GDPR pentru platforma BIS Threat Map N,14,"org exact; score=38 margin=16 on [amount~final, data final (61d)]; 1 distinct part# near top","[{""pn"":""ORO-TEM-DEV-100"",""score"":38,""on"":[""amount~final"",""data final (61d)""],""ref"":""PO 40342292"",""desc"":""dezv""},{""pn"":""PHISH-P-L-YY-A-15000"",""score"":22,""on"":[""amount~final""],""ref"":"""",""desc"":""licenta anuala phish""},{""pn"":""CYBEREDU-UNR"",""score"":22,""on"":[""amount~avans""],""ref"":""40469783"",""desc"":""parteneriat unr 2022""}]",
accounting:BT.BIT 57,BT.BIT 57,EDWARD NEUK COMPANY SRL,none,2018-06-18,RON,,11600,64412.22,UNRESOLVED,NONE,,,,,,,SERVICII CONFORM CONTRACT NR.102 DIN 22..02.20168 SERVICII CONFORM CONTRACT NR.102 DIN 22..02.20168 Anexa 7-Servicii de audit securitate informatica site in cad,0,org not found in tracker,[],
accounting:BT.BIT 58,BT.BIT 58,OTTER-DISTRIBUTION SRL,none,2018-06-18,RON,avans,1800,19990,UNRESOLVED,NONE,,,,,,,"Avans 40% conform Anexa 1 din Ctr 123/25.04.2018 Avans 40% conform Anexa 1 din Ctr 123/25.04.2018 1800 euro +TVA la cursul BNR de 4,6662 lei din 18.06.2018 | Av",0,org not found in tracker,[],
accounting:BT.BIT 59,BT.BIT 59,UP ROMANIA S.R.L.,none,2018-06-22,RON,,4000,22222.54,UNRESOLVED,NONE,,,,,,,"SERVICII CONFORM CONTRACT NR.116 DIN 06.03.2018 SERVICII CONFORM CONTRACT NR.116 DIN 06.03.2018 4000 euro+TVA la cursul BNR de 4,6686 lei din 22.06.2018",0,org not found in tracker,[],
accounting:BT.BIT 60,BT.BIT 60,ZIPPER SERVICES SRL,exact,2018-06-22,RON,storno,1200,20012.85,SCORED,MEDIUM,RED-GDPR-10,120 DIN 22.03.2018,avans,2018,BSS,bbraun gdpr,STORNO AVANS FACTURA 46/04.04.2016 STORNO AVANS FACTURA 46/04.04.2016 1200 euro | SERVICII CONFORM CONTRACT NR.120 DIN 22.03.2018 | SERVICII CONFORM CONTRACT NR,12,"org exact; score=45 margin=23 on [amount~avans, data final (0d)]; 1 distinct part# near top; storno","[{""pn"":""RED-GDPR-10"",""score"":45,""on"":[""amount~avans"",""data final (0d)""],""ref"":""120 DIN 22.03.2018"",""desc"":""bbraun gdpr""},{""pn"":""PHISH-P-L-MM-S-200-12"",""score"":22,""on"":[""amount~final""],""ref"":""Nr. 200/01.09.2021"",""desc"":""phish enterprise trimestrial""},{""pn"":""RED-GDPR-3"",""score"":15,""on"":[""data avans (25d)""],""ref"":""NR.44 DIN 04.05.2018"",""desc"":""bilete.ro gdpr""}]","[{""service"":""STORNO AVANS FACTURA 46/04.04.2016 | STORNO AVANS FACTURA 46"",""partNumber"":""RED-GDPR-10"",""score"":45,""on"":[""amount~avans"",""data final (0d)""]},{""service"":""SERVICII CONFORM CONTRACT NR.120 DIN 22.03.2018 | SERVICII C"",""partNumber"":""RED-GDPR-10"",""score"":45,""on"":[""amount~total"",""data final (0d)""]}]"
accounting:BT.BIT 61,BT.BIT 61,GHICA TATIANA-CRISTINA - CABINET INDIVIDUAL DE AVOCAT,none,2018-06-26,RON,storno,,2661.6,UNRESOLVED,NONE,,,,,,,STORNO FACTURA AVANS BT BIT 49/02.05.2018 STORNO FACTURA AVANS BT BIT 49/02.05.2018 | SERVICII CONFORM CONTRACT NR.122 DIN 24.04.2018 | SERVICII CONFORM CONTRAC,0,org not found in tracker,[],
accounting:BT.BIT 62,BT.BIT 62,MEDIADAV SOLUTIONS SRL-D,none,2018-07-04,RON,,10000,55399.26,UNRESOLVED,NONE,,,,,,,"SERVICII CONFORM CONTRACT NR.113 DIN 13.03.2018 SERVICII CONFORM CONTRACT NR.113 DIN 13.03.2018 10000 euro +TVA la cursul BNR de 4,6554 lei din 04.07.2018",0,org not found in tracker,[],
accounting:BT.BIT 63,BT.BIT 63,ZIPPER SERVICES SRL,exact,2018-07-20,RON,,1000,5539.33,DETERMINISTIC,HIGH,RED-PEN-S-WB-1,NR.109 DIN 07.12.2017,,2017,BSS,pentest aplicatie si cod review,SERVICII CONFORM ACT ADITIONAL NR.3 DIN 25.06.2018 SERVICII CONFORM ACT ADITIONAL NR.3 DIN 25.06.2018 LA CONTRACT NR.109/07.12.2017 (1000 euro +TVA la cursul BN,1,org exact; unique part# via contract 109,"[{""pn"":""RED-PEN-S-WB-1"",""score"":100,""on"":[""contract#""],""ref"":""NR.109 DIN 07.12.2017"",""desc"":""pentest aplicatie si cod review""}]",
accounting:BT.BIT 64,BT.BIT 64,ZIPPER SERVICES SRL,exact,2018-08-01,RON,,4500,24784.55,DETERMINISTIC,HIGH,RED-PEN-S-WB-1,NR.109 DIN 07.12.2017,,2017,BSS,pentest aplicatie si cod review,SERVICII CONFORM ACT ADITIONAL NR.2 DIN 16.03.2018 SERVICII CONFORM ACT ADITIONAL NR.2 DIN 16.03.2018 la contractul nr.109 din 09.12.2017( 4500 euro +TVA),1,org exact; unique part# via contract 109,"[{""pn"":""RED-PEN-S-WB-1"",""score"":100,""on"":[""contract#""],""ref"":""NR.109 DIN 07.12.2017"",""desc"":""pentest aplicatie si cod review""}]",
accounting:BT.BIT 65,BT.BIT 65,ZIPPER SERVICES SRL,exact,2018-09-03,RON,,500,2763.18,DETERMINISTIC,HIGH,RED-PEN-S-WB-1,NR.109 DIN 07.12.2017,,2017,BSS,pentest aplicatie si cod review,SERVICII CONFORM ACT ADITIONAL NR.4 DIN 08.08.2018 SERVICII CONFORM ACT ADITIONAL NR.4 DIN 08.08.2018 La contract 109/07.12.2017 ( 500 euro+TVA),1,org exact; unique part# via contract 109,"[{""pn"":""RED-PEN-S-WB-1"",""score"":100,""on"":[""contract#""],""ref"":""NR.109 DIN 07.12.2017"",""desc"":""pentest aplicatie si cod review""}]",
accounting:BT.BIT 66,BT.BIT 66,ONLINE VENUES & EVENTS SRL,exact,2018-09-03,RON,,1000,5526.3,DETERMINISTIC,HIGH,RED-PEN-S-B-1,119/15.03.2018,,2018,BSS,pentest app,SERVICII CONFORM CONTRACT NR.119 DIN 15.03.2018 SERVICII CONFORM CONTRACT NR.119 DIN 15.03.2018 1000 euro +TVA,1,org exact; unique part# via contract 119,"[{""pn"":""RED-PEN-S-B-1"",""score"":100,""on"":[""contract#""],""ref"":""119/15.03.2018"",""desc"":""pentest app""}]",
accounting:BT.BIT 67,BT.BIT 67,CREATIVE MEDIA DEVELOPMENT SRL,none,2018-09-03,RON,,650,3587.11,UNRESOLVED,NONE,,,,,,,Servicii conform anexa 2 la contract nr.112/09.01.2018 Servicii conform anexa 2 la contract nr.112/09.01.2018 Act aditional nr. 1 din 22.05.2018 (650 euro +TVA),0,org not found in tracker,[],
accounting:BT.BIT 68,BT.BIT 68,ZIPPER SERVICES SRL,exact,2018-09-03,RON,storno,800,4423.18,SCORED,MEDIUM,RED-GDPR-3,NR.44 DIN 04.05.2018,avans,2018,BSS,bilete.ro gdpr,STORNO AVANS 50 % CONFORM CONTRACT NR.ZS44 DIN 04.05.2018 STORNO AVANS 50 % CONFORM CONTRACT NR.ZS44 DIN 04.05.2018 FACTURA 52 DIN 28.05.2018(800 euro +TVA la c,11,"org exact; score=45 margin=30 on [amount~avans, data final (0d)]; 1 distinct part# near top; storno","[{""pn"":""RED-GDPR-3"",""score"":45,""on"":[""amount~avans"",""data final (0d)""],""ref"":""NR.44 DIN 04.05.2018"",""desc"":""bilete.ro gdpr""},{""pn"":""RED-GDPR-10"",""score"":15,""on"":[""data final (0d)""],""ref"":""Nr. 4 Din 08.08.2018 ctr NR.108/07.12.20"",""desc"":""typo offset gdpr""},{""pn"":""RED-GDPR-10"",""score"":8,""on"":[""data final (73d)""],""ref"":""120 DIN 22.03.2018"",""desc"":""bbraun gdpr""}]","[{""service"":""STORNO AVANS 50 % CONFORM CONTRACT NR.ZS44 DIN 04.05.2018 | "",""partNumber"":""RED-GDPR-3"",""score"":45,""on"":[""amount~avans"",""data final (0d)""]},{""service"":""SERVICII CONFORM CONTRACT  NR.ZS44 DIN 04.05.2018 | SERVICII"",""partNumber"":""RED-GDPR-3"",""score"":45,""on"":[""amount~total"",""data final (0d)""]}]"
accounting:BT.BIT 69,BT.BIT 69,RATIONAL SOFTWARE CONSULTING SRL,none,2018-09-13,RON,avans,5000,27602.6,UNRESOLVED,NONE,,,,,,,AVANS SERVICII CONFORM ACT ADITIONAL NR.1 AVANS SERVICII CONFORM ACT ADITIONAL NR.1 LA CONTRACT NR.129/13.09.2018 ( 5000 EURO+TVA),0,org not found in tracker,[],
accounting:BT.BIT 70,BT.BIT 70,MEDIADAV SOLUTIONS SRL-D,none,2018-09-20,RON,,9000,49827.2,UNRESOLVED,NONE,,,,,,,"SERVICII CONFORM CONTRACT NR.113 DIN 13.03.2018 SERVICII CONFORM CONTRACT NR.113 DIN 13.03.2018 9000 euro+ TVA la cursul BNR de 4,6524 lei din 19.09.2018",0,org not found in tracker,[],
accounting:BT.BIT 71,BT.BIT 71,AVAELGO SRL,none,2018-09-24,RON,,3500,19399.74,UNRESOLVED,NONE,,,,,,,SERVICII CONFORM ANEXA 1 LA CONTRACT 598/11.09.2017 SERVICII CONFORM ANEXA 1 LA CONTRACT 598/11.09.2017 3500 EURO,0,org not found in tracker,[],
accounting:BT.BIT 72,BT.BIT 72,ORANGE ROMANIA SA,exact,2018-10-18,RON,,24000,133255.25,SCORED,MEDIUM,ORO-TEM-DEV-200,PO 40352671,final,2018,BSS,dezv,"New Integrations and Updates to BIS Threatmap New Integrations and Updates to BIS Threatmap PO numarul 40352671, Nr Notificare C53784, Nr Receptie 141630( 24000",18,"org exact; score=45 margin=23 on [amount~final, data final (0d)]; 1 distinct part# near top","[{""pn"":""ORO-TEM-DEV-200"",""score"":45,""on"":[""amount~final"",""data final (0d)""],""ref"":""PO 40352671"",""desc"":""dezv""},{""pn"":""PHISH-P-L-YY-A-15000"",""score"":22,""on"":[""amount~final""],""ref"":""PO 40451579"",""desc"":""licente tem 2021""},{""pn"":""CYBEREDU-SM-Y-100-12"",""score"":22,""on"":[""amount~final""],""ref"":""PO 40407868"",""desc"":""multiple services""}]",
accounting:BT.BIT 73,BT.BIT 73,CONNECTIONS CONSULT SRL,none,2018-10-31,RON,,,8925,UNRESOLVED,NONE,,,,,,,SERVICII CONFORM ACT ADITIONAL NR.1 SERVICII CONFORM ACT ADITIONAL NR.1 LA CONTRACTUL NR.130/26.09.2018,0,org not found in tracker,[],
accounting:BT.BIT 74,BT.BIT 74,RATIONAL SOFTWARE CONSULTING SRL,none,2018-11-05,RON,storno,5000,27865.68,UNRESOLVED,NONE,,,,,,,AVANS SERVICII CONFORM ACT ADITIONAL NR.1 AVANS SERVICII CONFORM ACT ADITIONAL NR.1 LA CONTRACT NR.129/13.09.2018 ( 5000 EURO+TVA) -Factura 69/13.09.2018 Storne,0,org not found in tracker,[],
accounting:BT.BIT 75,BT.BIT 75,ASOCIATIA CENTRUL DE CERCETARE IN SECURITATE INFORMATICA DIN ROM,none,2018-11-20,RON,,9000,49975,UNRESOLVED,NONE,,,,,,,SERVICII CONFORM CONTRACT NR.917 DIN 01.11.2018 SERVICII CONFORM CONTRACT NR.917 DIN 01.11.2018 9000 euro+TVA,0,org not found in tracker,[],
accounting:BT.BIT 76,BT.BIT 76,ORANGE ROMANIA SA,exact,2018-11-28,RON,,,55430.2,SCORED,LOW,ORO-TEM-DEV-50,PO 40361678,,2018,BSS,dezvoltari tem,Servicii de securitate (Cyber Attack Recovery) Servicii de securitate (Cyber Attack Recovery) Notification number: C55674;Bon de comanda nr. 40360300 din 27-11-,26,org exact; score=15 margin=0 on [data final (23d)]; 4 distinct part# near top,"[{""pn"":""ORO-TEM-DEV-50"",""score"":15,""on"":[""data final (23d)""],""ref"":""PO 40361678"",""desc"":""dezvoltari tem""},{""pn"":""BLUE-IR-100"",""score"":15,""on"":[""data final (30d)""],""ref"":""PO 40360300"",""desc"":""data breach""},{""pn"":""ORO-TEM-DEV-100"",""score"":8,""on"":[""data final (113d)""],""ref"":""PO 40342292"",""desc"":""dezv""}]",
accounting:BT.BIT 77,BT.BIT 77,CONNECTIONS CONSULT SRL,none,2018-12-03,RON,,,8925,UNRESOLVED,NONE,,,,,,,SERVICII CONFORM ACT ADITIONAL NR.1 SERVICII CONFORM ACT ADITIONAL NR.1 LA CONTRACTUL NR.130/26.09.2018,0,org not found in tracker,[],
accounting:BT.BIT 78,BT.BIT 78,ONLINE VENUES & EVENTS SRL,exact,2018-12-03,RON,,1000,5540.64,DETERMINISTIC,HIGH,RED-PEN-S-B-1,119/15.03.2018,,2018,BSS,pentest app,SERVICII CONFORM CONTRACT NR.119 DIN 15.03.2018 SERVICII CONFORM CONTRACT NR.119 DIN 15.03.2018 1000 euro+TVA,1,org exact; unique part# via contract 119,"[{""pn"":""RED-PEN-S-B-1"",""score"":100,""on"":[""contract#""],""ref"":""119/15.03.2018"",""desc"":""pentest app""}]",
accounting:BT.BIT 79,BT.BIT 79,CONNECTIONS CONSULT SRL,none,2018-12-03,RON,,,55406.4,UNRESOLVED,NONE,,,,,,,ANEXA 1 CONTRACT DE PREST?RI SERVICII Nr. 130/26.09.2018 ANEXA 1 CONTRACT DE PREST?RI SERVICII Nr. 130/26.09.2018,0,org not found in tracker,[],
accounting:BT.BIT 80,BT.BIT 80,OTTER-DISTRIBUTION SRL,none,2018-12-11,RON,storno,1800,29806.14,UNRESOLVED,NONE,,,,,,,"Stornare Fact.58_Avans 40% conform Anexa 1 din Ctr 123/25.04 Stornare Fact.58_Avans 40% conform Anexa 1 din Ctr 123/25.04 1800 euro +TVA la cursul BNR de 4,6662",0,org not found in tracker,[],
accounting:BT.BIT 81,BT.BIT 81,CREATIVE MEDIA DEVELOPMENT SRL,none,2018-12-11,RON,,650,3596.39,UNRESOLVED,NONE,,,,,,,Servicii conform anexa 2 la contract nr.112/09.01.2018 Servicii conform anexa 2 la contract nr.112/09.01.2018 Act aditional nr. 1 din 22.05.2018 (650 euro +TVA),0,org not found in tracker,[],
accounting:BT.BIT 82,BT.BIT 82,ORANGE ROMANIA SA,exact,2018-12-21,RON,,3200,17744.52,SCORED,MEDIUM,ORO-TEM-DEV-50,PO 40361678,final,2018,BSS,dezvoltari tem,Adaugare/imbunatatire functionalitati pentru Adaugare/imbunatatire functionalitati pentru platforma BIS Threat Map Bon de comanda nr.40361678 ; C57097 ( 3200 eu,11,"org exact; score=45 margin=12 on [amount~final, data final (0d)]; 1 distinct part# near top","[{""pn"":""ORO-TEM-DEV-50"",""score"":45,""on"":[""amount~final"",""data final (0d)""],""ref"":""PO 40361678"",""desc"":""dezvoltari tem""},{""pn"":""ORO-TEM-DEV-50"",""score"":33,""on"":[""amount~final"",""desc~0.44""],""ref"":""PO 40298463"",""desc"":""Adaugare/imbunatatire\nfunctionalitati pentru\nplatforma BIS T""},{""pn"":""RED-PEN-B-I-B-20"",""score"":22,""on"":[""amount~final""],""ref"":""27.5.2024"",""desc"":""servicii de pentest""}]",
accounting:BT.BIT 83,BT.BIT 83,CONNECTIONS CONSULT SRL,none,2018-12-31,RON,,,8925,UNRESOLVED,NONE,,,,,,,SERVICII CONFORM ACT ADITIONAL NR.1 SERVICII CONFORM ACT ADITIONAL NR.1 LA CONTRACTUL NR.130/26.09.2018,0,org not found in tracker,[],
accounting:BT.BIT 84,BT.BIT 84,CONNECTIONS CONSULT SRL,none,2019-01-31,RON,,,8925,UNRESOLVED,NONE,,,,,,,SERVICII CONFORM ACT ADITIONAL NR.1 SERVICII CONFORM ACT ADITIONAL NR.1 LA CONTRACTUL NR.130/26.09.2018,0,org not found in tracker,[],
accounting:BT.BIT 85,BT.BIT 85,AVAELGO SRL,none,2019-02-04,RON,,5000,28289.87,UNRESOLVED,NONE,,,,,,,Servicii conform anexa 3 la contractul 598/11.09.2017 Servicii conform anexa 3 la contractul 598/11.09.2017 5000 euro +TVA,0,org not found in tracker,[],
accounting:BT.BIT 86,BT.BIT 86,RATIONAL SOFTWARE CONSULTING SRL,none,2019-02-06,RON,,1200,6772.58,UNRESOLVED,NONE,,,,,,,SERVICII CONFORM ACT ADITIONAL NR.1/21.01.2019 SERVICII CONFORM ACT ADITIONAL NR.1/21.01.2019 LA CONTRACTUL NR.129/13.09.2018 ( 1200 EURO+TVA),0,org not found in tracker,[],
accounting:BT.BIT 87,BT.BIT 87,CRYPTOCOIN.PRO S.R.L.,none,2018-12-13,RON,,,21863.47,UNRESOLVED,NONE,,,,,,,"90 ETH received 90 ETH received decizie venita din afara, de la Curtea Europeana de Justitie, care spune ca moneda este scutita de plata taxei pe valoare adauga",0,org not found in tracker,[],
accounting:BT.BIT 88,BT.BIT 88,VIG MANAGEMENT SERVICE SRL,exact,2019-02-25,RON,avans,3060,17339.98,UNRESOLVED,NONE,,,,,,,"Avans servicii conform: contract 134/14.12.2018 Avans servicii conform: contract 134/14.12.2018 3060 euro+TVA la cursul BNR de 4,7619 lei din 22.02.2019",1,org exact; 1 activities but no signal matched,[],
accounting:BT.BIT 89,BT.BIT 89,OMNIASIG VIENNA INSURANCE GROUP S.A.,none,2019-02-25,RON,,11250,63749.93,UNRESOLVED,NONE,,,,,,,"SERVICII CONFORM CONTRACT NR.139/14.01.2019 SERVICII CONFORM CONTRACT NR.139/14.01.2019 11.250 euro+TVA la cursul BNR de 4,7619 lei din 22.02.2019",0,org not found in tracker,[],
accounting:BT.BIT 90,BT.BIT 90,BCR ASIGURARI DE VIATA VIENNA INSURANCE GROUP SA,none,2019-02-25,RON,avans,4500,25499.97,UNRESOLVED,NONE,,,,,,,"AVANS SERVICII CONFORM CONTRACT 136/14.12.2018 AVANS SERVICII CONFORM CONTRACT 136/14.12.2018 4500 euro+TVA la cursul BNR de 4,7619 lei din 22.02.2019",0,org not found in tracker,[],
accounting:BT.BIT 91,BT.BIT 91,ASIGURAREA ROMANEASCA - ASIROM VIENNA INSURANCE GROUP SA,none,2019-02-25,RON,avans,6300,35699.96,UNRESOLVED,NONE,,,,,,,"AVANS SERVICII CONFOR CONTRACT NR.135/14.12.2018 AVANS SERVICII CONFOR CONTRACT NR.135/14.12.2018 6300 euro +TVA la cursul BNR de 4,7619 lei din 22.02.2019",0,org not found in tracker,[],
accounting:BT.BIT 92,BT.BIT 92,CREATIVE MEDIA DEVELOPMENT SRL,none,2019-02-27,RON,,12500,70519.4,UNRESOLVED,NONE,,,,,,,SERVICII CONFORM CONTRACT 112/29.01.2019 SERVICII CONFORM CONTRACT 112/29.01.2019 Anexa 6 descriere servicii identificare si evaluare vulnerabilitati(12500 euro,0,org not found in tracker,[],
accounting:BT.BIT 93,BT.BIT 93,CONNECTIONS CONSULT SRL,none,2019-02-28,RON,,,8925,UNRESOLVED,NONE,,,,,,,SERVICII CONFORM ACT ADITIONAL NR.1 SERVICII CONFORM ACT ADITIONAL NR.1 LA CONTRACTUL NR.130/26.09.2018,0,org not found in tracker,[],
accounting:BT.BIT 94,BT.BIT 94,ZIPPER SERVICES SRL,exact,2019-02-28,RON,,1350,7617.38,DETERMINISTIC,HIGH,RED-GDPR-5,NR.142/18.02.2019,,2019,BSS,romfilatelia gdpr,SERVICII CONFORM CONTRACT NR.142/18.02.2019 SERVICII CONFORM CONTRACT NR.142/18.02.2019 1350 EURO+TVA reprezentand 50%,1,org exact; unique part# via contract 142,"[{""pn"":""RED-GDPR-5"",""score"":100,""on"":[""contract#""],""ref"":""NR.142/18.02.2019"",""desc"":""romfilatelia gdpr""}]",
accounting:BT.BIT 95,BT.BIT 95,CREATIVE MEDIA DEVELOPMENT SRL,none,2019-03-01,RON,,1200,6773.43,UNRESOLVED,NONE,,,,,,,SERVICII CONFORM ACT ADITIONAL NR.1/21.01.2019 SERVICII CONFORM ACT ADITIONAL NR.1/21.01.2019 LA CONTRACTUL NR.129/13.09.2018 ( 1200 EURO+TVA),0,org not found in tracker,[],
accounting:BT.BIT 96,BT.BIT 96,CREATIVE MEDIA DEVELOPMENT SRL,none,2019-03-04,RON,,650,3666.15,UNRESOLVED,NONE,,,,,,,SERVICII CONFORM CONTRACT 112/29.01.2018 SERVICII CONFORM CONTRACT 112/29.01.2018 servicii conform anexa pentru luna februarie(650 EURO+tva),0,org not found in tracker,[],
accounting:BT.BIT 97,BT.BIT 97,BCR ASIGURARI DE VIATA VIENNA INSURANCE GROUP SA,none,2019-03-12,RON,storno,4500,-21428.55,UNRESOLVED,NONE,,,,,,,STORNARE AVANS SERVICII CONFORM CONTRACT 136/14.12.2018 STORNARE AVANS SERVICII CONFORM CONTRACT 136/14.12.2018 FACTURA BT.BIT 90/ 25.02.2018(4500 euro+TVA la c,0,org not found in tracker,[],
accounting:BT.BIT 98,BT.BIT 98,VIG MANAGEMENT SERVICE SRL,exact,2019-03-12,RON,storno,3060,-14571.41,UNRESOLVED,NONE,,,,,,,Stornare avans servicii conform: contract 134/14.12.2018 Stornare avans servicii conform: contract 134/14.12.2018 Factura BT.BIT 88/25.02.2019(3060 euro+TVA la ,1,org exact; 1 activities but no signal matched,[],
accounting:BT.BIT 99,BT.BIT 99,BCR ASIGURARI DE VIATA VIENNA INSURANCE GROUP SA,none,2019-03-12,RON,,11250,63612.05,UNRESOLVED,NONE,,,,,,,"SERVICII CONFORM CONTRACT 136/14.12.2018 SERVICII CONFORM CONTRACT 136/14.12.2018 11250 euro+TVA la cursul BNR de 4,7516 lei din 11.03.2019",0,org not found in tracker,[],
accounting:BT.BIT 100,BT.BIT 100,VIG MANAGEMENT SERVICE SRL,exact,2019-03-12,RON,,7650,43256.19,UNRESOLVED,NONE,,,,,,,"Servicii conform: contract 134/14.12.2018 Servicii conform: contract 134/14.12.2018 7650 euro + tva la cursul BNR de 4,7516 lei din 11.03.2019",1,org exact; 1 activities but no signal matched,[],
accounting:BT.BIT 101,BT.BIT 101,CONNECTIONS CONSULT SRL,none,2019-04-01,RON,,,8925,UNRESOLVED,NONE,,,,,,,SERVICII CONFORM ACT ADITIONAL NR.1 SERVICII CONFORM ACT ADITIONAL NR.1 LA CONTRACTUL NR.130/26.09.2018,0,org not found in tracker,[],
accounting:BT.BIT 102,BT.BIT 102,RATIONAL SOFTWARE CONSULTING SRL,none,2019-04-01,RON,,1200,6800.85,UNRESOLVED,NONE,,,,,,,SERVICII CONFORM ACT ADITIONAL NR.1/21.01.2019 SERVICII CONFORM ACT ADITIONAL NR.1/21.01.2019 LA CONTRACTUL NR.129/13.09.2018 ( 1200 EURO+TVA),0,org not found in tracker,[],
accounting:BT.BIT 103,BT.BIT 103,JAXABLE SRL,exact,2019-04-10,RON,avans,1400,7931.99,SCORED,LOW,RED-PEN-B-E-B-17,30.4.2025,,2025,BSS,servicii de pentest,SERVICII CONFORM CONTRACT 145/01.04.2019 SERVICII CONFORM CONTRACT 145/01.04.2019 Avans 40%( 1400 euro+TVA),2,org exact; score=2 margin=0 on []; 1 distinct part# near top; avans,"[{""pn"":""RED-PEN-B-E-B-17"",""score"":2,""on"":[],""ref"":""30.4.2025"",""desc"":""servicii de pentest""},{""pn"":""RED-PEN-B-E-B-17"",""score"":2,""on"":[],""ref"":""30.4.2025"",""desc"":""servicii de pentest""}]",
accounting:BT.BIT 104,BT.BIT 104,NETOPIA SRL,none,2019-04-11,RON,,3150,17841.3,UNRESOLVED,NONE,,,,,,,SERVICII CONFORM CONTRACT 115/20.02.2019 SERVICII CONFORM CONTRACT 115/20.02.2019 Act aditiuonal nr.1 din 25/03.2019( 3150 euro+TVA),0,org not found in tracker,[],
accounting:BT.BIT 105,BT.BIT 105,TYPINGDNA SRL,exact,2019-04-11,RON,,100,566.3,SCORED,LOW,RED-PEN-B-E-B-30,No. 300/18.6.2024,,2024,BSS,servicii de pentest,SERVICII CONFORM CONTRACT 144/05.03.2019 SERVICII CONFORM CONTRACT 144/05.03.2019 100 euro+TVA,1,org exact; score=2 margin=2 on []; 1 distinct part# near top,"[{""pn"":""RED-PEN-B-E-B-30"",""score"":2,""on"":[],""ref"":""No. 300/18.6.2024"",""desc"":""servicii de pentest""}]",
accounting:BT.BIT 107,BT.BIT 107,ASIGURAREA ROMANEASCA - ASIROM VIENNA INSURANCE GROUP SA,none,2019-04-17,RON,storno,6300,53512.47,UNRESOLVED,NONE,,,,,,,"AVANS SERVICII CONFOR CONTRACT NR.135/14.12.2018 AVANS SERVICII CONFOR CONTRACT NR.135/14.12.2018 Stornare avans 6300 euro +TVA la cursul BNR de 4,7619 lei din ",0,org not found in tracker,[],
accounting:BT.BIT 108,BT.BIT 108,RATIONAL SOFTWARE CONSULTING SRL,none,2019-05-03,RON,,1200,6791.76,UNRESOLVED,NONE,,,,,,,SERVICII CONFORM ACT ADITIONAL NR.1/21.01.2019 SERVICII CONFORM ACT ADITIONAL NR.1/21.01.2019 LA CONTRACTUL NR.129/13.09.2018 ( 1200 EURO+TVA),0,org not found in tracker,[],
accounting:BT.BIT 109,BT.BIT 109,CONNECTIONS CONSULT SRL,none,2019-05-03,RON,,,8925,UNRESOLVED,NONE,,,,,,,SERVICII CONFORM ACT ADITIONAL NR.1 SERVICII CONFORM ACT ADITIONAL NR.1 LA CONTRACTUL NR.130/26.09.2018,0,org not found in tracker,[],
accounting:BT.BIT 110,BT.BIT 110,KEYSIGHT TECHNOLOGIES RO SRL,exact,2019-05-28,RON,,,44183.25,SCORED,LOW,KS-MM-RD-2,236Bis/25.04.2019,,2019,BSS,RECURRENT INFORMATION SECURITY SERVICES,Penetration testing and consultancy services Penetration testing and consultancy services Supplier Number 158762/22.05.2019( EUR 9.282 TOTAL CU TVA) Purchase Or,25,org exact; score=16 margin=0 on [data final (3d)]; 1 distinct part# near top,"[{""pn"":""KS-MM-RD-2"",""score"":16,""on"":[""data final (3d)""],""ref"":""236Bis/25.04.2019"",""desc"":""RECURRENT INFORMATION SECURITY SERVICES""},{""pn"":""KS-MM-RD-2"",""score"":16,""on"":[""data final (10d)""],""ref"":""236Bis/25.04.2019"",""desc"":""RECURRENT INFORMATION SECURITY SERVICES""},{""pn"":""KS-MM-RD-2"",""score"":9,""on"":[""data final (70d)""],""ref"":""236Bis/25.04.2019"",""desc"":""RECURRENT INFORMATION SECURITY SERVICES""}]",
accounting:BT.BIT 111,BT.BIT 111,AVAELGO SRL,none,2019-05-28,RON,,11500,65141.97,UNRESOLVED,NONE,,,,,,,SERVICII CONFORM CONTRACT NR. 598/11.09.2017 - Anexa 2 SERVICII CONFORM CONTRACT NR. 598/11.09.2017 - Anexa 2 11.500 euro +TVA,0,org not found in tracker,[],
accounting:BT.BIT 113,BT.BIT 113,ORANGE ROMANIA SA,exact,2019-05-30,RON,,,109168.33,SCORED,LOW,ORO-TEM-DEV-300,PO 40372191,,2019,BSS,dezvoltari tem,Adaugare/imbunatatire functionalitati BIS Threatmap Adaugare/imbunatatire functionalitati BIS Threatmap Nr Notificare C63274 ;Nr PO/Release 40372191; Data Livra,13,org exact; score=15 margin=10 on [data final (0d)]; 2 distinct part# near top,"[{""pn"":""ORO-TEM-DEV-300"",""score"":15,""on"":[""data final (0d)""],""ref"":""PO 40372191"",""desc"":""dezvoltari tem""},{""pn"":""BLUE-IR-100"",""score"":5,""on"":[""data final (153d)""],""ref"":""PO 40360300"",""desc"":""data breach""},{""pn"":""ORO-TEM-DEV-50"",""score"":4,""on"":[],""ref"":""PO 40298463"",""desc"":""Adaugare/imbunatatire\nfunctionalitati pentru\nplatforma BIS T""}]",
accounting:BT.BIT 114,BT.BIT 114,RATIONAL SOFTWARE CONSULTING SRL,none,2019-06-03,RON,,1200,6775.86,UNRESOLVED,NONE,,,,,,,SERVICII CONFORM CONTRACT NR. 139/13.09.2018 SERVICII CONFORM CONTRACT NR. 139/13.09.2018 1200 euro+TVA la cursul BNR,0,org not found in tracker,[],
accounting:BT.BIT 115,BT.BIT 115,CONNECTIONS CONSULT SRL,none,2019-06-03,RON,,,8925,UNRESOLVED,NONE,,,,,,,SERVICII CONFORM ACT ADITIONAL NR.1 SERVICII CONFORM ACT ADITIONAL NR.1 LA CONTRACTUL NR.130/26.09.2018,0,org not found in tracker,[],
accounting:BT.BIT 116,BT.BIT 116,SMS HIGHWAY SRL,none,2019-06-05,RON,avans,2360,13282.33,UNRESOLVED,NONE,,,,,,,AVANS 40% CONFORM CONTRACT 146 DIN 30.05.2019 AVANS 40% CONFORM CONTRACT 146 DIN 30.05.2019 2360 euro + TVA,0,org not found in tracker,[],
accounting:BT.BIT 117,BT.BIT 117,JAXABLE SRL,exact,2019-06-06,RON,storno,1400,11719.73,SCORED,LOW,RED-PEN-B-E-B-17,30.4.2025,,2025,BSS,servicii de pentest,STORNO FACTURA BT.BIT 103/10.04.2019 STORNO FACTURA BT.BIT 103/10.04.2019 Avans 40%( 1400 euro+TVA) | SERVICII CONFORM CONTRACT 145/01.04.2019 | SERVICII CONFOR,2,org exact; score=1 margin=0 on []; 1 distinct part# near top; storno,"[{""pn"":""RED-PEN-B-E-B-17"",""score"":1,""on"":[],""ref"":""30.4.2025"",""desc"":""servicii de pentest""},{""pn"":""RED-PEN-B-E-B-17"",""score"":1,""on"":[],""ref"":""30.4.2025"",""desc"":""servicii de pentest""}]","[{""service"":""SERVICII CONFORM CONTRACT 145/01.04.2019 | SERVICII CONFORM "",""partNumber"":""RED-PEN-B-E-B-17"",""score"":2,""on"":[]}]"
accounting:BT.BIT 118,BT.BIT 118,KEYSIGHT TECHNOLOGIES RO SRL,exact,2019-06-07,RON,,13200,74115.06,SCORED,LOW,KS-MM-RD-2,236Bis/25.04.2019,final,2019,BSS,RECURRENT INFORMATION SECURITY SERVICES,Penetration testing and consultancy services Penetration testing and consultancy services 13200 euro+2508 euro TVA la cursul BNR: Purchase Order Number906800044,26,"org exact; score=39 margin=8 on [amount~final, data final (89d)]; 1 distinct part# near top","[{""pn"":""KS-MM-RD-2"",""score"":39,""on"":[""amount~final"",""data final (89d)""],""ref"":""236Bis/25.04.2019"",""desc"":""RECURRENT INFORMATION SECURITY SERVICES""},{""pn"":""KS-MM-RD-2"",""score"":31,""on"":[""amount~final"",""data final (119d)""],""ref"":""236Bis/25.04.2019"",""desc"":""RECURRENT INFORMATION SECURITY SERVICES""},{""pn"":""KS-MM-RD-2"",""score"":26,""on"":[""amount~final"",""data final (335d)""],""ref"":""NO. 1 OF 02.06.2020"",""desc"":""RECURRENT INFORMATION SECURITY SERVICES""}]",
accounting:BT.BIT 119,BT.BIT 119,CREATIVE MEDIA DEVELOPMENT SRL,none,2019-06-10,RON,,650,3650.15,UNRESOLVED,NONE,,,,,,,SERVICII CONFORM CONTRACT 112/29.01.2018 SERVICII CONFORM CONTRACT 112/29.01.2018 650 euro +TVA la cursul BNR,0,org not found in tracker,[],
accounting:BT.BIT 120,BT.BIT 120,CREATIVE MEDIA DEVELOPMENT SRL,none,2019-06-10,RON,,5500,30885.85,UNRESOLVED,NONE,,,,,,,SERVICII CONFORM CONTRACT NR. 112/ 29.01.2018 SERVICII CONFORM CONTRACT NR. 112/ 29.01.2018 5500 euro+TVA la cursul BNR,0,org not found in tracker,[],
accounting:BT.BIT 121,BT.BIT 121,ZIPPER SERVICES SRL,exact,2019-06-10,RON,storno,1350,7544.77,DETERMINISTIC,HIGH,RED-GDPR-5,NR.142/18.02.2019,,2019,BSS,romfilatelia gdpr,STORNARE AVANS SERVICII FACTURA 94 STORNARE AVANS SERVICII FACTURA 94 1350 EURO+TVA reprezentand 50% Storneaza factura BT.BIT 94 din 28.02.2019 | SERVICII CONFO,1,org exact; unique part# via contract 142; storno,"[{""pn"":""RED-GDPR-5"",""score"":100,""on"":[""contract#""],""ref"":""NR.142/18.02.2019"",""desc"":""romfilatelia gdpr""}]",
accounting:BT.BIT 122,BT.BIT 122,SMS HIGHWAY SRL,none,2019-06-25,RON,storno,2360,-11161.62,UNRESOLVED,NONE,,,,,,,Stornare AVANS 40% CONFORM CONTRACT 146 DIN 30.05.2019 Stornare AVANS 40% CONFORM CONTRACT 146 DIN 30.05.2019 2360 euro + TVA Storneaza factura BT.BIT 116 din 0,0,org not found in tracker,[],
accounting:BT.BIT 123,BT.BIT 123,SMS HIGHWAY SRL,none,2019-06-25,RON,,5900,33142.63,UNRESOLVED,NONE,,,,,,,SERVICII CONFORM CONTRACT NR. 146/ 30.05.2019 SERVICII CONFORM CONTRACT NR. 146/ 30.05.2019 5900 euro +TVA la cursul BNR,0,org not found in tracker,[],
accounting:BT.BIT 124,BT.BIT 124,WHITE IMAGE LOYALTY SRL,exact,2019-06-25,RON,avans,3000,16852.19,SCORED,MEDIUM,RED-PEN-B-E-B-10,CONTRACT-CADRU DE PRESTARI SERVICII NR. 367/14.10.2025,avans,2025,BSS,servicii de pentest,AVANS SERVICII CONFORM CONTRACT NR. 12/ 03.06.2019 AVANS SERVICII CONFORM CONTRACT NR. 12/ 03.06.2019 avans 3000 euro+TVA la cursul BNR,1,org exact; score=30 margin=30 on [amount~avans]; 1 distinct part# near top; avans,"[{""pn"":""RED-PEN-B-E-B-10"",""score"":30,""on"":[""amount~avans""],""ref"":""CONTRACT-CADRU DE PRESTARI SERVICII NR. "",""desc"":""servicii de pentest""}]",
accounting:BT.BIT 125,BT.BIT 125,CONNECTIONS CONSULT SRL,none,2019-07-01,RON,,,8925,UNRESOLVED,NONE,,,,,,,SERVICII CONFORM ACT ADITIONAL NR.1 SERVICII CONFORM ACT ADITIONAL NR.1 LA CONTRACTUL NR.130/26.09.2018,0,org not found in tracker,[],
accounting:BT.BIT 126,BT.BIT 126,RATIONAL SOFTWARE CONSULTING SRL,none,2019-07-02,RON,,1200,6758.44,UNRESOLVED,NONE,,,,,,,SERVICII CONFORM CONTRACT NR. 139/13.09.2018 SERVICII CONFORM CONTRACT NR. 139/13.09.2018 1200 euro+TVA la cursul BNR,0,org not found in tracker,[],
accounting:BT.BIT 127,BT.BIT 127,KEYSIGHT TECHNOLOGIES RO SRL,exact,2019-08-06,RON,,12000,67505.84,SCORED,MEDIUM,KS-MM-RD-2,236Bis/25.04.2019,final,2019,BSS,RECURRENT INFORMATION SECURITY SERVICES,Penetration testing and consultancy services Penetration testing and consultancy services 12000 EURO+TVA la cursul BNR Purchase Order Number 9068000502,25,"org exact; score=46 margin=15 on [amount~final, data final (0d)]; 1 distinct part# near top","[{""pn"":""KS-MM-RD-2"",""score"":46,""on"":[""amount~final"",""data final (0d)""],""ref"":""236Bis/25.04.2019"",""desc"":""RECURRENT INFORMATION SECURITY SERVICES""},{""pn"":""KS-MM-RD-2"",""score"":31,""on"":[""amount~final"",""data final (59d)""],""ref"":""236Bis/25.04.2019"",""desc"":""RECURRENT INFORMATION SECURITY SERVICES""},{""pn"":""KS-MM-RD-2"",""score"":31,""on"":[""amount~total""],""ref"":""NO. 5 OF 04.10.2023"",""desc"":""RECURRENT INFORMATION SECURITY SERVICES""}]",
accounting:BT.BIT 128,BT.BIT 128,CONNECTIONS CONSULT SRL,none,2019-07-31,RON,storno,,8925,UNRESOLVED,NONE,,,,,,,SERVICII CONFORM ACT ADITIONAL NR.1 SERVICII CONFORM ACT ADITIONAL NR.1 LA CONTRACTUL NR.130/26.09.2018 | STORNARE AVANS SERVICII CONFORM CONTRACT NR. 12/ 03.06,0,org not found in tracker,[],
accounting:BT.BIT 129,BT.BIT 129,RATIONAL SOFTWARE CONSULTING SRL,none,2019-08-01,RON,storno,1200,6759.5,UNRESOLVED,NONE,,,,,,,SERVICII CONFORM CONTRACT NR. 139/13.09.2018 SERVICII CONFORM CONTRACT NR. 139/13.09.2018 1200 euro+TVA la cursul BNR | STORNARE AVANS SERVICII FACTURA 94 | STO,0,org not found in tracker,[],
accounting:BT.BIT 130,BT.BIT 130,ZIPPER SERVICES SRL,exact,2019-08-13,RON,storno,,7544.77,DETERMINISTIC,HIGH,RED-GDPR-5,NR.142/18.02.2019,,2019,BSS,romfilatelia gdpr,STORNARE AVANS SERVICII FACTURA 94 STORNARE AVANS SERVICII FACTURA 94 STORNARE AVANS SERVICII FACTURA 94 | SERVICII CONFORM CONTRACT NR.142/18.02.2019 | SERVICI,1,org exact; unique part# via contract 142; storno,"[{""pn"":""RED-GDPR-5"",""score"":100,""on"":[""contract#""],""ref"":""NR.142/18.02.2019"",""desc"":""romfilatelia gdpr""}]",
accounting:BT.BIT 131,BT.BIT 131,RESTART ENERGY DEMOCRACY S.R.L.,exact,2019-08-19,RON,avans,5400,30378.27,DETERMINISTIC,HIGH,RED-PEN-S-WB-1,147/14.08.2019,,2019,BSS,pentest aplicatie,AVANS 40% CONFORM CONTRACT 147/14.08.2019 AVANS 40% CONFORM CONTRACT 147/14.08.2019 5400 euro+TVA la cursul BNR,1,org exact; unique part# via contract 147; avans,"[{""pn"":""RED-PEN-S-WB-1"",""score"":100,""on"":[""contract#""],""ref"":""147/14.08.2019"",""desc"":""pentest aplicatie""}]",
accounting:BT.BIT 132,BT.BIT 132,CREATIVE MEDIA DEVELOPMENT SRL,none,2019-08-28,RON,,650,3659.04,UNRESOLVED,NONE,,,,,,,SERVICII CONFORM CONTRACT 112/29.01.2018 SERVICII CONFORM CONTRACT 112/29.01.2018 servicii conform anexa pentru luna august 2019(650 EURO+tva),0,org not found in tracker,[],
accounting:BT.BIT 136,BT.BIT 136,KEYSIGHT TECHNOLOGIES RO SRL,exact,2019-09-04,RON,,13200,74262.71,SCORED,MEDIUM,KS-MM-RD-2,236Bis/25.04.2019,final,2019,BSS,RECURRENT INFORMATION SECURITY SERVICES,Penetration testing and consultancy services For July 2019 Penetration testing and consultancy services For July 2019 PURCHASE ORDER 9068000521(13200 euro+TVA l,26,"org exact; score=46 margin=8 on [amount~final, data final (0d)]; 1 distinct part# near top","[{""pn"":""KS-MM-RD-2"",""score"":46,""on"":[""amount~final"",""data final (0d)""],""ref"":""236Bis/25.04.2019"",""desc"":""RECURRENT INFORMATION SECURITY SERVICES""},{""pn"":""KS-MM-RD-2"",""score"":38,""on"":[""amount~final"",""data final (30d)""],""ref"":""236Bis/25.04.2019"",""desc"":""RECURRENT INFORMATION SECURITY SERVICES""},{""pn"":""KS-MM-RD-2"",""score"":28,""on"":[""amount~final"",""data final (29d)""],""ref"":""236Bis/25.04.2019"",""desc"":""RECURRENT INFORMATION SECURITY SERVICES""}]",
accounting:BT.BIT 134,BT.BIT 134,RATIONAL SOFTWARE CONSULTING SRL,none,2019-09-02,RON,,1200,6744.44,UNRESOLVED,NONE,,,,,,,SERVICII CONFORM CONTRACT NR. 129/13.09.2018 SERVICII CONFORM CONTRACT NR. 129/13.09.2018 1200 euro+TVA la cursul BNR,0,org not found in tracker,[],
accounting:BT.BIT 135,BT.BIT 135,CONNECTIONS CONSULT SRL,none,2019-09-02,RON,,,8925,UNRESOLVED,NONE,,,,,,,SERVICII CONFORM ACT ADITIONAL NR.1 SERVICII CONFORM ACT ADITIONAL NR.1 LA CONTRACTUL NR.130/26.09.2018,0,org not found in tracker,[],
accounting:BT.BIT 137,BT.BIT 137,DOCTOR-COMPUTER ASSISTED REMOTE MEDICAL & EMERGENCY NETWORK S.R.,none,2019-09-17,RON,avans,2000,11266.92,UNRESOLVED,NONE,,,,,,,SERVICII CONFORM CONTRACT NR. 148/ 02.09.2019 SERVICII CONFORM CONTRACT NR. 148/ 02.09.2019 Avans 50%( 2000 euro+TVA la cursul BNR),0,org not found in tracker,[],
accounting:BT.BIT 138,BT.BIT 138,CONNECTIONS CONSULT SRL,none,2019-09-30,RON,,,8925,UNRESOLVED,NONE,,,,,,,SERVICII CONFORM ACT ADITIONAL NR.1 SERVICII CONFORM ACT ADITIONAL NR.1 LA CONTRACTUL NR.130/26.09.2018,0,org not found in tracker,[],
accounting:BT.BIT 139,BT.BIT 139,RATIONAL SOFTWARE CONSULTING SRL,none,2019-10-01,RON,,1200,6784.71,UNRESOLVED,NONE,,,,,,,SERVICII CONFORM CONTRACT NR. 129/13.09.2018 SERVICII CONFORM CONTRACT NR. 129/13.09.2018 Act aditional nr.1 din 21.01.2019( 1200 euro+TVA la cursul BNR),0,org not found in tracker,[],
accounting:BT.BIT 140,BT.BIT 140,DOCTOR-COMPUTER ASSISTED REMOTE MEDICAL & EMERGENCY NETWORK S.R.,none,2019-10-01,RON,storno,2000,-9468,UNRESOLVED,NONE,,,,,,,SERVICII CONFORM CONTRACT NR. 148/ 02.09.2019 SERVICII CONFORM CONTRACT NR. 148/ 02.09.2019 stornare avans 50%( 2000 euro+TVA la cursul BNR) Storneaza factura B,0,org not found in tracker,[],
accounting:BT.BIT 141,BT.BIT 141,DOCTOR-COMPUTER ASSISTED REMOTE MEDICAL & EMERGENCY NETWORK S.R.,none,2019-10-01,RON,,4000,22615.71,UNRESOLVED,NONE,,,,,,,SERVICII CONFORM CONTRACT NR. 148/ 29.01.2018 SERVICII CONFORM CONTRACT NR. 148/ 29.01.2018 4000 euro+TVA la cursul BNR,0,org not found in tracker,[],
accounting:BT.BIT 142,BT.BIT 142,KEYSIGHT TECHNOLOGIES RO SRL,exact,2019-10-04,RON,,12600,71239.49,SCORED,MEDIUM,KS-MM-RD-2,236Bis/25.04.2019,final,2019,BSS,RECURRENT INFORMATION SECURITY SERVICES,Penetration Testing Consulting Services For August 2019 Penetration Testing Consulting Services For August 2019 Purchase Order Number 9068000559; Supplier Numbe,25,"org exact; score=46 margin=8 on [amount~final, data final (0d)]; 1 distinct part# near top","[{""pn"":""KS-MM-RD-2"",""score"":46,""on"":[""amount~final"",""data final (0d)""],""ref"":""236Bis/25.04.2019"",""desc"":""RECURRENT INFORMATION SECURITY SERVICES""},{""pn"":""KS-MM-RD-2"",""score"":38,""on"":[""amount~final"",""data final (30d)""],""ref"":""236Bis/25.04.2019"",""desc"":""RECURRENT INFORMATION SECURITY SERVICES""},{""pn"":""KS-MM-RD-2"",""score"":31,""on"":[""amount~final"",""data final (59d)""],""ref"":""236Bis/25.04.2019"",""desc"":""RECURRENT INFORMATION SECURITY SERVICES""}]",
accounting:BT.BIT 146,BT.BIT 146,KEYSIGHT TECHNOLOGIES RO SRL,exact,2019-10-30,RON,,,50871.43,SCORED,LOW,KS-MM-RD-2,236Bis/25.04.2019,,2019,BSS,RECURRENT INFORMATION SECURITY SERVICES,Penetration Testing Consulting Services For September 2019 Penetration Testing Consulting Services For September 2019 Purchase Order Number 9068000593,26,org exact; score=17 margin=0 on [data final (26d)]; 1 distinct part# near top,"[{""pn"":""KS-MM-RD-2"",""score"":17,""on"":[""data final (26d)""],""ref"":""236Bis/25.04.2019"",""desc"":""RECURRENT INFORMATION SECURITY SERVICES""},{""pn"":""KS-MM-RD-2"",""score"":17,""on"":[""data final (0d)""],""ref"":""236Bis/25.04.2019"",""desc"":""RECURRENT INFORMATION SECURITY SERVICES""},{""pn"":""KS-MM-RD-2"",""score"":10,""on"":[""data final (85d)""],""ref"":""236Bis/25.04.2019"",""desc"":""RECURRENT INFORMATION SECURITY SERVICES""}]",
accounting:BT.BIT 143,BT.BIT 143,RESTART ENERGY DEMOCRACY S.R.L.,exact,2019-10-04,RON,storno,5400,45903.17,DETERMINISTIC,HIGH,RED-PEN-S-WB-1,147/14.08.2019,,2019,BSS,pentest aplicatie,AVANS 40% CONFORM CONTRACT 147/14.08.2019 -STORNARE AVANS 40% CONFORM CONTRACT 147/14.08.2019 -STORNARE 5400 euro+TVA la cursul BNR -STORNARE Storneaza factura ,1,org exact; unique part# via contract 147; storno,"[{""pn"":""RED-PEN-S-WB-1"",""score"":100,""on"":[""contract#""],""ref"":""147/14.08.2019"",""desc"":""pentest aplicatie""}]",
accounting:BT.BIT 144,BT.BIT 144,VIG MANAGEMENT SERVICE SRL,exact,2019-10-15,RON,,4000,22621.42,UNRESOLVED,NONE,,,,,,,SERVICII CONFORM CONTRACT NR.134/14.12.2018 SERVICII CONFORM CONTRACT NR.134/14.12.2018 4000 euro +TVA la cursul BNR,1,org exact; 1 activities but no signal matched,[],
accounting:BT.BIT 145,BT.BIT 145,ORANGE ROMANIA SA,exact,2019-10-20,RON,,7600,142045.02,SCORED,LOW,ORO-TEM-SUPPORT-50-12,PO00051313,final,2024,BSS,PO00051313,BSS ROHACKED BSS ROHACKED Notificare No C69657 ; Livrare pentru PO 40386738( 7.600 euro +TVA la cursul BNR) | DEKENEAS APT HUNTER | DEKENEAS APT HUNTER | Notifi,18,org exact; score=22 margin=0 on [amount~final]; 5 distinct part# near top,"[{""pn"":""ORO-TEM-SUPPORT-50-12"",""score"":22,""on"":[""amount~final""],""ref"":""PO00051313"",""desc"":""PO00051313""},{""pn"":""ORO-TEM-SUPPORT-50-4"",""score"":22,""on"":[""amount~final""],""ref"":""PO00032588"",""desc"":""extra suport 2023 rocsc/oni""},{""pn"":""ORO-TEM-L-10000"",""score"":15,""on"":[""data final (4d)""],""ref"":""PO 40386738"",""desc"":""licente tem 2020""}]","[{""service"":""BSS ROHACKED | BSS ROHACKED | Notificare No C69657 ; Livrare"",""partNumber"":""ORO-TEM-SUPPORT-50-12"",""score"":22,""on"":[""amount~final""]},{""service"":""DEKENEAS APT HUNTER | DEKENEAS APT HUNTER | Notificare No C6"",""partNumber"":""ORO-TEM-DEV-100"",""score"":30,""on"":[""amount~final""]},{""service"":""DEZVOLTARI NEPREVAZUTE | DEZVOLTARI NEPREVAZUTE | Notificare"",""partNumber"":""BLUE-IR-OC-6"",""score"":30,""on"":[""amount~avans""]}]"
accounting:BT.BIT 147,BT.BIT 147,RATIONAL SOFTWARE CONSULTING SRL,none,2019-11-01,RON,,1200,6789.43,UNRESOLVED,NONE,,,,,,,SERVICII CONFORM CONTRACT NR. 129/13.09.2018 SERVICII CONFORM CONTRACT NR. 129/13.09.2018 Act aditional nr.1 din 21.01.2019( 1200 euro+TVA la cursul BNR),0,org not found in tracker,[],
accounting:BT.BIT 148,BT.BIT 148,CONNECTIONS CONSULT SRL,none,2019-11-03,RON,,,8925,UNRESOLVED,NONE,,,,,,,SERVICII CONFORM ACT ADITIONAL NR.1 SERVICII CONFORM ACT ADITIONAL NR.1 LA CONTRACTUL NR.130/26.09.2018,0,org not found in tracker,[],
accounting:BT.BIT 149,BT.BIT 149,ORANGE ROMANIA SA,exact,2019-11-29,RON,,13000,350822.44,SCORED,LOW,ORO-TEM-L-10000,PO 40451579,final,2021,BSS,licente tem 2021,BSS E-mail Data Breach Monitoring BSS E-mail Data Breach Monitoring 13000 euro la cursul BNR( PO num/Release 40386738 Nr Receptie 157158) | BSS E-mail Data Brea,19,org exact; score=30 margin=8 on [amount~final]; 4 distinct part# near top,"[{""pn"":""ORO-TEM-L-10000"",""score"":30,""on"":[""amount~final""],""ref"":""PO 40451579"",""desc"":""licente tem 2021""},{""pn"":""RED-MISC-10"",""score"":22,""on"":[""amount~final""],""ref"":""PO 40448315"",""desc"":""teste de tip pentest stress test""},{""pn"":""ORO-TEM-DEV-300"",""score"":22,""on"":[""amount~final""],""ref"":""PO 40481119"",""desc"":""mix""}]","[{""service"":""BSS E-mail Data Breach Monitoring | BSS E-mail Data Breach M"",""partNumber"":""ORO-TEM-L-10000"",""score"":30,""on"":[""amount~final""]},{""service"":""BSS E-mail Data Breach Monitoring | BSS E-mail Data Breach M"",""partNumber"":""ORO-TEM-DEV-100"",""score"":30,""on"":[""amount~final""]},{""service"":""BSS IP/Domain Reputation Scanner | BSS IP/Domain Reputation "",""partNumber"":""RED-PEN-B-I-B-20"",""score"":22,""on"":[""amount~final""]},{""service"":""BSS RBL Scanner | BSS RBL Scanner | 5000 euro la cursul BNR("",""partNumber"":""PHISH-P-L-MM-F-250-3"",""score"":22,""on"":[""amount~final""]},{""service"":""BSS SSL Vulnerability Scanner | BSS SSL Vulnerability Scanne"",""partNumber"":""PHISH-P-L-MM-F-250-3"",""score"":22,""on"":[""amount~final""]},{""service"":""Imbunatatirea Cockpit | Imbunatatirea Cockpit | 18000 euro l"",""partNumber"":""CYBEREDU-MISC"",""score"":25,""on"":[""amount~final"",""data final (248d)""]}]"
accounting:BT.BIT 151,BT.BIT 151,CONNECTIONS CONSULT SRL,none,2019-12-01,RON,,,8925,UNRESOLVED,NONE,,,,,,,SERVICII CONFORM CNTRACT SERVICII CONFORM CNTRACT,0,org not found in tracker,[],
accounting:BT.BIT 152,BT.BIT 152,RATIONAL SOFTWARE CONSULTING SRL,none,2019-12-02,RON,,1200,6822.56,UNRESOLVED,NONE,,,,,,,SERVICII CONFORM CONTRACT NR. 129/13.09.2018 SERVICII CONFORM CONTRACT NR. 129/13.09.2018 Act aditional nr.1 din 21.01.2019( 1200 euro+TVA la cursul BNR),0,org not found in tracker,[],
accounting:BT.BIT 153,BT.BIT 153,KEYSIGHT TECHNOLOGIES RO SRL,exact,2019-12-04,RON,,,78465.96,SCORED,LOW,KS-MM-RD-2,236Bis/25.04.2019,,2019,BSS,RECURRENT INFORMATION SECURITY SERVICES,Penetration testing services for October 2019 Penetration testing services for October 2019 Purchase Order Number 9068000638 Supplier Number 158762,26,org exact; score=17 margin=0 on [data final (12d)]; 1 distinct part# near top,"[{""pn"":""KS-MM-RD-2"",""score"":17,""on"":[""data final (12d)""],""ref"":""236Bis/25.04.2019"",""desc"":""RECURRENT INFORMATION SECURITY SERVICES""},{""pn"":""KS-MM-RD-2"",""score"":17,""on"":[""data final (12d)""],""ref"":""236Bis/25.04.2019"",""desc"":""RECURRENT INFORMATION SECURITY SERVICES""},{""pn"":""KS-MM-RD-2"",""score"":17,""on"":[""data final (12d)""],""ref"":""236Bis/25.04.2019"",""desc"":""RECURRENT INFORMATION SECURITY SERVICES""}]",
accounting:BT.BIT 154,BT.BIT 154,CREATIVE MEDIA DEVELOPMENT SRL,none,2019-12-09,RON,,650,3695.55,UNRESOLVED,NONE,,,,,,,SERVICII CONFORM ANEXA 5 LA CONTRACT 112/29.01.2018 SERVICII CONFORM ANEXA 5 LA CONTRACT 112/29.01.2018 SERVICII DE EVALUARE VULNERABILITATII RETEA INTERNA -650,0,org not found in tracker,[],
accounting:BT.BIT 155,BT.BIT 155,KEYSIGHT TECHNOLOGIES RO SRL,exact,2019-12-16,RON,,10800,61403,SCORED,MEDIUM,KS-MM-RD-2,236Bis/25.04.2019,final,2019,BSS,RECURRENT INFORMATION SECURITY SERVICES,Penetration testing services for December 2019 Penetration testing services for December 2019 10800 euro+ TVA la cursul BNR Purchase Order Number 9068000649,26,"org exact; score=46 margin=15 on [amount~final, data final (0d)]; 1 distinct part# near top","[{""pn"":""KS-MM-RD-2"",""score"":46,""on"":[""amount~final"",""data final (0d)""],""ref"":""236Bis/25.04.2019"",""desc"":""RECURRENT INFORMATION SECURITY SERVICES""},{""pn"":""KS-MM-RD-2"",""score"":31,""on"":[""amount~final""],""ref"":""NO. 5 OF 04.10.2023"",""desc"":""RECURRENT INFORMATION SECURITY SERVICES""},{""pn"":""KS-MM-RD-2"",""score"":16,""on"":[""amount~final"",""data final (132d)""],""ref"":""236Bis/25.04.2019"",""desc"":""RECURRENT INFORMATION SECURITY SERVICES""}]",
accounting:BT.BIT 156,BT.BIT 156,KEYSIGHT TECHNOLOGIES RO SRL,exact,2019-12-16,RON,,9600,54580.44,SCORED,MEDIUM,KS-MM-RD-2,236Bis/25.04.2019,final,2019,BSS,RECURRENT INFORMATION SECURITY SERVICES,Penetration testing services for November 2019 Penetration testing services for November 2019 9600 euro+TVA la cursul BNR Purchase Order Number 9068000648,26,"org exact; score=46 margin=15 on [amount~final, data final (0d)]; 1 distinct part# near top","[{""pn"":""KS-MM-RD-2"",""score"":46,""on"":[""amount~final"",""data final (0d)""],""ref"":""236Bis/25.04.2019"",""desc"":""RECURRENT INFORMATION SECURITY SERVICES""},{""pn"":""KS-MM-RD-2"",""score"":31,""on"":[""amount~final"",""data final (47d)""],""ref"":""236Bis/25.04.2019"",""desc"":""RECURRENT INFORMATION SECURITY SERVICES""},{""pn"":""KS-MM-RD-2"",""score"":28,""on"":[""amount~final"",""data final (0d)""],""ref"":""236Bis/25.04.2019"",""desc"":""RECURRENT INFORMATION SECURITY SERVICES""}]",
accounting:BT.BIT 157,BT.BIT 157,ASIGURAREA ROMANEASCA - ASIROM VIENNA INSURANCE GROUP SA,none,2019-12-11,RON,,5670,32248.05,UNRESOLVED,NONE,,,,,,,SERVICII CONFORM anexa 4 contract 135/14.12.2018 SERVICII CONFORM anexa 4 contract 135/14.12.2018 5670 euro+TVA la cursul BNR,0,org not found in tracker,[],
accounting:BT.BIT 158,BT.BIT 158,BCR ASIGURARI DE VIATA VIENNA INSURANCE GROUP SA,none,2019-12-11,RON,,4050,23034.32,UNRESOLVED,NONE,,,,,,,SERVICII CONFORM anexa 4 la contract 136/14.12.2018 SERVICII CONFORM anexa 4 la contract 136/14.12.2018 4050 euro +TVA la cursul BNR,0,org not found in tracker,[],
accounting:BT.BIT 159,BT.BIT 159,OMNIASIG VIENNA INSURANCE GROUP S.A.,none,2019-12-11,RON,,4050,23034.32,UNRESOLVED,NONE,,,,,,,SERVICII CONFORM anexa 3 la contract Nr. 139/14.01.2019 SERVICII CONFORM anexa 3 la contract Nr. 139/14.01.2019 4050 euro +TVA la cursul BNR,0,org not found in tracker,[],
accounting:BT.BIT 160,BT.BIT 160,VIG MANAGEMENT SERVICE SRL,exact,2019-12-11,RON,,2754,15663.34,UNRESOLVED,NONE,,,,,,,SERVICII CONFORM anexa 4 la contract Nr 134/14.12.2018 SERVICII CONFORM anexa 4 la contract Nr 134/14.12.2018 2754 euro+TVA la cursul BNR,1,org exact; 1 activities but no signal matched,[],
accounting:BT.BIT 161,BT.BIT 161,ASIGURAREA ROMANEASCA - ASIROM VIENNA INSURANCE GROUP SA,none,2019-12-18,RON,storno,5670,-27099.2,UNRESOLVED,NONE,,,,,,,SERVICII CONFORM anexa 4 contract 135/14.12.2018 SERVICII CONFORM anexa 4 contract 135/14.12.2018 Stornare factura nr.157/11.12.2019(5670 euro+TVA la cursul BNR,0,org not found in tracker,[],
accounting:BT.BIT 162,BT.BIT 162,ASIGURAREA ROMANEASCA - ASIROM VIENNA INSURANCE GROUP SA,none,2019-12-18,RON,,14175,80577.94,UNRESOLVED,NONE,,,,,,,SERVICII CONFORM anexa 4 contract 135/14.12.2018 SERVICII CONFORM anexa 4 contract 135/14.12.2018 14.175 euro+TVA la cursul BNR,0,org not found in tracker,[],
accounting:BT.BIT 163,BT.BIT 163,BCR ASIGURARI DE VIATA VIENNA INSURANCE GROUP SA,none,2019-12-18,RON,storno,4050,-19356.57,UNRESOLVED,NONE,,,,,,,SERVICII CONFORM anexa 4 la contract 136/14.12.2018 SERVICII CONFORM anexa 4 la contract 136/14.12.2018 Stornare factura 158 din 11.12.2019(4050 euro +TVA la cu,0,org not found in tracker,[],
accounting:BT.BIT 164,BT.BIT 164,BCR ASIGURARI DE VIATA VIENNA INSURANCE GROUP SA,none,2019-12-18,RON,,10125,57555.67,UNRESOLVED,NONE,,,,,,,ERVICII CONFORM anexa 4 la contract 136/14.12.2018 ERVICII CONFORM anexa 4 la contract 136/14.12.2018 10125 euro+TVA la cursul BNR,0,org not found in tracker,[],
accounting:BT.BIT 165,BT.BIT 165,OMNIASIG VIENNA INSURANCE GROUP S.A.,none,2019-12-18,RON,storno,4050,-19356.57,UNRESOLVED,NONE,,,,,,,SERVICII CONFORM anexa 3 la contract Nr. 139/14.01.2019 SERVICII CONFORM anexa 3 la contract Nr. 139/14.01.2019 Stornare factura 159 din 11.12.2019( 4050 euro +,0,org not found in tracker,[],
accounting:BT.BIT 166,BT.BIT 166,OMNIASIG VIENNA INSURANCE GROUP S.A.,none,2019-12-18,RON,,10125,57555.67,UNRESOLVED,NONE,,,,,,,SERVICII CONFORM anexa 3 la contract Nr. 139/14.01.2019 SERVICII CONFORM anexa 3 la contract Nr. 139/14.01.2019 10125 euro+TVA la cursul BNR,0,org not found in tracker,[],
accounting:BT.BIT 167,BT.BIT 167,VIG MANAGEMENT SERVICE SRL,exact,2019-12-18,RON,storno,2754,-13162.47,UNRESOLVED,NONE,,,,,,,SERVICII CONFORM anexa 4 la contract Nr 134/14.12.2018 SERVICII CONFORM anexa 4 la contract Nr 134/14.12.2018 Stornare factura 160 din 11.12.2019( 2754 euro+TVA,1,org exact; 1 activities but no signal matched,[],
accounting:BT.BIT 168,BT.BIT 168,VIG MANAGEMENT SERVICE SRL,exact,2019-12-18,RON,,6885,39137.86,UNRESOLVED,NONE,,,,,,,SERVICII CONFORM anexa 4 la contract Nr 134/14.12.2018 SERVICII CONFORM anexa 4 la contract Nr 134/14.12.2018 6885 euro+TVA la cursul BNR,1,org exact; 1 activities but no signal matched,[],
accounting:BT.BIT 169,BT.BIT 169,CONNECTIONS CONSULT SRL,none,2020-01-06,RON,,,8925,UNRESOLVED,NONE,,,,,,,SERVICII CONFORM CNTRACT SERVICII CONFORM CNTRACT,0,org not found in tracker,[],
accounting:BT.BIT 170,BT.BIT 170,CONNECTIONS CONSULT SRL,none,2020-01-31,RON,,,8925,UNRESOLVED,NONE,,,,,,,SERVICII CONFORM CONTRACT SERVICII CONFORM CONTRACT,0,org not found in tracker,[],
accounting:BT.BIT 171,BT.BIT 171,UNIVERSUM APPS S.R.L.,none,2020-01-31,RON,avans,2375,13503.54,UNRESOLVED,NONE,,,,,,,AVANS 25% SERVICII CONFORM CONTRACT 154/10.01.2020 AVANS 25% SERVICII CONFORM CONTRACT 154/10.01.2020 2375 euro+TVA la cursul BNR,0,org not found in tracker,[],
accounting:BT.BIT 179,BT.BIT 179,KEYSIGHT TECHNOLOGIES RO SRL,exact,2020-03-02,RON,,,61405.57,SCORED,LOW,KS-MM-RD-2,236Bis/25.04.2019,,2019,BSS,RECURRENT INFORMATION SECURITY SERVICES,Penetration testing services for Penetration testing services for Purchase Order Number 9068000705,26,org exact; score=10 margin=0 on [data final (77d)]; 3 distinct part# near top,"[{""pn"":""KS-MM-RD-2"",""score"":10,""on"":[""data final (77d)""],""ref"":""236Bis/25.04.2019"",""desc"":""RECURRENT INFORMATION SECURITY SERVICES""},{""pn"":""KS-MM-RD-2"",""score"":10,""on"":[""data final (77d)""],""ref"":""236Bis/25.04.2019"",""desc"":""RECURRENT INFORMATION SECURITY SERVICES""},{""pn"":""KS-MM-RD-2"",""score"":10,""on"":[""data final (77d)""],""ref"":""236Bis/25.04.2019"",""desc"":""RECURRENT INFORMATION SECURITY SERVICES""}]",
accounting:BT.BIT 173,BT.BIT 173,MARES & MARES - SOCIETATE CIVILA DE AVOCATI,none,2020-02-04,RON,,2000,11373.54,UNRESOLVED,NONE,,,,,,,SERVICII CONFORM CONTRACT NR. 151/ 09.12.2019 SERVICII CONFORM CONTRACT NR. 151/ 09.12.2019 2000 euro+TVA la cursul BNR,0,org not found in tracker,[],
accounting:BT.BIT 174,BT.BIT 174,CERTSIGN SA,exact,2020-02-10,RON,,8000,45379.94,DETERMINISTIC,HIGH,RED-PEN-B-I-BP-100,153/09.01.2020,,2020,BSS,pentest intern,SERVICII CONFORM CONTRACT NR. 153/ 0.01.2020 SERVICII CONFORM CONTRACT NR. 153/ 0.01.2020 8000 euro +TVA la cursul BNR,1,org exact; unique part# via contract 153,"[{""pn"":""RED-PEN-B-I-BP-100"",""score"":100,""on"":[""contract#""],""ref"":""153/09.01.2020"",""desc"":""pentest intern""}]",
accounting:BT.BIT 175,BT.BIT 175,UNIVERSUM APPS S.R.L.,none,2020-02-18,RON,,2375,13494.78,UNRESOLVED,NONE,,,,,,,SERVICII CONFORM CONTRACT 154/10.01.2020 SERVICII CONFORM CONTRACT 154/10.01.2020 2375 euro+TVA la cursul BNR reprezentand 25%,0,org not found in tracker,[],
accounting:BT.BIT 176,BT.BIT 176,CREATIVE MEDIA DEVELOPMENT SRL,none,2020-02-27,RON,storno,7200,41184.66,UNRESOLVED,NONE,,,,,,,SERVICII CONFORM ACT ADITIONAL NR.3 LA CONTRACTUL 112 SERVICII CONFORM ACT ADITIONAL NR.3 LA CONTRACTUL 112 ANEXA 9 ( 7.200 euro+TVA la cursul BNR) | AVANS 25% ,0,org not found in tracker,[],
accounting:BT.BIT 177,BT.BIT 177,CREATIVE MEDIA DEVELOPMENT SRL,none,2020-02-27,RON,,450,2574.04,UNRESOLVED,NONE,,,,,,,SERVICII CONFORM ACT ADITIONAL NR.3 LA CONTRACTUL SERVICII CONFORM ACT ADITIONAL NR.3 LA CONTRACTUL 112 ANEXA 10 ( 450 euro+TVA la cursul BNR),0,org not found in tracker,[],
accounting:BT.BIT 178,BT.BIT 178,CONNECTIONS CONSULT SRL,none,2020-03-02,RON,,,8925,UNRESOLVED,NONE,,,,,,,SERVICII CONFORM CONTRACT SERVICII CONFORM CONTRACT,0,org not found in tracker,[],
accounting:BT.BIT 180,BT.BIT 180,KEYSIGHT TECHNOLOGIES RO SRL,exact,2020-03-02,RON,,12000,68691.08,SCORED,LOW,KS-MM-RD-2,236Bis/25.04.2019,final,2019,BSS,RECURRENT INFORMATION SECURITY SERVICES,Penetration testing services for Penetration testing services for februarie 2020 Purchase Order Number 9068000705 ( 12000 euro+TVA la cursul BNR),26,"org exact; score=34 margin=3 on [amount~final, data final (209d)]; 1 distinct part# near top","[{""pn"":""KS-MM-RD-2"",""score"":34,""on"":[""amount~final"",""data final (209d)""],""ref"":""236Bis/25.04.2019"",""desc"":""RECURRENT INFORMATION SECURITY SERVICES""},{""pn"":""KS-MM-RD-2"",""score"":31,""on"":[""amount~final"",""data final (77d)""],""ref"":""236Bis/25.04.2019"",""desc"":""RECURRENT INFORMATION SECURITY SERVICES""},{""pn"":""KS-MM-RD-2"",""score"":31,""on"":[""amount~total""],""ref"":""NO. 5 OF 04.10.2023"",""desc"":""RECURRENT INFORMATION SECURITY SERVICES""}]",
accounting:BT.BIT 181,BT.BIT 181,JAXABLE SRL,exact,2020-03-03,RON,,2000,11441.61,SCORED,LOW,RED-PEN-B-E-B-17,30.4.2025,,2025,BSS,servicii de pentest,SERVICII CONFORM CONTRACT NR. 156/ 27.02.2020 SERVICII CONFORM CONTRACT NR. 156/ 27.02.2020 2000 euro+TVA la cursul BNR,2,org exact; score=2 margin=0 on []; 1 distinct part# near top,"[{""pn"":""RED-PEN-B-E-B-17"",""score"":2,""on"":[],""ref"":""30.4.2025"",""desc"":""servicii de pentest""},{""pn"":""RED-PEN-B-E-B-17"",""score"":2,""on"":[],""ref"":""30.4.2025"",""desc"":""servicii de pentest""}]",
accounting:BT.BIT 182,BT.BIT 182,JUMPEYE CREATIVE MEDIA SRL,none,2020-03-03,RON,avans,3200,18306.58,UNRESOLVED,NONE,,,,,,,SERVICII CONFORM CONTRACT NR. 154/ 30.01.2020 SERVICII CONFORM CONTRACT NR. 154/ 30.01.2020 avans 40% ( 3200 euro+TVA la cursul BNR),0,org not found in tracker,[],
accounting:BT.BIT 183,BT.BIT 183,OMNIASIG VIENNA INSURANCE GROUP S.A.,none,2020-03-10,RON,,7000,40125.61,UNRESOLVED,NONE,,,,,,,SERVICII CONFORM ACT ADITIONAL NR.4 SERVICII CONFORM ACT ADITIONAL NR.4 LA CONTRACTUL 139/14.01.2019( 7000 euro+TVA la cursul BNR),0,org not found in tracker,[],
accounting:BT.BIT 184,BT.BIT 184,CONNECTIONS CONSULT SRL,none,2020-03-31,RON,,,8925,UNRESOLVED,NONE,,,,,,,SERVICII CONFORM CONTRACT SERVICII CONFORM CONTRACT,0,org not found in tracker,[],
accounting:BT.BIT 185,BT.BIT 185,KEYSIGHT TECHNOLOGIES RO SRL,exact,2020-04-06,RON,,13800,79295.27,SCORED,MEDIUM,KS-MM-RD-2,NO. 1 OF 02.06.2020,final,2020,BSS,RECURRENT INFORMATION SECURITY SERVICES,Penetration testing services for Penetration testing services for Purchase Order Number 9068000705( 13800 euro +TVA la cursul BNR),26,"org exact; score=47 margin=20 on [amount~final, data final (31d)]; 1 distinct part# near top","[{""pn"":""KS-MM-RD-2"",""score"":47,""on"":[""amount~final"",""data final (31d)""],""ref"":""NO. 1 OF 02.06.2020"",""desc"":""RECURRENT INFORMATION SECURITY SERVICES""},{""pn"":""KS-MM-RD-2"",""score"":27,""on"":[""amount~final"",""data final (215d)""],""ref"":""236Bis/25.04.2019"",""desc"":""RECURRENT INFORMATION SECURITY SERVICES""},{""pn"":""KS-MM-RD-2"",""score"":24,""on"":[""amount~final""],""ref"":""NO. 3 OF 20.09.2021"",""desc"":""RECURRENT INFORMATION SECURITY SERVICES""}]",
accounting:BT.BIT 186,BT.BIT 186,JAXABLE SRL,exact,2020-04-06,RON,storno,2000,-9614.8,SCORED,LOW,RED-PEN-B-E-B-17,30.4.2025,,2025,BSS,servicii de pentest,SERVICII CONFORM CONTRACT NR. 156/ 27.02.2020 SERVICII CONFORM CONTRACT NR. 156/ 27.02.2020 Stornare fact.181/03.03.2020(2000 euro+TVA la cursul BNR ) Storneaza,2,org exact; score=1 margin=0 on []; 1 distinct part# near top; storno,"[{""pn"":""RED-PEN-B-E-B-17"",""score"":1,""on"":[],""ref"":""30.4.2025"",""desc"":""servicii de pentest""},{""pn"":""RED-PEN-B-E-B-17"",""score"":1,""on"":[],""ref"":""30.4.2025"",""desc"":""servicii de pentest""}]",
accounting:BT.BIT 187,BT.BIT 187,JAXABLE SRL,exact,2020-04-06,RON,,5000,28726.6,SCORED,LOW,RED-PEN-B-E-B-17,30.4.2025,,2025,BSS,servicii de pentest,SERVICII CONFORM CONTRACT NR. 156/ 27.02.2020 SERVICII CONFORM CONTRACT NR. 156/ 27.02.2020 5000 euro la cursul BNR,2,org exact; score=2 margin=0 on []; 1 distinct part# near top,"[{""pn"":""RED-PEN-B-E-B-17"",""score"":2,""on"":[],""ref"":""30.4.2025"",""desc"":""servicii de pentest""},{""pn"":""RED-PEN-B-E-B-17"",""score"":2,""on"":[],""ref"":""30.4.2025"",""desc"":""servicii de pentest""}]",
accounting:BT.BIT 188,BT.BIT 188,QUANTIC LAB S.R.L.,exact,2020-04-09,RON,avans,960,5515.28,SCORED,MEDIUM,RED-PEN-B-E-B-50,V55/08.04.2020,avans,2022,BSS,pentest extern,SERVICII CONFORM CONTRACT NR. V55/08.04.2020 SERVICII CONFORM CONTRACT NR. V55/08.04.2020 Avans 960 euro +TVA la cursul BNR,1,"org exact; score=51 margin=51 on [amount~avans, data avans (0d)]; 1 distinct part# near top; avans","[{""pn"":""RED-PEN-B-E-B-50"",""score"":51,""on"":[""amount~avans"",""data avans (0d)""],""ref"":""V55/08.04.2020"",""desc"":""pentest extern""}]",
accounting:BT.BIT 189,BT.BIT 189,JUMPEYE CREATIVE MEDIA SRL,none,2020-04-15,RON,storno,2400,13807.33,UNRESOLVED,NONE,,,,,,,SERVICII CONFORM CONTRACT NR. 154/ 30.01.2020 SERVICII CONFORM CONTRACT NR. 154/ 30.01.2020 2400 euro +TVA la cursul BNR | SERVICII CONFORM CONTRACT NR. V55/08.,0,org not found in tracker,[],
accounting:BT.BIT 190,BT.BIT 190,NETOPIA SRL,none,2020-04-21,RON,,3150,18127.75,UNRESOLVED,NONE,,,,,,,SERVICII CONFORM CONTRACT NR. 115/ 20.02.2018 SERVICII CONFORM CONTRACT NR. 115/ 20.02.2018 Act aditional nr.2 din 06.04.2020( 3150 euro+TVA la cursul BNR),0,org not found in tracker,[],
accounting:BT.BIT 191,BT.BIT 191,QUANTIC LAB S.R.L.,exact,2020-04-21,RON,,2400,13811.62,SCORED,MEDIUM,RED-PEN-B-E-B-50,V55/08.04.2020,total,2022,BSS,pentest extern,SERVICII CONFORM CONTRACT NR. V55/08.04.2020 SERVICII CONFORM CONTRACT NR. V55/08.04.2020 2400 euro + TVA la cursul BNR,2,"org exact; score=45 margin=33 on [amount~total, data avans (12d)]; 1 distinct part# near top","[{""pn"":""RED-PEN-B-E-B-50"",""score"":45,""on"":[""amount~total"",""data avans (12d)""],""ref"":""V55/08.04.2020"",""desc"":""pentest extern""},{""pn"":""RED-PEN-B-E-B-50"",""score"":12,""on"":[""amount~final""],""ref"":""225/06.06.2022"",""desc"":""pentest extern""}]",
accounting:BT.BIT 192,BT.BIT 192,CONNECTIONS CONSULT SRL,none,2020-04-30,RON,,,8925,UNRESOLVED,NONE,,,,,,,SERVICII CONFORM CONTRACT aprilie 2020 SERVICII CONFORM CONTRACT aprilie 2020,0,org not found in tracker,[],
accounting:BT.BIT 193,BT.BIT 193,KEYSIGHT TECHNOLOGIES RO SRL,exact,2020-05-07,RON,,12000,68889.58,SCORED,LOW,KS-MM-RD-2,236Bis/25.04.2019,final,2019,BSS,RECURRENT INFORMATION SECURITY SERVICES,Penetration testing services for Penetration testing services for Purchase Order Number 9068000705( 12000 euro+TVA la cursul BNR),26,"org exact; score=35 margin=3 on [amount~final, data final (275d)]; 1 distinct part# near top","[{""pn"":""KS-MM-RD-2"",""score"":35,""on"":[""amount~final"",""data final (275d)""],""ref"":""236Bis/25.04.2019"",""desc"":""RECURRENT INFORMATION SECURITY SERVICES""},{""pn"":""KS-MM-RD-2"",""score"":32,""on"":[""amount~total""],""ref"":""NO. 5 OF 04.10.2023"",""desc"":""RECURRENT INFORMATION SECURITY SERVICES""},{""pn"":""KS-MM-RD-2"",""score"":32,""on"":[""amount~final""],""ref"":""NO. 5 OF 04.10.2023"",""desc"":""RECURRENT INFORMATION SECURITY SERVICES""}]",
accounting:BT.BIT 194,BT.BIT 194,ZIPPER SERVICES SRL,exact,2020-04-30,RON,,9500,54537.58,DETERMINISTIC,HIGH,RED-PEN-S-WB-1,Nr. 161/22.04.2020,,2020,BSS,pentest aplicatie si cod review,SERVICII CONFORM CONTRACT NR. 161/ 22.04.2020 SERVICII CONFORM CONTRACT NR. 161/ 22.04.2020 9500 euro+TVA la cursul BNR,1,org exact; unique part# via contract 161,"[{""pn"":""RED-PEN-S-WB-1"",""score"":100,""on"":[""contract#""],""ref"":""Nr. 161/22.04.2020"",""desc"":""pentest aplicatie si cod review""}]",
accounting:BT.BIT 195,BT.BIT 195,CREATIVE MEDIA DEVELOPMENT SRL,none,2020-05-14,RON,,450,2589.09,UNRESOLVED,NONE,,,,,,,"Livrabile servicii de securitate informatica în conf. cu Livrabile servicii de securitate informatica în conf. cu Anexa 10 din CTR 112/29.01.2018, Act Aditional",0,org not found in tracker,[],
accounting:BT.BIT 196,BT.BIT 196,CERTSIGN SA,exact,2020-05-19,RON,avans,1400,8062.61,DETERMINISTIC,HIGH,RED-PEN-B-I-BP-100,153/09.01.2020,,2020,BSS,pentest intern,SERVICII CONFORM CONTRACT NR. 153/ 09.01.2020 SERVICII CONFORM CONTRACT NR. 153/ 09.01.2020 Act aditional nr.1 din 15.05.2020 ( avans 1400 euro+TVA la cursul BN,1,org exact; unique part# via contract 153; avans,"[{""pn"":""RED-PEN-B-I-BP-100"",""score"":100,""on"":[""contract#""],""ref"":""153/09.01.2020"",""desc"":""pentest intern""}]",
accounting:BT.BIT 197,BT.BIT 197,JUMPEYE CREATIVE MEDIA SRL,none,2020-05-28,RON,storno,3200,13993.35,UNRESOLVED,NONE,,,,,,,STORNARE FACTURA NR.182/03.03.2020 STORNARE FACTURA NR.182/03.03.2020 3200 EURO+TVA LA CURSUL BNR | STORNARE FACTURA NR.189/15.04.2020 | STORNARE FACTURA NR.189,0,org not found in tracker,[],
accounting:BT.BIT 198,BT.BIT 198,CONNECTIONS CONSULT SRL,none,2020-06-02,RON,,,8925,UNRESOLVED,NONE,,,,,,,SERVICII CONFORM CONTRACT mai 2020 SERVICII CONFORM CONTRACT mai 2020,0,org not found in tracker,[],
accounting:BT.BIT 199,BT.BIT 199,KEYSIGHT TECHNOLOGIES RO SRL,exact,2020-06-02,RON,,12000,69142.33,SCORED,LOW,KS-MM-RD-2,236Bis/25.04.2019,final,2019,BSS,RECURRENT INFORMATION SECURITY SERVICES,Penetration testing services for mai 2020 Penetration testing services for mai 2020 Purchase Order Number 9068000705( 12000 euro+TVA la cursul BNR),26,"org exact; score=34 margin=3 on [amount~final, data final (301d)]; 1 distinct part# near top","[{""pn"":""KS-MM-RD-2"",""score"":34,""on"":[""amount~final"",""data final (301d)""],""ref"":""236Bis/25.04.2019"",""desc"":""RECURRENT INFORMATION SECURITY SERVICES""},{""pn"":""KS-MM-RD-2"",""score"":31,""on"":[""amount~total""],""ref"":""NO. 5 OF 04.10.2023"",""desc"":""RECURRENT INFORMATION SECURITY SERVICES""},{""pn"":""KS-MM-RD-2"",""score"":31,""on"":[""amount~final""],""ref"":""NO. 5 OF 04.10.2023"",""desc"":""RECURRENT INFORMATION SECURITY SERVICES""}]",
accounting:BT.BIT 200,BT.BIT 200,JUMPEYE CREATIVE MEDIA SRL,none,2020-06-02,RON,,750,4321.4,UNRESOLVED,NONE,,,,,,,SERVICII CONFORM CONTRACT 154/30.01.2020 ANEXA 2 SERVICII CONFORM CONTRACT 154/30.01.2020 ANEXA 2 iunie 2020 ( 750 euro+TVA la cursul BNR),0,org not found in tracker,[],
accounting:BT.BIT 201,BT.BIT 201,VIVRE DECO S.A.,none,2020-06-17,RON,avans,1600,9207.74,UNRESOLVED,NONE,,,,,,,AVANS SERVICI CONFORM CONTRACT NR.162 DIN 03.06.2020 AVANS SERVICI CONFORM CONTRACT NR.162 DIN 03.06.2020 1600 euro +TVA la cursul BNR,0,org not found in tracker,[],
accounting:BT.BIT 202,BT.BIT 202,GUMZZZ TECHNOLOGY S.R.L.,none,2020-06-18,RON,,1280,7371.37,UNRESOLVED,NONE,,,,,,,SERVICII CONFORM CONTRACT NR. 31/ 16.06.2020 SERVICII CONFORM CONTRACT NR. 31/ 16.06.2020 1280 euro+TVA la cursul BNR,0,org not found in tracker,[],
accounting:BT.BIT 203,BT.BIT 203,CERTSIGN SA,exact,2020-06-25,RON,storno,1400,-6775.3,DETERMINISTIC,HIGH,RED-PEN-B-I-BP-100,153/09.01.2020,,2020,BSS,pentest intern,STORNARE SERVICII CONFORM CONTRACT NR. 153/ 09.01.2020 STORNARE SERVICII CONFORM CONTRACT NR. 153/ 09.01.2020 Factura 196/19.05.2020(Act aditional nr.1 din 15.0,1,org exact; unique part# via contract 153/196; storno,"[{""pn"":""RED-PEN-B-I-BP-100"",""score"":100,""on"":[""contract#""],""ref"":""153/09.01.2020"",""desc"":""pentest intern""}]",
accounting:BT.BIT 204,BT.BIT 204,CERTSIGN SA,exact,2020-06-25,RON,,3500,20171.93,DETERMINISTIC,HIGH,RED-PEN-B-I-BP-100,153/09.01.2020,,2020,BSS,pentest intern,SERVICII CONFORM CONTRACT NR. 153/ 09.01.2020 SERVICII CONFORM CONTRACT NR. 153/ 09.01.2020 Act aditional nr.1 din 15.05.2020 ( 3500 euro+TVA la cursul BNR),1,org exact; unique part# via contract 153,"[{""pn"":""RED-PEN-B-I-BP-100"",""score"":100,""on"":[""contract#""],""ref"":""153/09.01.2020"",""desc"":""pentest intern""}]",
accounting:BT.BIT 205,BT.BIT 205,ORANGE ROMANIA SA,exact,2020-06-26,RON,,23000,132531.01,SCORED,MEDIUM,CYBEREDU-SM-Y-100-12,PO 40407868,final,2020,BSS,multiple services,"CyberEdu platform license - 12 months CyberEdu platform license - 12 months PO: 40407868, Nr notificare: C80855, Nr receptie: 165144 ( 23000 euro+TVA la cursul ",33,"org exact; score=46 margin=13 on [amount~final, data final (0d)]; 1 distinct part# near top","[{""pn"":""CYBEREDU-SM-Y-100-12"",""score"":46,""on"":[""amount~final"",""data final (0d)""],""ref"":""PO 40407868"",""desc"":""multiple services""},{""pn"":""ORO-TEM-L-10000"",""score"":33,""on"":[""amount~final"",""data final (145d)""],""ref"":""PO 40421701"",""desc"":""licente tem 2020""},{""pn"":""PHISH-P-L-YY-A-15000"",""score"":30,""on"":[""amount~final""],""ref"":""PO 40451579"",""desc"":""licente tem 2021""}]",
accounting:BT.BIT 206,BT.BIT 206,TELEKOM ROMANIA COMMUNICATIONS S.A.,none,2020-06-29,RON,,12000,69170.89,UNRESOLVED,NONE,,,,,,,SERVICII CONFORM CONTRACT NR. 160/ 21.04.2020 SERVICII CONFORM CONTRACT NR. 160/ 21.04.2020 12000 Euro+TVA la cursul BNR,0,org not found in tracker,[],
accounting:BT.BIT 207,BT.BIT 207,CONNECTIONS CONSULT SRL,none,2020-06-30,RON,,,8925,UNRESOLVED,NONE,,,,,,,SERVICII CONFORM CONTRACT iunie 2020 SERVICII CONFORM CONTRACT iunie 2020,0,org not found in tracker,[],
accounting:BT.BIT 208,BT.BIT 208,KEYSIGHT TECHNOLOGIES RO SRL,exact,2020-07-02,RON,,13200,75899.49,SCORED,LOW,KS-MM-RD-2,236Bis/25.04.2019,final,2019,BSS,RECURRENT INFORMATION SECURITY SERVICES,Penetration testing services for june 2020 Penetration testing services for june 2020 Purchase Order Number 9068000705( 13200 euro+TVA la cursul BNR),26,"org exact; score=34 margin=3 on [amount~final, data final (302d)]; 1 distinct part# near top","[{""pn"":""KS-MM-RD-2"",""score"":34,""on"":[""amount~final"",""data final (302d)""],""ref"":""236Bis/25.04.2019"",""desc"":""RECURRENT INFORMATION SECURITY SERVICES""},{""pn"":""KS-MM-RD-2"",""score"":31,""on"":[""amount~final"",""data final (56d)""],""ref"":""NO. 1 OF 02.06.2020"",""desc"":""RECURRENT INFORMATION SECURITY SERVICES""},{""pn"":""KS-MM-RD-2"",""score"":26,""on"":[""amount~final"",""data final (272d)""],""ref"":""236Bis/25.04.2019"",""desc"":""RECURRENT INFORMATION SECURITY SERVICES""}]",
accounting:BT.BIT 209,BT.BIT 209,TELEKOM ROMANIA COMMUNICATIONS S.A.,none,2020-07-02,RON,storno,12000,-58126.8,UNRESOLVED,NONE,,,,,,,STORNARE SERVICII CONFORM CONTRACT NR. 160/ 21.04.2020 STORNARE SERVICII CONFORM CONTRACT NR. 160/ 21.04.2020 StornareFactura BT.BIT 206/29.06.2020( 12000 Euro+,0,org not found in tracker,[],
accounting:BT.BIT 210,BT.BIT 210,TELEKOM ROMANIA COMMUNICATIONS S.A.,none,2020-07-02,RON,,12000,69075.22,UNRESOLVED,NONE,,,,,,,"SERVICII CONFORM CONTRACT NR. 160/ 21.04.2020 SERVICII CONFORM CONTRACT NR. 160/ 21.04.2020 12000 Euro+TVA la cursul BNR de 4,8372 lei din 01.07.2020",0,org not found in tracker,[],
accounting:BT.BIT 211,BT.BIT 211,GUMZZZ TECHNOLOGY S.R.L.,none,2020-07-13,RON,storno,1280,-6194.43,UNRESOLVED,NONE,,,,,,,"STORNARE FACT.202/18.06.2020,SERVICII CONFORM CONTRACT NR. STORNARE FACT.202/18.06.2020,SERVICII CONFORM CONTRACT NR. 1280 euro+TVA la cursul BNR Storneaza fact",0,org not found in tracker,[],
accounting:BT.BIT 212,BT.BIT 212,KNOXON TECHNOLOGIES S.R.L.,none,2020-07-13,RON,,1280,7375.03,UNRESOLVED,NONE,,,,,,,SERVICII CONFORM CONTRACT NR. 166/ 10.07.2020 SERVICII CONFORM CONTRACT NR. 166/ 10.07.2020 1280 euro+TVA la cursul BNR,0,org not found in tracker,[],
accounting:BT.BIT 213,BT.BIT 213,VIVRE DECO S.A.,none,2020-07-15,RON,storno,4000,23054.11,UNRESOLVED,NONE,,,,,,,SERVICI CONFORM CONTRACT NR.162 DIN 03.06.2020 SERVICI CONFORM CONTRACT NR.162 DIN 03.06.2020 4000 euro+TVA la cursul BNR Storneaza factura BT.BIT 201 din 17.06,0,org not found in tracker,[],
accounting:BT.BIT 214,BT.BIT 214,VIVRE DECO S.A.,none,2020-07-15,RON,storno,1600,-7737.6,UNRESOLVED,NONE,,,,,,,AVANS SERVICI CONFORM CONTRACT NR.162 DIN 03.06.2020 AVANS SERVICI CONFORM CONTRACT NR.162 DIN 03.06.2020 STORNARE FACTURA 201/17/06/2020(1600 euro +TVA la curs,0,org not found in tracker,[],
accounting:BT.BIT 215,BT.BIT 215,BANU MARIUS ANDREI,none,2020-07-24,RON,,,320,UNRESOLVED,NONE,,,,,,,BIROU BIROU | SCAUN | SCAUN,0,org not found in tracker,[],
accounting:BT.BIT 216,BT.BIT 216,DAMIAN RAZVAN,none,2020-07-28,RON,,,200,UNRESOLVED,NONE,,,,,,,BIROU BIROU,0,org not found in tracker,[],
accounting:BT.BIT 217,BT.BIT 217,CONNECTIONS CONSULT SRL,none,2020-07-31,RON,,,14875,UNRESOLVED,NONE,,,,,,,SERVSERVICII CONFORM CONTRACT iulie 2020 SERVSERVICII CONFORM CONTRACT iulie 2020,0,org not found in tracker,[],
accounting:BT.BIT 218,BT.BIT 218,ORANGE ROMANIA SA,exact,2020-08-03,RON,,,96593.35,SCORED,LOW,CYBEREDU-MISC,PO 40407868,,2020,BSS,multiple services,"BSS Network Vulnerability Scanner BSS Network Vulnerability Scanner Nr.Notificare C82613, Nr PO/Release 40407868, Nr Receptie 166669( 14300 euo+TVA la cursul BN",9,org exact; score=15 margin=0 on [data final (0d)]; 7 distinct part# near top,"[{""pn"":""CYBEREDU-MISC"",""score"":15,""on"":[""data final (0d)""],""ref"":""PO 40407868"",""desc"":""multiple services""},{""pn"":""ORO-TEM-L-25000"",""score"":15,""on"":[""data final (0d)""],""ref"":""PO 40407868"",""desc"":""multiple services""},{""pn"":""PHISH-P-L-YY-A-15000"",""score"":15,""on"":[""data final (0d)""],""ref"":""PO 40407868"",""desc"":""multiple services""}]","[{""service"":""BSS Network Vulnerability Scanner | BSS Network Vulnerabilit"",""partNumber"":""CYBEREDU-MISC"",""score"":15,""on"":[""data final (0d)""]},{""service"":""ThreatMap app. split | ThreatMap app. split | Nr Notificare "",""partNumber"":""ORO-TEM-DEV-50"",""score"":45,""on"":[""amount~final"",""data final (0d)""]}]"
accounting:BT.BIT 219,BT.BIT 219,KEYSIGHT TECHNOLOGIES RO SRL,exact,2020-08-03,RON,,13800,79344.54,SCORED,LOW,KS-MM-RD-2,NO. 1 OF 02.06.2020,final,2020,BSS,RECURRENT INFORMATION SECURITY SERVICES,Penetration testing services for iulie 2020 Penetration testing services for iulie 2020 Purchase Order Number 9068000811( 13800 euro+TVA la cursul BNR),26,"org exact; score=39 margin=13 on [amount~final, data final (88d)]; 1 distinct part# near top","[{""pn"":""KS-MM-RD-2"",""score"":39,""on"":[""amount~final"",""data final (88d)""],""ref"":""NO. 1 OF 02.06.2020"",""desc"":""RECURRENT INFORMATION SECURITY SERVICES""},{""pn"":""KS-MM-RD-2"",""score"":26,""on"":[""amount~final"",""data final (334d)""],""ref"":""236Bis/25.04.2019"",""desc"":""RECURRENT INFORMATION SECURITY SERVICES""},{""pn"":""KS-MM-RD-2"",""score"":23,""on"":[""amount~final""],""ref"":""NO. 3 OF 20.09.2021"",""desc"":""RECURRENT INFORMATION SECURITY SERVICES""}]",
accounting:BT.BIT 220,BT.BIT 220,CREATIVE MEDIA DEVELOPMENT SRL,none,2020-08-03,RON,,2000,11499.21,UNRESOLVED,NONE,,,,,,,"Livrabile servicii de securitate informatica în conf. cu Livrabile servicii de securitate informatica în conf. cu Anexa 8 act aditional 3 la CTR 112/29.01.2018,",0,org not found in tracker,[],
accounting:BT.BIT 221,BT.BIT 221,BESTJOBS RECRUTARE SA,none,2020-08-17,RON,avans,1600,9204.7,UNRESOLVED,NONE,,,,,,,SERVICI CONFORM CONTRACT NR.169 DIN 10.08.2020 SERVICI CONFORM CONTRACT NR.169 DIN 10.08.2020 avans 1600 euro +TVA la cursul BNR,0,org not found in tracker,[],
accounting:BT.BIT 222,BT.BIT 222,POWER SUPPORT SRL,none,2020-08-18,RON,,,550,UNRESOLVED,NONE,,,,,,,MASA SALA SEDINTA MASA SALA SEDINTA,0,org not found in tracker,[],
accounting:BT.BIT 223,BT.BIT 223,ORANGE ROMANIA SA,exact,2020-08-20,RON,,18200,130732.12,SCORED,MEDIUM,CYBEREDU-MISC,PO 40407868,final,2020,BSS,multiple services,Awarness module development and CyberEduplatform integration Awarness module development and CyberEduplatform integration Notification ID C83549; PO num/Release,16,"org exact; score=45 margin=8 on [amount~final, data final (17d)]; 2 distinct part# near top","[{""pn"":""CYBEREDU-MISC"",""score"":45,""on"":[""amount~final"",""data final (17d)""],""ref"":""PO 40407868"",""desc"":""multiple services""},{""pn"":""PHISH-P-L-YY-A-15000"",""score"":37,""on"":[""amount~final"",""data final (17d)""],""ref"":""PO 40407868"",""desc"":""multiple services""},{""pn"":""ORO-TEM-DEV-100"",""score"":31,""on"":[""amount~final""],""ref"":""PO00062657"",""desc"":""Software development\nservices for CR4\nimplementation""}]","[{""service"":""Awarness module development and CyberEduplatform integration"",""partNumber"":""CYBEREDU-MISC"",""score"":45,""on"":[""amount~final"",""data final (17d)""]},{""service"":""Other developments according to the offer (points 2-7) | Oth"",""partNumber"":""ORO-TEM-DEV-100"",""score"":45,""on"":[""amount~final"",""data final (17d)""]}]"
accounting:BT.BIT 224,BT.BIT 224,TYPINGDNA SRL,exact,2020-08-26,RON,,500,2880.04,UNRESOLVED,NONE,,,,,,,SERVICI CONFORM CONTRACT NR.168 DIN 10.08.2020 SERVICI CONFORM CONTRACT NR.168 DIN 10.08.2020 500 euro+TVA la cursul BNR,1,org exact; 1 activities but no signal matched,[],
accounting:BT.BIT 225,BT.BIT 225,POWER SUPPORT SRL,none,2020-08-26,RON,,,700,UNRESOLVED,NONE,,,,,,,"2 MONITOARE CU SUPORT, 1 ROLLBOX, 4 SCAUNE SIMPLE,4 SCAUNE 2 MONITOARE CU SUPORT, 1 ROLLBOX, 4 SCAUNE SIMPLE,4 SCAUNE CU ROTI,1 CUIER",0,org not found in tracker,[],
accounting:BT.BIT 226,BT.BIT 226,MOMENTUM LOGISTICS S.R.L.,none,2020-08-27,RON,,,2000,UNRESOLVED,NONE,,,,,,,"4 BIROURI, 1 COMODA BEJ/ALB, 1 DULAP MARE MARO, 4 BIROURI, 1 COMODA BEJ/ALB, 1 DULAP MARE MARO, 3 ROLLBOX-URI, 2 SCAUNE NEGRE, 1 DULAP GRI, 1 TABLA MAGNETICA, 1",0,org not found in tracker,[],
accounting:BT.BIT 227,BT.BIT 227,KEYSIGHT TECHNOLOGIES RO SRL,exact,2020-09-01,RON,,12600,72576.96,SCORED,LOW,KS-MM-RD-2,236Bis/25.04.2019,final,2019,BSS,RECURRENT INFORMATION SECURITY SERVICES,Penetration testing services for august 2020 Penetration testing services for august 2020 Purchase Order Number 9068000811( 12600 euro+TVA la cursul BNR),26,"org exact; score=34 margin=3 on [amount~final, data final (333d)]; 1 distinct part# near top","[{""pn"":""KS-MM-RD-2"",""score"":34,""on"":[""amount~final"",""data final (333d)""],""ref"":""236Bis/25.04.2019"",""desc"":""RECURRENT INFORMATION SECURITY SERVICES""},{""pn"":""KS-MM-RD-2"",""score"":31,""on"":[""amount~total""],""ref"":""NO. 5 OF 04.10.2023"",""desc"":""RECURRENT INFORMATION SECURITY SERVICES""},{""pn"":""KS-MM-RD-2"",""score"":26,""on"":[""amount~final"",""data final (363d)""],""ref"":""236Bis/25.04.2019"",""desc"":""RECURRENT INFORMATION SECURITY SERVICES""}]",
accounting:BT.BIT 228,BT.BIT 228,BESTJOBS RECRUTARE SA,none,2020-09-03,RON,storno,1600,-7735.04,UNRESOLVED,NONE,,,,,,,SERVICI CONFORM CONTRACT NR.169 DIN 10.08.2020 SERVICI CONFORM CONTRACT NR.169 DIN 10.08.2020 Stornare factura 221/17.08.2020 avans 1600 euro +TVA la cursul BNR,0,org not found in tracker,[],
accounting:BT.BIT 229,BT.BIT 229,BESTJOBS RECRUTARE SA,none,2020-09-03,RON,,4000,23042.68,UNRESOLVED,NONE,,,,,,,SERVICI CONFORM CONTRACT NR.169 DIN 10.08.2020 SERVICI CONFORM CONTRACT NR.169 DIN 10.08.2020 4000 euro la cursul BNR,0,org not found in tracker,[],
accounting:BT.BIT 230,BT.BIT 230,TELEKOM ROMANIA COMMUNICATIONS S.A.,none,2020-09-07,RON,,1600,32315.07,UNRESOLVED,NONE,,,,,,,SERVICII DE VULNERABILITY ASSESSEMENT SERVICII DE VULNERABILITY ASSESSEMENT 1600 euro + TVA la cursul BNR ( Anexa 1 la contract 159/26.03.2020 TKR(6244/210420) ,0,org not found in tracker,[],
accounting:BT.BIT 231,BT.BIT 231,TELEKOM ROMANIA COMMUNICATIONS S.A.,none,2020-09-10,RON,,9500,54931,UNRESOLVED,NONE,,,,,,,SERVICII CONFORM CONTRACT NR. 164/ 07.07.2020 SERVICII CONFORM CONTRACT NR. 164/ 07.07.2020 9500 euro+TVA la cursul BNR (( TKR / 6244 / 210420),0,org not found in tracker,[],
accounting:BT.BIT 232,BT.BIT 232,SDL LANGUAGE WEAVER S.R.L.,none,2020-09-21,RON,,10500,60704.46,UNRESOLVED,NONE,,,,,,,SERVICI CONFORM CONTRACT NR.1 DIN 12.06.2020 SERVICI CONFORM CONTRACT NR.1 DIN 12.06.2020 SDLPOM10096EU(10500 euro+TVA la cursul BNR ),0,org not found in tracker,[],
accounting:BT.BIT 233,BT.BIT 233,ORANGE ROMANIA SA,exact,2020-09-28,RON,,,101521.88,SCORED,LOW,CYBEREDU-MISC,PO 40407868,,2020,BSS,multiple services,Development and integration of PhishEnterprise app Development and integration of PhishEnterprise app Nr Notificare C85290; Nr PO/Release 40407868; Nr Receptie ,18,org exact; score=8 margin=0 on [data final (56d)]; 13 distinct part# near top,"[{""pn"":""CYBEREDU-MISC"",""score"":8,""on"":[""data final (56d)""],""ref"":""PO 40407868"",""desc"":""multiple services""},{""pn"":""ORO-TEM-L-25000"",""score"":8,""on"":[""data final (56d)""],""ref"":""PO 40407868"",""desc"":""multiple services""},{""pn"":""CYBEREDU-SM-Y-100-12"",""score"":8,""on"":[""data final (94d)""],""ref"":""PO 40407868"",""desc"":""multiple services""}]",
accounting:BT.BIT 234,BT.BIT 234,KEYSIGHT TECHNOLOGIES RO SRL,exact,2020-10-01,RON,,13200,76494.82,SCORED,LOW,KS-MM-RD-2,236Bis/25.04.2019,final,2019,BSS,RECURRENT INFORMATION SECURITY SERVICES,Penetration testing services for septembrie 2020 Penetration testing services for septembrie 2020 Purchase Order Number 9068000811( 13200euro+TVA la cursul BNR),26,org exact; score=31 margin=4 on [amount~final]; 2 distinct part# near top,"[{""pn"":""KS-MM-RD-2"",""score"":31,""on"":[""amount~final""],""ref"":""236Bis/25.04.2019"",""desc"":""RECURRENT INFORMATION SECURITY SERVICES""},{""pn"":""RED-PEN-S-WB-1"",""score"":27,""on"":[""amount~final"",""data final (21d)""],""ref"":""PO 9068000867"",""desc"":""pentest""},{""pn"":""KS-MM-RD-2"",""score"":26,""on"":[""amount~final"",""data final (363d)""],""ref"":""236Bis/25.04.2019"",""desc"":""RECURRENT INFORMATION SECURITY SERVICES""}]",
accounting:BT.BIT 235,BT.BIT 235,PENTESTTOOLS S.R.L.,none,2020-10-19,RON,,1500,8699.55,UNRESOLVED,NONE,,,,,,,SERVICII CONFORM ANEXA 1 LA CONTRACT 171/17.10.2020 SERVICII CONFORM ANEXA 1 LA CONTRACT 171/17.10.2020 1500 euro+TVA la cursul BNR,0,org not found in tracker,[],
accounting:BT.BIT 236,BT.BIT 236,KEYSIGHT TECHNOLOGIES RO SRL,exact,2020-10-22,RON,,,72496.29,SCORED,LOW,RED-PEN-S-WB-1,PO 9068000867,,2020,BSS,pentest,Penetration testing services for CyPerf (NAS product) Penetration testing services for CyPerf (NAS product) Purchase Order Number 9068000867 ; Supplier Number 1,26,org exact; score=15 margin=5 on [data final (0d)]; 2 distinct part# near top,"[{""pn"":""RED-PEN-S-WB-1"",""score"":15,""on"":[""data final (0d)""],""ref"":""PO 9068000867"",""desc"":""pentest""},{""pn"":""KS-MM-RD-2"",""score"":10,""on"":[""data final (102d)""],""ref"":""NO. 2 OF 25.10.2020"",""desc"":""RECURRENT INFORMATION SECURITY SERVICES""},{""pn"":""KS-MM-RD-2"",""score"":5,""on"":[""data final (358d)""],""ref"":""236Bis/25.04.2019"",""desc"":""RECURRENT INFORMATION SECURITY SERVICES""}]",
accounting:BT.BIT 237,BT.BIT 237,CEBIS INTERNATIONAL SRL,none,2020-10-26,RON,avans,1000,5800.54,UNRESOLVED,NONE,,,,,,,AVANS SERV. CONF. CONTRACT NR.CBS_9999_CTA_1440/14.10.2020 AVANS SERV. CONF. CONTRACT NR.CBS_9999_CTA_1440/14.10.2020 1000 euro la cursul BNR,0,org not found in tracker,[],
accounting:BT.BIT 238,BT.BIT 238,KEYSIGHT TECHNOLOGIES RO SRL,exact,2020-11-02,RON,,13200,76565.5,SCORED,LOW,KS-MM-RD-2,236Bis/25.04.2019,final,2019,BSS,RECURRENT INFORMATION SECURITY SERVICES,Penetration testing services for octombrie 2020 Penetration testing services for octombrie 2020 Purchase Order Number 9068000811( 13200euro+TVA la cursul BNR),26,org exact; score=31 margin=4 on [amount~final]; 2 distinct part# near top,"[{""pn"":""KS-MM-RD-2"",""score"":31,""on"":[""amount~final""],""ref"":""236Bis/25.04.2019"",""desc"":""RECURRENT INFORMATION SECURITY SERVICES""},{""pn"":""RED-PEN-S-WB-1"",""score"":27,""on"":[""amount~final"",""data final (11d)""],""ref"":""PO 9068000867"",""desc"":""pentest""},{""pn"":""KS-MM-RD-2"",""score"":26,""on"":[""amount~final"",""data final (179d)""],""ref"":""NO. 1 OF 02.06.2020"",""desc"":""RECURRENT INFORMATION SECURITY SERVICES""}]",
accounting:BT.BIT 239,BT.BIT 239,ORANGE ROMANIA SA,exact,2020-11-18,RON,,5000,133371.23,SCORED,LOW,PHISH-P-L-MM-F-250-3,PO 00007142,final,2022,BSS,up romania,BSS Fendly Email Data Breach Monitoring BSS Fendly Email Data Breach Monitoring Nr Notificare:C88173; Nr PO/Release:40421701 ( 5000 euro la cursul BNR) | BSS Fe,22,org exact; score=22 margin=0 on [amount~final]; 8 distinct part# near top,"[{""pn"":""PHISH-P-L-MM-F-250-3"",""score"":22,""on"":[""amount~final""],""ref"":""PO 00007142"",""desc"":""up romania""},{""pn"":""RED-PEN-B-E-B-7"",""score"":22,""on"":[""amount~final""],""ref"":""09.05.2024"",""desc"":""servicii de security code review""},{""pn"":""ORO-TEM-DEV-100"",""score"":20,""on"":[""amount~final"",""data final (107d)""],""ref"":""PO 40407868"",""desc"":""multiple services""}]","[{""service"":""BSS Fendly Email Data Breach Monitoring | BSS Fendly Email D"",""partNumber"":""PHISH-P-L-MM-F-250-3"",""score"":22,""on"":[""amount~final""]},{""service"":""BSS Fendly IP/Domain reputation Scanner | BSS Fendly IP/Doma"",""partNumber"":""BLUE-IR-OC-6"",""score"":30,""on"":[""amount~avans""]},{""service"":""BSS Fendly Network Vulnerability Scanner | BSS Fendly Networ"",""partNumber"":""PHISH-P-L-MM-F-250-3"",""score"":22,""on"":[""amount~final""]},{""service"":""BSS Fendly RBL Scanner | BSS Fendly RBL Scanner | Nr Notific"",""partNumber"":""BLUE-IR-OC-6"",""score"":30,""on"":[""amount~avans""]},{""service"":""BSS Fendly RoHacked | BSS Fendly RoHacked | Nr Notificare:C8"",""partNumber"":""ORO-TEM-DEV-50"",""score"":22,""on"":[""amount~final""]},{""service"":""BSS Fendly SSL Vlnerability Scanner | BSS Fendly SSL Vlnerab"",""partNumber"":""BLUE-IR-OC-6"",""score"":30,""on"":[""amount~avans""]},{""service"":""BSS Fendly Web Vulnerability Scanner | BSS Fendly Web Vulner"",""partNumber"":""ORO-TEM-DEV-50"",""score"":30,""on"":[""amount~final""]}]"
accounting:BT.BIT 240,BT.BIT 240,CERTSIGN SA,exact,2020-11-20,RON,,25650,148737.96,DETERMINISTIC,HIGH,CYBEREDU-RUN-EX-1,NR.45/B77A/20166C,,2020,BSS,CTF Infrastructure provision and support for ECSC participant countries,SERVICII CTF INFRASTRUCTURE PROVISION AND SUPPORT FOR ECSC SERVICII CTF INFRASTRUCTURE PROVISION AND SUPPORT FOR ECSC PARTICIPANT COUNTRIES . CONTRACT DE ASOCIE,1,org exact; unique part# via contract 45,"[{""pn"":""CYBEREDU-RUN-EX-1"",""score"":100,""on"":[""contract#""],""ref"":""NR.45/B77A/20166C"",""desc"":""CTF Infrastructure provision and support for ECSC participan""}]",
accounting:BT.BIT 241,BT.BIT 241,PENTESTTOOLS S.R.L.,none,2020-12-03,RON,,1500,8696.7,UNRESOLVED,NONE,,,,,,,SERVICII CONFORM CONTRACT 173/27.11.2020 ANEXA 1 SERVICII CONFORM CONTRACT 173/27.11.2020 ANEXA 1 1500 euro+TVA la cursul BNR,0,org not found in tracker,[],
accounting:BT.BIT 242,BT.BIT 242,KEYSIGHT TECHNOLOGIES RO SRL,exact,2020-12-03,RON,,12000,69573.59,SCORED,LOW,KS-MM-RD-2,236Bis/25.04.2019,final,2019,BSS,RECURRENT INFORMATION SECURITY SERVICES,Penetration testing services for noiembrie 2020 Penetration testing services for noiembrie 2020 Purchase Order Number 9068000926( 12000euro+TVA la cursul BNR),26,org exact; score=31 margin=0 on [amount~final]; 1 distinct part# near top,"[{""pn"":""KS-MM-RD-2"",""score"":31,""on"":[""amount~final""],""ref"":""236Bis/25.04.2019"",""desc"":""RECURRENT INFORMATION SECURITY SERVICES""},{""pn"":""KS-MM-RD-2"",""score"":31,""on"":[""amount~total""],""ref"":""NO. 5 OF 04.10.2023"",""desc"":""RECURRENT INFORMATION SECURITY SERVICES""},{""pn"":""KS-MM-RD-2"",""score"":31,""on"":[""amount~final""],""ref"":""NO. 5 OF 04.10.2023"",""desc"":""RECURRENT INFORMATION SECURITY SERVICES""}]",
accounting:BT.BIT 243,BT.BIT 243,CENTRUL MEDICAL UNIREA SRL,none,2020-12-14,RON,,6840,39664.27,UNRESOLVED,NONE,,,,,,,"SERVICII conform contract nr. 1 din 21.10.2020, anexa 2 SERVICII conform contract nr. 1 din 21.10.2020, anexa 2 6.840 euro +TVA la cursul BNR",0,org not found in tracker,[],
accounting:BT.BIT 244,BT.BIT 244,CEBIS INTERNATIONAL SRL,none,2020-12-14,RON,,1500,8698.3,UNRESOLVED,NONE,,,,,,,SERV. CONF. CONTRACT NR.CBS_9999_CTA_1440/14.10.2020 SERV. CONF. CONTRACT NR.CBS_9999_CTA_1440/14.10.2020 1.500 euro la cursul BNR,0,org not found in tracker,[],
accounting:BT.BIT 245,BT.BIT 245,KEYSIGHT TECHNOLOGIES RO SRL,exact,2020-12-14,RON,,10200,59148.47,SCORED,MEDIUM,KS-MM-RD-2,NO. 2 OF 25.10.2020,final,2020,BSS,RECURRENT INFORMATION SECURITY SERVICES,Penetration testing services for decembrie 2020 Penetration testing services for decembrie 2020 Purchase Order Number 9068000926( 10.200 euro+TVA la cursul BNR),26,"org exact; score=39 margin=23 on [amount~final, data final (49d)]; 1 distinct part# near top","[{""pn"":""KS-MM-RD-2"",""score"":39,""on"":[""amount~final"",""data final (49d)""],""ref"":""NO. 2 OF 25.10.2020"",""desc"":""RECURRENT INFORMATION SECURITY SERVICES""},{""pn"":""KS-MM-RD-2"",""score"":16,""on"":[""amount~final"",""data final (364d)""],""ref"":""236Bis/25.04.2019"",""desc"":""RECURRENT INFORMATION SECURITY SERVICES""},{""pn"":""KS-MM-RD-2"",""score"":16,""on"":[""amount~final"",""data final (364d)""],""ref"":""236Bis/25.04.2019"",""desc"":""RECURRENT INFORMATION SECURITY SERVICES""}]",
accounting:BT.BIT 246,BT.BIT 246,UNITED MEDIA SERVICES SRL,exact,2020-12-14,RON,,6000,34793.22,DETERMINISTIC,HIGH,RED-PEN-B-I-BP-50,177/08.12.2020,,2020,BSS,SERVICII DE SECURITATE INFORMATICA,SERVICII CONFORM CONTRACT NR. 177/ 08.12.2020 SERVICII CONFORM CONTRACT NR. 177/ 08.12.2020 6000 euro+TVA la cursul BNR,1,org exact; unique part# via contract 177,"[{""pn"":""RED-PEN-B-I-BP-50"",""score"":100,""on"":[""contract#""],""ref"":""177/08.12.2020"",""desc"":""SERVICII DE SECURITATE INFORMATICA""}]",
accounting:BT.BIT 247,BT.BIT 247,CERTSIGN SA,exact,2021-01-21,RON,avans,5100,29580.91,SCORED,MEDIUM,RED-PEN-B-I-BP-150,1/20.01.2021,avans,2021,BSS,pentest intern/extern,SERVICII CONFORM CONTRACT 17/19.01.2021/45B77B/21013C SERVICII CONFORM CONTRACT 17/19.01.2021/45B77B/21013C Comanda 1/20.01.2021(Avans 40% reprezentand 5.100 eu,8,"org exact; score=51 margin=43 on [amount~avans, data avans (0d)]; 1 distinct part# near top; avans","[{""pn"":""RED-PEN-B-I-BP-150"",""score"":51,""on"":[""amount~avans"",""data avans (0d)""],""ref"":""1/20.01.2021"",""desc"":""pentest intern/extern""},{""pn"":""CYBEREDU-RUN-EX-1"",""score"":8,""on"":[""data final (93d)""],""ref"":""NR.45/B77A/20166C"",""desc"":""CTF Infrastructure provision and support for ECSC participan""},{""pn"":""RED-PEN-B-I-BP-100"",""score"":4,""on"":[""data final (346d)""],""ref"":""153/09.01.2020"",""desc"":""pentest intern""}]",
accounting:BT.BIT 248,BT.BIT 248,CREATIVE MEDIA DEVELOPMENT SRL,none,2021-01-29,RON,,900,5220.27,UNRESOLVED,NONE,,,,,,,Livrabile servicii de securitate informatica în conf. cu Livrabile servicii de securitate informatica în conf. cu Anexa 10 act aditional 3 la CTR 112/29.01.2018,0,org not found in tracker,[],
accounting:BT.BIT 249,BT.BIT 249,KEYSIGHT TECHNOLOGIES RO SRL,exact,2021-02-01,RON,,12000,69605,SCORED,LOW,KS-MM-RD-2,236Bis/25.04.2019,final,2019,BSS,RECURRENT INFORMATION SECURITY SERVICES,Penetration testing services for ianuarie 2021 Penetration testing services for ianuarie 2021 Purchase Order Number 9068000926( 12.000euro+TVA la cursul BNR),26,org exact; score=31 margin=0 on [amount~final]; 1 distinct part# near top,"[{""pn"":""KS-MM-RD-2"",""score"":31,""on"":[""amount~final""],""ref"":""236Bis/25.04.2019"",""desc"":""RECURRENT INFORMATION SECURITY SERVICES""},{""pn"":""KS-MM-RD-2"",""score"":31,""on"":[""amount~total""],""ref"":""NO. 5 OF 04.10.2023"",""desc"":""RECURRENT INFORMATION SECURITY SERVICES""},{""pn"":""KS-MM-RD-2"",""score"":31,""on"":[""amount~final""],""ref"":""NO. 5 OF 04.10.2023"",""desc"":""RECURRENT INFORMATION SECURITY SERVICES""}]",
accounting:BT.BIT 250,BT.BIT 250,PINK POST OFFICE  SRL,none,2021-02-04,RON,avans,2400,13920.72,UNRESOLVED,NONE,,,,,,,SERVICII CONFORM CONTRACT 180/21.01.2021 SERVICII CONFORM CONTRACT 180/21.01.2021 Avans 2400 euro+TVA la cursul BNR,0,org not found in tracker,[],
accounting:BT.BIT 251,BT.BIT 251,CREATIVE MEDIA DEVELOPMENT SRL,none,2021-02-15,RON,,450,2610.19,UNRESOLVED,NONE,,,,,,,SERVICI CONFORM CONTRACT NR.112 DIN 29.01.2018 SERVICI CONFORM CONTRACT NR.112 DIN 29.01.2018 ANEXA 13 - SERVICII DE EVALUARE VULNERABILITATI RETEA INTERNA( 450,0,org not found in tracker,[],
accounting:BT.BIT 252,BT.BIT 252,CERTSIGN SA,exact,2021-02-22,RON,storno,5100,44378.96,SCORED,MEDIUM,,Nr. 178/19.01.2021 45/B77B/21013 C,,2021,BSS,-,SERVICII CONFORM CONTRACT 178/19.01.2021/45B77B/21013C SERVICII CONFORM CONTRACT 178/19.01.2021/45B77B/21013C Comanda 1/20.01.2021(Avans 40% reprezentand 5.100 ,8,"org exact; score=53 margin=8 on [contract#, same year]; 1 distinct part# near top; storno","[{""pn"":"""",""score"":53,""on"":[""contract#"",""same year""],""ref"":""Nr. 178/19.01.2021 45/B77B/21013 C"",""desc"":""-""},{""pn"":""RED-PEN-B-I-BP-150"",""score"":45,""on"":[""amount~avans"",""data final (0d)""],""ref"":""1/20.01.2021"",""desc"":""pentest intern/extern""},{""pn"":""RED-PEN-S-B-3"",""score"":3,""on"":[""data avans (279d)""],""ref"":""NR. 1 DIN 15.05.2020"",""desc"":""pentest 3 aplicatii""}]","[{""service"":""SERVICII CONFORM CONTRACT 178/19.01.2021/45B77B/21013C | SER"",""partNumber"":"""",""score"":53,""on"":[""contract#"",""same year""]},{""service"":""SERVICII CONFORM CONTRACT 178/19.01.2021/45B77B/21013C | SER"",""partNumber"":"""",""score"":53,""on"":[""contract#"",""same year""]}]"
accounting:BT.BIT 253,BT.BIT 253,SMARTDREAMERS SOCIETATE PE ACTIUNI,none,2021-02-22,RON,,1250,7250.9,UNRESOLVED,NONE,,,,,,,SERVICI CONFORM CONTRACT NR.179 DIN 20.01.2021 SERVICI CONFORM CONTRACT NR.179 DIN 20.01.2021 1250 euro+TVA la cursul BNR,0,org not found in tracker,[],
accounting:BT.BIT 255,BT.BIT 255,KEYSIGHT TECHNOLOGIES RO SRL,exact,2021-03-02,RON,,11700,67866.27,SCORED,LOW,KS-MM-RD-2,236Bis/25.04.2019,final,2019,BSS,RECURRENT INFORMATION SECURITY SERVICES,Penetration testing services for februarie 2021 Penetration testing services for februarie 2021 Purchase Order Number 9068000926(11.700 euro+TVA la cursul BNR),26,org exact; score=23 margin=0 on [amount~final]; 1 distinct part# near top,"[{""pn"":""KS-MM-RD-2"",""score"":23,""on"":[""amount~final""],""ref"":""236Bis/25.04.2019"",""desc"":""RECURRENT INFORMATION SECURITY SERVICES""},{""pn"":""KS-MM-RD-2"",""score"":23,""on"":[""amount~final""],""ref"":""236Bis/25.04.2019"",""desc"":""RECURRENT INFORMATION SECURITY SERVICES""},{""pn"":""KS-MM-RD-2"",""score"":23,""on"":[""amount~final""],""ref"":""NO. 5 OF 04.10.2023"",""desc"":""RECURRENT INFORMATION SECURITY SERVICES""}]",
accounting:BT.BIT 256,BT.BIT 256,ONLINE VENUES & EVENTS SRL,exact,2021-03-03,RON,avans,2200,12761.96,DETERMINISTIC,HIGH,RED-PEN-S-B-1,181/09.02.2021,,2021,BSS,pentest app,SERVICI CONFORM CONTRACT NR.181 DIN 09.02.2021 SERVICI CONFORM CONTRACT NR.181 DIN 09.02.2021 Avans 2.200 euro +TVA la cursul BNR,1,org exact; unique part# via contract 181; avans,"[{""pn"":""RED-PEN-S-B-1"",""score"":100,""on"":[""contract#""],""ref"":""181/09.02.2021"",""desc"":""pentest app""}]",
accounting:BT.BIT 257,BT.BIT 257,KAUFLAND ROMANIA SCS,none,2021-03-09,RON,,,74960.47,UNRESOLVED,NONE,,,,,,,"Pentest - Audit securitate Pentest - Audit securitate Comanda nr.: 7200320323 din 08/03/2021, Nr. material 5000000610",0,org not found in tracker,[],
accounting:BT.BIT 258,BT.BIT 258,SMARTDREAMERS SOCIETATE PE ACTIUNI,none,2021-03-16,RON,storno,1250,7280.79,UNRESOLVED,NONE,,,,,,,SERVICI CONFORM CONTRACT NR.179 DIN 20.01.2021 SERVICI CONFORM CONTRACT NR.179 DIN 20.01.2021 ( Stornare factura 253/22.02.2021) 1250 euro+TVA la cursul BNR Sto,0,org not found in tracker,[],
accounting:BT.BIT 259,BT.BIT 259,PINK POST OFFICE  SRL,none,2021-03-16,RON,storno,2400,20955.32,UNRESOLVED,NONE,,,,,,,SERVICII CONFORM CONTRACT 180/21.01.2021 SERVICII CONFORM CONTRACT 180/21.01.2021 (Stornare factura 250/04.02.2021)Avans 2400 euro+TVA la cursul BNR Storneaza f,0,org not found in tracker,[],
accounting:BT.BIT 260,BT.BIT 260,CERTSIGN SA,exact,2021-03-16,RON,,1250,7268.07,SCORED,MEDIUM,,Nr. 178/19.01.2021 45/B77B/21013 C,,2021,BSS,-,SERVICII DE SECURITATE INFORMATICA COMANDA 2/27.02.2021 SERVICII DE SECURITATE INFORMATICA COMANDA 2/27.02.2021 CONTRACT 178/19.01.2021/45B77B/21013C proces ver,9,"org exact; score=53 margin=31 on [contract#, same year]; 0 distinct part# near top","[{""pn"":"""",""score"":53,""on"":[""contract#"",""same year""],""ref"":""Nr. 178/19.01.2021 45/B77B/21013 C"",""desc"":""-""},{""pn"":""RED-PEN-M-G-1"",""score"":22,""on"":[""amount~final""],""ref"":""7"",""desc"":""pentest arhivare (ELO)""},{""pn"":""RED-PEN-S-B-3"",""score"":15,""on"":[""amount~avans"",""data avans (301d)""],""ref"":""NR. 1 DIN 15.05.2020"",""desc"":""pentest 3 aplicatii""}]",
accounting:BT.BIT 263,BT.BIT 263,PASTEL AGE SRL,none,2021-04-01,RON,,1200,7033.04,UNRESOLVED,NONE,,,,,,,SERVICII CONFORM CONTRACT 185 DIN 29.03.2021 SERVICII CONFORM CONTRACT 185 DIN 29.03.2021 PG3285( 1.200 euro+TVA la cursul BNR),0,org not found in tracker,[],
accounting:BT.BIT 262,BT.BIT 262,PENTESTTOOLS S.R.L.,none,2021-03-30,RON,,1500,8741.5,UNRESOLVED,NONE,,,,,,,SERVICII CONFORM CONTRACT NR.184 DIN 16.03.2021 SERVICII CONFORM CONTRACT NR.184 DIN 16.03.2021 1.500 euro+TVA la cursul BNR,0,org not found in tracker,[],
accounting:BT.BIT 264,BT.BIT 264,KEYSIGHT TECHNOLOGIES RO SRL,exact,2021-04-01,RON,,12000,70330.43,SCORED,LOW,KS-MM-RD-2,236Bis/25.04.2019,final,2019,BSS,RECURRENT INFORMATION SECURITY SERVICES,Penetration testing services for martie 2021 Penetration testing services for martie 2021 Purchase Order Number 9068000926( 12.000 euro+TVA la cursul BNR),26,org exact; score=31 margin=0 on [amount~final]; 1 distinct part# near top,"[{""pn"":""KS-MM-RD-2"",""score"":31,""on"":[""amount~final""],""ref"":""236Bis/25.04.2019"",""desc"":""RECURRENT INFORMATION SECURITY SERVICES""},{""pn"":""KS-MM-RD-2"",""score"":31,""on"":[""amount~total""],""ref"":""NO. 5 OF 04.10.2023"",""desc"":""RECURRENT INFORMATION SECURITY SERVICES""},{""pn"":""KS-MM-RD-2"",""score"":31,""on"":[""amount~final""],""ref"":""NO. 5 OF 04.10.2023"",""desc"":""RECURRENT INFORMATION SECURITY SERVICES""}]",
accounting:BT.BIT 265,BT.BIT 265,KEYSIGHT TECHNOLOGIES RO SRL,exact,2021-05-04,RON,,12600,73854.45,SCORED,LOW,KS-MM-RD-2,236Bis/25.04.2019,final,2019,BSS,RECURRENT INFORMATION SECURITY SERVICES,Penetration testing services for aprilie 2021 Penetration testing services for aprilie 2021 Purchase Order Number 9068000926( 12.600 euro+TVA la cursul BNR),26,org exact; score=31 margin=0 on [amount~final]; 1 distinct part# near top,"[{""pn"":""KS-MM-RD-2"",""score"":31,""on"":[""amount~final""],""ref"":""236Bis/25.04.2019"",""desc"":""RECURRENT INFORMATION SECURITY SERVICES""},{""pn"":""KS-MM-RD-2"",""score"":31,""on"":[""amount~total""],""ref"":""NO. 5 OF 04.10.2023"",""desc"":""RECURRENT INFORMATION SECURITY SERVICES""},{""pn"":""KS-MM-RD-2"",""score"":26,""on"":[""amount~final"",""data final (269d)""],""ref"":""NO. 2 OF 25.10.2020"",""desc"":""RECURRENT INFORMATION SECURITY SERVICES""}]",
accounting:BT.BIT 266,BT.BIT 266,ONLINE VENUES & EVENTS SRL,exact,2021-05-04,RON,storno,2200,19476.09,DETERMINISTIC,HIGH,RED-PEN-S-B-1,181/09.02.2021,,2021,BSS,pentest app,STORNARE FACTURA 256 DIN 03.03.2021 STORNARE FACTURA 256 DIN 03.03.2021 stornare avans 2.200 euro la cursul BNR | SERVICI CONFORM CONTRACT NR.181 DIN 09.02.2021,1,org exact; unique part# via contract 181; storno,"[{""pn"":""RED-PEN-S-B-1"",""score"":100,""on"":[""contract#""],""ref"":""181/09.02.2021"",""desc"":""pentest app""}]",
accounting:BT.BIT 267,BT.BIT 267,VALORIS CENTER SRL,exact,2021-05-04,RON,,2000,11722.93,DETERMINISTIC,HIGH,RED-VA-I-S-25,188/20.04.2021,,2021,BSS,VA,SERVICII CONFORM CONTRACT 188/20.04.2021 SERVICII CONFORM CONTRACT 188/20.04.2021 2.000 euro+TVA la cursul BNR,1,org exact; unique part# via contract 188,"[{""pn"":""RED-VA-I-S-25"",""score"":100,""on"":[""contract#""],""ref"":""188/20.04.2021"",""desc"":""VA""}]",
accounting:BT.BIT 268,BT.BIT 268,CUSTIFY SRL,exact,2021-05-17,RON,avans,1840,10784.44,DETERMINISTIC,HIGH,RED-PEN-S-WB-1,191/17.05.2021,,2021,BSS,pentest web app,AVANS 40% SERVICII CONFORM CONTRACT 191/17.05.2021 AVANS 40% SERVICII CONFORM CONTRACT 191/17.05.2021 1840 euro+TVA la cursul BNR,1,org exact; unique part# via contract 191; avans,"[{""pn"":""RED-PEN-S-WB-1"",""score"":100,""on"":[""contract#""],""ref"":""191/17.05.2021"",""desc"":""pentest web app""}]",
accounting:BT.BIT 269,BT.BIT 269,AIMS TIMISOARA S.R.L.,none,2021-05-17,RON,,1500,8792.2,UNRESOLVED,NONE,,,,,,,SERVICII CONFORM CONTRACT 190/06.05.2021 SERVICII CONFORM CONTRACT 190/06.05.2021 1500 euro+TVA la cursul BNR,0,org not found in tracker,[],
accounting:BT.BIT 270,BT.BIT 270,CREATIVE MEDIA DEVELOPMENT SRL,none,2021-05-24,RON,,9200,53938.61,UNRESOLVED,NONE,,,,,,,SERVICII CONFORM ACT ADITIONAL NR.4 DIN 15.02.2021 SERVICII CONFORM ACT ADITIONAL NR.4 DIN 15.02.2021 LA CONTRACT 112 DIN 29.01.2018(9.200 euro+TVA la cursul BN,0,org not found in tracker,[],
accounting:BT.BIT 271,BT.BIT 271,WHITE IMAGE LOYALTY SRL,exact,2021-05-31,RON,avans,4050,23710.98,UNRESOLVED,NONE,,,,,,,AVANS 50 % CONFORM CONTRACT NR.192 DIN 19.05.2021 AVANS 50 % CONFORM CONTRACT NR.192 DIN 19.05.2021 4.050 euro la cursul BNR,1,org exact; 1 activities but no signal matched,[],
accounting:BT.BIT 272,BT.BIT 272,CUSTIFY SRL,exact,2021-06-04,RON,storno,1840,16162.98,DETERMINISTIC,HIGH,RED-PEN-S-WB-1,191/17.05.2021,,2021,BSS,pentest web app,STORNARE AVANS 40% SERVICII CONFORM CONTRACT 191/17.05.2021 STORNARE AVANS 40% SERVICII CONFORM CONTRACT 191/17.05.2021 Factura 268/17.05.2021(1840 euro+TVA la ,1,org exact; unique part# via contract 191/268; storno,"[{""pn"":""RED-PEN-S-WB-1"",""score"":100,""on"":[""contract#""],""ref"":""191/17.05.2021"",""desc"":""pentest web app""}]",
accounting:BT.BIT 273,BT.BIT 273,KEYSIGHT TECHNOLOGIES RO SRL,exact,2021-06-04,RON,,12600,73812.46,SCORED,LOW,KS-MM-RD-2,236Bis/25.04.2019,final,2019,BSS,RECURRENT INFORMATION SECURITY SERVICES,Penetration testing services for FY'21 Penetration testing services for FY'21 Purchase Order Number 9068001413 ( 12.600 euro+TVA la cursul BNR,27,org exact; score=32 margin=0 on [amount~final]; 1 distinct part# near top,"[{""pn"":""KS-MM-RD-2"",""score"":32,""on"":[""amount~final""],""ref"":""236Bis/25.04.2019"",""desc"":""RECURRENT INFORMATION SECURITY SERVICES""},{""pn"":""KS-MM-RD-2"",""score"":32,""on"":[""amount~total""],""ref"":""NO. 5 OF 04.10.2023"",""desc"":""RECURRENT INFORMATION SECURITY SERVICES""},{""pn"":""KS-MM-RD-2"",""score"":27,""on"":[""amount~final"",""data final (238d)""],""ref"":""NO. 2 OF 25.10.2020"",""desc"":""RECURRENT INFORMATION SECURITY SERVICES""}]",
accounting:BT.BIT 274,BT.BIT 274,RESTART ENERGY DEMOCRACY S.R.L.,exact,2021-06-18,RON,avans,8000,46886,DETERMINISTIC,HIGH,RED-PEN-S-WB-1,193/09.06.2021,,2021,BSS,pentest aplicatie,SERVICII CONTRACT 193/09.06.2021 SERVICII CONTRACT 193/09.06.2021 8000 euro+TVA la cursul BNR reprezentand 50% avans,1,org exact; unique part# via contract 193; avans,"[{""pn"":""RED-PEN-S-WB-1"",""score"":100,""on"":[""contract#""],""ref"":""193/09.06.2021"",""desc"":""pentest aplicatie""}]",
accounting:BT.BIT 275,BT.BIT 275,FUNDATIA ALEXANDRION,none,2021-06-22,RON,,,7325.94,UNRESOLVED,NONE,,,,,,,SERVICII CONFORM CONTRACT 194/22.02.2021 SERVICII CONFORM CONTRACT 194/22.02.2021,0,org not found in tracker,[],
accounting:BT.BIT 276,BT.BIT 276,WHITE IMAGE LOYALTY SRL,exact,2021-06-25,RON,storno,4050,23753.38,SCORED,LOW,RED-PEN-B-E-B-10,CONTRACT-CADRU DE PRESTARI SERVICII NR. 367/14.10.2025,,2025,BSS,servicii de pentest,STORNARE AVANS 50 % CONFORM CONTRACT NR.192 DIN 19.05.2021 STORNARE AVANS 50 % CONFORM CONTRACT NR.192 DIN 19.05.2021 4.050 euro la cursul BNR Storneaza factura,1,org exact; score=1 margin=1 on []; 1 distinct part# near top; storno,"[{""pn"":""RED-PEN-B-E-B-10"",""score"":1,""on"":[],""ref"":""CONTRACT-CADRU DE PRESTARI SERVICII NR. "",""desc"":""servicii de pentest""}]","[{""service"":""SERVICII CONFORM CONTRACT NR. 192/18.05.2021 | SERVICII CONF"",""partNumber"":""RED-PEN-B-E-B-10"",""score"":2,""on"":[]}]"
accounting:BT.BIT 277,BT.BIT 277,KEYSIGHT TECHNOLOGIES RO SRL,exact,2021-07-02,RON,,11400,66827.47,SCORED,LOW,KS-MM-RD-2,NO. 5 OF 04.10.2023,final,2023,BSS,RECURRENT INFORMATION SECURITY SERVICES,Penetration testing services for FY'21 Penetration testing services for FY'21 Purchase Order Number 9068001413 ( 11.400 euro+TVA la cursul BNR),27,org exact; score=32 margin=8 on [amount~final]; 1 distinct part# near top,"[{""pn"":""KS-MM-RD-2"",""score"":32,""on"":[""amount~final""],""ref"":""NO. 5 OF 04.10.2023"",""desc"":""RECURRENT INFORMATION SECURITY SERVICES""},{""pn"":""KS-MM-RD-2"",""score"":24,""on"":[""amount~final""],""ref"":""236Bis/25.04.2019"",""desc"":""RECURRENT INFORMATION SECURITY SERVICES""},{""pn"":""KS-MM-RD-2"",""score"":24,""on"":[""amount~total""],""ref"":""NO. 5 OF 04.10.2023"",""desc"":""RECURRENT INFORMATION SECURITY SERVICES""}]",
accounting:BT.BIT 278,BT.BIT 278,ZONE CONSULTING IT S.R.L.,exact,2021-07-02,RON,,7150,41920.53,DETERMINISTIC,HIGH,BLUE-IR-50,196/29.06.2021,,2021,BSS,incident response,Servicii conform anexa 2 la contract nr.196/29.06.2021 Servicii conform anexa 2 la contract nr.196/29.06.2021 7.150euro+TVA la cursul BNR,1,org exact; unique part# via contract 196,"[{""pn"":""BLUE-IR-50"",""score"":100,""on"":[""contract#""],""ref"":""196/29.06.2021"",""desc"":""incident response""}]",
accounting:BT.BIT 279,BT.BIT 279,SILKWEB S.A.,exact,2021-07-12,RON,avans,3250,19057.11,DETERMINISTIC,HIGH,RED-PEN-S-G-1,195/29.06.2021,,2021,BSS,pentest web app greybox,SERVICII CONFORM ANEXA 1 LA CONTRACT 195/29.06.2021 SERVICII CONFORM ANEXA 1 LA CONTRACT 195/29.06.2021 50% avans reprezentand 3.250 euro+TVA la cursul BNR,1,org exact; unique part# via contract 195; avans,"[{""pn"":""RED-PEN-S-G-1"",""score"":100,""on"":[""contract#""],""ref"":""195/29.06.2021"",""desc"":""pentest web app greybox""}]",
accounting:BT.BIT 280,BT.BIT 280,RESTART ENERGY DEMOCRACY S.R.L.,exact,2021-07-26,RON,storno,8000,46826.98,DETERMINISTIC,HIGH,RED-PEN-S-WB-1,193/09.06.2021,,2021,BSS,pentest aplicatie,STONARE FACTURA 274/18.06.2021 STONARE FACTURA 274/18.06.2021 stornare 8000 euro+TVA la cursul BNR reprezentand 50% avans | SERVICII CONTRACT 193/09.06.2021 | S,1,org exact; unique part# via contract 193/274; storno,"[{""pn"":""RED-PEN-S-WB-1"",""score"":100,""on"":[""contract#""],""ref"":""193/09.06.2021"",""desc"":""pentest aplicatie""}]",
accounting:BT.BIT 281,BT.BIT 281,KEYSIGHT TECHNOLOGIES RO SRL,exact,2021-08-02,RON,,13200,77280.22,SCORED,LOW,KS-MM-RD-2,236Bis/25.04.2019,final,2019,BSS,RECURRENT INFORMATION SECURITY SERVICES,Penetration testing services for FY'21 Penetration testing services for FY'21 Purchase Order Number 9068001413 ( 13.200 euro+TVA la cursul BNR),27,org exact; score=32 margin=5 on [amount~final]; 1 distinct part# near top,"[{""pn"":""KS-MM-RD-2"",""score"":32,""on"":[""amount~final""],""ref"":""236Bis/25.04.2019"",""desc"":""RECURRENT INFORMATION SECURITY SERVICES""},{""pn"":""KS-MM-RD-2"",""score"":27,""on"":[""amount~final"",""data final (179d)""],""ref"":""NO. 2 OF 25.10.2020"",""desc"":""RECURRENT INFORMATION SECURITY SERVICES""},{""pn"":""KS-MM-RD-2"",""score"":24,""on"":[""amount~final""],""ref"":""236Bis/25.04.2019"",""desc"":""RECURRENT INFORMATION SECURITY SERVICES""}]",
accounting:BT.BIT 282,BT.BIT 282,ORANGE ROMANIA SA,exact,2021-08-16,RON,,4000,122745.88,SCORED,LOW,ORO-TEM-DEV-50,PO 40280009,final,2016,BSS,dezv,Fendly Discovery Scanner: Licenta 10000 de scanari Fendly Discovery Scanner: Licenta 10000 de scanari Nr Notificare C102686; Nr PO/Release 40444774: Nr Receptie,23,org exact; score=30 margin=8 on [amount~final]; 2 distinct part# near top,"[{""pn"":""ORO-TEM-DEV-50"",""score"":30,""on"":[""amount~final""],""ref"":""PO 40280009"",""desc"":""dezv""},{""pn"":""RED-PEN-B-E-B-5"",""score"":22,""on"":[""amount~final""],""ref"":""12.03.2024"",""desc"":""servicii de pentest""},{""pn"":""ORO-TEM-L-10000"",""score"":16,""on"":[""data final (0d)""],""ref"":""PO 40444774"",""desc"":""licente tem 2021""}]","[{""service"":""Fendly Discovery Scanner: Licenta 10000 de scanari | Fendly "",""partNumber"":""ORO-TEM-DEV-50"",""score"":30,""on"":[""amount~final""]},{""service"":""Fendly Network Pro Scanner: Licenta 10000 de scanari | Fendl"",""partNumber"":""ORO-TEM-DEV-79"",""score"":22,""on"":[""amount~final""]},{""service"":""Fendly Web Pro Scanner: Licenta 10000 de scanari | Fendly We"",""partNumber"":""PHISH-P-L-MM-F-250-3"",""score"":22,""on"":[""amount~final""]},{""service"":""Licenta Fendly Vulnerability Signal Monitor pentru 12 | Lice"",""partNumber"":""ORO-TEM-DEV-79"",""score"":22,""on"":[""amount~final""]}]"
accounting:BT.BIT 283,BT.BIT 283,CERTSIGN SA,exact,2021-08-16,RON,,1650,9644.3,SCORED,MEDIUM,,Nr. 178/19.01.2021 45/B77B/21013 C,,2021,BSS,-,SERVICII CONFORM CONTRACT DE PRESTARI SERVICII SERVICII CONFORM CONTRACT DE PRESTARI SERVICII Nr. certSIGN 45/B77B/21013 C Nr Bit Sentinel 178/19.01.2021; Accep,10,"org exact; score=53 margin=8 on [contract#, same year]; 1 distinct part# near top","[{""pn"":"""",""score"":53,""on"":[""contract#"",""same year""],""ref"":""Nr. 178/19.01.2021 45/B77B/21013 C"",""desc"":""-""},{""pn"":""RED-PEN-S-B-1"",""score"":45,""on"":[""amount~final"",""data final (0d)""],""ref"":""2/27.02.2021"",""desc"":""pentest app""},{""pn"":""RED-PEN-M-G-1"",""score"":22,""on"":[""amount~final""],""ref"":""6"",""desc"":""pentest""}]",
accounting:BT.BIT 284,BT.BIT 284,RESTART ENERGY DEMOCRACY S.R.L.,exact,2021-08-16,RON,avans,39375,23015.79,DETERMINISTIC,HIGH,RED-PEN-S-WB-1,193/09.06.2021,,2021,BSS,pentest aplicatie,"SERVICII CONTRACT 193/09.06.2021 act aditional 1/04.08.2021 SERVICII CONTRACT 193/09.06.2021 act aditional 1/04.08.2021 Avans 50% reprezentand 3937,5 euro+TVA l",1,org exact; unique part# via contract 193; avans,"[{""pn"":""RED-PEN-S-WB-1"",""score"":100,""on"":[""contract#""],""ref"":""193/09.06.2021"",""desc"":""pentest aplicatie""}]",
accounting:BT.BIT 285,BT.BIT 285,SILKWEB S.A.,exact,2021-08-25,RON,storno,3250,19064.06,DETERMINISTIC,HIGH,RED-PEN-S-G-1,195/29.06.2021,,2021,BSS,pentest web app greybox,SERVICII CONFORM ANEXA 1 LA CONTRACT 195/29.06.2021 SERVICII CONFORM ANEXA 1 LA CONTRACT 195/29.06.2021 stornare fact 279 reprezentand 50% avans reprezentand 3.,1,org exact; unique part# via contract 195; storno,"[{""pn"":""RED-PEN-S-G-1"",""score"":100,""on"":[""contract#""],""ref"":""195/29.06.2021"",""desc"":""pentest web app greybox""}]",
accounting:BT.BIT 286,BT.BIT 286,RESTART ENERGY DEMOCRACY S.R.L.,exact,2021-08-30,RON,storno,39375,18079.43,DETERMINISTIC,HIGH,RED-PEN-S-WB-1,193/09.06.2021,,2021,BSS,pentest aplicatie,"SERVICII CONTRACT 193/09.06.2021 act aditional 1/04.08.2021 SERVICII CONTRACT 193/09.06.2021 act aditional 1/04.08.2021 Stornare avans 50% reprezentand 3937,5 e",1,org exact; unique part# via contract 193; storno,"[{""pn"":""RED-PEN-S-WB-1"",""score"":100,""on"":[""contract#""],""ref"":""193/09.06.2021"",""desc"":""pentest aplicatie""}]",
accounting:BT.BIT 287,BT.BIT 287,KEYSIGHT TECHNOLOGIES RO SRL,exact,2021-09-01,RON,,13200,77511.13,SCORED,LOW,KS-MM-RD-2,236Bis/25.04.2019,final,2019,BSS,RECURRENT INFORMATION SECURITY SERVICES,Penetration testing services for FY'21 Penetration testing services for FY'21 Purchase Order Number 9068001413 ( 13.200 euro+TVA la cursul BNR),27,org exact; score=32 margin=5 on [amount~final]; 1 distinct part# near top,"[{""pn"":""KS-MM-RD-2"",""score"":32,""on"":[""amount~final""],""ref"":""236Bis/25.04.2019"",""desc"":""RECURRENT INFORMATION SECURITY SERVICES""},{""pn"":""KS-MM-RD-2"",""score"":27,""on"":[""amount~final"",""data final (149d)""],""ref"":""NO. 2 OF 25.10.2020"",""desc"":""RECURRENT INFORMATION SECURITY SERVICES""},{""pn"":""KS-MM-RD-2"",""score"":24,""on"":[""amount~final""],""ref"":""236Bis/25.04.2019"",""desc"":""RECURRENT INFORMATION SECURITY SERVICES""}]",
accounting:BT.BIT 288,BT.BIT 288,ALTEX ROMANIA SRL,exact,2021-09-01,RON,,2500,14680.14,DETERMINISTIC,HIGH,PHISH-P-L-MM-F-4000-12,CONTRACT NR. 21785 din 06.08.2021 198/30.07.2021,,2021,BSS,Phish Enterprise Fully-Managed Monthly License,SERVICII CONFORM CONTRACT NR. 21785 comanda nr.1 SERVICII CONFORM CONTRACT NR. 21785 comanda nr.1 2500 euro+TVA la cursul BNR,1,org exact; unique part# via contract 21785,"[{""pn"":""PHISH-P-L-MM-F-4000-12"",""score"":100,""on"":[""contract#""],""ref"":""CONTRACT NR. 21785 din 06.08.2021 198/30"",""desc"":""Phish Enterprise Fully-Managed Monthly License""}]",
accounting:BT.BIT 289,BT.BIT 289,ORANGE ROMANIA SA,exact,2021-09-06,RON,,31070,264114.37,SCORED,LOW,ORO-TEM-L-10000,PO 40481119,final,2022,BSS,mix,Dezvoltarea de functionalitati noi Dezvoltarea de functionalitati noi Nr Notificare C104052; Nr PO/Release 40444776; Nr Receptie 184577 ( 31.070 euro+TVA la cur,22,"org exact; score=25 margin=3 on [amount~final, data final (360d)]; 5 distinct part# near top","[{""pn"":""ORO-TEM-L-10000"",""score"":25,""on"":[""amount~final"",""data final (360d)""],""ref"":""PO 40481119"",""desc"":""mix""},{""pn"":""ORO-TEM-L-10000"",""score"":22,""on"":[""amount~final""],""ref"":"""",""desc"":""licenta anuala fendly""},{""pn"":""CYBEREDU-DEV-EX-5"",""score"":22,""on"":[""amount~final""],""ref"":""PO00011232"",""desc"":""Dezvoltare laboratoare\npractice de securitate\ncibernetica in""}]","[{""service"":""Dezvoltarea de functionalitati noi | Dezvoltarea de function"",""partNumber"":""ORO-TEM-L-10000"",""score"":25,""on"":[""amount~final"",""data final (360d)""]},{""service"":""Imbunatatirea proceselor si functionalitatilor existente | I"",""partNumber"":""RED-MISC-10"",""score"":27,""on"":[""amount~final"",""data final (22d)""]}]"
accounting:BT.BIT 290,BT.BIT 290,TIMESAFE SRL,exact,2021-09-14,RON,avans,3750,22078.22,DETERMINISTIC,HIGH,RED-PEN-S-G-10,201/13.09.2021,,2021,BSS,pentest aplicatie,SERVICII CONFORM CONTRACT NR. 201/ 13.09.2021 SERVICII CONFORM CONTRACT NR. 201/ 13.09.2021 avans 50% reprezentand 3.750 euro+TVA la cursul BNR,1,org exact; unique part# via contract 201; avans,"[{""pn"":""RED-PEN-S-G-10"",""score"":100,""on"":[""contract#""],""ref"":""201/13.09.2021"",""desc"":""pentest aplicatie""}]",
accounting:BT.BIT 291,BT.BIT 291,ZIPPER SERVICES SRL,exact,2021-09-16,RON,,1245,7330.86,DETERMINISTIC,HIGH,PHISH-P-L-MM-S-200-12,Nr. 200/01.09.2021,,2021,BSS,phish enterprise trimestrial,SERVICII CONFORM PHISH ENTERPRISE FORMULAR DE COMANDA SERVICII CONFORM PHISH ENTERPRISE FORMULAR DE COMANDA Nr. 1 la Contract Nr. 200/01.09.2021 ( 1.245 EURO+TV,1,org exact; unique part# via contract 200,"[{""pn"":""PHISH-P-L-MM-S-200-12"",""score"":100,""on"":[""contract#""],""ref"":""Nr. 200/01.09.2021"",""desc"":""phish enterprise trimestrial""}]",
accounting:BT.BIT 292,BT.BIT 292,ORANGE ROMANIA SA,exact,2021-09-28,RON,,4200,73318.95,SCORED,LOW,ORO-TEM-DEV-50,PO 40280009,final,2016,BSS,dezv,Writing Reports and follow-up Writing Reports and follow-up Nr. notificare C104880; Nr PO/Release 40448315; Nr Receptie 185307( 4.200 euro+TVA la cursul BNR) | ,25,org exact; score=22 margin=0 on [amount~final]; 8 distinct part# near top,"[{""pn"":""ORO-TEM-DEV-50"",""score"":22,""on"":[""amount~final""],""ref"":""PO 40280009"",""desc"":""dezv""},{""pn"":""RED-PEN-B-E-B-5"",""score"":22,""on"":[""amount~final""],""ref"":""12.03.2024"",""desc"":""servicii de pentest""},{""pn"":""PHISH-P-L-YY-A-15000"",""score"":15,""on"":[""data final (21d)""],""ref"":""PO 40451579"",""desc"":""licente tem 2021""}]","[{""service"":""Writing Reports and follow-up | Writing Reports and follow-u"",""partNumber"":""ORO-TEM-DEV-50"",""score"":22,""on"":[""amount~final""]},{""service"":""Run the tests (3 simulations, includes preparation, running "",""partNumber"":""RED-PEN-B-I-B-50"",""score"":30,""on"":[""amount~final"",""data final (69d)""]},{""service"":""Develop the methodology for testing (includes labs, tests et"",""partNumber"":""PHISH-P-L-YY-A-15000"",""score"":15,""on"":[""data final (21d)""]}]"
accounting:BT.BIT 293,BT.BIT 293,KEYSIGHT TECHNOLOGIES RO SRL,exact,2021-10-04,RON,,13200,77705.91,SCORED,LOW,KS-MM-RD-2,236Bis/25.04.2019,final,2019,BSS,RECURRENT INFORMATION SECURITY SERVICES,Penetration testing services for FY'21 Penetration testing services for FY'21 Purchase Order Number 9068001413 ( 13.200 euro+TVA lacursul BNR),27,org exact; score=32 margin=0 on [amount~final]; 1 distinct part# near top,"[{""pn"":""KS-MM-RD-2"",""score"":32,""on"":[""amount~final""],""ref"":""236Bis/25.04.2019"",""desc"":""RECURRENT INFORMATION SECURITY SERVICES""},{""pn"":""KS-MM-RD-2"",""score"":32,""on"":[""amount~final"",""data final (116d)""],""ref"":""NO. 2 OF 25.10.2020"",""desc"":""RECURRENT INFORMATION SECURITY SERVICES""},{""pn"":""KS-MM-RD-2"",""score"":24,""on"":[""amount~final""],""ref"":""236Bis/25.04.2019"",""desc"":""RECURRENT INFORMATION SECURITY SERVICES""}]",
accounting:BT.BIT 294,BT.BIT 294,SILKWEB S.A.,exact,2021-10-04,RON,,625,4378.32,DETERMINISTIC,HIGH,RED-PEN-S-G-1,195/29.06.2021,,2021,BSS,pentest web app greybox,SERVICII CONFORM ANEXA 2 LA CONTRACT 195/29.06.2021 SERVICII CONFORM ANEXA 2 LA CONTRACT 195/29.06.2021 625 euro+TVA la cursul BNR,1,org exact; unique part# via contract 195,"[{""pn"":""RED-PEN-S-G-1"",""score"":100,""on"":[""contract#""],""ref"":""195/29.06.2021"",""desc"":""pentest web app greybox""}]",
accounting:BT.BIT 295,BT.BIT 295,ALTEX ROMANIA SRL,exact,2021-10-04,RON,,2500,14717.03,DETERMINISTIC,HIGH,PHISH-P-L-MM-F-4000-12,CONTRACT NR. 21785 din 06.08.2021 198/30.07.2021,,2021,BSS,Phish Enterprise Fully-Managed Monthly License,SERVICII CONFORM CONTRACT NR. 21785 comanda nr.2 SERVICII CONFORM CONTRACT NR. 21785 comanda nr.2 2500 euro+TVA la cursul BNR,1,org exact; unique part# via contract 21785,"[{""pn"":""PHISH-P-L-MM-F-4000-12"",""score"":100,""on"":[""contract#""],""ref"":""CONTRACT NR. 21785 din 06.08.2021 198/30"",""desc"":""Phish Enterprise Fully-Managed Monthly License""}]",
accounting:BT.BIT 296,BT.BIT 296,CREATIVE MEDIA DEVELOPMENT SRL,none,2021-10-05,RON,,450,2649.92,UNRESOLVED,NONE,,,,,,,SERVICI CONFORM CONTRACT NR.112 DIN 29.01.2018 SERVICI CONFORM CONTRACT NR.112 DIN 29.01.2018 ACT ADITIONAL NR. 4 DIN 15.02.2021 ( 450 euro +TVA la cursul BNR),0,org not found in tracker,[],
accounting:BT.BIT 297,BT.BIT 297,ORANGE ROMANIA SA,exact,2021-10-19,RON,,2000,223793.78,SCORED,LOW,BLUE-IR-OC-6,09.05.2024,avans,2024,BSS,IR incident response services retainer,BSS Fendly RBL Scanner BSS Fendly RBL Scanner 2000 euro +TVA la cursul BNR ( Nr Notificare C106283; Nr PO/Release 40451579; Nr Receptie 186492) | BSS Fendly RoH,28,org exact; score=30 margin=14 on [amount~avans]; 1 distinct part# near top,"[{""pn"":""BLUE-IR-OC-6"",""score"":30,""on"":[""amount~avans""],""ref"":""09.05.2024"",""desc"":""IR incident response services retainer""},{""pn"":""PHISH-P-L-YY-A-15000"",""score"":16,""on"":[""data final (0d)""],""ref"":""PO 40451579"",""desc"":""licente tem 2021""},{""pn"":""ORO-TEM-L-10000"",""score"":15,""on"":[""data final (0d)""],""ref"":""PO 40451579"",""desc"":""licente tem 2021""}]","[{""service"":""BSS Fendly RBL Scanner | BSS Fendly RBL Scanner | 2000 euro "",""partNumber"":""BLUE-IR-OC-6"",""score"":30,""on"":[""amount~avans""]},{""service"":""BSS Fendly RoHacked | BSS Fendly RoHacked | 3000 euro +TVA l"",""partNumber"":""ORO-TEM-DEV-50"",""score"":22,""on"":[""amount~final""]},{""service"":""BSS Fendly SSL Vulnerability Scanner | BSS Fendly SSL Vulner"",""partNumber"":""BLUE-IR-OC-6"",""score"":30,""on"":[""amount~avans""]},{""service"":""BSS Fendly Email Data Breach Monitoring | BSS Fendly Email D"",""partNumber"":""ORO-TEM-DEV-79"",""score"":22,""on"":[""amount~final""]},{""service"":""BSS Fendly IP/Domain Reputation Scanner | BSS Fendly IP/Doma"",""partNumber"":""BLUE-IR-OC-6"",""score"":30,""on"":[""amount~avans""]},{""service"":""Licenta Phish Enterprise pentru 30 clienti cu pana la 500 de"",""partNumber"":""PHISH-P-L-YY-A-15000"",""score"":46,""on"":[""amount~final"",""data final (0d)""]}]"
accounting:BT.BIT 298,BT.BIT 298,MINDSHARE MEDIA SRL,none,2021-10-21,RON,,3750,22084.02,UNRESOLVED,NONE,,,,,,,Unbreakable participare OMV Petrom Global Solutions conform Unbreakable participare OMV Petrom Global Solutions conform contract 202 din 13.09.2021; Po number 6,0,org not found in tracker,[],
accounting:BT.BIT 299,BT.BIT 299,TIMESAFE SRL,exact,2021-10-25,RON,storno,3750,19131.96,DETERMINISTIC,HIGH,RED-PEN-S-G-10,201/13.09.2021,,2021,BSS,pentest aplicatie,STORNARE FACTURA BT BIT 290/14.09.2021 STORNARE FACTURA BT BIT 290/14.09.2021 Stornare avans 50% reprezentand 3.750 euro+TVA la cursul BNR | SERVICII CONFORM CO,1,org exact; unique part# via contract 201/290; storno,"[{""pn"":""RED-PEN-S-G-10"",""score"":100,""on"":[""contract#""],""ref"":""201/13.09.2021"",""desc"":""pentest aplicatie""}]",
accounting:BT.BIT 300,BT.BIT 300,KEYSIGHT TECHNOLOGIES RO SRL,exact,2021-11-01,RON,,12600,74202.31,SCORED,LOW,KS-MM-RD-2,236Bis/25.04.2019,final,2019,BSS,RECURRENT INFORMATION SECURITY SERVICES,Penetration testing services for FY'21 Penetration testing services for FY'21 Purchase Order Number 9068001413 ( 12.600 euro+TVA lacursul BNR),26,org exact; score=32 margin=0 on [amount~final]; 1 distinct part# near top,"[{""pn"":""KS-MM-RD-2"",""score"":32,""on"":[""amount~final""],""ref"":""236Bis/25.04.2019"",""desc"":""RECURRENT INFORMATION SECURITY SERVICES""},{""pn"":""KS-MM-RD-2"",""score"":32,""on"":[""amount~final"",""data final (88d)""],""ref"":""NO. 2 OF 25.10.2020"",""desc"":""RECURRENT INFORMATION SECURITY SERVICES""},{""pn"":""KS-MM-RD-2"",""score"":32,""on"":[""amount~total""],""ref"":""NO. 5 OF 04.10.2023"",""desc"":""RECURRENT INFORMATION SECURITY SERVICES""}]",
accounting:BT.BIT 301,BT.BIT 301,SILKWEB S.A.,exact,2021-11-01,RON,,625,3680.67,DETERMINISTIC,HIGH,RED-PEN-S-G-1,195/29.06.2021,,2021,BSS,pentest web app greybox,SERVICII CONFORM ANEXA 2 LA CONTRACT 195/29.06.2021 SERVICII CONFORM ANEXA 2 LA CONTRACT 195/29.06.2021 625 euro+TVA la cursul BNR,1,org exact; unique part# via contract 195,"[{""pn"":""RED-PEN-S-G-1"",""score"":100,""on"":[""contract#""],""ref"":""195/29.06.2021"",""desc"":""pentest web app greybox""}]",
accounting:BT.BIT 302,BT.BIT 302,ALTEX ROMANIA SRL,exact,2021-11-01,RON,,2500,14722.68,DETERMINISTIC,HIGH,PHISH-P-L-MM-F-4000-12,CONTRACT NR. 21785 din 06.08.2021 198/30.07.2021,,2021,BSS,Phish Enterprise Fully-Managed Monthly License,SERVICII CONFORM CONTRACT NR. 21785 comanda nr.3 SERVICII CONFORM CONTRACT NR. 21785 comanda nr.3 2500 euro+TVA la cursul BNR,1,org exact; unique part# via contract 21785,"[{""pn"":""PHISH-P-L-MM-F-4000-12"",""score"":100,""on"":[""contract#""],""ref"":""CONTRACT NR. 21785 din 06.08.2021 198/30"",""desc"":""Phish Enterprise Fully-Managed Monthly License""}]",
accounting:BT.BIT 303,BT.BIT 303,CERTSIGN SA,exact,2021-11-17,RON,,3000,17666.86,SCORED,MEDIUM,RED-PEN-S-B-3,4/9.07.2021,final,2021,BSS,pentest apps,SERV. CONF. CONTRACT NR.certSIGN 45/B77B/21013 C/20.01.2021 SERV. CONF. CONTRACT NR.certSIGN 45/B77B/21013 C/20.01.2021 3.000 euro+TVA la cursul BNR conform Com,10,"org exact; score=45 margin=33 on [amount~final, data final (0d)]; 1 distinct part# near top","[{""pn"":""RED-PEN-S-B-3"",""score"":45,""on"":[""amount~final"",""data final (0d)""],""ref"":""4/9.07.2021"",""desc"":""pentest apps""},{""pn"":""RED-PEN-M-G-1"",""score"":12,""on"":[""amount~final""],""ref"":""8"",""desc"":""pentest qps""},{""pn"":""RED-PEN-B-E-B-7"",""score"":12,""on"":[""amount~final""],""ref"":""12"",""desc"":""penteste earhivare""}]",
accounting:BT.BIT 304,BT.BIT 304,UNITED MEDIA SERVICES SRL,exact,2021-11-22,RON,,7000,41226,DETERMINISTIC,HIGH,RED-PEN-B-I-BP-50,177/08.12.2020,,2020,BSS,SERVICII DE SECURITATE INFORMATICA,SERVICII CONFORM CONTRACT 177/08.12.2020 SERVICII CONFORM CONTRACT 177/08.12.2020 7000 euro+TVA la cursul BNR,1,org exact; unique part# via contract 177,"[{""pn"":""RED-PEN-B-I-BP-50"",""score"":100,""on"":[""contract#""],""ref"":""177/08.12.2020"",""desc"":""SERVICII DE SECURITATE INFORMATICA""}]",
accounting:BT.BIT 305,BT.BIT 305,KEYSIGHT TECHNOLOGIES RO SRL,exact,2021-12-02,RON,,15900,93640.03,SCORED,MEDIUM,KS-MM-RD-2,NO. 2 OF 25.10.2020,final,2020,BSS,RECURRENT INFORMATION SECURITY SERVICES,Penetration testing services for FY'21 Penetration testing services for FY'21 Purchase Order Number 9068001656 ( 15.900 euro+TVA la cursul BNR),27,"org exact; score=47 margin=23 on [amount~final, data final (7d)]; 1 distinct part# near top","[{""pn"":""KS-MM-RD-2"",""score"":47,""on"":[""amount~final"",""data final (7d)""],""ref"":""NO. 2 OF 25.10.2020"",""desc"":""RECURRENT INFORMATION SECURITY SERVICES""},{""pn"":""KS-MM-RD-2"",""score"":24,""on"":[""amount~final""],""ref"":""236Bis/25.04.2019"",""desc"":""RECURRENT INFORMATION SECURITY SERVICES""},{""pn"":""KS-MM-RD-3"",""score"":22,""on"":[""amount~final"",""data final (57d)""],""ref"":""NO. 3 OF 20.09.2021"",""desc"":""RECURRENT INFORMATION SECURITY SERVICES""}]",
accounting:BT.BIT 306,BT.BIT 306,SILKWEB S.A.,exact,2021-12-02,RON,,625,3680.82,DETERMINISTIC,HIGH,RED-PEN-S-G-1,195/29.06.2021,,2021,BSS,pentest web app greybox,SERVICII CONFORM ANEXA 2 LA CONTRACT 195/29.06.2021 SERVICII CONFORM ANEXA 2 LA CONTRACT 195/29.06.2021 625 euro+TVA la cursul BNR,1,org exact; unique part# via contract 195,"[{""pn"":""RED-PEN-S-G-1"",""score"":100,""on"":[""contract#""],""ref"":""195/29.06.2021"",""desc"":""pentest web app greybox""}]",
accounting:BT.BIT 307,BT.BIT 307,ALTEX ROMANIA SRL,exact,2021-12-02,RON,,2500,14723.27,DETERMINISTIC,HIGH,PHISH-P-L-MM-F-4000-12,CONTRACT NR. 21785 din 06.08.2021 198/30.07.2021,,2021,BSS,Phish Enterprise Fully-Managed Monthly License,SERVICII CONFORM CONTRACT NR. 21785 comanda nr.1 SERVICII CONFORM CONTRACT NR. 21785 comanda nr.1 2500 euro+TVA la cursul BNR,1,org exact; unique part# via contract 21785,"[{""pn"":""PHISH-P-L-MM-F-4000-12"",""score"":100,""on"":[""contract#""],""ref"":""CONTRACT NR. 21785 din 06.08.2021 198/30"",""desc"":""Phish Enterprise Fully-Managed Monthly License""}]",
accounting:BT.BIT 308,BT.BIT 308,ZIPPER SERVICES SRL,exact,2021-12-02,RON,,1245,7332.19,DETERMINISTIC,HIGH,PHISH-P-L-MM-S-200-12,Nr. 200/01.09.2021,,2021,BSS,phish enterprise trimestrial,SERVICII CONFORM PHISH ENTERPRISE FORMULAR DE SERVICII CONFORM PHISH ENTERPRISE FORMULAR DE COMANDA Nr. 1 la Contract Nr. 200/01.09.2021 ( 1.245 EURO+TVA la cur,1,org exact; unique part# via contract 200,"[{""pn"":""PHISH-P-L-MM-S-200-12"",""score"":100,""on"":[""contract#""],""ref"":""Nr. 200/01.09.2021"",""desc"":""phish enterprise trimestrial""}]",
accounting:BT.BIT 309,BT.BIT 309,CREATIVE MEDIA DEVELOPMENT SRL,none,2021-12-02,RON,,450,2650.19,UNRESOLVED,NONE,,,,,,,SERVICI CONFORM CONTRACT NR.112 DIN 29.01.2018 SERVICI CONFORM CONTRACT NR.112 DIN 29.01.2018 ACT ADITIONAL NR. 4 DIN 15.02.2021 ( 450 euro +TVA la cursul BNR),0,org not found in tracker,[],
accounting:BT.BIT 310,BT.BIT 310,ORANGE ROMANIA SA,exact,2021-12-06,RON,,6500,38275.1,SCORED,MEDIUM,RED-PEN-B-I-B-50,PO 40450160,final,2021,BSS,pentest blackbox,"PenTest Grey Box PenTest Grey Box Nr Notificare/Notification No O109225 : Livrare pentru PO/Delivery for PO 40450160 , Nr Receptie 188830( 6.500 euro+TVA la cur",23,"org exact; score=46 margin=30 on [amount~final, data final (0d)]; 1 distinct part# near top","[{""pn"":""RED-PEN-B-I-B-50"",""score"":46,""on"":[""amount~final"",""data final (0d)""],""ref"":""PO 40450160"",""desc"":""pentest blackbox""},{""pn"":""CYBEREDU-RUN-EX-4"",""score"":16,""on"":[""data final (26d)""],""ref"":""40453216"",""desc"":""Solutie pentru dezvoltarea\ncapabilitatilor de securitate\ncib""},{""pn"":""ORO-TEM-DEV-50"",""score"":12,""on"":[""amount~final""],""ref"":""PO00042373"",""desc"":""PO00042373""}]",
accounting:BT.BIT 311,BT.BIT 311,ORANGE ROMANIA SA,exact,2021-12-09,RON,,16125,94961.29,SCORED,LOW,CYBEREDU-UNR,40469783,avans,2022,CYE,parteneriat unr 2022,"PENETRATION TESTING SERVICES PENETRATION TESTING SERVICES Nr Notificare/Notification No C109529 : Livrare pentru PO/Delivery for PO 40452726, Nr Receptie 189147",29,"org exact; score=33 margin=3 on [amount~avans, data avans (145d)]; 2 distinct part# near top","[{""pn"":""CYBEREDU-UNR"",""score"":33,""on"":[""amount~avans"",""data avans (145d)""],""ref"":""40469783"",""desc"":""parteneriat unr 2022""},{""pn"":""PHISH-P-L-YY-A-15000"",""score"":30,""on"":[""amount~final""],""ref"":"""",""desc"":""licenta anuala phish""},{""pn"":""ORO-TEM-DEV-100"",""score"":22,""on"":[""amount~final""],""ref"":""PO 40342292"",""desc"":""dezv""}]",
accounting:BT.BIT 312,BT.BIT 312,KEYSIGHT TECHNOLOGIES RO SRL,exact,2021-12-09,RON,,12750,75085.67,SCORED,MEDIUM,KS-MM-RD-2,NO. 2 OF 25.10.2020,final,2020,BSS,RECURRENT INFORMATION SECURITY SERVICES,Penetration testing services for FY'21 Penetration testing services for FY'21 Purchase Order Number 9068001413 ( 12.750 euro+TVA la cursul BNR),26,"org exact; score=40 margin=16 on [amount~final, data final (50d)]; 1 distinct part# near top","[{""pn"":""KS-MM-RD-2"",""score"":40,""on"":[""amount~final"",""data final (50d)""],""ref"":""NO. 2 OF 25.10.2020"",""desc"":""RECURRENT INFORMATION SECURITY SERVICES""},{""pn"":""KS-MM-RD-2"",""score"":24,""on"":[""amount~final""],""ref"":""236Bis/25.04.2019"",""desc"":""RECURRENT INFORMATION SECURITY SERVICES""},{""pn"":""KS-MM-RD-2"",""score"":24,""on"":[""amount~final""],""ref"":""236Bis/25.04.2019"",""desc"":""RECURRENT INFORMATION SECURITY SERVICES""}]",
accounting:BT.BIT 313,BT.BIT 313,LEROY MERLIN ROMANIA SRL,none,2021-12-10,RON,,9590,56479.62,UNRESOLVED,NONE,,,,,,,SERVICII pachet de materiale educationale in domeniul SERVICII pachet de materiale educationale in domeniul securitatii informatice conform contract B2021/039 (,0,org not found in tracker,[],
accounting:BT.BIT 314,BT.BIT 314,DIGITAL ECONOMY DEVELOPMENT SRL,exact,2021-12-14,RON,,3840,22615.86,DETERMINISTIC,HIGH,RED-C-M-YY-12,207/14.12.2021,,2021,BSS,code review anul 2021,SERV. CONF. CONTRACT NR.207/14.12.2021 SERV. CONF. CONTRACT NR.207/14.12.2021 3.840 euro +TVA la cursul BNR,2,org exact; unique part# via contract 207,"[{""pn"":""RED-C-M-YY-12"",""score"":100,""on"":[""contract#""],""ref"":""207/14.12.2021"",""desc"":""code review anul 2021""},{""pn"":""RED-C-M-YY-12"",""score"":100,""on"":[""contract#""],""ref"":""207/14.12.2021"",""desc"":""code review lunar, plata trim""}]",
accounting:BT.BIT 315,BT.BIT 315,MYCONNECTOR PLATFORM S.R.L.,exact,2021-12-17,RON,,10500,61840.25,UNRESOLVED,NONE,,,,,,,SERVICI CONFORM CONTRACT DIN 24.09.2021 SERVICI CONFORM CONTRACT DIN 24.09.2021 10.500 euro+TVA la cursul BNR,1,org exact; 1 activities but no signal matched,[],
accounting:BT.BIT 316,BT.BIT 316,SILKWEB S.A.,exact,2022-01-04,RON,,625,3678.89,DETERMINISTIC,HIGH,RED-PEN-S-G-1,195/29.06.2021,,2021,BSS,pentest web app greybox,SERVICII CONFORM ANEXA 2 LA CONTRACT 195/29.06.2021 SERVICII CONFORM ANEXA 2 LA CONTRACT 195/29.06.2021 625 euro+TVA la cursul BNR,1,org exact; unique part# via contract 195,"[{""pn"":""RED-PEN-S-G-1"",""score"":100,""on"":[""contract#""],""ref"":""195/29.06.2021"",""desc"":""pentest web app greybox""}]",
accounting:BT.BIT 317,BT.BIT 317,ALTEX ROMANIA SRL,exact,2022-01-04,RON,,2500,14715.54,DETERMINISTIC,HIGH,PHISH-P-L-MM-F-4000-12,CONTRACT NR. 21785 din 06.08.2021 198/30.07.2021,,2021,BSS,Phish Enterprise Fully-Managed Monthly License,SERVICII CONFORM CONTRACT NR. 21785 comanda nr.1 SERVICII CONFORM CONTRACT NR. 21785 comanda nr.1 2500 euro+TVA la cursul BNR,1,org exact; unique part# via contract 21785,"[{""pn"":""PHISH-P-L-MM-F-4000-12"",""score"":100,""on"":[""contract#""],""ref"":""CONTRACT NR. 21785 din 06.08.2021 198/30"",""desc"":""Phish Enterprise Fully-Managed Monthly License""}]",
accounting:BT.BIT 318,BT.BIT 318,MINDIT CONSULTING S.R.L.,exact,2022-01-13,RON,,750,4412.07,DETERMINISTIC,HIGH,RED-VA-I-B-25,NR.204 DIN 25.11.2021,,2021,BSS,Vulnerability Assessment for Internal Infrastructure (Basic),SERVICI CONFORM CONTRACT NR.204 DIN 25.11.2021 SERVICI CONFORM CONTRACT NR.204 DIN 25.11.2021 750 euro+TVA la cursul BNR,1,org exact; unique part# via contract 204,"[{""pn"":""RED-VA-I-B-25"",""score"":100,""on"":[""contract#""],""ref"":""NR.204 DIN 25.11.2021"",""desc"":""Vulnerability Assessment for Internal Infrastructure (Basic)""}]",
accounting:BT.BIT 319,BT.BIT 319,ECHINOX EVALUARI SRL,exact,2022-01-25,RON,,1500,8826.65,DETERMINISTIC,HIGH,RED-VA-I-P-10,209/17.01.2022,,2023,BSS,Servicii de securitate informatica - VA,SERVICII CONFORM CONTRACT NR. 209/17.01.2022 SERVICII CONFORM CONTRACT NR. 209/17.01.2022 1.500 euro+TVA la cursul BNR,1,org exact; unique part# via contract 209,"[{""pn"":""RED-VA-I-P-10"",""score"":100,""on"":[""contract#""],""ref"":""209/17.01.2022"",""desc"":""Servicii de securitate informatica - VA""}]",
accounting:BT.BIT 320,BT.BIT 320,KEYSIGHT TECHNOLOGIES RO SRL,exact,2022-01-28,RON,,18000,105928.33,SCORED,MEDIUM,KS-MM-RD-3,NO. 3 OF 20.09.2021,final,2021,BSS,RECURRENT INFORMATION SECURITY SERVICES,Penetration testing services for FY'21 ianuarie 2022 Penetration testing services for FY'21 ianuarie 2022 Purchase Order Number 9068001656( 18.000 euro+TVA la c,26,"org exact; score=46 margin=20 on [amount~final, data final (0d)]; 1 distinct part# near top","[{""pn"":""KS-MM-RD-3"",""score"":46,""on"":[""amount~final"",""data final (0d)""],""ref"":""NO. 3 OF 20.09.2021"",""desc"":""RECURRENT INFORMATION SECURITY SERVICES""},{""pn"":""KS-MM-RD-3"",""score"":26,""on"":[""amount~final"",""data final (346d)""],""ref"":""NO. 3 OF 20.09.2021"",""desc"":""RECURRENT INFORMATION SECURITY SERVICES""},{""pn"":""KS-MM-RD-2"",""score"":26,""on"":[""amount~final"",""same year""],""ref"":""NO. 4 OF 04.10.2022"",""desc"":""RECURRENT INFORMATION SECURITY SERVICES""}]",
accounting:BT.BIT 321,BT.BIT 321,KEYSIGHT TECHNOLOGIES RO SRL,exact,2022-01-28,RON,,55800,328377.81,SCORED,LOW,KS-MM-RD-2,NO. 2 OF 25.10.2020,,2020,BSS,RECURRENT INFORMATION SECURITY SERVICES,"Penetration testing services for FY'21 Penetration testing services for FY'21 pentru lunile feb, mar, aprilie 2022 Purchase Order Number 9068001656 ( 55.800 eur",26,org exact; score=16 margin=0 on [data final (0d)]; 3 distinct part# near top,"[{""pn"":""KS-MM-RD-2"",""score"":16,""on"":[""data final (0d)""],""ref"":""NO. 2 OF 25.10.2020"",""desc"":""RECURRENT INFORMATION SECURITY SERVICES""},{""pn"":""KS-MM-RD-3"",""score"":16,""on"":[""data final (0d)""],""ref"":""NO. 3 OF 20.09.2021"",""desc"":""RECURRENT INFORMATION SECURITY SERVICES""},{""pn"":""KS-MM-RD-2"",""score"":9,""on"":[""data final (50d)""],""ref"":""NO. 2 OF 25.10.2020"",""desc"":""RECURRENT INFORMATION SECURITY SERVICES""}]",
accounting:BT.BIT 322,BT.BIT 322,SILKWEB S.A.,exact,2022-02-03,RON,,625,3678.36,DETERMINISTIC,HIGH,RED-PEN-S-G-1,195/29.06.2021,,2021,BSS,pentest web app greybox,SERVICII RECURENTE DE SECURITATE INFORMATICA SERVICII RECURENTE DE SECURITATE INFORMATICA conform ANEXA 2 Contract Nr. 195/29.06.2021 (625 euro+TVA la cursul BN,1,org exact; unique part# via contract 195,"[{""pn"":""RED-PEN-S-G-1"",""score"":100,""on"":[""contract#""],""ref"":""195/29.06.2021"",""desc"":""pentest web app greybox""}]",
accounting:BT.BIT 323,BT.BIT 323,ALTEX ROMANIA SRL,exact,2022-02-03,RON,,2500,14713.46,DETERMINISTIC,HIGH,PHISH-P-L-MM-F-4000-12,CONTRACT NR. 21785 din 06.08.2021 198/30.07.2021,,2021,BSS,Phish Enterprise Fully-Managed Monthly License,SERVICII CONFORM CONTRACT NR. 21785 comanda nr.1 SERVICII CONFORM CONTRACT NR. 21785 comanda nr.1 2500 euro+TVA la cursul BNR,1,org exact; unique part# via contract 21785,"[{""pn"":""PHISH-P-L-MM-F-4000-12"",""score"":100,""on"":[""contract#""],""ref"":""CONTRACT NR. 21785 din 06.08.2021 198/30"",""desc"":""Phish Enterprise Fully-Managed Monthly License""}]",
accounting:BT.BIT 324,BT.BIT 324,UNITED MEDIA SERVICES SRL,exact,2022-02-03,RON,,700,4119.77,DETERMINISTIC,HIGH,RED-PEN-B-I-BP-50,177/08.12.2020,,2020,BSS,SERVICII DE SECURITATE INFORMATICA,SERVICII CONTRACT DE PRESTARI SERVICII Nr. 177/08.12.2020 SERVICII CONTRACT DE PRESTARI SERVICII Nr. 177/08.12.2020 ACT ADITIONAL NR. 1 DIN 03.11.2021 ( 700 eur,1,org exact; unique part# via contract 177,"[{""pn"":""RED-PEN-B-I-BP-50"",""score"":100,""on"":[""contract#""],""ref"":""177/08.12.2020"",""desc"":""SERVICII DE SECURITATE INFORMATICA""}]",
accounting:BT.BIT 325,BT.BIT 325,INSIGHTS ENTERPRISE SRL,exact,2022-02-09,RON,avans,5000,29427.51,SCORED,MEDIUM,RED-PEN-S-WB-1,Nr. 1/2022,avans,2022,BSS,servicii de pentest,SERVICII CONFORM CONTRACT 1/2022 SERVICII CONFORM CONTRACT 1/2022 avans 50% reprezentand 5.000 euro +TVA la cursul BNR,3,"org exact; score=53 margin=33 on [amount~avans, data avans (0d)]; 1 distinct part# near top; avans","[{""pn"":""RED-PEN-S-WB-1"",""score"":53,""on"":[""amount~avans"",""data avans (0d)""],""ref"":""Nr. 1/2022"",""desc"":""servicii de pentest""},{""pn"":""RED-PEN-S-WB-1"",""score"":20,""on"":[""amount~avans""],""ref"":""ACT ADITIONAL NR. 2 DIN 3.12.2024"",""desc"":""servicii de pentest""},{""pn"":""RED-PEN-S-WB-1"",""score"":2,""on"":[],""ref"":""ACT ADITIONAL NR. 3 DIN 28.1.2026"",""desc"":""servicii de pentest""}]",
accounting:BT.BIT 326,BT.BIT 326,SILKWEB S.A.,exact,2022-03-03,RON,,625,3680.74,DETERMINISTIC,HIGH,RED-PEN-S-G-1,195/29.06.2021,,2021,BSS,pentest web app greybox,SERVICII RECURENTE DE SECURITATE INFORMATICA SERVICII RECURENTE DE SECURITATE INFORMATICA conform ANEXA 2 Contract Nr. 195/29.06.2021 (625 euro+TVA la cursul BN,1,org exact; unique part# via contract 195,"[{""pn"":""RED-PEN-S-G-1"",""score"":100,""on"":[""contract#""],""ref"":""195/29.06.2021"",""desc"":""pentest web app greybox""}]",
accounting:BT.BIT 327,BT.BIT 327,ALTEX ROMANIA SRL,exact,2022-03-03,RON,,2500,14722.98,DETERMINISTIC,HIGH,PHISH-P-L-MM-F-4000-12,CONTRACT NR. 21785 din 06.08.2021 198/30.07.2021,,2021,BSS,Phish Enterprise Fully-Managed Monthly License,SERVICII CONFORM CONTRACT NR. 21785 comanda nr.1 SERVICII CONFORM CONTRACT NR. 21785 comanda nr.1 2500 euro+TVA la cursul BNR,1,org exact; unique part# via contract 21785,"[{""pn"":""PHISH-P-L-MM-F-4000-12"",""score"":100,""on"":[""contract#""],""ref"":""CONTRACT NR. 21785 din 06.08.2021 198/30"",""desc"":""Phish Enterprise Fully-Managed Monthly License""}]",
accounting:BT.BIT 328,BT.BIT 328,UNITED MEDIA SERVICES SRL,exact,2022-03-03,RON,,350,2061.22,DETERMINISTIC,HIGH,RED-PEN-B-I-BP-50,177/08.12.2020,,2020,BSS,SERVICII DE SECURITATE INFORMATICA,SERVICII CONTRACT DE PRESTARI SERVICII Nr. SERVICII CONTRACT DE PRESTARI SERVICII Nr. 177/08.12.2020 ACT ADITIONAL NR. 1 DIN 03.11.2021 ( 350 euro +TVA la cursu,1,org exact; unique part# via contract 177,"[{""pn"":""RED-PEN-B-I-BP-50"",""score"":100,""on"":[""contract#""],""ref"":""177/08.12.2020"",""desc"":""SERVICII DE SECURITATE INFORMATICA""}]",
accounting:BT.BIT 329,BT.BIT 329,ZIPPER SERVICES SRL,exact,2022-03-03,RON,,1245,7332.04,DETERMINISTIC,HIGH,PHISH-P-L-MM-S-200-12,Nr. 200/01.09.2021,,2021,BSS,phish enterprise trimestrial,SERVICII CONFORM PHISH ENTERPRISE FORMULAR DE SERVICII CONFORM PHISH ENTERPRISE FORMULAR DE COMANDA Nr. 1 la Contract Nr. 200/01.09.2021 ( 1.245 EURO+TVA la cur,1,org exact; unique part# via contract 200,"[{""pn"":""PHISH-P-L-MM-S-200-12"",""score"":100,""on"":[""contract#""],""ref"":""Nr. 200/01.09.2021"",""desc"":""phish enterprise trimestrial""}]",
accounting:BT.BIT 330,BT.BIT 330,HIGH-TECH SYSTEMS & SOFTWARE  SRL,exact,2022-03-04,RON,avans,450,8539.33,DETERMINISTIC,HIGH,RED-PEN-B-E-B-1,Nr. 887/23.02.2022,,2022,BSS,pentest,SEVICII CONFORM CONTRACT 887/23.02.2022 SEVICII CONFORM CONTRACT 887/23.02.2022 450 euro+TVA la cursul BNR reprezentand avans 50%.,1,org exact; unique part# via contract 887; avans,"[{""pn"":""RED-PEN-B-E-B-1"",""score"":100,""on"":[""contract#""],""ref"":""Nr. 887/23.02.2022"",""desc"":""pentest""}]",
accounting:BT.BIT 331,BT.BIT 331,ERNST & YOUNG SUPPORT SERVICES SRL,exact,2022-03-06,RON,,5750,33864.22,SCORED,LOW,CYBEREDU-UNR,213/03/03/2022,,2022,BSS,sponsor unr,"prestarea serviciilor constand in promovarea numelui prestarea serviciilor constand in promovarea numelui si siglei EY in cadrul concursului UNbreakable, ce are",1,org exact; score=15 margin=15 on [data avans (0d)]; 1 distinct part# near top,"[{""pn"":""CYBEREDU-UNR"",""score"":15,""on"":[""data avans (0d)""],""ref"":""213/03/03/2022"",""desc"":""sponsor unr""}]",
accounting:BT.BIT 332,BT.BIT 332,CERTSIGN SA,exact,2022-03-08,RON,,,80981.29,SCORED,LOW,RED-PEN-B-I-BP-150,1/19.01.2022,,2022,BSS,pentest intern/extern,"SERVICII DE SECURITATE INFORMATICA COMANDA 1/19.01.2022 SERVICII DE SECURITATE INFORMATICA COMANDA 1/19.01.2022 Contract certSIGN 45/B77B/210120C, proces verbal",8,org exact; score=15 margin=7 on [data final (0d)]; 3 distinct part# near top,"[{""pn"":""RED-PEN-B-I-BP-150"",""score"":15,""on"":[""data final (0d)""],""ref"":""1/19.01.2022"",""desc"":""pentest intern/extern""},{""pn"":""RED-PEN-S-B-3"",""score"":8,""on"":[""data final (111d)""],""ref"":""4/9.07.2021"",""desc"":""pentest apps""},{""pn"":""RED-PEN-M-G-1"",""score"":8,""on"":[""data final (105d)""],""ref"":""2/08.04.2022"",""desc"":""pentest mobila""}]",
accounting:BT.BIT 333,BT.BIT 333,INSIGHTS ENTERPRISE SRL,exact,2022-03-17,RON,storno,5000,29448.93,SCORED,MEDIUM,RED-PEN-S-WB-1,Nr. 1/2022,avans,2022,BSS,servicii de pentest,SERVICII CONFORM CONTRACT 1/2022 SERVICII CONFORM CONTRACT 1/2022 Stornare avans 50% reprezentand 5.000 euro +TVA la cursul BNR Storneaza factura BT.BIT 325 din,3,"org exact; score=46 margin=33 on [amount~avans, data final (0d)]; 1 distinct part# near top; storno","[{""pn"":""RED-PEN-S-WB-1"",""score"":46,""on"":[""amount~avans"",""data final (0d)""],""ref"":""Nr. 1/2022"",""desc"":""servicii de pentest""},{""pn"":""RED-PEN-S-WB-1"",""score"":13,""on"":[""amount~avans""],""ref"":""ACT ADITIONAL NR. 2 DIN 3.12.2024"",""desc"":""servicii de pentest""},{""pn"":""RED-PEN-S-WB-1"",""score"":1,""on"":[],""ref"":""ACT ADITIONAL NR. 3 DIN 28.1.2026"",""desc"":""servicii de pentest""}]","[{""service"":""SERVICII CONFORM CONTRACT 1/2022 | SERVICII CONFORM CONTRACT"",""partNumber"":""RED-PEN-S-WB-1"",""score"":47,""on"":[""amount~avans"",""data final (0d)""]},{""service"":""SERVICII CONFORM CONTRACT 1/2022 | SERVICII CONFORM CONTRACT"",""partNumber"":""RED-PEN-S-WB-1"",""score"":47,""on"":[""amount~total"",""data final (0d)""]}]"
accounting:BT.BIT 334,BT.BIT 334,HIGH-TECH SYSTEMS & SOFTWARE  SRL,exact,2022-03-21,RON,storno,,-7175.91,DETERMINISTIC,HIGH,RED-PEN-B-E-B-1,Nr. 887/23.02.2022,,2022,BSS,pentest,SEVICII CONFORM CONTRACT 887/23.02.2022 SEVICII CONFORM CONTRACT 887/23.02.2022 Stornare factura 330/04.03.2022 Storneaza factura BT.BIT 330 din 04.03.2022,1,org exact; unique part# via contract 887/330; storno,"[{""pn"":""RED-PEN-B-E-B-1"",""score"":100,""on"":[""contract#""],""ref"":""Nr. 887/23.02.2022"",""desc"":""pentest""}]",
accounting:BT.BIT 335,BT.BIT 335,HIGH-TECH SYSTEMS & SOFTWARE  SRL,exact,2022-03-21,RON,,900,5298.67,DETERMINISTIC,HIGH,RED-PEN-B-E-B-1,Nr. 887/23.02.2022,,2022,BSS,pentest,SEVICII CONFORM CONTRACT 887/23.02.2022 SEVICII CONFORM CONTRACT 887/23.02.2022 900 euro+TVA la cursul BNR,1,org exact; unique part# via contract 887,"[{""pn"":""RED-PEN-B-E-B-1"",""score"":100,""on"":[""contract#""],""ref"":""Nr. 887/23.02.2022"",""desc"":""pentest""}]",
accounting:BT.BIT 336,BT.BIT 336,TRANSCENT CONSULTING SRL,exact,2022-04-04,RON,,5500,32356.52,SCORED,MEDIUM,,210/17.01.2022,,2022,BSS,-,SERVICII CONFORM ACT ADITIONAL NR.1 DIN 04.04.2022 SERVICII CONFORM ACT ADITIONAL NR.1 DIN 04.04.2022 LA CONTRACT 210/17.01.2022 ( 5.500 euro+TVA la cursul BNR),2,"org exact; score=53 margin=8 on [contract#, same year]; 1 distinct part# near top","[{""pn"":"""",""score"":53,""on"":[""contract#"",""same year""],""ref"":""210/17.01.2022"",""desc"":""-""},{""pn"":""RED-PEN-S-B-1"",""score"":45,""on"":[""amount~final"",""data final (0d)""],""ref"":""ACT ADITIONAL NR.1 DIN 04.04.2022"",""desc"":""pentest audicon""}]",
accounting:BT.BIT 337,BT.BIT 337,FORTECH SRL,exact,2022-04-04,RON,avans,3400,20002.21,SCORED,MEDIUM,RED-PEN-B-I-B-50,217/24.03.2022,,2022,BSS,pentest intern si extern,SERVICII CONFORM CONTRACT 217/24.03.2022 SERVICII CONFORM CONTRACT 217/24.03.2022 3.400 euro+TVA la cursul BNR reprezentand avans,2,"org exact; score=65 margin=0 on [contract#, data avans (0d)]; 2 distinct part# near top; avans","[{""pn"":""RED-PEN-B-I-B-50"",""score"":65,""on"":[""contract#"",""data avans (0d)""],""ref"":""217/24.03.2022"",""desc"":""pentest intern si extern""},{""pn"":""RED-PEN-B-E-B-25"",""score"":65,""on"":[""contract#"",""data avans (0d)""],""ref"":""217/24.03.2022"",""desc"":""pentest intern si extern""}]",
accounting:BT.BIT 338,BT.BIT 338,SILKWEB S.A.,exact,2022-04-06,RON,,625,3676.43,DETERMINISTIC,HIGH,RED-PEN-S-G-1,195/29.06.2021,,2021,BSS,pentest web app greybox,SERVICII RECURENTE DE SECURITATE INFORMATICA SERVICII RECURENTE DE SECURITATE INFORMATICA conform ANEXA 2 Contract Nr. 195/29.06.2021 (625 euro+TVA la cursul BN,1,org exact; unique part# via contract 195,"[{""pn"":""RED-PEN-S-G-1"",""score"":100,""on"":[""contract#""],""ref"":""195/29.06.2021"",""desc"":""pentest web app greybox""}]",
accounting:BT.BIT 339,BT.BIT 339,ALTEX ROMANIA SRL,exact,2022-04-06,RON,,2500,14705.72,DETERMINISTIC,HIGH,PHISH-P-L-MM-F-4000-12,CONTRACT NR. 21785 din 06.08.2021 198/30.07.2021,,2021,BSS,Phish Enterprise Fully-Managed Monthly License,SERVICII CONFORM CONTRACT NR. 21785 comanda nr.1 SERVICII CONFORM CONTRACT NR. 21785 comanda nr.1 2500 euro+TVA la cursul BNR,1,org exact; unique part# via contract 21785,"[{""pn"":""PHISH-P-L-MM-F-4000-12"",""score"":100,""on"":[""contract#""],""ref"":""CONTRACT NR. 21785 din 06.08.2021 198/30"",""desc"":""Phish Enterprise Fully-Managed Monthly License""}]",
accounting:BT.BIT 340,BT.BIT 340,UNITED MEDIA SERVICES SRL,exact,2022-04-06,RON,,350,2058.8,DETERMINISTIC,HIGH,RED-PEN-B-I-BP-50,177/08.12.2020,,2020,BSS,SERVICII DE SECURITATE INFORMATICA,SERVICII CONTRACT DE PRESTARI SERVICII Nr. SERVICII CONTRACT DE PRESTARI SERVICII Nr. 177/08.12.2020 ACT ADITIONAL NR. 1 DIN 03.11.2021 ( 350 euro+TVA la cursul,1,org exact; unique part# via contract 177,"[{""pn"":""RED-PEN-B-I-BP-50"",""score"":100,""on"":[""contract#""],""ref"":""177/08.12.2020"",""desc"":""SERVICII DE SECURITATE INFORMATICA""}]",
accounting:BT.BIT 341,BT.BIT 341,INTERNET CORP S.R.L.,exact,2022-04-11,RON,,6000,35278.03,DETERMINISTIC,HIGH,RED-PEN-S-WB-1,216/11.03.2022,,2022,BSS,pentest aplicatie,SERV. CONF. CONTRACT NR.216/11.03.2022 SERV. CONF. CONTRACT NR.216/11.03.2022 6000 euro+TVA la cursul BNR,1,org exact; unique part# via contract 216,"[{""pn"":""RED-PEN-S-WB-1"",""score"":100,""on"":[""contract#""],""ref"":""216/11.03.2022"",""desc"":""pentest aplicatie""}]",
accounting:BT.BIT 342,BT.BIT 342,MACROMEX SRL,exact,2022-04-18,RON,,5860,34459.75,SCORED,HIGH,RED-PEN-B-I-B-500,220/15.04.2022,final,2022,BSS,pentest + audit iso,SERVICII CONFORM CONTRACT 220/15.04.2022 SERVICII CONFORM CONTRACT 220/15.04.2022 5.860 euro+TVA la cursul BNR,2,"org exact; score=87 margin=22 on [contract#, amount~final, data avans (0d)]; 1 distinct part# near top","[{""pn"":""RED-PEN-B-I-B-500"",""score"":87,""on"":[""contract#"",""amount~final"",""data avans (0d)""],""ref"":""220/15.04.2022"",""desc"":""pentest + audit iso""},{""pn"":""RED-AUDIT-A-10"",""score"":65,""on"":[""contract#"",""data avans (0d)""],""ref"":""220/15.04.2022"",""desc"":""pentest + audit iso""}]",
accounting:BT.BIT 343,BT.BIT 343,CAPITAL FINANCIAL SERVICES SA,exact,2022-05-03,RON,,450,2649.07,SCORED,HIGH,RED-VA-E-B-100,222/03.05.2022,final,2023,BSS,SERVICII DE EVALUARE VULNERABILITATI RETEA INTERNA,SERVICII IDENTIFICARE SI EVALUARE VULNERABILITATI CONFORM SERVICII IDENTIFICARE SI EVALUARE VULNERABILITATI CONFORM CONTRACT 222/03.05.2022 ANEXA 4 (450 euro+TV,9,"org exact; score=84 margin=20 on [contract#, amount~final, desc~0.17]; 1 distinct part# near top","[{""pn"":""RED-VA-E-B-100"",""score"":84,""on"":[""contract#"",""amount~final"",""desc~0.17""],""ref"":""222/03.05.2022"",""desc"":""SERVICII DE EVALUARE VULNERABILITATI RETEA INTERNA""},{""pn"":""RED-PEN-B-I-B-100"",""score"":64,""on"":[""contract#"",""data final (92d)"",""desc~0.22""],""ref"":""222/03.05.2022"",""desc"":""DESCRIERE SERVICII IDENTIFICARE SI EVALUARE VULNERABILITATI""},{""pn"":""RED-VA-I-S-100"",""score"":62,""on"":[""contract#"",""data final (92d)"",""desc~0.17""],""ref"":""222/03.05.2022"",""desc"":""SERVICII DE EVALUARE VULNERABILITATI RETEA INTERNA""}]",
accounting:BT.BIT 344,BT.BIT 344,SILKWEB S.A.,exact,2022-05-09,RON,,625,3679.26,DETERMINISTIC,HIGH,RED-PEN-S-G-1,195/29.06.2021,,2021,BSS,pentest web app greybox,SERVICII RECURENTE DE SECURITATE INFORMATICA SERVICII RECURENTE DE SECURITATE INFORMATICA conform ANEXA 2 Contract Nr. 195/29.06.2021 (625 euro+TVA la cursul BN,1,org exact; unique part# via contract 195,"[{""pn"":""RED-PEN-S-G-1"",""score"":100,""on"":[""contract#""],""ref"":""195/29.06.2021"",""desc"":""pentest web app greybox""}]",
accounting:BT.BIT 345,BT.BIT 345,ALTEX ROMANIA SRL,exact,2022-05-09,RON,,2500,14717.03,DETERMINISTIC,HIGH,PHISH-P-L-MM-F-4000-12,CONTRACT NR. 21785 din 06.08.2021 198/30.07.2021,,2021,BSS,Phish Enterprise Fully-Managed Monthly License,SERVICII CONFORM CONTRACT NR. 21785 comanda nr.1 SERVICII CONFORM CONTRACT NR. 21785 comanda nr.1 2500 euro+TVA la cursul BNR,1,org exact; unique part# via contract 21785,"[{""pn"":""PHISH-P-L-MM-F-4000-12"",""score"":100,""on"":[""contract#""],""ref"":""CONTRACT NR. 21785 din 06.08.2021 198/30"",""desc"":""Phish Enterprise Fully-Managed Monthly License""}]",
accounting:BT.BIT 346,BT.BIT 346,UNITED MEDIA SERVICES SRL,exact,2022-05-09,RON,,350,2060.38,DETERMINISTIC,HIGH,RED-PEN-B-I-BP-50,177/08.12.2020,,2020,BSS,SERVICII DE SECURITATE INFORMATICA,SERVICII CONTRACT DE PRESTARI SERVICII Nr. SERVICII CONTRACT DE PRESTARI SERVICII Nr. 177/08.12.2020 ACT ADITIONAL NR. 1 DIN 03.11.2021 ( 350 euro +TVA la cursu,1,org exact; unique part# via contract 177,"[{""pn"":""RED-PEN-B-I-BP-50"",""score"":100,""on"":[""contract#""],""ref"":""177/08.12.2020"",""desc"":""SERVICII DE SECURITATE INFORMATICA""}]",
accounting:BT.BIT 347,BT.BIT 347,ERNST & YOUNG SUPPORT SERVICES SRL,exact,2022-05-10,RON,,950,5591.11,DETERMINISTIC,HIGH,CYBEREDU-UNR,213/03/03/2022,,2022,BSS,sponsor unr,SERVICII CONFORM ACT ADITIONAL NR.1/02.05.2022 LA SERVICII CONFORM ACT ADITIONAL NR.1/02.05.2022 LA CONTRACT 213/03/03/2022 (950 euro+TVA la cursul BNR),1,org exact; unique part# via contract 213,"[{""pn"":""CYBEREDU-UNR"",""score"":100,""on"":[""contract#""],""ref"":""213/03/03/2022"",""desc"":""sponsor unr""}]",
accounting:BT.BIT 348,BT.BIT 348,DIGITAL SALE SRL,exact,2022-05-12,RON,,750,4416.09,DETERMINISTIC,HIGH,RED-VA-I-B-25,211/02.02.2022,,2022,BSS,Vulnerability Assessment for Internal Infrastructure (Basic),SERV. CONF. CONTRACT NR.211/02.02.2022 SERV. CONF. CONTRACT NR.211/02.02.2022 750 euro+TVA la cursul BNR,1,org exact; unique part# via contract 211,"[{""pn"":""RED-VA-I-B-25"",""score"":100,""on"":[""contract#""],""ref"":""211/02.02.2022"",""desc"":""Vulnerability Assessment for Internal Infrastructure (Basic)""}]",
accounting:BT.BIT 349,BT.BIT 349,KEYSIGHT TECHNOLOGIES RO SRL,exact,2022-05-13,RON,,,148750,SCORED,LOW,CYBEREDU-DEV-EX-20,206/14.12.2021 PO 9069000371,,2022,BSS,dezv labs,Create Lab Guides including Virtual Machine templates for Create Lab Guides including Virtual Machine templates for Purchase Order Number 9069000371 Supplier Nu,8,org exact; score=15 margin=7 on [data final (0d)]; 3 distinct part# near top,"[{""pn"":""CYBEREDU-DEV-EX-20"",""score"":15,""on"":[""data final (0d)""],""ref"":""206/14.12.2021 PO 9069000371"",""desc"":""dezv labs""},{""pn"":""KS-MM-RD-2"",""score"":8,""on"":[""data final (105d)""],""ref"":""NO. 2 OF 25.10.2020"",""desc"":""RECURRENT INFORMATION SECURITY SERVICES""},{""pn"":""KS-MM-RD-3"",""score"":8,""on"":[""data final (105d)""],""ref"":""NO. 3 OF 20.09.2021"",""desc"":""RECURRENT INFORMATION SECURITY SERVICES""}]",
accounting:BT.BIT 350,BT.BIT 350,ZITEC COM SRL,exact,2022-05-16,RON,,5000,29434.06,DETERMINISTIC,HIGH,CYBEREDU-UNR,218/24.03.2022,,2022,BSS,participare la unr 2022,SERV. CONF. CONTRACT NR.218/24.03.2022 SERV. CONF. CONTRACT NR.218/24.03.2022 5.000 euro+TVA la cursul BNR,1,org exact; unique part# via contract 218,"[{""pn"":""CYBEREDU-UNR"",""score"":100,""on"":[""contract#""],""ref"":""218/24.03.2022"",""desc"":""participare la unr 2022""}]",
accounting:BT.BIT 351,BT.BIT 351,INTERNET CORP S.R.L.,exact,2022-05-30,RON,,2500,14707.81,SCORED,LOW,RED-PEN-S-WB-1,216/11.03.2022,,2022,BSS,pentest aplicatie,SERVICII CONFORM CONTRACT IC2747/09.03.2022 SERVICII CONFORM CONTRACT IC2747/09.03.2022 2.500 euro+TVA la cursul BNR,1,org exact; score=15 margin=15 on [data final (0d)]; 1 distinct part# near top,"[{""pn"":""RED-PEN-S-WB-1"",""score"":15,""on"":[""data final (0d)""],""ref"":""216/11.03.2022"",""desc"":""pentest aplicatie""}]",
accounting:BT.BIT 352,BT.BIT 352,CUSTIFY SRL,exact,2022-05-30,RON,,1840,10824.94,SCORED,HIGH,RED-PEN-S-WB-1,223/17.05.2022,avans,2022,BSS,pentest web app,SERVICII CONFORM CONTRACT 223/17.05.2022 SERVICII CONFORM CONTRACT 223/17.05.2022 1.840 euro+TVA la cursul BNR,5,"org exact; score=88 margin=26 on [contract#, amount~avans, data final (65d)]; 1 distinct part# near top","[{""pn"":""RED-PEN-S-WB-1"",""score"":88,""on"":[""contract#"",""amount~avans"",""data final (65d)""],""ref"":""223/17.05.2022"",""desc"":""pentest web app""},{""pn"":""RED-PEN-S-WB-1"",""score"":62,""on"":[""contract#"",""amount~avans""],""ref"":""223/17.05.2022"",""desc"":""pentest web app""},{""pn"":""RED-PEN-S-WB-1"",""score"":50,""on"":[""contract#""],""ref"":""223/17.05.2022"",""desc"":""pentest web app""}]",
accounting:BT.BIT 353,BT.BIT 353,LANCERIA FREELANCING S.R.L.,exact,2022-05-30,RON,avans,5250,30886.39,DETERMINISTIC,HIGH,RED-PEN-S-WB-1,224/30.05.2022,,2022,BSS,pentest + smart contracts,SERVICII CONFORM CONTRACT 224/30.05.2022 SERVICII CONFORM CONTRACT 224/30.05.2022 5.250 euro+TVA reprezentand avans 50%.,1,org exact; unique part# via contract 224; avans,"[{""pn"":""RED-PEN-S-WB-1"",""score"":100,""on"":[""contract#""],""ref"":""224/30.05.2022"",""desc"":""pentest + smart contracts""}]",
accounting:BT.BIT 354,BT.BIT 354,VALORIS CENTER SRL,exact,2022-06-09,RON,,2500,14713.16,DETERMINISTIC,HIGH,RED-VA-I-S-25,188/20.04.2021,,2021,BSS,VA,SERV. CONF. CONTRACT NR.188/20.04.2021 SERV. CONF. CONTRACT NR.188/20.04.2021 Act aditional nr.1 din 09.06.2022( 2.500 euro+TVA la cursul BNR ),1,org exact; unique part# via contract 188,"[{""pn"":""RED-VA-I-S-25"",""score"":100,""on"":[""contract#""],""ref"":""188/20.04.2021"",""desc"":""VA""}]",
accounting:BT.BIT 355,BT.BIT 355,QUANTIC LAB S.R.L.,exact,2022-06-09,RON,avans,1700,10004.95,DETERMINISTIC,HIGH,RED-PEN-B-E-B-50,225/06.06.2022,,2022,BSS,pentest extern,SERV. CONF. CONTRACT NR.225/06.06.2022 SERV. CONF. CONTRACT NR.225/06.06.2022 1.700 euro+TVA reprezentand avans contract,1,org exact; unique part# via contract 225; avans,"[{""pn"":""RED-PEN-B-E-B-50"",""score"":100,""on"":[""contract#""],""ref"":""225/06.06.2022"",""desc"":""pentest extern""}]",
accounting:BT.BIT 356,BT.BIT 356,SILKWEB S.A.,exact,2022-06-09,RON,,625,3678.29,DETERMINISTIC,HIGH,RED-PEN-S-G-1,195/29.06.2021,,2021,BSS,pentest web app greybox,SERVICII RECURENTE DE SECURITATE INFORMATICA SERVICII RECURENTE DE SECURITATE INFORMATICA conform ANEXA 2 Contract Nr. 195/29.06.2021 (625 euro+TVA la cursul BN,1,org exact; unique part# via contract 195,"[{""pn"":""RED-PEN-S-G-1"",""score"":100,""on"":[""contract#""],""ref"":""195/29.06.2021"",""desc"":""pentest web app greybox""}]",
accounting:BT.BIT 357,BT.BIT 357,SILKWEB S.A.,exact,2022-06-09,RON,,950,5591,DETERMINISTIC,HIGH,RED-PEN-S-G-1,195/29.06.2021,,2021,BSS,pentest web app greybox,SERVICII CONFORM ACT ADITIONAL NR. 2 DIN 18.04.2022 SERVICII CONFORM ACT ADITIONAL NR. 2 DIN 18.04.2022 CONTRACT DE PRESTARI SERVICII Nr. 195/29.06.2021 ( 950 e,1,org exact; unique part# via contract 195,"[{""pn"":""RED-PEN-S-G-1"",""score"":100,""on"":[""contract#""],""ref"":""195/29.06.2021"",""desc"":""pentest web app greybox""}]",
accounting:BT.BIT 358,BT.BIT 358,SILKWEB S.A.,exact,2022-06-09,RON,,3000,17655.79,DETERMINISTIC,HIGH,RED-PEN-S-G-1,195/29.06.2021,,2021,BSS,pentest web app greybox,SERVICII CONFORM ACT ADITIONAL NR. 2 DIN 18.04.2022 SERVICII CONFORM ACT ADITIONAL NR. 2 DIN 18.04.2022 CONTRACT DE PRESTARI SERVICII Nr. 195/29.06.2021 repreze,1,org exact; unique part# via contract 195,"[{""pn"":""RED-PEN-S-G-1"",""score"":100,""on"":[""contract#""],""ref"":""195/29.06.2021"",""desc"":""pentest web app greybox""}]",
accounting:BT.BIT 359,BT.BIT 359,ALTEX ROMANIA SRL,exact,2022-06-09,RON,,2500,14713.16,DETERMINISTIC,HIGH,PHISH-P-L-MM-F-4000-12,CONTRACT NR. 21785 din 06.08.2021 198/30.07.2021,,2021,BSS,Phish Enterprise Fully-Managed Monthly License,SERVICII CONFORM CONTRACT NR. 21785 comanda nr.1 SERVICII CONFORM CONTRACT NR. 21785 comanda nr.1 2.500 euro+TVA la cursul BNR,1,org exact; unique part# via contract 21785,"[{""pn"":""PHISH-P-L-MM-F-4000-12"",""score"":100,""on"":[""contract#""],""ref"":""CONTRACT NR. 21785 din 06.08.2021 198/30"",""desc"":""Phish Enterprise Fully-Managed Monthly License""}]",
accounting:BT.BIT 360,BT.BIT 360,UNITED MEDIA SERVICES SRL,exact,2022-06-09,RON,,350,2059.84,DETERMINISTIC,HIGH,RED-PEN-B-I-BP-50,177/08.12.2020,,2020,BSS,SERVICII DE SECURITATE INFORMATICA,SERVICII CONTRACT DE PRESTARI SERVICII Nr. SERVICII CONTRACT DE PRESTARI SERVICII Nr. 177/08.12.2020 ACT ADITIONAL NR. 1 DIN 03.11.2021 ( 350 euro +TVA la cursu,1,org exact; unique part# via contract 177,"[{""pn"":""RED-PEN-B-I-BP-50"",""score"":100,""on"":[""contract#""],""ref"":""177/08.12.2020"",""desc"":""SERVICII DE SECURITATE INFORMATICA""}]",
accounting:BT.BIT 361,BT.BIT 361,KEYSIGHT TECHNOLOGIES RO SRL,exact,2022-06-09,RON,,16800,98872.44,SCORED,LOW,KS-MM-RD-2,NO. 2 OF 25.10.2020,final,2020,BSS,RECURRENT INFORMATION SECURITY SERVICES,Create Lab Guides including Virtual Machine templates for Create Lab Guides including Virtual Machine templates for Purchase Order Number 9068001656 Supplier Nu,9,"org exact; score=15 margin=0 on [amount~final, data final (182d)]; 3 distinct part# near top","[{""pn"":""KS-MM-RD-2"",""score"":15,""on"":[""amount~final"",""data final (182d)""],""ref"":""NO. 2 OF 25.10.2020"",""desc"":""RECURRENT INFORMATION SECURITY SERVICES""},{""pn"":""KS-MM-RD-3"",""score"":15,""on"":[""amount~final"",""data final (132d)""],""ref"":""NO. 3 OF 20.09.2021"",""desc"":""RECURRENT INFORMATION SECURITY SERVICES""},{""pn"":""KS-MM-RD-3"",""score"":15,""on"":[""amount~final"",""data final (214d)""],""ref"":""NO. 3 OF 20.09.2021"",""desc"":""RECURRENT INFORMATION SECURITY SERVICES""}]",
accounting:BT.BIT 362,BT.BIT 362,ZIPPER SERVICES SRL,exact,2022-06-09,RON,,1245,7327.15,DETERMINISTIC,HIGH,PHISH-P-L-MM-S-200-12,Nr. 200/01.09.2021,,2021,BSS,phish enterprise trimestrial,SERVICII CONFORM PHISH ENTERPRISE FORMULAR DE COMANDA Nr. 1 SERVICII CONFORM PHISH ENTERPRISE FORMULAR DE COMANDA Nr. 1 la Contract Nr. 200/01.09.2021 ( 1.245 e,1,org exact; unique part# via contract 200,"[{""pn"":""PHISH-P-L-MM-S-200-12"",""score"":100,""on"":[""contract#""],""ref"":""Nr. 200/01.09.2021"",""desc"":""phish enterprise trimestrial""}]",
accounting:BT.BIT 363,BT.BIT 363,KEYSIGHT TECHNOLOGIES RO SRL,exact,2022-06-20,RON,,12000,70611.74,SCORED,LOW,KS-MM-RD-2,236Bis/25.04.2019,final,2019,BSS,RECURRENT INFORMATION SECURITY SERVICES,Create Lab Guides including Virtual Machine templates for Create Lab Guides including Virtual Machine templates for Purchase Order Number 9068001656 Supplier Nu,16,org exact; score=30 margin=0 on [amount~final]; 1 distinct part# near top,"[{""pn"":""KS-MM-RD-2"",""score"":30,""on"":[""amount~final""],""ref"":""236Bis/25.04.2019"",""desc"":""RECURRENT INFORMATION SECURITY SERVICES""},{""pn"":""KS-MM-RD-2"",""score"":30,""on"":[""amount~total""],""ref"":""NO. 5 OF 04.10.2023"",""desc"":""RECURRENT INFORMATION SECURITY SERVICES""},{""pn"":""KS-MM-RD-2"",""score"":30,""on"":[""amount~final""],""ref"":""NO. 5 OF 04.10.2023"",""desc"":""RECURRENT INFORMATION SECURITY SERVICES""}]",
accounting:BT.BIT 364,BT.BIT 364,CERTSIGN SA,exact,2022-06-21,RON,,50,26479.4,SCORED,LOW,RED-PEN-M-G-1,2/08.04.2022,,2022,BSS,pentest mobila,SERVICII PENETRATION TESTING SI EVALUAREA SERVICII PENETRATION TESTING SI EVALUAREA VULNERABILITATILOR IN CONFORMITATE CU STANDARDELE GLOBALE DE SECURITATE INFO,8,org exact; score=15 margin=0 on [data final (0d)]; 2 distinct part# near top,"[{""pn"":""RED-PEN-M-G-1"",""score"":15,""on"":[""data final (0d)""],""ref"":""2/08.04.2022"",""desc"":""pentest mobila""},{""pn"":""RED-PEN-M-G-1"",""score"":15,""on"":[""data final (23d)""],""ref"":""nr 2"",""desc"":""pentest mobila""},{""pn"":""RED-PEN-B-I-BP-150"",""score"":8,""on"":[""data final (105d)""],""ref"":""1/19.01.2022"",""desc"":""pentest intern/extern""}]",
accounting:BT.BIT 365,BT.BIT 365,INFOMED FLUIDS SRL,exact,2022-06-23,RON,avans,9600,56507.67,SCORED,HIGH,RED-PEN-B-I-B-500,226/09.06.2022,final,2022,BSS,pentest intern,SERV. CONF. CONTRACT NR.226/09.06.2021 SERV. CONF. CONTRACT NR.226/09.06.2021 avans 9.600 euro+TVA la cursul BNR,2,"org exact; score=77 margin=12 on [contract#, amount~final, data avans (0d)]; 1 distinct part# near top; avans","[{""pn"":""RED-PEN-B-I-B-500"",""score"":77,""on"":[""contract#"",""amount~final"",""data avans (0d)""],""ref"":""226/09.06.2022"",""desc"":""pentest intern""},{""pn"":""RED-AUDIT-A-12"",""score"":65,""on"":[""contract#"",""data avans (0d)""],""ref"":""226/09.06.2022"",""desc"":""pentest intern""}]",
accounting:BT.BIT 366,BT.BIT 366,WPCODEBOX S.R.L.,exact,2022-07-07,RON,,2250,13240.51,DETERMINISTIC,HIGH,RED-PEN-B-I-B-1,228/6.7.2022,,2022,BSS,Pentest + code revieq,SERV. CONF. CONTRACT NR.228/06.07.2022 SERV. CONF. CONTRACT NR.228/06.07.2022 2.250 euro+TVA la cursul BNR,1,org exact; unique part# via contract 228,"[{""pn"":""RED-PEN-B-I-B-1"",""score"":100,""on"":[""contract#""],""ref"":""228/6.7.2022"",""desc"":""Pentest + code revieq""}]",
accounting:BT.BIT 367,BT.BIT 367,123FORMBUILDER S.R.L.,exact,2022-07-12,RON,avans,700,4117.52,SCORED,MEDIUM,RED-VA-I-B-100,1/11.07.2022,avans,2022,BSS,VA,SERV. CONF. CONTRACT NR.1/11.07.2022 SERV. CONF. CONTRACT NR.1/11.07.2022 avans 700 euro+TVA la cursul BNR,1,"org exact; score=51 margin=51 on [amount~avans, data avans (0d)]; 1 distinct part# near top; avans","[{""pn"":""RED-VA-I-B-100"",""score"":51,""on"":[""amount~avans"",""data avans (0d)""],""ref"":""1/11.07.2022"",""desc"":""VA""}]",
accounting:BT.BIT 368,BT.BIT 368,SILKWEB S.A.,exact,2022-07-12,RON,,625,3676.36,DETERMINISTIC,HIGH,RED-PEN-S-G-1,195/29.06.2021,,2021,BSS,pentest web app greybox,SERVICII RECURENTE DE SECURITATE INFORMATICA SERVICII RECURENTE DE SECURITATE INFORMATICA conform ANEXA 2 Contract Nr. 195/29.06.2021 ( 625 euro+TVA la cursul B,1,org exact; unique part# via contract 195,"[{""pn"":""RED-PEN-S-G-1"",""score"":100,""on"":[""contract#""],""ref"":""195/29.06.2021"",""desc"":""pentest web app greybox""}]",
accounting:BT.BIT 369,BT.BIT 369,SILKWEB S.A.,exact,2022-07-12,RON,,950,5588.06,DETERMINISTIC,HIGH,RED-PEN-S-G-1,195/29.06.2021,,2021,BSS,pentest web app greybox,SERV. CONF. ACT ADITIONAL NR. 2 DIN 18.04.2022 SERV. CONF. ACT ADITIONAL NR. 2 DIN 18.04.2022 CONTRACT DE PRESTARI SERVICII Nr. 195/29.06.2021 ( 950 euro +TVA l,1,org exact; unique part# via contract 195,"[{""pn"":""RED-PEN-S-G-1"",""score"":100,""on"":[""contract#""],""ref"":""195/29.06.2021"",""desc"":""pentest web app greybox""}]",
accounting:BT.BIT 370,BT.BIT 370,ALTEX ROMANIA SRL,exact,2022-07-12,RON,,2500,14705.42,DETERMINISTIC,HIGH,PHISH-P-L-MM-F-4000-12,CONTRACT NR. 21785 din 06.08.2021 198/30.07.2021,,2021,BSS,Phish Enterprise Fully-Managed Monthly License,SERVICII CONFORM CONTRACT NR. 21785 comanda nr.1 SERVICII CONFORM CONTRACT NR. 21785 comanda nr.1 2.500 euro+TVA la cursul BNR,1,org exact; unique part# via contract 21785,"[{""pn"":""PHISH-P-L-MM-F-4000-12"",""score"":100,""on"":[""contract#""],""ref"":""CONTRACT NR. 21785 din 06.08.2021 198/30"",""desc"":""Phish Enterprise Fully-Managed Monthly License""}]",
accounting:BT.BIT 371,BT.BIT 371,UNITED MEDIA SERVICES SRL,exact,2022-07-12,RON,,350,2058.76,DETERMINISTIC,HIGH,RED-PEN-B-I-BP-50,177/08.12.2020,,2020,BSS,SERVICII DE SECURITATE INFORMATICA,SERVICII CONTRACT DE PRESTARI SERVICII Nr. SERVICII CONTRACT DE PRESTARI SERVICII Nr. 177/08.12.2020 ACT ADITIONAL NR. 1 DIN 03.11.2021 ( 350 euro +TVA la cursu,1,org exact; unique part# via contract 177,"[{""pn"":""RED-PEN-B-I-BP-50"",""score"":100,""on"":[""contract#""],""ref"":""177/08.12.2020"",""desc"":""SERVICII DE SECURITATE INFORMATICA""}]",
accounting:BT.BIT 372,BT.BIT 372,CERTSIGN SA,exact,2022-07-14,RON,,9300,54686.47,SCORED,MEDIUM,,Nr. 178/19.01.2021 45/B77B/21013 C,,2021,BSS,-,"SERVICII DE PENETRATION TESTING SERVICII DE PENETRATION TESTING IN CONF.CU AA 1/24.05.2022, ACT ADITIONAL NT.2 LA CONTRACTUL NR.178/19.01.2021 NR. CERTSIGN 45/B",10,org exact; score=50 margin=5 on [contract#]; 1 distinct part# near top,"[{""pn"":"""",""score"":50,""on"":[""contract#""],""ref"":""Nr. 178/19.01.2021 45/B77B/21013 C"",""desc"":""-""},{""pn"":""RED-PEN-M-G-1"",""score"":45,""on"":[""amount~final"",""data final (0d)""],""ref"":""nr 2"",""desc"":""pentest mobila""},{""pn"":""CONSULTANCY-MISC-20"",""score"":22,""on"":[""amount~final""],""ref"":"""",""desc"":""""}]",
accounting:BT.BIT 373,BT.BIT 373,WPCODEBOX S.R.L.,exact,2022-08-03,RON,storno,2250,-11126.48,DETERMINISTIC,HIGH,RED-PEN-B-I-B-1,228/6.7.2022,,2022,BSS,Pentest + code revieq,SERV. CONF. CONTRACT NR.228/06.07.2022 SERV. CONF. CONTRACT NR.228/06.07.2022 stornare factura 366/07.07.2022(2.250 euro+TVA la cursul BNR Storneaza factura BT.,1,org exact; unique part# via contract 228/366; storno,"[{""pn"":""RED-PEN-B-I-B-1"",""score"":100,""on"":[""contract#""],""ref"":""228/6.7.2022"",""desc"":""Pentest + code revieq""}]",
accounting:BT.BIT 374,BT.BIT 374,WPCODEBOX S.R.L.,exact,2022-08-01,RON,,2250,13196.6,DETERMINISTIC,HIGH,RED-PEN-B-I-B-1,228/6.7.2022,,2022,BSS,Pentest + code revieq,SERV. CONF. CONTRACT NR.228/06.07.2022 SERV. CONF. CONTRACT NR.228/06.07.2022 2.250 euro+TVA la cursul BNR,1,org exact; unique part# via contract 228,"[{""pn"":""RED-PEN-B-I-B-1"",""score"":100,""on"":[""contract#""],""ref"":""228/6.7.2022"",""desc"":""Pentest + code revieq""}]",
accounting:BT.BIT 375,BT.BIT 375,FORTECH SRL,exact,2022-08-03,RON,storno,8500,29897.11,SCORED,MEDIUM,RED-PEN-B-I-B-50,217/24.03.2022,,2022,BSS,pentest intern si extern,SERVICII CONFORM CONTRACT 217/24.03.2022 SERVICII CONFORM CONTRACT 217/24.03.2022 8.500 euro+TVA la cursul BNR reprezentand factura finala | SERVICII CONFORM CO,2,"org exact; score=65 margin=0 on [contract#, data final (0d)]; 2 distinct part# near top; storno","[{""pn"":""RED-PEN-B-I-B-50"",""score"":65,""on"":[""contract#"",""data final (0d)""],""ref"":""217/24.03.2022"",""desc"":""pentest intern si extern""},{""pn"":""RED-PEN-B-E-B-25"",""score"":65,""on"":[""contract#"",""data final (0d)""],""ref"":""217/24.03.2022"",""desc"":""pentest intern si extern""}]","[{""service"":""SERVICII CONFORM CONTRACT 217/24.03.2022 | SERVICII CONFORM "",""partNumber"":""RED-PEN-B-I-B-50"",""score"":65,""on"":[""contract#"",""data final (0d)""]},{""service"":""SERVICII CONFORM CONTRACT 217/24.03.2022 | SERVICII CONFORM "",""partNumber"":""RED-PEN-B-I-B-50"",""score"":65,""on"":[""contract#"",""data final (0d)""]}]"
accounting:BT.BIT 376,BT.BIT 376,CAPITAL FINANCIAL SERVICES SA,exact,2022-08-03,RON,,2000,56570.02,SCORED,HIGH,RED-VA-I-S-100,222/03.05.2022,final,2023,BSS,SERVICII DE EVALUARE VULNERABILITATI RETEA INTERNA,SERVICII CONFORM CONTRACT NR. 222/03.05.2022 SERVICII CONFORM CONTRACT NR. 222/03.05.2022 2.000 euro+TVA la cursul BNR conform anexa 2 | SERVICII CONFORM CONTRA,9,"org exact; score=96 margin=30 on [contract#, amount~final, data final (0d)]; 1 distinct part# near top","[{""pn"":""RED-VA-I-S-100"",""score"":96,""on"":[""contract#"",""amount~final"",""data final (0d)""],""ref"":""222/03.05.2022"",""desc"":""SERVICII DE EVALUARE VULNERABILITATI RETEA INTERNA""},{""pn"":""RED-PEN-B-I-B-100"",""score"":66,""on"":[""contract#"",""data final (0d)""],""ref"":""222/03.05.2022"",""desc"":""DESCRIERE SERVICII IDENTIFICARE SI EVALUARE VULNERABILITATI""},{""pn"":""RED-VA-E-B-100"",""score"":51,""on"":[""contract#""],""ref"":""222/03.05.2022"",""desc"":""SERVICII DE EVALUARE VULNERABILITATI RETEA INTERNA""}]","[{""service"":""SERVICII CONFORM  CONTRACT  NR. 222/03.05.2022 | SERVICII CO"",""partNumber"":""RED-VA-I-S-100"",""score"":96,""on"":[""contract#"",""amount~final"",""data final (0d)""]},{""service"":""SERVICII CONFORM  CONTRACT  NR. 222/03.05.2022 | SERVICII CO"",""partNumber"":""RED-PEN-B-I-B-100"",""score"":88,""on"":[""contract#"",""amount~final"",""data final (0d)""]},{""service"":""SERVICII CONFORM  CONTRACT  NR. 222/03.05.2022 | SERVICII CO"",""partNumber"":""RED-VA-E-B-100"",""score"":81,""on"":[""contract#"",""amount~final""]}]"
accounting:BT.BIT 377,BT.BIT 377,CUSTIFY SRL,exact,2022-08-03,RON,,2760,16179.61,SCORED,HIGH,RED-PEN-S-WB-1,223/17.05.2022,final,2022,BSS,pentest web app,SERVICII CONFORM CONTRACT 223/17.05.2022 SERVICII CONFORM CONTRACT 223/17.05.2022 2.760 euro+TVA la cursul BNR,5,"org exact; score=95 margin=23 on [contract#, amount~final, data final (0d)]; 1 distinct part# near top","[{""pn"":""RED-PEN-S-WB-1"",""score"":95,""on"":[""contract#"",""amount~final"",""data final (0d)""],""ref"":""223/17.05.2022"",""desc"":""pentest web app""},{""pn"":""RED-PEN-B-E-B-14"",""score"":72,""on"":[""contract#"",""amount~avans""],""ref"":""223/17.05.2022"",""desc"":""pentest web app""},{""pn"":""RED-PEN-S-WB-1"",""score"":62,""on"":[""contract#"",""amount~final""],""ref"":""223/17.05.2022"",""desc"":""pentest web app""}]",
accounting:BT.BIT 378,BT.BIT 378,QUANTIC LAB S.R.L.,exact,2022-08-03,RON,,2550,14948.55,DETERMINISTIC,HIGH,RED-PEN-B-E-B-50,225/06.06.2022,,2022,BSS,pentest extern,SERV. CONF. CONTRACT NR.225/06.06.2022 SERV. CONF. CONTRACT NR.225/06.06.2022 2.550 euro+TVA la cursul BNR,1,org exact; unique part# via contract 225,"[{""pn"":""RED-PEN-B-E-B-50"",""score"":100,""on"":[""contract#""],""ref"":""225/06.06.2022"",""desc"":""pentest extern""}]",
accounting:BT.BIT 379,BT.BIT 379,MACROMEX SRL,exact,2022-08-05,RON,,4395,25764.8,SCORED,MEDIUM,RED-PEN-B-I-B-500,220/15.04.2022,,2022,BSS,pentest + audit iso,SERVICII CONFORM CONTRACT 220/15.04.2022 SERVICII CONFORM CONTRACT 220/15.04.2022 4.395 euro+TVA la cursul BNR,2,"org exact; score=58 margin=0 on [contract#, data avans (109d)]; 2 distinct part# near top","[{""pn"":""RED-PEN-B-I-B-500"",""score"":58,""on"":[""contract#"",""data avans (109d)""],""ref"":""220/15.04.2022"",""desc"":""pentest + audit iso""},{""pn"":""RED-AUDIT-A-10"",""score"":58,""on"":[""contract#"",""data avans (109d)""],""ref"":""220/15.04.2022"",""desc"":""pentest + audit iso""}]",
accounting:BT.BIT 380,BT.BIT 380,SILKWEB S.A.,exact,2022-08-08,RON,,625,3659.99,DETERMINISTIC,HIGH,RED-PEN-S-G-1,195/29.06.2021,,2021,BSS,pentest web app greybox,SERVICII conform ANEXA 2 – SERVICII RECURENTE DE SECURITATE SERVICII conform ANEXA 2 – SERVICII RECURENTE DE SECURITATE INFORMATICA Contract Nr. 195/29.06.2021 ,1,org exact; unique part# via contract 195,"[{""pn"":""RED-PEN-S-G-1"",""score"":100,""on"":[""contract#""],""ref"":""195/29.06.2021"",""desc"":""pentest web app greybox""}]",
accounting:BT.BIT 381,BT.BIT 381,SILKWEB S.A.,exact,2022-08-08,RON,,950,5563.19,DETERMINISTIC,HIGH,RED-PEN-S-G-1,195/29.06.2021,,2021,BSS,pentest web app greybox,SERVICII conform ACT ADITIONAL NR. 2 DIN 18.04.2022 SERVICII conform ACT ADITIONAL NR. 2 DIN 18.04.2022 CONTRACT DE PRESTARI SERVICII Nr. 195/29.06.2021( 950 eu,1,org exact; unique part# via contract 195,"[{""pn"":""RED-PEN-S-G-1"",""score"":100,""on"":[""contract#""],""ref"":""195/29.06.2021"",""desc"":""pentest web app greybox""}]",
accounting:BT.BIT 382,BT.BIT 382,ALTEX ROMANIA SRL,exact,2022-08-08,RON,,2500,14639.98,DETERMINISTIC,HIGH,PHISH-P-L-MM-F-4000-12,CONTRACT NR. 21785 din 06.08.2021 198/30.07.2021,,2021,BSS,Phish Enterprise Fully-Managed Monthly License,SERVICII CONFORM CONTRACT NR. 21785 comanda nr.1 SERVICII CONFORM CONTRACT NR. 21785 comanda nr.1 2.500 euro+TVA la cursul BNR,1,org exact; unique part# via contract 21785,"[{""pn"":""PHISH-P-L-MM-F-4000-12"",""score"":100,""on"":[""contract#""],""ref"":""CONTRACT NR. 21785 din 06.08.2021 198/30"",""desc"":""Phish Enterprise Fully-Managed Monthly License""}]",
accounting:BT.BIT 383,BT.BIT 383,UNITED MEDIA SERVICES SRL,exact,2022-08-08,RON,,350,2049.6,DETERMINISTIC,HIGH,RED-PEN-B-I-BP-50,177/08.12.2020,,2020,BSS,SERVICII DE SECURITATE INFORMATICA,SERVICII CONTRACT DE PRESTARI SERVICII Nr. SERVICII CONTRACT DE PRESTARI SERVICII Nr. 177/08.12.2020 ACT ADITIONAL NR. 1 DIN 03.11.2021 ( 350 euro+TVA la cursul,1,org exact; unique part# via contract 177,"[{""pn"":""RED-PEN-B-I-BP-50"",""score"":100,""on"":[""contract#""],""ref"":""177/08.12.2020"",""desc"":""SERVICII DE SECURITATE INFORMATICA""}]",
accounting:BT.BIT 384,BT.BIT 384,KEYSIGHT TECHNOLOGIES RO SRL,exact,2022-08-08,RON,,12600,73785.47,SCORED,LOW,KS-MM-RD-2,236Bis/25.04.2019,final,2019,BSS,RECURRENT INFORMATION SECURITY SERVICES,Create Lab Guides including Virtual Machine templates for Create Lab Guides including Virtual Machine templates for Purchase Order Number 9068001656 Supplier Nu,16,org exact; score=30 margin=0 on [amount~final]; 1 distinct part# near top,"[{""pn"":""KS-MM-RD-2"",""score"":30,""on"":[""amount~final""],""ref"":""236Bis/25.04.2019"",""desc"":""RECURRENT INFORMATION SECURITY SERVICES""},{""pn"":""KS-MM-RD-2"",""score"":30,""on"":[""amount~total""],""ref"":""NO. 5 OF 04.10.2023"",""desc"":""RECURRENT INFORMATION SECURITY SERVICES""},{""pn"":""KS-MM-RD-2"",""score"":25,""on"":[""amount~final"",""data final (192d)""],""ref"":""NO. 2 OF 25.10.2020"",""desc"":""RECURRENT INFORMATION SECURITY SERVICES""}]",
accounting:BT.BIT 385,BT.BIT 385,KEYSIGHT TECHNOLOGIES RO SRL,exact,2022-08-16,RON,,13200,76826.26,SCORED,LOW,KS-MM-RD-2,236Bis/25.04.2019,final,2019,BSS,RECURRENT INFORMATION SECURITY SERVICES,Create Lab Guides including Virtual Machine templates for Create Lab Guides including Virtual Machine templates for Purchase Order Number 9068001656 Supplier Nu,16,org exact; score=30 margin=3 on [amount~final]; 1 distinct part# near top,"[{""pn"":""KS-MM-RD-2"",""score"":30,""on"":[""amount~final""],""ref"":""236Bis/25.04.2019"",""desc"":""RECURRENT INFORMATION SECURITY SERVICES""},{""pn"":""KS-MM-RD-2"",""score"":27,""on"":[""amount~final"",""data final (0d)""],""ref"":""NO. 3 OF 20.09.2021"",""desc"":""RECURRENT INFORMATION SECURITY SERVICES""},{""pn"":""KS-MM-RD-2"",""score"":25,""on"":[""amount~final"",""data final (200d)""],""ref"":""NO. 2 OF 25.10.2020"",""desc"":""RECURRENT INFORMATION SECURITY SERVICES""}]",
accounting:BT.BIT 386,BT.BIT 386,ACCESA IT SYSTEMS SRL,exact,2022-08-16,RON,avans,1700,9894.29,DETERMINISTIC,HIGH,RED-PEN-B-I-B-30,230/18.07.2022,,2022,BSS,pentest intern,SERVICII CONFORM CONTRACT 230/18.07.2022 SERVICII CONFORM CONTRACT 230/18.07.2022 avans 1.700 euro+TVA la cursul BNR,2,org exact; unique part# via contract 230; avans,"[{""pn"":""RED-PEN-B-I-B-30"",""score"":100,""on"":[""contract#""],""ref"":""230/18.07.2022"",""desc"":""pentest intern""},{""pn"":""RED-PEN-B-I-B-30"",""score"":100,""on"":[""contract#""],""ref"":""230/18.07.2022"",""desc"":""servicii de pentest""}]",
accounting:BT.BIT 387,BT.BIT 387,ORANGE ROMANIA SA,exact,2022-09-01,RON,,12600,397285.66,SCORED,MEDIUM,ORO-TEM-DEV-300,PO 40481119,final,2022,BSS,mix,Dezvoltare functionalitati noi si imbunatatiri TEMP Dezvoltare functionalitati noi si imbunatatiri TEMP Nr Notificare C123160; Nr PO/Release 40481119;Nr Recepti,34,"org exact; score=45 margin=20 on [amount~final, data final (0d)]; 1 distinct part# near top","[{""pn"":""ORO-TEM-DEV-300"",""score"":45,""on"":[""amount~final"",""data final (0d)""],""ref"":""PO 40481119"",""desc"":""mix""},{""pn"":""ORO-TEM-L-10000"",""score"":25,""on"":[""amount~final"",""data final (317d)""],""ref"":""PO 40451579"",""desc"":""licente tem 2021""},{""pn"":""RED-MISC-10"",""score"":25,""on"":[""amount~final"",""data final (338d)""],""ref"":""PO 40448315"",""desc"":""teste de tip pentest stress test""}]","[{""service"":""Dezvoltare functionalitati noi si imbunatatiri TEMP | Dezvol"",""partNumber"":""ORO-TEM-DEV-300"",""score"":45,""on"":[""amount~final"",""data final (0d)""]},{""service"":""BSS Fendly RBL Scanner | BSS Fendly RBL Scanner | Nr Notific"",""partNumber"":""ORO-TEM-DEV-300"",""score"":15,""on"":[""data final (0d)""]},{""service"":""BSS Fendly SSL Vulnerability Scanner | BSS Fendly SSL Vulner"",""partNumber"":""ORO-TEM-DEV-300"",""score"":15,""on"":[""data final (0d)""]},{""service"":""BSS Fendly IP/Domain Reputation Scanner | BSS Fendly IP/Doma"",""partNumber"":""ORO-TEM-DEV-300"",""score"":15,""on"":[""data final (0d)""]},{""service"":""Fendly Web Pro Scanner:Licenta10000de scanari pentru12 luni "",""partNumber"":""RED-PEN-B-I-B-20"",""score"":22,""on"":[""amount~final""]},{""service"":""Fendly Network Pro Scanner: Licenta 10000 de scanari | Fendl"",""partNumber"":""RED-PEN-B-I-B-50"",""score"":25,""on"":[""amount~final"",""data final (269d)""]},{""service"":""Fendly Discovery Scanner: Licenta 10000 de scanari | Fendly "",""partNumber"":""ORO-TEM-DEV-100"",""score"":22,""on"":[""amount~final""]},{""service"":""Licenta Phish Enterprise pentru 30 clienti cu pana la 500 de"",""partNumber"":""PHISH-P-L-YY-A-15000"",""score"":46,""on"":[""amount~final"",""data final (0d)""]},{""service"":""Licenta CVE Monitor pentru 12 luni | Licenta CVE Monitor pen"",""partNumber"":""ORO-TEM-DEV-50"",""score"":30,""on"":[""amount~final""]}]"
accounting:BT.BIT 388,BT.BIT 388,SILKWEB S.A.,exact,2022-09-09,RON,,625,3639.61,DETERMINISTIC,HIGH,RED-PEN-S-G-1,195/29.06.2021,,2021,BSS,pentest web app greybox,SERVICII conform ANEXA 2 – SERVICII RECURENTE DE SERVICII conform ANEXA 2 – SERVICII RECURENTE DE SECURITATE INFORMATICA Contract Nr. 195/29.06.2021 (625 euro+T,1,org exact; unique part# via contract 195,"[{""pn"":""RED-PEN-S-G-1"",""score"":100,""on"":[""contract#""],""ref"":""195/29.06.2021"",""desc"":""pentest web app greybox""}]",
accounting:BT.BIT 389,BT.BIT 389,SILKWEB S.A.,exact,2022-09-09,RON,,950,5532.21,DETERMINISTIC,HIGH,RED-PEN-S-G-1,195/29.06.2021,,2021,BSS,pentest web app greybox,SERVICII conform ACT ADITIONAL NR. 2 DIN 18.04.2022 SERVICII conform ACT ADITIONAL NR. 2 DIN 18.04.2022 CONTRACT DE PRESTARI SERVICII Nr. 195/29.06.2021( 950 eu,1,org exact; unique part# via contract 195,"[{""pn"":""RED-PEN-S-G-1"",""score"":100,""on"":[""contract#""],""ref"":""195/29.06.2021"",""desc"":""pentest web app greybox""}]",
accounting:BT.BIT 390,BT.BIT 390,UNITED MEDIA SERVICES SRL,exact,2022-09-09,RON,,350,2038.18,DETERMINISTIC,HIGH,RED-PEN-B-I-BP-50,177/08.12.2020,,2020,BSS,SERVICII DE SECURITATE INFORMATICA,SERVICII CONTRACT DE PRESTARI SERVICII Nr. SERVICII CONTRACT DE PRESTARI SERVICII Nr. 177/08.12.2020 ACT ADITIONAL NR. 1 DIN 03.11.2021 ( 350 euro+TVA la cursul,1,org exact; unique part# via contract 177,"[{""pn"":""RED-PEN-B-I-BP-50"",""score"":100,""on"":[""contract#""],""ref"":""177/08.12.2020"",""desc"":""SERVICII DE SECURITATE INFORMATICA""}]",
accounting:BT.BIT 391,BT.BIT 391,KEYSIGHT TECHNOLOGIES RO SRL,exact,2022-09-09,RON,,13200,76868.67,SCORED,LOW,KS-MM-RD-2,236Bis/25.04.2019,final,2019,BSS,RECURRENT INFORMATION SECURITY SERVICES,Create Lab Guides including Virtual Machine templates for Create Lab Guides including Virtual Machine templates for Purchase Order Number 9068001656 Supplier Nu,16,org exact; score=30 margin=3 on [amount~final]; 1 distinct part# near top,"[{""pn"":""KS-MM-RD-2"",""score"":30,""on"":[""amount~final""],""ref"":""236Bis/25.04.2019"",""desc"":""RECURRENT INFORMATION SECURITY SERVICES""},{""pn"":""KS-MM-RD-2"",""score"":27,""on"":[""amount~final"",""data final (24d)""],""ref"":""NO. 3 OF 20.09.2021"",""desc"":""RECURRENT INFORMATION SECURITY SERVICES""},{""pn"":""KS-MM-RD-2"",""score"":25,""on"":[""amount~final"",""data final (224d)""],""ref"":""NO. 2 OF 25.10.2020"",""desc"":""RECURRENT INFORMATION SECURITY SERVICES""}]",
accounting:BT.BIT 392,BT.BIT 392,ZIPPER SERVICES SRL,exact,2022-09-09,RON,,1245,7250.11,DETERMINISTIC,HIGH,PHISH-P-L-MM-S-200-12,Nr. 200/01.09.2021,,2021,BSS,phish enterprise trimestrial,SERVICII CONFORM PHISH ENTERPRISE FORMULAR DE SERVICII CONFORM PHISH ENTERPRISE FORMULAR DE COMANDA Nr. 1 la Contract Nr. 200/01.09.2021 ( 1.245 euro+TVA la cur,1,org exact; unique part# via contract 200,"[{""pn"":""PHISH-P-L-MM-S-200-12"",""score"":100,""on"":[""contract#""],""ref"":""Nr. 200/01.09.2021"",""desc"":""phish enterprise trimestrial""}]",
accounting:BT.BIT 393,BT.BIT 393,MACROMEX SRL,exact,2022-09-12,RON,,4395,25651.83,SCORED,MEDIUM,RED-PEN-B-I-B-500,220/15.04.2022,,2022,BSS,pentest + audit iso,SERVICII CONFORM CONTRACT 220/15.04.2022 SERVICII CONFORM CONTRACT 220/15.04.2022 4.395 euro+TVA la cursul BNR,2,"org exact; score=65 margin=0 on [contract#, data final (0d)]; 2 distinct part# near top","[{""pn"":""RED-PEN-B-I-B-500"",""score"":65,""on"":[""contract#"",""data final (0d)""],""ref"":""220/15.04.2022"",""desc"":""pentest + audit iso""},{""pn"":""RED-AUDIT-A-10"",""score"":65,""on"":[""contract#"",""data final (0d)""],""ref"":""220/15.04.2022"",""desc"":""pentest + audit iso""}]",
accounting:BT.BIT 394,BT.BIT 394,INFOMED FLUIDS SRL,exact,2022-09-12,RON,storno,9600,-47485.44,SCORED,HIGH,RED-PEN-B-I-B-500,226/09.06.2022,final,2022,BSS,pentest intern,"SERV. CONF. CONTRACT NR.226/09.06.2021 SERV. CONF. CONTRACT NR.226/09.06.2021 stornare factura 366 din 23.06.2022, avans 9.600 euro+TVA la cursul BNR Storneaza ",2,"org exact; score=77 margin=12 on [contract#, amount~final, data final (23d)]; 1 distinct part# near top; storno","[{""pn"":""RED-PEN-B-I-B-500"",""score"":77,""on"":[""contract#"",""amount~final"",""data final (23d)""],""ref"":""226/09.06.2022"",""desc"":""pentest intern""},{""pn"":""RED-AUDIT-A-12"",""score"":65,""on"":[""contract#"",""data final (23d)""],""ref"":""226/09.06.2022"",""desc"":""pentest intern""}]",
accounting:BT.BIT 395,BT.BIT 395,INFOMED FLUIDS SRL,exact,2022-09-12,RON,,19560,114163.76,SCORED,HIGH,RED-PEN-B-I-B-500,226/09.06.2022,total,2022,BSS,pentest intern,SERV. CONF. CONTRACT NR.226/09.06.2021 SERV. CONF. CONTRACT NR.226/09.06.2021 19.560 euro+TVA la cursul BNR,2,"org exact; score=77 margin=12 on [contract#, amount~total, data final (23d)]; 1 distinct part# near top","[{""pn"":""RED-PEN-B-I-B-500"",""score"":77,""on"":[""contract#"",""amount~total"",""data final (23d)""],""ref"":""226/09.06.2022"",""desc"":""pentest intern""},{""pn"":""RED-AUDIT-A-12"",""score"":65,""on"":[""contract#"",""data final (23d)""],""ref"":""226/09.06.2022"",""desc"":""pentest intern""}]",
accounting:BT.BIT 396,BT.BIT 396,123FORMBUILDER S.R.L.,exact,2022-09-14,RON,storno,700,6096.31,SCORED,MEDIUM,RED-VA-I-B-100,1/11.07.2022,avans,2022,BSS,VA,"SERV. CONF. CONTRACT NR.1/11.07.2022 SERV. CONF. CONTRACT NR.1/11.07.2022 stornare factura 367 din 12.07.2022, avans 700 euro+TVA la cursul BNR Storneaza factur",1,"org exact; score=45 margin=45 on [amount~avans, data final (0d)]; 1 distinct part# near top; storno","[{""pn"":""RED-VA-I-B-100"",""score"":45,""on"":[""amount~avans"",""data final (0d)""],""ref"":""1/11.07.2022"",""desc"":""VA""}]","[{""service"":""SERV. CONF. CONTRACT NR.1/11.07.2022 | SERV. CONF. CONTRACT "",""partNumber"":""RED-VA-I-B-100"",""score"":45,""on"":[""amount~avans"",""data final (0d)""]},{""service"":""SERV. CONF. CONTRACT NR.1/11.07.2022 | SERV. CONF. CONTRACT "",""partNumber"":""RED-VA-I-B-100"",""score"":45,""on"":[""amount~total"",""data final (0d)""]}]"
accounting:BT.BIT 397,BT.BIT 397,IN PLAZA S.R.L.,none,2022-10-10,RON,,700,4114.6,UNRESOLVED,NONE,,,,,,,SERVICII CONFORM ANEXA 1 LA CONTRACT 231/14.09.2022 SERVICII CONFORM ANEXA 1 LA CONTRACT 231/14.09.2022 700 euro+TVA la cursul BNR,0,org not found in tracker,[],
accounting:BT.BIT 398,BT.BIT 398,SILKWEB S.A.,exact,2022-10-03,RON,,625,3680.07,DETERMINISTIC,HIGH,RED-PEN-S-G-1,195/29.06.2021,,2021,BSS,pentest web app greybox,SERVICII conform ANEXA 2 – SERVICII RECURENTE DE SECURITATE SERVICII conform ANEXA 2 – SERVICII RECURENTE DE SECURITATE INFORMATICA Contract Nr. 195/29.06.2021 ,1,org exact; unique part# via contract 195,"[{""pn"":""RED-PEN-S-G-1"",""score"":100,""on"":[""contract#""],""ref"":""195/29.06.2021"",""desc"":""pentest web app greybox""}]",
accounting:BT.BIT 399,BT.BIT 399,SILKWEB S.A.,exact,2022-10-03,RON,,950,5593.71,DETERMINISTIC,HIGH,RED-PEN-S-G-1,195/29.06.2021,,2021,BSS,pentest web app greybox,SERVICII conform ACT ADITIONAL NR. 2 DIN 18.04.2022 SERVICII conform ACT ADITIONAL NR. 2 DIN 18.04.2022 CONTRACT DE PRESTARI SERVICII Nr. 195/29.06.2021(950 eur,1,org exact; unique part# via contract 195,"[{""pn"":""RED-PEN-S-G-1"",""score"":100,""on"":[""contract#""],""ref"":""195/29.06.2021"",""desc"":""pentest web app greybox""}]",
accounting:BT.BIT 400,BT.BIT 400,UNITED MEDIA SERVICES SRL,exact,2022-10-03,RON,,350,2060.84,DETERMINISTIC,HIGH,RED-PEN-B-I-BP-50,177/08.12.2020,,2020,BSS,SERVICII DE SECURITATE INFORMATICA,SERVICII ACT ADITIONAL NR. 1 DIN 03.11.2021 CONTRACT DE SERVICII ACT ADITIONAL NR. 1 DIN 03.11.2021 CONTRACT DE PRESTARI SERVICII Nr. 177/08.12.2020 (350 Euro+T,1,org exact; unique part# via contract 177,"[{""pn"":""RED-PEN-B-I-BP-50"",""score"":100,""on"":[""contract#""],""ref"":""177/08.12.2020"",""desc"":""SERVICII DE SECURITATE INFORMATICA""}]",
accounting:BT.BIT 401,BT.BIT 401,KEYSIGHT TECHNOLOGIES RO SRL,exact,2022-10-03,RON,,18900,111285.47,SCORED,LOW,KS-MM-RD-3,NO. 3 OF 20.09.2021,final,2021,BSS,RECURRENT INFORMATION SECURITY SERVICES,Create Lab Guides including Virtual Machine templates for Create Lab Guides including Virtual Machine templates for Purchase Order Number 9068001656 Supplier Nu,8,"org exact; score=38 margin=5 on [amount~final, data final (98d)]; 2 distinct part# near top","[{""pn"":""KS-MM-RD-3"",""score"":38,""on"":[""amount~final"",""data final (98d)""],""ref"":""NO. 3 OF 20.09.2021"",""desc"":""RECURRENT INFORMATION SECURITY SERVICES""},{""pn"":""KS-MM-RD-2"",""score"":33,""on"":[""amount~final"",""data final (274d)""],""ref"":""NO. 4 OF 04.10.2022"",""desc"":""RECURRENT INFORMATION SECURITY SERVICES""},{""pn"":""KS-MM-RD-3"",""score"":25,""on"":[""amount~final"",""data final (248d)""],""ref"":""NO. 3 OF 20.09.2021"",""desc"":""RECURRENT INFORMATION SECURITY SERVICES""}]",
accounting:BT.BIT 402,BT.BIT 402,ACCESA IT SYSTEMS SRL,exact,2022-10-03,RON,storno,1700,15130.22,DETERMINISTIC,HIGH,RED-PEN-B-I-B-30,230/18.07.2022,,2022,BSS,pentest intern,SERVICII CONFORM CONTRACT 230/18.07.2022 SERVICII CONFORM CONTRACT 230/18.07.2022 Stornare factura 386/16.08.2022(avans 1.700 euro+TVA la cursul BNR Storneaza f,2,org exact; unique part# via contract 230/386; storno,"[{""pn"":""RED-PEN-B-I-B-30"",""score"":100,""on"":[""contract#""],""ref"":""230/18.07.2022"",""desc"":""pentest intern""},{""pn"":""RED-PEN-B-I-B-30"",""score"":100,""on"":[""contract#""],""ref"":""230/18.07.2022"",""desc"":""servicii de pentest""}]",
accounting:BT.BIT 403,BT.BIT 403,INFOMED FLUIDS SRL,exact,2022-10-05,RON,storno,19560,-95935.93,SCORED,HIGH,RED-PEN-B-I-B-500,226/09.06.2022,total,2022,BSS,pentest intern,SERV. CONF. CONTRACT NR.226/09.06.2021 SERV. CONF. CONTRACT NR.226/09.06.2021 Stornare factura 395/12.09.2022(19.560 euro+TVA la cursul BNR Storneaza factura BT,2,"org exact; score=77 margin=12 on [contract#, amount~total, data final (0d)]; 1 distinct part# near top; storno","[{""pn"":""RED-PEN-B-I-B-500"",""score"":77,""on"":[""contract#"",""amount~total"",""data final (0d)""],""ref"":""226/09.06.2022"",""desc"":""pentest intern""},{""pn"":""RED-AUDIT-A-12"",""score"":65,""on"":[""contract#"",""data final (0d)""],""ref"":""226/09.06.2022"",""desc"":""pentest intern""}]",
accounting:BT.BIT 404,BT.BIT 404,INFOMED FLUIDS SRL,exact,2022-10-05,RON,,24000,141289.18,SCORED,MEDIUM,RED-PEN-B-I-B-500,226/09.06.2022,,2022,BSS,pentest intern,SERV. CONF. CONTRACT NR.226/09.06.2021 SERV. CONF. CONTRACT NR.226/09.06.2021 24.000 euro+TVA la cursul BNR,2,"org exact; score=65 margin=0 on [contract#, data final (0d)]; 2 distinct part# near top","[{""pn"":""RED-PEN-B-I-B-500"",""score"":65,""on"":[""contract#"",""data final (0d)""],""ref"":""226/09.06.2022"",""desc"":""pentest intern""},{""pn"":""RED-AUDIT-A-12"",""score"":65,""on"":[""contract#"",""data final (0d)""],""ref"":""226/09.06.2022"",""desc"":""pentest intern""}]",
accounting:405,405,KAUFLAND ROMANIA SCS,none,2022-10-17,RON,,,43732.5,UNRESOLVED,NONE,,,,,,,"Comanda PenTest GPS Box Comanda PenTest GPS Box Comanda nr.: 7200409451 din 17.10.2022,Resp. comanda: Dilec Chemal",0,org not found in tracker,[],
accounting:408,408,KEYSIGHT TECHNOLOGIES RO SRL,exact,2022-10-31,RON,,,197875.96,SCORED,LOW,KS-MM-RD-2,NO. 3 OF 20.09.2021,,2021,BSS,RECURRENT INFORMATION SECURITY SERVICES,Create Lab Guides including Virtual Machine templates for Create Lab Guides including Virtual Machine templates for Purchase Order Number 9068001656 Supplier Nu,8,org exact; score=8 margin=0 on [data final (76d)]; 3 distinct part# near top,"[{""pn"":""KS-MM-RD-2"",""score"":8,""on"":[""data final (76d)""],""ref"":""NO. 3 OF 20.09.2021"",""desc"":""RECURRENT INFORMATION SECURITY SERVICES""},{""pn"":""KS-MM-RD-3"",""score"":8,""on"":[""data final (70d)""],""ref"":""NO. 3 OF 20.09.2021"",""desc"":""RECURRENT INFORMATION SECURITY SERVICES""},{""pn"":""KS-MM-RD-2"",""score"":3,""on"":[""data final (326d)""],""ref"":""NO. 2 OF 25.10.2020"",""desc"":""RECURRENT INFORMATION SECURITY SERVICES""}]",
accounting:409,409,KEYSIGHT TECHNOLOGIES RO SRL,exact,2022-10-31,RON,,,17850,SCORED,LOW,KS-MM-RD-2,NO. 3 OF 20.09.2021,,2021,BSS,RECURRENT INFORMATION SECURITY SERVICES,Create Lab Guides including Virtual Machine templates Create Lab Guides including Virtual Machine templates Supplier Number 158762/08.12.2021,8,org exact; score=8 margin=0 on [data final (76d)]; 3 distinct part# near top,"[{""pn"":""KS-MM-RD-2"",""score"":8,""on"":[""data final (76d)""],""ref"":""NO. 3 OF 20.09.2021"",""desc"":""RECURRENT INFORMATION SECURITY SERVICES""},{""pn"":""KS-MM-RD-3"",""score"":8,""on"":[""data final (70d)""],""ref"":""NO. 3 OF 20.09.2021"",""desc"":""RECURRENT INFORMATION SECURITY SERVICES""},{""pn"":""KS-MM-RD-2"",""score"":3,""on"":[""data final (326d)""],""ref"":""NO. 2 OF 25.10.2020"",""desc"":""RECURRENT INFORMATION SECURITY SERVICES""}]",
accounting:410,410,SILKWEB S.A.,exact,2022-11-06,RON,,625,3635.15,DETERMINISTIC,HIGH,RED-PEN-S-G-1,195/29.06.2021,,2021,BSS,pentest web app greybox,SERVICII conform ANEXA 2 – SERVICII RECURENTE DE SERVICII conform ANEXA 2 – SERVICII RECURENTE DE SECURITATE INFORMATICA Contract Nr. 195/29.06.2021 (625 euro+T,1,org exact; unique part# via contract 195,"[{""pn"":""RED-PEN-S-G-1"",""score"":100,""on"":[""contract#""],""ref"":""195/29.06.2021"",""desc"":""pentest web app greybox""}]",
accounting:411,411,SILKWEB S.A.,exact,2022-11-06,RON,,950,5525.43,DETERMINISTIC,HIGH,RED-PEN-S-G-1,195/29.06.2021,,2021,BSS,pentest web app greybox,SERVICII conform ACT ADITIONAL NR. 2 DIN 18.04.2022 SERVICII conform ACT ADITIONAL NR. 2 DIN 18.04.2022 CONTRACT DE PRESTARI SERVICII Nr. 195/29.06.2021(950 eur,1,org exact; unique part# via contract 195,"[{""pn"":""RED-PEN-S-G-1"",""score"":100,""on"":[""contract#""],""ref"":""195/29.06.2021"",""desc"":""pentest web app greybox""}]",
accounting:412,412,UNITED MEDIA SERVICES SRL,exact,2022-11-06,RON,,350,2035.69,DETERMINISTIC,HIGH,RED-PEN-B-I-BP-50,177/08.12.2020,,2020,BSS,SERVICII DE SECURITATE INFORMATICA,SERVICII ACT ADITIONAL NR. 1 DIN 03.11.2021 CONTRACT SERVICII ACT ADITIONAL NR. 1 DIN 03.11.2021 CONTRACT DE PRESTARI SERVICII Nr. 177/08.12.2020 (350 Euro+TVA ,1,org exact; unique part# via contract 177,"[{""pn"":""RED-PEN-B-I-BP-50"",""score"":100,""on"":[""contract#""],""ref"":""177/08.12.2020"",""desc"":""SERVICII DE SECURITATE INFORMATICA""}]",
accounting:413,413,ELGEKA - FERFELIS ROMANIA SA,exact,2022-11-08,RON,avans,3960,23049.29,DETERMINISTIC,HIGH,RED-PEN-B-I-BP-150,233/28.10.2022,,2022,BSS,servicii de penetration testing,SERVICII CONFORM CONTRACT 233/28.10.2022(EFR 3593/01.11.2022 SERVICII CONFORM CONTRACT 233/28.10.2022(EFR 3593/01.11.2022 3.960 euro+TVA la cursul BNR reprezent,1,org exact; unique part# via contract 233/3593; avans,"[{""pn"":""RED-PEN-B-I-BP-150"",""score"":100,""on"":[""contract#""],""ref"":""233/28.10.2022"",""desc"":""servicii de penetration testing""}]",
accounting:414,414,TIMESAFE SRL,exact,2022-11-23,RON,,4050,23737.48,DETERMINISTIC,HIGH,RED-PEN-S-G-10,201/13.09.2021,,2021,BSS,pentest aplicatie,SERVICII CONFORM ACT ADITIONAL NR. 1 DIN 24.08.2022 SERVICII CONFORM ACT ADITIONAL NR. 1 DIN 24.08.2022 LA CONTRACTUL NR.201 DIN 13.09.2021( 4.050 Euro +TVA la ,1,org exact; unique part# via contract 201,"[{""pn"":""RED-PEN-S-G-10"",""score"":100,""on"":[""contract#""],""ref"":""201/13.09.2021"",""desc"":""pentest aplicatie""}]",
accounting:415,415,CAPITAL FINANCIAL SERVICES SA,exact,2022-11-23,RON,,450,5289.14,SCORED,HIGH,RED-VA-E-B-100,222/03.05.2022,final,2023,BSS,SERVICII DE EVALUARE VULNERABILITATI RETEA INTERNA,SERVICII CONFORM CONTRACT NR. 222/03.05.2022 SERVICII CONFORM CONTRACT NR. 222/03.05.2022 450 euro+TVA la cursul BNR conform anexa 4 (perioada aug-sept) | SERVI,9,"org exact; score=81 margin=22 on [contract#, amount~final]; 1 distinct part# near top","[{""pn"":""RED-VA-E-B-100"",""score"":81,""on"":[""contract#"",""amount~final""],""ref"":""222/03.05.2022"",""desc"":""SERVICII DE EVALUARE VULNERABILITATI RETEA INTERNA""},{""pn"":""RED-VA-I-S-100"",""score"":59,""on"":[""contract#"",""data final (112d)""],""ref"":""222/03.05.2022"",""desc"":""SERVICII DE EVALUARE VULNERABILITATI RETEA INTERNA""},{""pn"":""RED-PEN-B-I-B-100"",""score"":59,""on"":[""contract#"",""data final (112d)""],""ref"":""222/03.05.2022"",""desc"":""DESCRIERE SERVICII IDENTIFICARE SI EVALUARE VULNERABILITATI""}]","[{""service"":""SERVICII CONFORM CONTRACT NR. 222/03.05.2022 | SERVICII CONF"",""partNumber"":""RED-VA-E-B-100"",""score"":81,""on"":[""contract#"",""amount~final""]},{""service"":""SERVICII CONFORM CONTRACT NR. 222/03.05.2022 | SERVICII CONF"",""partNumber"":""RED-VA-E-B-100"",""score"":81,""on"":[""contract#"",""amount~final""]}]"
accounting:416,416,ZONE CONSULTING IT S.R.L.,exact,2022-11-23,RON,,2500,14692.04,DETERMINISTIC,HIGH,BLUE-IR-50,196/29.06.2021,,2021,BSS,incident response,SERVICII CONFORM CONTRACT 196/29.06.2021 SERVICII CONFORM CONTRACT 196/29.06.2021 2.500 euro+TVA la cursul BNR conform anexa 3 la contract,1,org exact; unique part# via contract 196,"[{""pn"":""BLUE-IR-50"",""score"":100,""on"":[""contract#""],""ref"":""196/29.06.2021"",""desc"":""incident response""}]",
accounting:417,417,SILKWEB S.A.,exact,2022-12-09,RON,,625,3658.66,DETERMINISTIC,HIGH,RED-PEN-S-G-1,195/29.06.2021,,2021,BSS,pentest web app greybox,SERVICII conform ANEXA 2 – SERVICII RECURENTE DE SERVICII conform ANEXA 2 – SERVICII RECURENTE DE SECURITATE INFORMATICA Contract Nr. 195/29.06.2021 (625 euro+T,1,org exact; unique part# via contract 195,"[{""pn"":""RED-PEN-S-G-1"",""score"":100,""on"":[""contract#""],""ref"":""195/29.06.2021"",""desc"":""pentest web app greybox""}]",
accounting:418,418,SILKWEB S.A.,exact,2022-12-09,RON,,950,5561.16,DETERMINISTIC,HIGH,RED-PEN-S-G-1,195/29.06.2021,,2021,BSS,pentest web app greybox,SERVICII conform ACT ADITIONAL NR. 2 DIN 18.04.2022 SERVICII conform ACT ADITIONAL NR. 2 DIN 18.04.2022 CONTRACT DE PRESTARI SERVICII Nr. 195/29.06.2021(950 eur,1,org exact; unique part# via contract 195,"[{""pn"":""RED-PEN-S-G-1"",""score"":100,""on"":[""contract#""],""ref"":""195/29.06.2021"",""desc"":""pentest web app greybox""}]",
accounting:419,419,UNITED MEDIA SERVICES SRL,exact,2022-12-09,RON,,350,2048.85,DETERMINISTIC,HIGH,RED-PEN-B-I-BP-50,177/08.12.2020,,2020,BSS,SERVICII DE SECURITATE INFORMATICA,SERVICII ACT ADITIONAL NR. 1 DIN 03.11.2021 CONTRACT SERVICII ACT ADITIONAL NR. 1 DIN 03.11.2021 CONTRACT DE PRESTARI SERVICII Nr. 177/08.12.2020 (350 Euro+TVA ,1,org exact; unique part# via contract 177,"[{""pn"":""RED-PEN-B-I-BP-50"",""score"":100,""on"":[""contract#""],""ref"":""177/08.12.2020"",""desc"":""SERVICII DE SECURITATE INFORMATICA""}]",
accounting:420,420,ZIPPER SERVICES SRL,exact,2022-12-09,RON,,1245,7288.04,DETERMINISTIC,HIGH,PHISH-P-L-MM-S-200-12,Nr. 200/01.09.2021,,2021,BSS,phish enterprise trimestrial,SERVICII CONFORM PHISH ENTERPRISE FORMULAR DE SERVICII CONFORM PHISH ENTERPRISE FORMULAR DE COMANDA Nr. 1 la Contract Nr. 200/01.09.2021 ( 1.245 euro+TVA la cur,1,org exact; unique part# via contract 200,"[{""pn"":""PHISH-P-L-MM-S-200-12"",""score"":100,""on"":[""contract#""],""ref"":""Nr. 200/01.09.2021"",""desc"":""phish enterprise trimestrial""}]",
accounting:421,421,DIGITAL ECONOMY DEVELOPMENT SRL,exact,2022-12-09,RON,,1280,7492.93,DETERMINISTIC,HIGH,RED-C-M-YY-12,207/14.12.2021,,2021,BSS,code review anul 2021,"SERVICII CONTRACT DE PRESTARI SERVICII, Nr. 207/14.12.2021, SERVICII CONTRACT DE PRESTARI SERVICII, Nr. 207/14.12.2021, 1.280 euro+TVA la cursul BNR",2,org exact; unique part# via contract 207,"[{""pn"":""RED-C-M-YY-12"",""score"":100,""on"":[""contract#""],""ref"":""207/14.12.2021"",""desc"":""code review anul 2021""},{""pn"":""RED-C-M-YY-12"",""score"":100,""on"":[""contract#""],""ref"":""207/14.12.2021"",""desc"":""code review lunar, plata trim""}]",
accounting:422,422,CERTSIGN SA,exact,2022-12-14,RON,,2100,12323.57,SCORED,MEDIUM,,Nr. 178/19.01.2021 45/B77B/21013 C,,2021,BSS,-,Livrabile servicii de securitate informatica in conf. cu Livrabile servicii de securitate informatica in conf. cu Comanda 3/10.06.2022 la Contract prestari serv,15,org exact; score=50 margin=5 on [contract#]; 1 distinct part# near top,"[{""pn"":"""",""score"":50,""on"":[""contract#""],""ref"":""Nr. 178/19.01.2021 45/B77B/21013 C"",""desc"":""-""},{""pn"":""RED-PEN-B-I-BP-30"",""score"":45,""on"":[""amount~final"",""data final (0d)""],""ref"":""3"",""desc"":""pentest""},{""pn"":""RED-PEN-M-G-1"",""score"":33,""on"":[""amount~final"",""data final (362d)""],""ref"":""1"",""desc"":""pentest""}]",
accounting:423,423,CERTSIGN SA,exact,2022-12-14,RON,,1000,5868.37,SCORED,MEDIUM,,Nr. 178/19.01.2021 45/B77B/21013 C,,2021,BSS,-,Livrabile servicii de securitate informatica in conf. cu Livrabile servicii de securitate informatica in conf. cu Comanda 4/03.08.2022 la Contract prestari serv,13,org exact; score=50 margin=5 on [contract#]; 1 distinct part# near top,"[{""pn"":"""",""score"":50,""on"":[""contract#""],""ref"":""Nr. 178/19.01.2021 45/B77B/21013 C"",""desc"":""-""},{""pn"":""RED-PEN-B-I-BP-10"",""score"":45,""on"":[""amount~final"",""data final (0d)""],""ref"":""4"",""desc"":""pentest""},{""pn"":""RED-PEN-M-G-1"",""score"":33,""on"":[""amount~final"",""data final (362d)""],""ref"":""2"",""desc"":""pentest""}]",
accounting:424,424,R.T.C. RADIOLOGY THERAPEUTIC CENTER SRL,exact,2022-12-14,RON,,2950,17288.51,DETERMINISTIC,HIGH,RED-NIS-C-PEN-200,103/28.11.2022,,2022,BSS,pentest + nis,SERVICII CONFORM CONTRACT 103/28.11.2022 SERVICII CONFORM CONTRACT 103/28.11.2022 2.950 euro+TVA la cursul BNR,2,org exact; unique part# via contract 103,"[{""pn"":""RED-NIS-C-PEN-200"",""score"":100,""on"":[""contract#""],""ref"":""103/28.11.2022"",""desc"":""pentest + nis""},{""pn"":""RED-NIS-C-PEN-200"",""score"":100,""on"":[""contract#""],""ref"":""103/28.11.2022"",""desc"":""pentest + nis""}]",
accounting:425,425,R.T.C. RADIOLOGY THERAPEUTIC CENTER SRL,exact,2022-12-14,RON,,2950,17288.51,DETERMINISTIC,HIGH,RED-NIS-C-PEN-200,262/28.11.2022,,2022,BSS,pentest + nis,SERVICII CONFORM CONTRACT 262/28.11.2022 SERVICII CONFORM CONTRACT 262/28.11.2022 2.950 euro+TVA la cursul BNR,2,org exact; unique part# via contract 262,"[{""pn"":""RED-NIS-C-PEN-200"",""score"":100,""on"":[""contract#""],""ref"":""262/28.11.2022"",""desc"":""pentest + nis""},{""pn"":""RED-NIS-C-PEN-200"",""score"":100,""on"":[""contract#""],""ref"":""262/28.11.2022"",""desc"":""pentest + nis""}]",
accounting:426,426,AMETHYST RADIOTERAPIA ALBA IULIA S.A.,exact,2022-12-14,RON,,2950,17288.51,DETERMINISTIC,HIGH,RED-NIS-C-PEN-200,150/28.11.2022,,2022,BSS,pentest + nis,SERVICII CONFORM CONTRACT 150/28.11.2022 SERVICII CONFORM CONTRACT 150/28.11.2022 2.950 euro+TVA la cursul BNR,2,org exact; unique part# via contract 150,"[{""pn"":""RED-NIS-C-PEN-200"",""score"":100,""on"":[""contract#""],""ref"":""150/28.11.2022"",""desc"":""pentest + nis""},{""pn"":""RED-NIS-C-PEN-200"",""score"":100,""on"":[""contract#""],""ref"":""150/28.11.2022"",""desc"":""pentest + nis""}]",
accounting:427,427,RADIOTHERAPY CENTER CLUJ SRL,exact,2022-12-14,RON,,2950,17288.51,DETERMINISTIC,HIGH,RED-NIS-C-PEN-200,711/28.11.2022,,2022,BSS,pentest + nis,SERVICII CONFORM CONTRACT 711/28.11.2022 SERVICII CONFORM CONTRACT 711/28.11.2022 2.950 euro+TVA la cursul BNR,2,org exact; unique part# via contract 711,"[{""pn"":""RED-NIS-C-PEN-200"",""score"":100,""on"":[""contract#""],""ref"":""711/28.11.2022"",""desc"":""pentest + nis""},{""pn"":""RED-NIS-C-PEN-200"",""score"":100,""on"":[""contract#""],""ref"":""711/28.11.2022"",""desc"":""pentest + nis""}]",
accounting:428,428,CEZ VANZARE SA,exact,2022-12-15,RON,,7000,40988.6,SCORED,LOW,RED-NIS-C-PEN-58,Nr. N26 din data de 22.09.2022,,2022,BSS,Servicii de audit de securitate în conformitate cu cerințele din Legea 362/2018,SERVICII CONFORM CONTRACT N26/22.09.2022 SERVICII CONFORM CONTRACT N26/22.09.2022 7.000 euro+TVA la cursul BNR,2,org exact; score=16 margin=0 on [data final (0d)]; 2 distinct part# near top,"[{""pn"":""RED-NIS-C-PEN-58"",""score"":16,""on"":[""data final (0d)""],""ref"":""Nr. N26 din data de 22.09.2022"",""desc"":""Servicii de audit de securitate în conformitate cu cerințele""},{""pn"":""RED-NIS-C-AUDIT-58"",""score"":16,""on"":[""data final (0d)""],""ref"":""Nr. N26 din data de 22.09.2022"",""desc"":""Servicii de audit de securitate în conformitate cu cerințele""}]",
accounting:429,429,CARREFOUR ROMANIA SA,exact,2022-12-15,RON,,9000,52699.63,SCORED,MEDIUM,RED-PEN-S-B-1,1024CRF / 18.10.2022,final,2022,BSS,portal furnizor,SERVICII CONFORM COMANDA 92215 Numar bon CHDQ12911 SERVICII CONFORM COMANDA 92215 Numar bon CHDQ12911 ID articol 96820 INTRET ECHIPAMENT INFORMATIC OPEX Securit,11,"org exact; score=46 margin=43 on [amount~final, data final (0d)]; 1 distinct part# near top","[{""pn"":""RED-PEN-S-B-1"",""score"":46,""on"":[""amount~final"",""data final (0d)""],""ref"":""1024CRF / 18.10.2022"",""desc"":""portal furnizor""},{""pn"":""RED-AUDIT-A-3"",""score"":3,""on"":[""data final (319d)""],""ref"":""NR. 1 DIN 19.06.2023"",""desc"":""On-premise network assessment 3 locatii""},{""pn"":""RED-PEN-B-I-B-20"",""score"":1,""on"":[],""ref"":""26.4.2024"",""desc"":""servicii de pentest""}]",
accounting:430,430,DISTRIBUTIE ENERGIE OLTENIA S.A.,exact,2022-12-16,RON,,6000,35128.09,SCORED,MEDIUM,RED-NIS-C-PEN-100,Nr. 60.1.DJ.244627.0-0 din data de 11.09.2024,,2024,BSS,pentest + audit nis,SERVICII CONFORM CONTRACT 60.1.DJ.223281.0-0 DIN 19.08.2022 SERVICII CONFORM CONTRACT 60.1.DJ.223281.0-0 DIN 19.08.2022 6.000 euro+TVA la cursul BNR,4,org exact; score=50 margin=0 on [contract#]; 2 distinct part# near top,"[{""pn"":""RED-NIS-C-PEN-100"",""score"":50,""on"":[""contract#""],""ref"":""Nr. 60.1.DJ.244627.0-0 din data de 11.09"",""desc"":""pentest + audit nis""},{""pn"":""RED-NIS-C-AUDIT-100"",""score"":50,""on"":[""contract#""],""ref"":""Nr. 60.1.DJ.244627.0-0 din data de 11.09"",""desc"":""pentest + audit nis""},{""pn"":""RED-NIS-C-PEN-100"",""score"":15,""on"":[""data final (0d)""],""ref"":""60.1.DJ. 223281.0-0 din data de 19.08.20"",""desc"":""pentest + audit nis""}]",
accounting:431,431,ORANGE ROMANIA SA,exact,2022-12-20,RON,,48655,28361.45,SCORED,LOW,PHISH-P-L-MM-F-250-3,PO 00007142,,2022,BSS,up romania,"Instruire si constientizare in securitatea cibernetica Instruire si constientizare in securitatea cibernetica UP ROMANIA SRL( Nr. notificare O1204037, Nr.PO PO0",24,org exact; score=16 margin=0 on [data final (0d)]; 8 distinct part# near top,"[{""pn"":""PHISH-P-L-MM-F-250-3"",""score"":16,""on"":[""data final (0d)""],""ref"":""PO 00007142"",""desc"":""up romania""},{""pn"":""CYBEREDU-DEV-EX-5"",""score"":16,""on"":[""data final (2d)""],""ref"":""PO00011232"",""desc"":""Dezvoltare laboratoare\npractice de securitate\ncibernetica in""},{""pn"":""ORO-TEM-DEV-300"",""score"":15,""on"":[""data final (0d)""],""ref"":""PO 00010666"",""desc"":""dezv si suport""}]",
accounting:432,432,ORANGE ROMANIA SA,exact,2022-12-20,RON,,2500,227933.22,SCORED,LOW,ORO-TEM-DEV-50,PO 40407868,final,2020,BSS,multiple services,"Servicii asistenta presales (pachet 10 clienti) Servicii asistenta presales (pachet 10 clienti) Nr.notificare C1204050, Nr. PO PO00010666, Nr. receptie OPA_2692",59,org exact; score=31 margin=1 on [amount~final]; 2 distinct part# near top,"[{""pn"":""ORO-TEM-DEV-50"",""score"":31,""on"":[""amount~final""],""ref"":""PO 40407868"",""desc"":""multiple services""},{""pn"":""BLUE-IR-OC-6"",""score"":30,""on"":[""amount~total""],""ref"":""09.05.2024"",""desc"":""IR incident response services retainer""},{""pn"":""CYBEREDU-DEV-EX-5"",""score"":17,""on"":[""data final (2d)""],""ref"":""PO00011232"",""desc"":""Dezvoltare laboratoare\npractice de securitate\ncibernetica in""}]","[{""service"":""Servicii asistenta presales (pachet 10 clienti) | Servicii a"",""partNumber"":""ORO-TEM-DEV-50"",""score"":30,""on"":[""amount~final""]},{""service"":""Servicii dezvoltare functionalitati noi si integrare | Servi"",""partNumber"":""ORO-TEM-DEV-300"",""score"":28,""on"":[""amount~final"",""data final (0d)""]}]"
accounting:433,433,RESTART ENERGY ONE S.A.,exact,2022-12-20,RON,,4050,23700.37,DETERMINISTIC,HIGH,RED-PEN-S-G-1,248/12.12.2022,,2022,BSS,pentest aplicatie,SERVICII CONFORM CONTRACT 248 DIN 12.12.2022 SERVICII CONFORM CONTRACT 248 DIN 12.12.2022 4.050 euro+TVA la cursul BNR,1,org exact; unique part# via contract 248,"[{""pn"":""RED-PEN-S-G-1"",""score"":100,""on"":[""contract#""],""ref"":""248/12.12.2022"",""desc"":""pentest aplicatie""}]",
accounting:434,434,ALLIANCE HEALTHCARE ROMANIA S.R.L.,exact,2022-12-20,RON,,,81927.22,SCORED,LOW,RED-NIS-C-PEN-100,NR. 239/23.11.2022,,2022,BSS,Servicii de audit informatic pentru identificarea si evaluarea vulnerabilitatilor si riscurilor informatice in conformit,"AUDIT NIS AUDIT NIS Bon comanda PO53642, Cod TCB -F129, Cod CCB-104-13-10,",2,org exact; score=17 margin=0 on [data avans (0d)]; 2 distinct part# near top,"[{""pn"":""RED-NIS-C-PEN-100"",""score"":17,""on"":[""data avans (0d)""],""ref"":""NR. 239/23.11.2022"",""desc"":""Servicii de audit informatic pentru identificarea si\nevaluar""},{""pn"":""RED-NIS-C-AUDIT-100"",""score"":17,""on"":[""data avans (0d)""],""ref"":""NR. 239/23.11.2022"",""desc"":""Servicii de audit informatic pentru identificarea si\nevaluar""}]",
accounting:435,435,TOMIS TEAM S.A.,exact,2022-12-21,RON,,6000,35002.42,SCORED,LOW,RED-NIS-C-PEN-12,,,2022,BSS,Servicii de audit de securitate în conformitate cu cerințele din Legea 362/2018,SERVICII CONFORM CONTRACT RO/60/50 DIN 22.09.2022 SERVICII CONFORM CONTRACT RO/60/50 DIN 22.09.2022 6.000 euro +TVA la cursul BNR,4,org exact; score=18 margin=0 on [data final (0d)]; 2 distinct part# near top,"[{""pn"":""RED-NIS-C-PEN-12"",""score"":18,""on"":[""data final (0d)""],""ref"":"""",""desc"":""Servicii de audit de securitate în conformitate cu cerințele""},{""pn"":""RED-NIS-C-AUDIT-12"",""score"":18,""on"":[""data final (0d)""],""ref"":""Nr. RO60/50 din data de 22.09.2022"",""desc"":""Servicii de audit de securitate în conformitate cu cerințele""},{""pn"":""RED-NIS-C-PEN-12"",""score"":3,""on"":[],""ref"":""Nr. RO60 /60 / 30.09.2024"",""desc"":""Servicii de audit de securitate în conformitate cu cerințele""}]",
accounting:436,436,OVIDIU DEVELOPMENT S.A.,exact,2022-12-21,RON,,6000,35002.42,SCORED,LOW,RED-NIS-C-PEN-12,Nr. RO80/48 din data de 22.09.2022,,2022,BSS,Servicii de audit de securitate în conformitate cu cerințele din Legea 362/2018,SERVICII CONFORM CONTRACT RO/80/48 DIN 22.09.2022 SERVICII CONFORM CONTRACT RO/80/48 DIN 22.09.2022 6.000 euro+TVA la cursul BNR,4,org exact; score=18 margin=0 on [data final (0d)]; 2 distinct part# near top,"[{""pn"":""RED-NIS-C-PEN-12"",""score"":18,""on"":[""data final (0d)""],""ref"":""Nr. RO80/48 din data de 22.09.2022"",""desc"":""Servicii de audit de securitate în conformitate cu cerințele""},{""pn"":""RED-NIS-C-AUDIT-12"",""score"":18,""on"":[""data final (0d)""],""ref"":""Nr. RO80/48 din data de 22.09.2022"",""desc"":""Servicii de audit de securitate în conformitate cu cerințele""},{""pn"":""RED-NIS-C-PEN-12"",""score"":3,""on"":[],""ref"":""Nr. RO80 / 24 / 30.09.2024"",""desc"":""Servicii de audit de securitate în conformitate cu cerințele""}]",
accounting:437,437,M.W. TEAM INVEST SRL,none,2022-12-21,RON,,6000,35002.42,UNRESOLVED,NONE,,,,,,,SERVICII CONFORM CONTRACT RO/70/33 DIN 22.09.2022 SERVICII CONFORM CONTRACT RO/70/33 DIN 22.09.2022 6.000 euro+TVA la cursul BNR,0,org not found in tracker,[],
accounting:438,438,TMK HYDROENERGY POWER S.R.L.,exact,2022-12-21,RON,,7000,40836.16,SCORED,LOW,RED-NIS-C-PEN-4,Nr. RO90/31 din data de 30.09.2022,,2022,BSS,Servicii de audit de securitate în conformitate cu cerințele din Legea 362/2018,SERVICII CONFORM CONTRACT RO/90/31 DIN 30.09.2022 SERVICII CONFORM CONTRACT RO/90/31 DIN 30.09.2022 7.000 euro+TVA la cursul BNR,4,org exact; score=18 margin=0 on [data final (0d)]; 2 distinct part# near top,"[{""pn"":""RED-NIS-C-PEN-4"",""score"":18,""on"":[""data final (0d)""],""ref"":""Nr. RO90/31 din data de 30.09.2022"",""desc"":""Servicii de audit de securitate în conformitate cu cerințele""},{""pn"":""RED-NIS-C-AUDIT-4"",""score"":18,""on"":[""data final (0d)""],""ref"":""Nr. RO90/31 din data de 30.09.2022"",""desc"":""Servicii de audit de securitate în conformitate cu cerințele""},{""pn"":""RED-NIS-C-PEN-4"",""score"":3,""on"":[],""ref"":""Nr. RO90 /38 / 30.09.2024"",""desc"":""Servicii de audit de securitate în conformitate cu cerințele""}]",
accounting:439,439,SELGROS CASH & CARRY SRL,exact,2022-12-21,RON,,16100,93923.17,SCORED,MEDIUM,PHISH-T-FM-FM-2500-12,235/15.11.2022,,2022,BSS,1 x Phish Enterprise Administrat complet pentru 2.500 de angajați 1 x Training de conștientizare a securității pentru pu,SERVICII CONFORM CONTRACT 235 DIN 15.11.2022 SERVICII CONFORM CONTRACT 235 DIN 15.11.2022 16.100 euro+TVA la cursul BNR,24,"org exact; score=65 margin=0 on [contract#, data final (0d)]; 2 distinct part# near top","[{""pn"":""PHISH-T-FM-FM-2500-12"",""score"":65,""on"":[""contract#"",""data final (0d)""],""ref"":""235/15.11.2022"",""desc"":""1 x Phish Enterprise Administrat complet pentru 2.500 de ang""},{""pn"":""PHISH-P-L-FM-F-2500-12"",""score"":65,""on"":[""contract#"",""data final (0d)""],""ref"":""235/15.11.2022"",""desc"":""1 x Phish Enterprise Administrat complet pentru 2.500 de ang""},{""pn"":""RED-AUDIT-A-20"",""score"":17,""on"":[""amount~final"",""same year""],""ref"":""234/15.11.2022"",""desc"":""SERVICII DE SECURITATE INFORMATICA""}]",
accounting:440,440,ELGEKA - FERFELIS ROMANIA SA,exact,2022-12-23,RON,,3960,23100.18,DETERMINISTIC,HIGH,RED-PEN-B-I-BP-150,233/28.10.2022,,2022,BSS,servicii de penetration testing,SERVICII CONFORM CONTRACT 233/28.10.2022(EFR 3593/01.11.2022 SERVICII CONFORM CONTRACT 233/28.10.2022(EFR 3593/01.11.2022 3.960 euro+TVA la cursul BNR reprezant,1,org exact; unique part# via contract 233/3593,"[{""pn"":""RED-PEN-B-I-BP-150"",""score"":100,""on"":[""contract#""],""ref"":""233/28.10.2022"",""desc"":""servicii de penetration testing""}]",
accounting:441,441,NEW ECLIPSA SHOES S.R.L.,exact,2022-12-23,RON,,2250,13125.1,DETERMINISTIC,HIGH,BLUE-IR-10,251/21.12.2022,,2022,BSS,incident response,SERVICII CONFORM CONTRACT 251/23.12.2022 SERVICII CONFORM CONTRACT 251/23.12.2022 2.250 euro+TVA reprezentand 50% din valoare servicii,1,org exact; unique part# via contract 251,"[{""pn"":""BLUE-IR-10"",""score"":100,""on"":[""contract#""],""ref"":""251/21.12.2022"",""desc"":""incident response""}]",
accounting:442,442,CERTSIGN SA,exact,2022-12-28,RON,,12500,73301.02,SCORED,MEDIUM,,Nr. 178/19.01.2021 45/B77B/21013 C,,2021,BSS,-,"SERVICII CONF.CONTR. Nr.certSIGN 45/B77B/21013 C/ 20.01.2021 SERVICII CONF.CONTR. Nr.certSIGN 45/B77B/21013 C/ 20.01.2021 Nr Bit Sentinel 178/19.01.2021, Livrab",15,org exact; score=50 margin=5 on [contract#]; 1 distinct part# near top,"[{""pn"":"""",""score"":50,""on"":[""contract#""],""ref"":""Nr. 178/19.01.2021 45/B77B/21013 C"",""desc"":""-""},{""pn"":""RED-PEN-B-I-BP-130"",""score"":45,""on"":[""amount~final"",""data final (0d)""],""ref"":""5"",""desc"":""pentest""},{""pn"":""RED-PEN-B-I-BP-150"",""score"":22,""on"":[""amount~total""],""ref"":""1/20.01.2021"",""desc"":""pentest intern/extern""}]",
accounting:443,443,EUROPEAN DIGITAL EXCHANGE S.A.,exact,2022-12-30,RON,,14000,69241.2,SCORED,MEDIUM,RED-PEN-B-I-B-500,21/ 01.09.2022,,2022,BSS,pentest + consultanta asf,SERVICII CONFORM CONTRACT NR. 21/ 01.09.2022 SERVICII CONFORM CONTRACT NR. 21/ 01.09.2022 14.000 euro +TVA la cursul BNR,2,"org exact; score=65 margin=0 on [contract#, data final (0d)]; 2 distinct part# near top","[{""pn"":""RED-PEN-B-I-B-500"",""score"":65,""on"":[""contract#"",""data final (0d)""],""ref"":""21/ 01.09.2022"",""desc"":""pentest + consultanta asf""},{""pn"":""RED-AUDIT-A-9"",""score"":65,""on"":[""contract#"",""data final (0d)""],""ref"":""21/ 01.09.2022"",""desc"":""pentest + consultanta asf""}]",
accounting:444,444,SILKWEB S.A.,exact,2023-01-09,RON,,625,3663.12,DETERMINISTIC,HIGH,RED-PEN-S-G-1,195/29.06.2021,,2021,BSS,pentest web app greybox,SERVICII conform ANEXA 2 – SERVICII RECURENTE DE SERVICII conform ANEXA 2 – SERVICII RECURENTE DE SECURITATE INFORMATICA Contract Nr. 195/29.06.2021 (625 euro+T,1,org exact; unique part# via contract 195,"[{""pn"":""RED-PEN-S-G-1"",""score"":100,""on"":[""contract#""],""ref"":""195/29.06.2021"",""desc"":""pentest web app greybox""}]",
accounting:445,445,SILKWEB S.A.,exact,2023-01-09,RON,,950,5567.94,DETERMINISTIC,HIGH,RED-PEN-S-G-1,195/29.06.2021,,2021,BSS,pentest web app greybox,SERVICII conform ACT ADITIONAL NR. 2 DIN 18.04.2022 SERVICII conform ACT ADITIONAL NR. 2 DIN 18.04.2022 CONTRACT DE PRESTARI SERVICII Nr. 195/29.06.2021(950 eur,1,org exact; unique part# via contract 195,"[{""pn"":""RED-PEN-S-G-1"",""score"":100,""on"":[""contract#""],""ref"":""195/29.06.2021"",""desc"":""pentest web app greybox""}]",
accounting:446,446,UNITED MEDIA SERVICES SRL,exact,2023-01-09,RON,,350,2051.35,DETERMINISTIC,HIGH,RED-PEN-B-I-BP-50,177/08.12.2020,,2020,BSS,SERVICII DE SECURITATE INFORMATICA,SERVICII ACT ADITIONAL NR. 1 DIN 03.11.2021 CONTRACT SERVICII ACT ADITIONAL NR. 1 DIN 03.11.2021 CONTRACT DE PRESTARI SERVICII Nr. 177/08.12.2020 (350 Euro+TVA ,1,org exact; unique part# via contract 177,"[{""pn"":""RED-PEN-B-I-BP-50"",""score"":100,""on"":[""contract#""],""ref"":""177/08.12.2020"",""desc"":""SERVICII DE SECURITATE INFORMATICA""}]",
accounting:447,447,KEYSIGHT TECHNOLOGIES RO SRL,exact,2023-01-09,RON,,18900,110772.67,SCORED,MEDIUM,KS-MM-RD-3,NO. 3 OF 20.09.2021,final,2021,BSS,RECURRENT INFORMATION SECURITY SERVICES,Create Lab Guides including Virtual Machine templates for Create Lab Guides including Virtual Machine templates for Purchase Order Number 9068001656 Supplier Nu,14,"org exact; score=45 margin=12 on [amount~final, data final (0d)]; 1 distinct part# near top","[{""pn"":""KS-MM-RD-3"",""score"":45,""on"":[""amount~final"",""data final (0d)""],""ref"":""NO. 3 OF 20.09.2021"",""desc"":""RECURRENT INFORMATION SECURITY SERVICES""},{""pn"":""KS-MM-RD-2"",""score"":33,""on"":[""amount~final"",""data final (176d)""],""ref"":""NO. 4 OF 04.10.2022"",""desc"":""RECURRENT INFORMATION SECURITY SERVICES""},{""pn"":""KS-MM-RD-3"",""score"":25,""on"":[""amount~final"",""data final (346d)""],""ref"":""NO. 3 OF 20.09.2021"",""desc"":""RECURRENT INFORMATION SECURITY SERVICES""}]",
accounting:448,448,NEW ECLIPSA SHOES S.R.L.,exact,2023-01-10,RON,storno,2250,13249.88,DETERMINISTIC,HIGH,BLUE-IR-10,251/21.12.2022,,2022,BSS,incident response,SERVICII CONFORM CONTRACT 251/23.12.2022 SERVICII CONFORM CONTRACT 251/23.12.2022 Stornare factura 441/23.12.2022 reprezentand 2.250 euro+TVA reprezentand 50% d,1,org exact; unique part# via contract 251/441; storno,"[{""pn"":""BLUE-IR-10"",""score"":100,""on"":[""contract#""],""ref"":""251/21.12.2022"",""desc"":""incident response""}]",
accounting:449,449,ROMANIAN FRANCHISE SYSTEMS SRL,exact,2023-01-20,RON,avans,4190,24559.04,DETERMINISTIC,HIGH,RED-PEN-S-WB-1,252/16.01.2023,,2023,BSS,incident response / pentest,SERVICII CONFORM CONTRACT NR. 252/ 16.01.2023 SERVICII CONFORM CONTRACT NR. 252/ 16.01.2023 avans 4.190 euro+TVA la cursul BNR,1,org exact; unique part# via contract 252; avans,"[{""pn"":""RED-PEN-S-WB-1"",""score"":100,""on"":[""contract#""],""ref"":""252/16.01.2023"",""desc"":""incident response / pentest""}]",
accounting:BT.BIT 449,BT.BIT 449,SILKWEB S.A.,exact,2023-02-07,RON,,625,3646.01,DETERMINISTIC,HIGH,RED-PEN-S-G-1,195/29.06.2021,,2021,BSS,pentest web app greybox,SERVICII conform ANEXA 2 – SERVICII RECURENTE DE SERVICII conform ANEXA 2 – SERVICII RECURENTE DE SECURITATE INFORMATICA Contract Nr. 195/29.06.2021 (625 euro+T,1,org exact; unique part# via contract 195,"[{""pn"":""RED-PEN-S-G-1"",""score"":100,""on"":[""contract#""],""ref"":""195/29.06.2021"",""desc"":""pentest web app greybox""}]",
accounting:BT.BIT 450,BT.BIT 450,SILKWEB S.A.,exact,2023-02-07,RON,,950,5541.94,DETERMINISTIC,HIGH,RED-PEN-S-G-1,195/29.06.2021,,2021,BSS,pentest web app greybox,SERVICII conform ACT ADITIONAL NR. 2 DIN 18.04.2022 SERVICII conform ACT ADITIONAL NR. 2 DIN 18.04.2022 CONTRACT DE PRESTARI SERVICII Nr. 195/29.06.2021(950 eur,1,org exact; unique part# via contract 195,"[{""pn"":""RED-PEN-S-G-1"",""score"":100,""on"":[""contract#""],""ref"":""195/29.06.2021"",""desc"":""pentest web app greybox""}]",
accounting:BT.BIT 451,BT.BIT 451,UNITED MEDIA SERVICES SRL,exact,2023-02-07,RON,,350,2041.77,DETERMINISTIC,HIGH,RED-PEN-B-I-BP-50,177/08.12.2020,,2020,BSS,SERVICII DE SECURITATE INFORMATICA,SERVICII ACT ADITIONAL NR. 1 DIN 03.11.2021 CONTRACT SERVICII ACT ADITIONAL NR. 1 DIN 03.11.2021 CONTRACT DE PRESTARI SERVICII Nr. 177/08.12.2020 (350 Euro+TVA ,1,org exact; unique part# via contract 177,"[{""pn"":""RED-PEN-B-I-BP-50"",""score"":100,""on"":[""contract#""],""ref"":""177/08.12.2020"",""desc"":""SERVICII DE SECURITATE INFORMATICA""}]",
accounting:BT.BIT 452,BT.BIT 452,KEYSIGHT TECHNOLOGIES RO SRL,exact,2023-02-07,RON,,,105005.12,SCORED,LOW,KS-MM-RD-3,NO. 3 OF 20.09.2021,,2021,BSS,RECURRENT INFORMATION SECURITY SERVICES,Penetration testing services for February 2023 Penetration testing services for February 2023 Purchase Order Number 9068002303,26,org exact; score=17 margin=12 on [data final (29d)]; 1 distinct part# near top,"[{""pn"":""KS-MM-RD-3"",""score"":17,""on"":[""data final (29d)""],""ref"":""NO. 3 OF 20.09.2021"",""desc"":""RECURRENT INFORMATION SECURITY SERVICES""},{""pn"":""KS-MM-RD-2"",""score"":5,""on"":[""data final (175d)""],""ref"":""NO. 3 OF 20.09.2021"",""desc"":""RECURRENT INFORMATION SECURITY SERVICES""},{""pn"":""KS-MM-RD-2"",""score"":5,""on"":[""data final (147d)""],""ref"":""NO. 4 OF 04.10.2022"",""desc"":""RECURRENT INFORMATION SECURITY SERVICES""}]",
accounting:BT.BIT 453,BT.BIT 453,INSIGHTS ENTERPRISE SRL,exact,2023-02-13,RON,avans,5000,29181.78,SCORED,MEDIUM,RED-PEN-S-WB-1,Nr. 1/2022,avans,2022,BSS,servicii de pentest,SERVICII CONFORM ACT ADITIONAL NR. 1 DIN 06.02.2023 SERVICII CONFORM ACT ADITIONAL NR. 1 DIN 06.02.2023 LA CONTRACTUL NR.1/2022( 5.000 euro+TVA la cursul BNR re,3,"org exact; score=40 margin=21 on [amount~avans, data final (333d)]; 1 distinct part# near top; avans","[{""pn"":""RED-PEN-S-WB-1"",""score"":40,""on"":[""amount~avans"",""data final (333d)""],""ref"":""Nr. 1/2022"",""desc"":""servicii de pentest""},{""pn"":""RED-PEN-S-WB-1"",""score"":19,""on"":[""amount~avans""],""ref"":""ACT ADITIONAL NR. 2 DIN 3.12.2024"",""desc"":""servicii de pentest""},{""pn"":""RED-PEN-S-WB-1"",""score"":1,""on"":[],""ref"":""ACT ADITIONAL NR. 3 DIN 28.1.2026"",""desc"":""servicii de pentest""}]",
accounting:BT.BIT 454,BT.BIT 454,EWIND SRL,exact,2023-03-02,RON,avans,6600,38694.3,SCORED,HIGH,RED-NIS-C-AUDIT-100,255/25.01.2023,total,2023,BSS,Servicii de securitate cibernetica,SERVICII DE AUDIT CALIFICAT DE SECURITATE CIBERNETICA SI SERVICII DE AUDIT CALIFICAT DE SECURITATE CIBERNETICA SI TESTE DE PENETRARE CONFORM LEGII 362/2018( 6.6,2,"org exact; score=81 margin=13 on [contract#, amount~total, data avans (0d), desc~0.17]; 1 distinct part# near top; avans","[{""pn"":""RED-NIS-C-AUDIT-100"",""score"":81,""on"":[""contract#"",""amount~total"",""data avans (0d)"",""desc~0.17""],""ref"":""255/25.01.2023"",""desc"":""Servicii de securitate cibernetica""},{""pn"":""RED-NIS-C-PEN-100"",""score"":68,""on"":[""contract#"",""data avans (0d)""],""ref"":""255/25.01.2023"",""desc"":""Servicii de securitate cibernetica""}]",
accounting:BT.BIT 455,BT.BIT 455,SILKWEB S.A.,exact,2023-03-01,RON,,950,5569.63,DETERMINISTIC,HIGH,RED-PEN-S-G-1,195/29.06.2021,,2021,BSS,pentest web app greybox,SERVICII conform ACT ADITIONAL NR. 2 DIN 18.04.2022 SERVICII conform ACT ADITIONAL NR. 2 DIN 18.04.2022 CONTRACT DE PRESTARI SERVICII Nr. 195/29.06.2021(950 eur,1,org exact; unique part# via contract 195,"[{""pn"":""RED-PEN-S-G-1"",""score"":100,""on"":[""contract#""],""ref"":""195/29.06.2021"",""desc"":""pentest web app greybox""}]",
accounting:BT.BIT 456,BT.BIT 456,SILKWEB S.A.,exact,2023-03-01,RON,,625,3664.23,DETERMINISTIC,HIGH,RED-PEN-S-G-1,195/29.06.2021,,2021,BSS,pentest web app greybox,SERVICII conform ANEXA 2 – SERVICII RECURENTE DE SERVICII conform ANEXA 2 – SERVICII RECURENTE DE SECURITATE INFORMATICA Contract Nr. 195/29.06.2021 (625 euro+T,1,org exact; unique part# via contract 195,"[{""pn"":""RED-PEN-S-G-1"",""score"":100,""on"":[""contract#""],""ref"":""195/29.06.2021"",""desc"":""pentest web app greybox""}]",
accounting:BT.BIT 457,BT.BIT 457,UNITED MEDIA SERVICES SRL,exact,2023-03-01,RON,,350,2051.97,DETERMINISTIC,HIGH,RED-PEN-B-I-BP-50,177/08.12.2020,,2020,BSS,SERVICII DE SECURITATE INFORMATICA,SERVICII ACT ADITIONAL NR. 1 DIN 03.11.2021 CONTRACT SERVICII ACT ADITIONAL NR. 1 DIN 03.11.2021 CONTRACT DE PRESTARI SERVICII Nr. 177/08.12.2020 (350 Euro+TVA ,1,org exact; unique part# via contract 177,"[{""pn"":""RED-PEN-B-I-BP-50"",""score"":100,""on"":[""contract#""],""ref"":""177/08.12.2020"",""desc"":""SERVICII DE SECURITATE INFORMATICA""}]",
accounting:BT.BIT 458,BT.BIT 458,KEYSIGHT TECHNOLOGIES RO SRL,exact,2023-03-01,RON,,17400,102012.25,SCORED,LOW,KS-MM-RD-3,NO. 3 OF 20.09.2021,final,2021,BSS,RECURRENT INFORMATION SECURITY SERVICES,Penetration testing services for March 2023 – Purchase Penetration testing services for March 2023 – Purchase Order Number 9068002303 ( 17.400 euro+TVA la cursu,26,org exact; score=23 margin=2 on [amount~final]; 2 distinct part# near top,"[{""pn"":""KS-MM-RD-3"",""score"":23,""on"":[""amount~final""],""ref"":""NO. 3 OF 20.09.2021"",""desc"":""RECURRENT INFORMATION SECURITY SERVICES""},{""pn"":""KS-MM-RD-3"",""score"":21,""on"":[""amount~final"",""data final (51d)""],""ref"":""NO. 3 OF 20.09.2021"",""desc"":""RECURRENT INFORMATION SECURITY SERVICES""},{""pn"":""KS-MM-RD-2"",""score"":16,""on"":[""amount~final"",""data final (125d)""],""ref"":""NO. 4 OF 04.10.2022"",""desc"":""RECURRENT INFORMATION SECURITY SERVICES""}]",
accounting:BT.BIT 459,BT.BIT 459,SELGROS CASH & CARRY SRL,exact,2023-03-01,RON,,250,4397.08,SCORED,HIGH,BLUE-IR-OC-5,234/15.11.2022,final,2022,BSS,SERVICII RECURENTE DE SECURITATE INFORMATICA - On-call Incident Response,SERVICII RECURENTE DE SECURITATE INFORMATICA SERVICII RECURENTE DE SECURITATE INFORMATICA On-call Incident Response Contract Nr. 234/15.11.2022 -Anexa 2( 250 eu,25,"org exact; score=105 margin=35 on [contract#, amount~final, data final (0d), desc~0.39]; 1 distinct part# near top","[{""pn"":""BLUE-IR-OC-5"",""score"":105,""on"":[""contract#"",""amount~final"",""data final (0d)"",""desc~0.39""],""ref"":""234/15.11.2022"",""desc"":""SERVICII RECURENTE DE SECURITATE INFORMATICA - On-call Incid""},{""pn"":""CONSULTANCY-MISC-10"",""score"":70,""on"":[""contract#"",""data final (0d)"",""desc~0.20""],""ref"":""234/15.11.2022"",""desc"":""SERVICII RECURENTE DE SECURITATE INFORMATICA - Consultancy S""},{""pn"":""RED-AUDIT-A-20"",""score"":54,""on"":[""contract#"",""desc~0.16""],""ref"":""234/15.11.2022"",""desc"":""SERVICII DE SECURITATE INFORMATICA""}]",
accounting:BT.BIT 460,BT.BIT 460,SELGROS CASH & CARRY SRL,exact,2023-03-01,RON,,500,8794.16,SCORED,HIGH,CONSULTANCY-MISC-10,234/15.11.2022,final,2022,BSS,SERVICII RECURENTE DE SECURITATE INFORMATICA - Consultancy Services,SERVICII RECURENTE DE SECURITATE INFORMATICA SERVICII RECURENTE DE SECURITATE INFORMATICA Consultancy Services Contract Nr. 234/15.11.2022-Anexa 3( 500 euro x 3,24,"org exact; score=104 margin=34 on [contract#, amount~final, data final (0d), desc~0.35]; 1 distinct part# near top","[{""pn"":""CONSULTANCY-MISC-10"",""score"":104,""on"":[""contract#"",""amount~final"",""data final (0d)"",""desc~0.35""],""ref"":""234/15.11.2022"",""desc"":""SERVICII RECURENTE DE SECURITATE INFORMATICA - Consultancy S""},{""pn"":""BLUE-IR-OC-5"",""score"":70,""on"":[""contract#"",""data final (0d)"",""desc~0.20""],""ref"":""234/15.11.2022"",""desc"":""SERVICII RECURENTE DE SECURITATE INFORMATICA - On-call Incid""},{""pn"":""RED-AUDIT-A-20"",""score"":54,""on"":[""contract#"",""desc~0.17""],""ref"":""234/15.11.2022"",""desc"":""SERVICII DE SECURITATE INFORMATICA""}]",
accounting:BT.BIT 461,BT.BIT 461,ECHINOX EVALUARI SRL,exact,2023-03-20,RON,,1500,8785.59,DETERMINISTIC,HIGH,RED-VA-I-P-10,209/17.01.2022,,2023,BSS,Servicii de securitate informatica - VA,SERVICII CONFORM CONTRACT NR. 209/17.01.2022 SERVICII CONFORM CONTRACT NR. 209/17.01.2022 1.500 euro+TVA la cursul BNR,1,org exact; unique part# via contract 209,"[{""pn"":""RED-VA-I-P-10"",""score"":100,""on"":[""contract#""],""ref"":""209/17.01.2022"",""desc"":""Servicii de securitate informatica - VA""}]",
accounting:BT.BIT 462,BT.BIT 462,ROMANIAN FRANCHISE SYSTEMS SRL,exact,2023-03-20,RON,storno,4190,36793.67,DETERMINISTIC,HIGH,RED-PEN-S-WB-1,252/16.01.2023,,2023,BSS,incident response / pentest,SERVICII CONFORM CONTRACT NR. 252/ 16.01.2023 SERVICII CONFORM CONTRACT NR. 252/ 16.01.2023 Stornare facura 449/20.01.2023(avans 4.190 euro+TVA la cursul BNR St,1,org exact; unique part# via contract 252/449; storno,"[{""pn"":""RED-PEN-S-WB-1"",""score"":100,""on"":[""contract#""],""ref"":""252/16.01.2023"",""desc"":""incident response / pentest""}]",
accounting:BT.BIT 463,BT.BIT 463,SILKWEB S.A.,exact,2023-04-10,RON,,1350,7922.34,DETERMINISTIC,HIGH,RED-PEN-S-G-1,195/29.06.2021,,2021,BSS,pentest web app greybox,SERVICII conform Act aditional nr 3 din 23.03.2023 SERVICII conform Act aditional nr 3 din 23.03.2023 CONTRACT DE PRESTARI SERVICII Nr. 195/29.06.2021(1.350 eur,1,org exact; unique part# via contract 195,"[{""pn"":""RED-PEN-S-G-1"",""score"":100,""on"":[""contract#""],""ref"":""195/29.06.2021"",""desc"":""pentest web app greybox""}]",
accounting:BT.BIT 464,BT.BIT 464,SILKWEB S.A.,exact,2023-04-10,RON,,625,3667.8,DETERMINISTIC,HIGH,RED-PEN-S-G-1,195/29.06.2021,,2021,BSS,pentest web app greybox,SERVICII conform Act aditional nr 4 din 23.03.2023 SERVICII conform Act aditional nr 4 din 23.03.2023 Contract Nr. 195/29.06.2021 (625 euro+TVA la cursul BNR),1,org exact; unique part# via contract 195,"[{""pn"":""RED-PEN-S-G-1"",""score"":100,""on"":[""contract#""],""ref"":""195/29.06.2021"",""desc"":""pentest web app greybox""}]",
accounting:BT.BIT 465,BT.BIT 465,UNITED MEDIA SERVICES SRL,exact,2023-04-10,RON,,350,2053.97,DETERMINISTIC,HIGH,RED-PEN-B-I-BP-50,177/08.12.2020,,2020,BSS,SERVICII DE SECURITATE INFORMATICA,SERVICII ACT ADITIONAL NR. 1 DIN 03.11.2021 CONTRACT SERVICII ACT ADITIONAL NR. 1 DIN 03.11.2021 CONTRACT DE PRESTARI SERVICII Nr. 177/08.12.2020 (350 Euro+TVA ,1,org exact; unique part# via contract 177,"[{""pn"":""RED-PEN-B-I-BP-50"",""score"":100,""on"":[""contract#""],""ref"":""177/08.12.2020"",""desc"":""SERVICII DE SECURITATE INFORMATICA""}]",
accounting:BT.BIT 466,BT.BIT 466,KEYSIGHT TECHNOLOGIES RO SRL,exact,2023-04-10,RON,,15300,89787.82,SCORED,LOW,KS-MM-RD-2,236Bis/25.04.2019,final,2019,BSS,RECURRENT INFORMATION SECURITY SERVICES,Penetration testing services for April 2023 Penetration testing services for April 2023 Purchase Order Number 9068002303 ( 15.300 euro+TVA la cursul BNR),27,org exact; score=23 margin=0 on [amount~final]; 2 distinct part# near top,"[{""pn"":""KS-MM-RD-2"",""score"":23,""on"":[""amount~final""],""ref"":""236Bis/25.04.2019"",""desc"":""RECURRENT INFORMATION SECURITY SERVICES""},{""pn"":""KS-MM-RD-2"",""score"":23,""on"":[""amount~final""],""ref"":""NO. 2 OF 25.10.2020"",""desc"":""RECURRENT INFORMATION SECURITY SERVICES""},{""pn"":""RED-PEN-S-WB-1"",""score"":22,""on"":[""amount~final""],""ref"":""PO 9068000867"",""desc"":""pentest""}]",
accounting:BT.BIT 467,BT.BIT 467,SELGROS CASH & CARRY SRL,exact,2023-04-10,RON,,250,4401.36,SCORED,HIGH,BLUE-IR-OC-5,234/15.11.2022,final,2022,BSS,SERVICII RECURENTE DE SECURITATE INFORMATICA - On-call Incident Response,ANEXA 2 – SERVICII RECURENTE DE SECURITATE INFORMATICA ANEXA 2 – SERVICII RECURENTE DE SECURITATE INFORMATICA On-call Incident Response Contract Nr. 234/15.11.2,25,"org exact; score=98 margin=35 on [contract#, amount~final, data final (40d), desc~0.39]; 1 distinct part# near top","[{""pn"":""BLUE-IR-OC-5"",""score"":98,""on"":[""contract#"",""amount~final"",""data final (40d)"",""desc~0.39""],""ref"":""234/15.11.2022"",""desc"":""SERVICII RECURENTE DE SECURITATE INFORMATICA - On-call Incid""},{""pn"":""CONSULTANCY-MISC-10"",""score"":63,""on"":[""contract#"",""data final (40d)"",""desc~0.20""],""ref"":""234/15.11.2022"",""desc"":""SERVICII RECURENTE DE SECURITATE INFORMATICA - Consultancy S""},{""pn"":""RED-AUDIT-A-20"",""score"":54,""on"":[""contract#"",""desc~0.16""],""ref"":""234/15.11.2022"",""desc"":""SERVICII DE SECURITATE INFORMATICA""}]",
accounting:BT.BIT 468,BT.BIT 468,SELGROS CASH & CARRY SRL,exact,2023-04-10,RON,,500,8802.73,SCORED,HIGH,CONSULTANCY-MISC-10,234/15.11.2022,final,2022,BSS,SERVICII RECURENTE DE SECURITATE INFORMATICA - Consultancy Services,ANEXA 3 – SERVICII RECURENTE DE SECURITATE INFORMATICA ANEXA 3 – SERVICII RECURENTE DE SECURITATE INFORMATICA Consultancy Services Contract Nr. 234/15.11.2022( ,24,"org exact; score=97 margin=34 on [contract#, amount~final, data final (40d), desc~0.35]; 1 distinct part# near top","[{""pn"":""CONSULTANCY-MISC-10"",""score"":97,""on"":[""contract#"",""amount~final"",""data final (40d)"",""desc~0.35""],""ref"":""234/15.11.2022"",""desc"":""SERVICII RECURENTE DE SECURITATE INFORMATICA - Consultancy S""},{""pn"":""BLUE-IR-OC-5"",""score"":63,""on"":[""contract#"",""data final (40d)"",""desc~0.20""],""ref"":""234/15.11.2022"",""desc"":""SERVICII RECURENTE DE SECURITATE INFORMATICA - On-call Incid""},{""pn"":""RED-AUDIT-A-20"",""score"":54,""on"":[""contract#"",""desc~0.17""],""ref"":""234/15.11.2022"",""desc"":""SERVICII DE SECURITATE INFORMATICA""}]",
accounting:BT.BIT 469,BT.BIT 469,SILKWEB S.A.,exact,2023-05-03,RON,,625,3666.54,DETERMINISTIC,HIGH,RED-PEN-S-G-1,195/29.06.2021,,2021,BSS,pentest web app greybox,SERVICII conform Act aditional nr 4 din 23.03.2023 SERVICII conform Act aditional nr 4 din 23.03.2023 Contract Nr. 195/29.06.2021 (625 euro+TVA la cursul BNR),1,org exact; unique part# via contract 195,"[{""pn"":""RED-PEN-S-G-1"",""score"":100,""on"":[""contract#""],""ref"":""195/29.06.2021"",""desc"":""pentest web app greybox""}]",
accounting:BT.BIT 470,BT.BIT 470,SILKWEB S.A.,exact,2023-05-03,RON,,1350,7919.72,DETERMINISTIC,HIGH,RED-PEN-S-G-1,195/29.06.2021,,2021,BSS,pentest web app greybox,SERVICII conform Act aditional nr 3 din 23.03.2023 SERVICII conform Act aditional nr 3 din 23.03.2023 CONTRACT DE PRESTARI SERVICII Nr. 195/29.06.2021(1.350 eur,1,org exact; unique part# via contract 195,"[{""pn"":""RED-PEN-S-G-1"",""score"":100,""on"":[""contract#""],""ref"":""195/29.06.2021"",""desc"":""pentest web app greybox""}]",
accounting:BT.BIT 471,BT.BIT 471,UNITED MEDIA SERVICES SRL,exact,2023-05-03,RON,,350,2053.26,DETERMINISTIC,HIGH,RED-PEN-B-I-BP-50,177/08.12.2020,,2020,BSS,SERVICII DE SECURITATE INFORMATICA,SERVICII ACT ADITIONAL NR. 1 DIN 03.11.2021 CONTRACT SERVICII ACT ADITIONAL NR. 1 DIN 03.11.2021 CONTRACT DE PRESTARI SERVICII Nr. 177/08.12.2020 (350 Euro+TVA ,1,org exact; unique part# via contract 177,"[{""pn"":""RED-PEN-B-I-BP-50"",""score"":100,""on"":[""contract#""],""ref"":""177/08.12.2020"",""desc"":""SERVICII DE SECURITATE INFORMATICA""}]",
accounting:BT.BIT 472,BT.BIT 472,KEYSIGHT TECHNOLOGIES RO SRL,exact,2023-05-03,RON,,18900,110876.13,SCORED,LOW,KS-MM-RD-3,NO. 3 OF 20.09.2021,final,2021,BSS,RECURRENT INFORMATION SECURITY SERVICES,Penetration testing services for May 2023 Penetration testing services for May 2023 Purchase Order Number 9068002303 ( 18.900 euro+TVA la cursul BNR),26,"org exact; score=39 margin=0 on [amount~final, data final (114d)]; 2 distinct part# near top","[{""pn"":""KS-MM-RD-3"",""score"":39,""on"":[""amount~final"",""data final (114d)""],""ref"":""NO. 3 OF 20.09.2021"",""desc"":""RECURRENT INFORMATION SECURITY SERVICES""},{""pn"":""KS-MM-RD-2"",""score"":39,""on"":[""amount~final"",""data final (62d)""],""ref"":""NO. 4 OF 04.10.2022"",""desc"":""RECURRENT INFORMATION SECURITY SERVICES""},{""pn"":""KS-MM-RD-3"",""score"":26,""on"":[""amount~final"",""data final (126d)""],""ref"":""NO. 4 OF 04.10.2022"",""desc"":""RECURRENT INFORMATION SECURITY SERVICES""}]",
accounting:BT.BIT 473,BT.BIT 473,SELGROS CASH & CARRY SRL,exact,2023-05-03,RON,,250,4399.85,SCORED,HIGH,BLUE-IR-OC-5,234/15.11.2022,final,2022,BSS,SERVICII RECURENTE DE SECURITATE INFORMATICA - On-call Incident Response,ANEXA 2 – SERVICII RECURENTE DE SECURITATE ANEXA 2 – SERVICII RECURENTE DE SECURITATE INFORMATICA -On-call Incident Response Contract Nr. 234/15.11.2022( 250 eu,25,"org exact; score=98 margin=35 on [contract#, amount~final, data final (63d), desc~0.39]; 1 distinct part# near top","[{""pn"":""BLUE-IR-OC-5"",""score"":98,""on"":[""contract#"",""amount~final"",""data final (63d)"",""desc~0.39""],""ref"":""234/15.11.2022"",""desc"":""SERVICII RECURENTE DE SECURITATE INFORMATICA - On-call Incid""},{""pn"":""CONSULTANCY-MISC-10"",""score"":63,""on"":[""contract#"",""data final (63d)"",""desc~0.20""],""ref"":""234/15.11.2022"",""desc"":""SERVICII RECURENTE DE SECURITATE INFORMATICA - Consultancy S""},{""pn"":""RED-PEN-B-I-BP-200"",""score"":57,""on"":[""contract#"",""data avans (359d)"",""desc~0.15""],""ref"":""234/15.11.2022"",""desc"":""SERVICII DE SECURITATE INFORMATICA""}]",
accounting:BT.BIT 474,BT.BIT 474,SELGROS CASH & CARRY SRL,exact,2023-05-03,RON,,500,8799.69,SCORED,HIGH,CONSULTANCY-MISC-10,234/15.11.2022,final,2022,BSS,SERVICII RECURENTE DE SECURITATE INFORMATICA - Consultancy Services,ANEXA 3 – SERVICII RECURENTE DE SECURITATE ANEXA 3 – SERVICII RECURENTE DE SECURITATE INFORMATICA-Consultancy Services Contract Nr. 234/15.11.2022( 500 euro x 3,24,"org exact; score=97 margin=34 on [contract#, amount~final, data final (63d), desc~0.35]; 1 distinct part# near top","[{""pn"":""CONSULTANCY-MISC-10"",""score"":97,""on"":[""contract#"",""amount~final"",""data final (63d)"",""desc~0.35""],""ref"":""234/15.11.2022"",""desc"":""SERVICII RECURENTE DE SECURITATE INFORMATICA - Consultancy S""},{""pn"":""BLUE-IR-OC-5"",""score"":63,""on"":[""contract#"",""data final (63d)"",""desc~0.20""],""ref"":""234/15.11.2022"",""desc"":""SERVICII RECURENTE DE SECURITATE INFORMATICA - On-call Incid""},{""pn"":""RED-PEN-B-I-BP-200"",""score"":57,""on"":[""contract#"",""data avans (359d)"",""desc~0.16""],""ref"":""234/15.11.2022"",""desc"":""SERVICII DE SECURITATE INFORMATICA""}]",
accounting:BT.BIT 475,BT.BIT 475,INSIGHTS ENTERPRISE SRL,exact,2023-05-12,RON,storno,5000,29513.78,SCORED,MEDIUM,RED-PEN-S-WB-1,Nr. 1/2022,avans,2022,BSS,servicii de pentest,SERVICII CONFORM ACT ADITIONAL NR. 1 DIN 06.02.2023 SERVICII CONFORM ACT ADITIONAL NR. 1 DIN 06.02.2023 LA CONTRACTUL NR.1/2022( 5.000 euro+TVA la cursul BNR re,3,org exact; score=31 margin=18 on [amount~avans]; 1 distinct part# near top; storno,"[{""pn"":""RED-PEN-S-WB-1"",""score"":31,""on"":[""amount~avans""],""ref"":""Nr. 1/2022"",""desc"":""servicii de pentest""},{""pn"":""RED-PEN-S-WB-1"",""score"":13,""on"":[""amount~avans""],""ref"":""ACT ADITIONAL NR. 2 DIN 3.12.2024"",""desc"":""servicii de pentest""},{""pn"":""RED-PEN-S-WB-1"",""score"":1,""on"":[],""ref"":""ACT ADITIONAL NR. 3 DIN 28.1.2026"",""desc"":""servicii de pentest""}]","[{""service"":""SERVICII CONFORM ACT ADITIONAL NR. 1 DIN 06.02.2023 | SERVIC"",""partNumber"":""RED-PEN-S-WB-1"",""score"":31,""on"":[""amount~avans""]},{""service"":""SERVICII CONFORM ACT ADITIONAL NR. 1 DIN 06.02.2023 | SERVIC"",""partNumber"":""RED-PEN-S-WB-1"",""score"":32,""on"":[""amount~total""]}]"
accounting:BT.BIT 476,BT.BIT 476,FILDAS TRADING SRL,exact,2023-05-12,RON,avans,4120,24182.57,SCORED,HIGH,RED-NIS-C-PEN-100,257/20.04.2023,final,2023,BSS,servicii de audit + pentest nis,SERVICII CONFORM CONTRACT 257/20.04.2023 SERVICII CONFORM CONTRACT 257/20.04.2023 4.120 euro +TVA reprezentand avans,2,"org exact; score=89 margin=22 on [contract#, amount~final, data avans (0d)]; 1 distinct part# near top; avans","[{""pn"":""RED-NIS-C-PEN-100"",""score"":89,""on"":[""contract#"",""amount~final"",""data avans (0d)""],""ref"":""257/20.04.2023"",""desc"":""servicii de audit + pentest nis""},{""pn"":""RED-NIS-C-AUDIT-100"",""score"":67,""on"":[""contract#"",""data avans (0d)""],""ref"":""257/20.04.2023"",""desc"":""servicii de audit + pentest nis""}]",
accounting:BT.BIT 477,BT.BIT 477,FARMACEUTICA ARGESFARM SA,exact,2023-05-12,RON,avans,3400,19956.49,SCORED,HIGH,RED-NIS-C-PEN-100,235/20.04.2023,final,2023,BSS,servicii de audit + pentest nis,SERVICII CONFORM CONTRACT 235/20.04.2023 SERVICII CONFORM CONTRACT 235/20.04.2023 3.400 euro+TVA la cursul BNR reprezentand avans,2,"org exact; score=88 margin=22 on [contract#, amount~final, data avans (0d)]; 1 distinct part# near top; avans","[{""pn"":""RED-NIS-C-PEN-100"",""score"":88,""on"":[""contract#"",""amount~final"",""data avans (0d)""],""ref"":""235/20.04.2023"",""desc"":""servicii de audit + pentest nis""},{""pn"":""RED-NIS-C-AUDIT-100"",""score"":66,""on"":[""contract#"",""data avans (0d)""],""ref"":""235/20.04.2023"",""desc"":""servicii de audit + pentest nis""}]",
accounting:BT.BIT 478,BT.BIT 478,MED-SERV UNITED SRL,fuzzy~0.75,2023-05-12,RON,avans,1600,9391.29,SCORED,MEDIUM,RED-NIS-C-PEN-100,637/20.04.2023,final,2023,BSS,servicii de audit + pentest nis,SERVICII CONFORM CONTRACT 637/20.04.2023 SERVICII CONFORM CONTRACT 637/20.04.2023 1.600 euro+TVA la cursul BNR reprezentand avans,2,"org fuzzy~0.75; score=88 margin=22 on [contract#, amount~final, data avans (0d)]; 1 distinct part# near top; avans","[{""pn"":""RED-NIS-C-PEN-100"",""score"":88,""on"":[""contract#"",""amount~final"",""data avans (0d)""],""ref"":""637/20.04.2023"",""desc"":""servicii de audit + pentest nis""},{""pn"":""RED-NIS-C-AUDIT-100"",""score"":66,""on"":[""contract#"",""data avans (0d)""],""ref"":""637/20.04.2023"",""desc"":""servicii de audit + pentest nis""}]",
accounting:BT.BIT 479,BT.BIT 479,SPRING FARM SRL,exact,2023-05-12,RON,avans,1000,5869.56,SCORED,HIGH,RED-NIS-C-PEN-100,179/20.04.2023,final,2023,BSS,servicii de audit + pentest nis,SERVICII CONFORM CONTRACT 179/20.04.2023 SERVICII CONFORM CONTRACT 179/20.04.2023 1.000 euro+TVA la cursul BNR reprezentand avans,2,"org exact; score=88 margin=22 on [contract#, amount~final, data avans (0d)]; 1 distinct part# near top; avans","[{""pn"":""RED-NIS-C-PEN-100"",""score"":88,""on"":[""contract#"",""amount~final"",""data avans (0d)""],""ref"":""179/20.04.2023"",""desc"":""servicii de audit + pentest nis""},{""pn"":""RED-NIS-C-AUDIT-100"",""score"":66,""on"":[""contract#"",""data avans (0d)""],""ref"":""179/20.04.2023"",""desc"":""servicii de audit + pentest nis""}]",
accounting:BT.BIT 480,BT.BIT 480,S.I.E.P.C.O.F.A.R. SA,none,2023-05-17,RON,avans,2734,16092.26,UNRESOLVED,NONE,,,,,,,"SERVICII CONFORM CONTRACT 264/04.05.2023 SERVICII CONFORM CONTRACT 264/04.05.2023 2.734 euro+TVA la cursul BNR de 4,9462 lei,reprezentand avans",0,org not found in tracker,[],
accounting:BT.BIT 481,BT.BIT 481,DONA. CARGO S.R.L.,exact,2023-05-17,RON,avans,2733,16086.37,SCORED,HIGH,RED-NIS-C-AUDIT-300,264/04.05.2023,avans,2023,BSS,servicii de audit + pentest nis,"SERVICII CONFORM CONTRACT 264/04.05.2023 SERVICII CONFORM CONTRACT 264/04.05.2023 2.733 euro+TVA la cursul BNR de 4,9462 lei, de 4,9462 lei, reprezentand avans",2,"org exact; score=102 margin=36 on [contract#, amount~avans, data avans (0d)]; 1 distinct part# near top; avans","[{""pn"":""RED-NIS-C-AUDIT-300"",""score"":102,""on"":[""contract#"",""amount~avans"",""data avans (0d)""],""ref"":""264/04.05.2023"",""desc"":""servicii de audit + pentest nis""},{""pn"":""RED-NIS-C-PEN-300"",""score"":66,""on"":[""contract#"",""data avans (0d)""],""ref"":""264/04.05.2023"",""desc"":""servicii de audit + pentest nis""}]",
accounting:BT.BIT 482,BT.BIT 482,DONA. LOGISTICA S.A.,exact,2023-05-17,RON,avans,2733,16086.37,SCORED,HIGH,RED-NIS-C-AUDIT-300,264/04.05.2023,avans,2023,BSS,servicii de audit + pentest nis,"SERVICII CONFORM CONTRACT 264/04.05.2023 SERVICII CONFORM CONTRACT 264/04.05.2023 2.733 euro+TVA la cursul BNR de 4,9462 lei reprezentand avans",4,"org exact; score=102 margin=36 on [contract#, amount~avans, data avans (0d)]; 1 distinct part# near top; avans","[{""pn"":""RED-NIS-C-AUDIT-300"",""score"":102,""on"":[""contract#"",""amount~avans"",""data avans (0d)""],""ref"":""264/04.05.2023"",""desc"":""servicii de audit + pentest nis""},{""pn"":""RED-NIS-C-PEN-300"",""score"":66,""on"":[""contract#"",""data avans (0d)""],""ref"":""264/04.05.2023"",""desc"":""servicii de audit + pentest nis""},{""pn"":""BLUE-MDR-C-725"",""score"":1,""on"":[],""ref"":""296/6.8.2024"",""desc"":""servicii de MDR""}]",
accounting:BT.BIT 483,BT.BIT 483,SNGN ROMGAZ SA-FILIALA DE INMAGAZINARE GAZE NATURALE DEPOGAZ PLO,fuzzy~0.78,2023-05-19,RON,,,58618.21,SCORED,MEDIUM,RED-NIS-C-PEN-500,250/23.12.2022,,2022,BSS,Servicii de audit informatic de tip penetration testing,"SERVICII DE AUDIT INFORMATIC PTR.EVAL.RISC INFOR.CF.NIS SERVICII DE AUDIT INFORMATIC PTR.EVAL.RISC INFOR.CF.NIS CONTRACT 250/23.12.2022, COMANDA DEP.0155.231222",1,"org fuzzy~0.78; score=70 margin=70 on [contract#, data final (0d), desc~0.19]; 1 distinct part# near top","[{""pn"":""RED-NIS-C-PEN-500"",""score"":70,""on"":[""contract#"",""data final (0d)"",""desc~0.19""],""ref"":""250/23.12.2022"",""desc"":""Servicii de audit informatic de tip penetration testing""}]",
accounting:BT.BIT 484,BT.BIT 484,HISTRIA SHIPMANAGEMENT SRL,exact,2023-05-29,RON,avans,8400,49560.17,DETERMINISTIC,HIGH,RED-PEN-RED-ST-50,266/22.05.2023,,2023,BSS,Servicii red team,SERVICII CONFORM CONTRACT 266/22.05.2023 SERVICII CONFORM CONTRACT 266/22.05.2023 8.400 euro+TVA la cursul BNR reprezentand avans,1,org exact; unique part# via contract 266; avans,"[{""pn"":""RED-PEN-RED-ST-50"",""score"":100,""on"":[""contract#""],""ref"":""266/22.05.2023"",""desc"":""Servicii red team""}]",
accounting:BT.BIT 485,BT.BIT 485,SEVIO SOLUTIONS SRL,exact,2023-05-22,RON,avans,3300,19548.61,DETERMINISTIC,HIGH,RED-PEN-S-B-1,265/18.05.2023,,2023,BSS,SERVICII DE SECURITATE INFORMATICA,SERVICII CONFORM CONTRACT 265/18.05.2023 SERVICII CONFORM CONTRACT 265/18.05.2023 3.300 euro+TVA la cursul BNR reprezentand avans,1,org exact; unique part# via contract 265; avans,"[{""pn"":""RED-PEN-S-B-1"",""score"":100,""on"":[""contract#""],""ref"":""265/18.05.2023"",""desc"":""SERVICII DE SECURITATE INFORMATICA""}]",
accounting:BT.BIT 486,BT.BIT 486,SILKWEB S.A.,exact,2023-06-08,RON,,625,3684.76,DETERMINISTIC,HIGH,RED-PEN-S-G-1,195/29.06.2021,,2021,BSS,pentest web app greybox,SERVICII conform Act aditional nr 4 din 23.03.2023 SERVICII conform Act aditional nr 4 din 23.03.2023 Contract Nr. 195/29.06.2021 (625 euro+TVA la cursul BNR),1,org exact; unique part# via contract 195,"[{""pn"":""RED-PEN-S-G-1"",""score"":100,""on"":[""contract#""],""ref"":""195/29.06.2021"",""desc"":""pentest web app greybox""}]",
accounting:BT.BIT 487,BT.BIT 487,SILKWEB S.A.,exact,2023-06-08,RON,,1350,7959.08,DETERMINISTIC,HIGH,RED-PEN-S-G-1,195/29.06.2021,,2021,BSS,pentest web app greybox,SERVICII conform Act aditional nr 3 din 23.03.2023 SERVICII conform Act aditional nr 3 din 23.03.2023 CONTRACT DE PRESTARI SERVICII Nr. 195/29.06.2021(1.350 eur,1,org exact; unique part# via contract 195,"[{""pn"":""RED-PEN-S-G-1"",""score"":100,""on"":[""contract#""],""ref"":""195/29.06.2021"",""desc"":""pentest web app greybox""}]",
accounting:BT.BIT 488,BT.BIT 488,UNITED MEDIA SERVICES SRL,exact,2023-06-08,RON,,350,2063.47,DETERMINISTIC,HIGH,RED-PEN-B-I-BP-50,177/08.12.2020,,2020,BSS,SERVICII DE SECURITATE INFORMATICA,SERVICII ACT ADITIONAL NR. 1 DIN 03.11.2021 CONTRACT SERVICII ACT ADITIONAL NR. 1 DIN 03.11.2021 CONTRACT DE PRESTARI SERVICII Nr. 177/08.12.2020 (350 Euro+TVA ,1,org exact; unique part# via contract 177,"[{""pn"":""RED-PEN-B-I-BP-50"",""score"":100,""on"":[""contract#""],""ref"":""177/08.12.2020"",""desc"":""SERVICII DE SECURITATE INFORMATICA""}]",
accounting:BT.BIT 489,BT.BIT 489,KEYSIGHT TECHNOLOGIES RO SRL,exact,2023-06-08,RON,,18900,111427.16,SCORED,MEDIUM,KS-MM-RD-2,NO. 4 OF 04.10.2022,final,2022,BSS,RECURRENT INFORMATION SECURITY SERVICES,Penetration testing services for June 2023 Penetration testing services for June 2023 Purchase Order Number 9068002303( 18.900 euro+TVA la cursul BNR),25,"org exact; score=46 margin=12 on [amount~final, data final (26d)]; 1 distinct part# near top","[{""pn"":""KS-MM-RD-2"",""score"":46,""on"":[""amount~final"",""data final (26d)""],""ref"":""NO. 4 OF 04.10.2022"",""desc"":""RECURRENT INFORMATION SECURITY SERVICES""},{""pn"":""KS-MM-RD-3"",""score"":34,""on"":[""amount~final"",""data final (150d)""],""ref"":""NO. 3 OF 20.09.2021"",""desc"":""RECURRENT INFORMATION SECURITY SERVICES""},{""pn"":""KS-MM-RD-3"",""score"":31,""on"":[""amount~final"",""data final (90d)""],""ref"":""NO. 4 OF 04.10.2022"",""desc"":""RECURRENT INFORMATION SECURITY SERVICES""}]",
accounting:BT.BIT 490,BT.BIT 490,ORANGE ROMANIA SA,exact,2023-06-21,RON,,590,52264.68,SCORED,LOW,RED-NIS-NC-PEN-50,PO 00007141,,2022,BSS,gaz est nis,"Audit directiva NIS, GAZ EST SA Audit directiva NIS, GAZ EST SA 15*590 euro=8.850 euro+TVA la cursul BNR conform Bon de comanda nr. PO_300000001874030_PO0000714",27,"org exact; score=19 margin=4 on [data final (0d), desc~0.15]; 3 distinct part# near top","[{""pn"":""RED-NIS-NC-PEN-50"",""score"":19,""on"":[""data final (0d)"",""desc~0.15""],""ref"":""PO 00007141"",""desc"":""gaz est nis""},{""pn"":""ORO-TEM-SUPPORT-50-12"",""score"":15,""on"":[""data final (12d)""],""ref"":""PO 00025528"",""desc"":""tem support""},{""pn"":""CYBEREDU-OP-U-5"",""score"":15,""on"":[""data final (12d)""],""ref"":""PO 00027496"",""desc"":""dgpi""}]",
accounting:BT.BIT 491,BT.BIT 491,"SOCIETATEA NATIONALA ""NUCLEARELECTRICA"" SA",none,2023-06-26,RON,,,120677.17,UNRESOLVED,NONE,,,,,,,SERVICII CONFORM CONTRACT DE PRESTARI SERVICII SERVICII CONFORM CONTRACT DE PRESTARI SERVICII RUECC SNN 234/23.02.2023,0,org not found in tracker,[],
accounting:BT.BIT 492,BT.BIT 492,VALORIS CENTER SRL,exact,2023-06-30,RON,,2500,14769.09,DETERMINISTIC,HIGH,RED-VA-I-S-25,188/20.04.2021,,2021,BSS,VA,SERVICII CONFORM ACT ADITIONAL NR. 2 DIN 16.06.2023 SERVICII CONFORM ACT ADITIONAL NR. 2 DIN 16.06.2023 LA CONTRACTUL 188/20.04.2021( 2.500 euro+TVA la cursul B,1,org exact; unique part# via contract 188,"[{""pn"":""RED-VA-I-S-25"",""score"":100,""on"":[""contract#""],""ref"":""188/20.04.2021"",""desc"":""VA""}]",
accounting:BT.BIT 493,BT.BIT 493,EWIND SRL,exact,2023-06-30,RON,storno,6600,58781.69,SCORED,HIGH,RED-NIS-C-AUDIT-100,255/25.01.2023,total,2023,BSS,Servicii de securitate cibernetica,SERVICII DE AUDIT CALIFICAT DE SECURITATE CIBERNETICA SI SERVICII DE AUDIT CALIFICAT DE SECURITATE CIBERNETICA SI stornare factura 454 din 02 martie 2023(TESTE ,2,"org exact; score=80 margin=13 on [contract#, amount~total, data final (0d)]; 1 distinct part# near top; storno","[{""pn"":""RED-NIS-C-AUDIT-100"",""score"":80,""on"":[""contract#"",""amount~total"",""data final (0d)""],""ref"":""255/25.01.2023"",""desc"":""Servicii de securitate cibernetica""},{""pn"":""RED-NIS-C-PEN-100"",""score"":67,""on"":[""contract#"",""data final (0d)""],""ref"":""255/25.01.2023"",""desc"":""Servicii de securitate cibernetica""}]","[{""service"":""SERVICII DE AUDIT CALIFICAT DE SECURITATE CIBERNETICA SI | S"",""partNumber"":""RED-NIS-C-AUDIT-100"",""score"":80,""on"":[""contract#"",""amount~total"",""data final (0d)""]},{""service"":""SERVICII DE AUDIT CALIFICAT DE SECURITATE CIBERNETICA SI | S"",""partNumber"":""RED-NIS-C-AUDIT-100"",""score"":69,""on"":[""contract#"",""data final (0d)"",""desc~0.16""]}]"
accounting:BT.BIT 494,BT.BIT 494,ORANGE ROMANIA SA,exact,2023-07-03,RON,,,2421786.85,SCORED,LOW,ORO-TEM-SUPPORT-50-12,PO 00025528,,2023,BSS,tem support,SERVICII IMPLEMENTARE MINISTERUL AFACERILOR INTERNE SERVICII IMPLEMENTARE MINISTERUL AFACERILOR INTERNE Bon de comanda nr. PO00027496/03.07.2023,42,org exact; score=15 margin=0 on [data final (0d)]; 13 distinct part# near top,"[{""pn"":""ORO-TEM-SUPPORT-50-12"",""score"":15,""on"":[""data final (0d)""],""ref"":""PO 00025528"",""desc"":""tem support""},{""pn"":""CYBEREDU-OP-U-5"",""score"":15,""on"":[""data final (0d)""],""ref"":""PO 00027496"",""desc"":""dgpi""},{""pn"":""RED-NIS-NC-PEN-50"",""score"":15,""on"":[""data final (12d)""],""ref"":""PO 00007141"",""desc"":""gaz est nis""}]",
accounting:BT.BIT 495,BT.BIT 495,ORANGE ROMANIA SA,exact,2023-07-03,RON,,1875,44193.92,SCORED,MEDIUM,ORO-TEM-SUPPORT-50-12,PO 00025528,final,2023,BSS,tem support,Servicii suport TEM L2/L3 Data de livrare: 31-03-2023 Servicii suport TEM L2/L3 Data de livrare: 31-03-2023 Bon de comanda nr. PO00025528 /08.06.2023( 1.875 eur,64,"org exact; score=47 margin=32 on [amount~final, data final (0d)]; 1 distinct part# near top","[{""pn"":""ORO-TEM-SUPPORT-50-12"",""score"":47,""on"":[""amount~final"",""data final (0d)""],""ref"":""PO 00025528"",""desc"":""tem support""},{""pn"":""CYBEREDU-OP-U-5"",""score"":15,""on"":[""data final (0d)""],""ref"":""PO 00027496"",""desc"":""dgpi""},{""pn"":""RED-NIS-NC-PEN-50"",""score"":15,""on"":[""data final (12d)""],""ref"":""PO 00007141"",""desc"":""gaz est nis""}]","[{""service"":""Servicii suport TEM L2/L3 Data de livrare: 31-03-2023 | Serv"",""partNumber"":""ORO-TEM-SUPPORT-50-12"",""score"":47,""on"":[""amount~final"",""data final (0d)""]},{""service"":""Servicii suport TEM L2/L3 Data de livrare: 30-04-2023 | Serv"",""partNumber"":""ORO-TEM-SUPPORT-50-12"",""score"":47,""on"":[""amount~final"",""data final (0d)""]},{""service"":""Servicii suport TEM L2/L3 Data de livrare: 31-05-2023 | Serv"",""partNumber"":""ORO-TEM-SUPPORT-50-12"",""score"":47,""on"":[""amount~final"",""data final (0d)""]},{""service"":""Servicii suport TEM L2/L3 Data de livrare: 30-06-2023 | Serv"",""partNumber"":""ORO-TEM-SUPPORT-50-12"",""score"":47,""on"":[""amount~final"",""data final (0d)""]}]"
accounting:BT.BIT 496,BT.BIT 496,SILKWEB S.A.,exact,2023-07-04,RON,,625,3681.79,DETERMINISTIC,HIGH,RED-PEN-S-G-1,195/29.06.2021,,2021,BSS,pentest web app greybox,SERVICII conform Act aditional nr 4 din 23.03.2023 SERVICII conform Act aditional nr 4 din 23.03.2023 Contract Nr. 195/29.06.2021 (625 euro+TVA la cursul BNR ),1,org exact; unique part# via contract 195,"[{""pn"":""RED-PEN-S-G-1"",""score"":100,""on"":[""contract#""],""ref"":""195/29.06.2021"",""desc"":""pentest web app greybox""}]",
accounting:BT.BIT 497,BT.BIT 497,SILKWEB S.A.,exact,2023-07-04,RON,,1350,7952.65,DETERMINISTIC,HIGH,RED-PEN-S-G-1,195/29.06.2021,,2021,BSS,pentest web app greybox,SERVICII conform Act aditional nr 3 din 23.03.2023 SERVICII conform Act aditional nr 3 din 23.03.2023 CONTRACT DE PRESTARI SERVICII Nr. 195/29.06.2021(1.350 eur,1,org exact; unique part# via contract 195,"[{""pn"":""RED-PEN-S-G-1"",""score"":100,""on"":[""contract#""],""ref"":""195/29.06.2021"",""desc"":""pentest web app greybox""}]",
accounting:BT.BIT 498,BT.BIT 498,UNITED MEDIA SERVICES SRL,exact,2023-07-04,RON,,350,2061.79,DETERMINISTIC,HIGH,RED-PEN-B-I-BP-50,177/08.12.2020,,2020,BSS,SERVICII DE SECURITATE INFORMATICA,SERVICII ACT ADITIONAL NR. 1 DIN 03.11.2021 CONTRACT SERVICII ACT ADITIONAL NR. 1 DIN 03.11.2021 CONTRACT DE PRESTARI SERVICII Nr. 177/08.12.2020 (350 Euro+TVA ,1,org exact; unique part# via contract 177,"[{""pn"":""RED-PEN-B-I-BP-50"",""score"":100,""on"":[""contract#""],""ref"":""177/08.12.2020"",""desc"":""SERVICII DE SECURITATE INFORMATICA""}]",
accounting:BT.BIT 499,BT.BIT 499,KEYSIGHT TECHNOLOGIES RO SRL,exact,2023-07-04,RON,,18900,111337.2,SCORED,MEDIUM,KS-MM-RD-2,NO. 4 OF 04.10.2022,final,2022,BSS,RECURRENT INFORMATION SECURITY SERVICES,Penetration testing services for July 2023 Penetration testing services for July 2023 Purchase Order Number 9068002303 (18.900 euro+TVA la cursul BNR ),25,"org exact; score=46 margin=12 on [amount~final, data final (0d)]; 1 distinct part# near top","[{""pn"":""KS-MM-RD-2"",""score"":46,""on"":[""amount~final"",""data final (0d)""],""ref"":""NO. 4 OF 04.10.2022"",""desc"":""RECURRENT INFORMATION SECURITY SERVICES""},{""pn"":""KS-MM-RD-3"",""score"":34,""on"":[""amount~final"",""data final (176d)""],""ref"":""NO. 3 OF 20.09.2021"",""desc"":""RECURRENT INFORMATION SECURITY SERVICES""},{""pn"":""KS-MM-RD-3"",""score"":31,""on"":[""amount~final"",""data final (64d)""],""ref"":""NO. 4 OF 04.10.2022"",""desc"":""RECURRENT INFORMATION SECURITY SERVICES""}]",
accounting:BT.BIT 500,BT.BIT 500,ZIPPER SERVICES SRL,exact,2023-07-04,RON,,2490,14668.23,DETERMINISTIC,HIGH,PHISH-P-L-MM-S-200-12,Nr. 200/01.09.2021,,2021,BSS,phish enterprise trimestrial,SERVICII CONFORM PHISH ENTERPRISE FORMULAR DE SERVICII CONFORM PHISH ENTERPRISE FORMULAR DE COMANDA Nr. 1 la Contract Nr. 200/01.09.2021 (martie 2023 si iunie 2,1,org exact; unique part# via contract 200,"[{""pn"":""PHISH-P-L-MM-S-200-12"",""score"":100,""on"":[""contract#""],""ref"":""Nr. 200/01.09.2021"",""desc"":""phish enterprise trimestrial""}]",
accounting:BT.BIT 501,BT.BIT 501,CAPITAL FINANCIAL SERVICES SA,exact,2023-07-04,RON,,2000,11785.05,SCORED,HIGH,RED-VA-I-S-100,262/05.04.2023,final,2023,BSS,SERVICII DE EVALUARE VULNERABILITATI RETEA INTERNA,"ANEXA 2 - SERVICII DE EVALUARE VULNERABILITATI ANEXA 2 - SERVICII DE EVALUARE VULNERABILITATI RETEA INTERNA CONTRACT DE PRESTARI SERVICII, Nr. 262/05.04.2023. (",9,"org exact; score=101 margin=30 on [contract#, amount~final, data final (0d), desc~0.25]; 1 distinct part# near top","[{""pn"":""RED-VA-I-S-100"",""score"":101,""on"":[""contract#"",""amount~final"",""data final (0d)"",""desc~0.25""],""ref"":""262/05.04.2023"",""desc"":""SERVICII DE EVALUARE VULNERABILITATI RETEA INTERNA""},{""pn"":""RED-VA-E-B-100"",""score"":71,""on"":[""contract#"",""data final (0d)"",""desc~0.25""],""ref"":""262/05.04.2023"",""desc"":""SERVICII DE EVALUARE VULNERABILITATI RETEA INTERNA""},{""pn"":""RED-PEN-B-I-B-100"",""score"":68,""on"":[""contract#"",""data final (0d)""],""ref"":""262/05.04.2023"",""desc"":""DESCRIERE SERVICII IDENTIFICARE SI EVALUARE VULNERABILITATI""}]",
accounting:BT.BIT 502,BT.BIT 502,CAPITAL FINANCIAL SERVICES SA,exact,2023-07-04,RON,,9700,57157.47,SCORED,HIGH,RED-PEN-B-I-B-100,262/05.04.2023,final,2023,BSS,DESCRIERE SERVICII IDENTIFICARE SI EVALUARE VULNERABILITATI,"ANEXA 3 - DESCRIERE SERVICII IDENTIFICARE SI EVALUARE ANEXA 3 - DESCRIERE SERVICII IDENTIFICARE SI EVALUARE VULNERABILITATI CONTRACT DE PRESTARI SERVICII, Nr. 2",9,"org exact; score=101 margin=33 on [contract#, amount~final, data final (0d), desc~0.24]; 1 distinct part# near top","[{""pn"":""RED-PEN-B-I-B-100"",""score"":101,""on"":[""contract#"",""amount~final"",""data final (0d)"",""desc~0.24""],""ref"":""262/05.04.2023"",""desc"":""DESCRIERE SERVICII IDENTIFICARE SI EVALUARE VULNERABILITATI""},{""pn"":""RED-VA-I-S-100"",""score"":68,""on"":[""contract#"",""data final (0d)""],""ref"":""262/05.04.2023"",""desc"":""SERVICII DE EVALUARE VULNERABILITATI RETEA INTERNA""},{""pn"":""RED-VA-E-B-100"",""score"":68,""on"":[""contract#"",""data final (0d)""],""ref"":""262/05.04.2023"",""desc"":""SERVICII DE EVALUARE VULNERABILITATI RETEA INTERNA""}]",
accounting:BT.BIT 503,BT.BIT 503,CAPITAL FINANCIAL SERVICES SA,exact,2023-07-04,RON,,1200,7071.03,SCORED,MEDIUM,RED-VA-I-S-100,262/05.04.2023,,2023,BSS,SERVICII DE EVALUARE VULNERABILITATI RETEA INTERNA,"ANEXA 4 - SERVICII DE EVALUARE VULNERABILITATI RETEA INTERNA ANEXA 4 - SERVICII DE EVALUARE VULNERABILITATI RETEA INTERNA CONTRACT DE PRESTARI SERVICII, Nr. 262",9,"org exact; score=70 margin=0 on [contract#, data final (0d), desc~0.21]; 3 distinct part# near top","[{""pn"":""RED-VA-I-S-100"",""score"":70,""on"":[""contract#"",""data final (0d)"",""desc~0.21""],""ref"":""262/05.04.2023"",""desc"":""SERVICII DE EVALUARE VULNERABILITATI RETEA INTERNA""},{""pn"":""RED-VA-E-B-100"",""score"":70,""on"":[""contract#"",""data final (0d)"",""desc~0.21""],""ref"":""262/05.04.2023"",""desc"":""SERVICII DE EVALUARE VULNERABILITATI RETEA INTERNA""},{""pn"":""RED-PEN-B-I-B-100"",""score"":68,""on"":[""contract#"",""data final (0d)""],""ref"":""262/05.04.2023"",""desc"":""DESCRIERE SERVICII IDENTIFICARE SI EVALUARE VULNERABILITATI""}]",
accounting:BT.BIT 504,BT.BIT 504,FILDAS TRADING SRL,exact,2023-07-10,RON,,3090,18206.79,SCORED,MEDIUM,RED-NIS-C-PEN-100,257/20.04.2023,,2023,BSS,servicii de audit + pentest nis,SERVICII CONFORM CONTRACT NR. 257/20.04.2023 SERVICII CONFORM CONTRACT NR. 257/20.04.2023 3.090 euro + TVA la cursul BNR,2,"org exact; score=67 margin=0 on [contract#, data est. close (22d)]; 2 distinct part# near top","[{""pn"":""RED-NIS-C-PEN-100"",""score"":67,""on"":[""contract#"",""data est. close (22d)""],""ref"":""257/20.04.2023"",""desc"":""servicii de audit + pentest nis""},{""pn"":""RED-NIS-C-AUDIT-100"",""score"":67,""on"":[""contract#"",""data est. close (22d)""],""ref"":""257/20.04.2023"",""desc"":""servicii de audit + pentest nis""}]",
accounting:BT.BIT 505,BT.BIT 505,FARMACEUTICA ARGESFARM SA,exact,2023-07-10,RON,,2550,15025.02,SCORED,MEDIUM,RED-NIS-C-PEN-100,235/20.04.2023,,2023,BSS,servicii de audit + pentest nis,SERVICII CONFORM CONTRACT NR. 235/20.04.2023 SERVICII CONFORM CONTRACT NR. 235/20.04.2023 2.550 euro+TVA la cursul BNR,2,"org exact; score=67 margin=0 on [contract#, data est. close (22d)]; 2 distinct part# near top","[{""pn"":""RED-NIS-C-PEN-100"",""score"":67,""on"":[""contract#"",""data est. close (22d)""],""ref"":""235/20.04.2023"",""desc"":""servicii de audit + pentest nis""},{""pn"":""RED-NIS-C-AUDIT-100"",""score"":67,""on"":[""contract#"",""data est. close (22d)""],""ref"":""235/20.04.2023"",""desc"":""servicii de audit + pentest nis""}]",
accounting:BT.BIT 506,BT.BIT 506,MED-SERV UNITED SRL,fuzzy~0.75,2023-07-10,RON,,1200,7070.6,SCORED,MEDIUM,RED-NIS-C-PEN-100,637/20.04.2023,,2023,BSS,servicii de audit + pentest nis,SERVICII CONFORM CONTRACT NR. 637/20.04.2023 SERVICII CONFORM CONTRACT NR. 637/20.04.2023 1.200 euro+TVA la cursul BNR,2,"org fuzzy~0.75; score=67 margin=0 on [contract#, data est. close (22d)]; 2 distinct part# near top","[{""pn"":""RED-NIS-C-PEN-100"",""score"":67,""on"":[""contract#"",""data est. close (22d)""],""ref"":""637/20.04.2023"",""desc"":""servicii de audit + pentest nis""},{""pn"":""RED-NIS-C-AUDIT-100"",""score"":67,""on"":[""contract#"",""data est. close (22d)""],""ref"":""637/20.04.2023"",""desc"":""servicii de audit + pentest nis""}]",
accounting:BT.BIT 507,BT.BIT 507,SPRING FARM SRL,exact,2023-07-10,RON,,750,4419.12,SCORED,MEDIUM,RED-NIS-C-PEN-100,179/20.04.2023,,2023,BSS,servicii de audit + pentest nis,SERVICII CONFORM CONTRACT NR. 179/20.04.2023 SERVICII CONFORM CONTRACT NR. 179/20.04.2023 750 euro+TVA la cursul BNR,2,"org exact; score=67 margin=0 on [contract#, data est. close (22d)]; 2 distinct part# near top","[{""pn"":""RED-NIS-C-PEN-100"",""score"":67,""on"":[""contract#"",""data est. close (22d)""],""ref"":""179/20.04.2023"",""desc"":""servicii de audit + pentest nis""},{""pn"":""RED-NIS-C-AUDIT-100"",""score"":67,""on"":[""contract#"",""data est. close (22d)""],""ref"":""179/20.04.2023"",""desc"":""servicii de audit + pentest nis""}]",
accounting:BT.BIT 508,BT.BIT 508,AMBER STUDIO S.A.,exact,2023-07-12,RON,avans,3300,19439.04,DETERMINISTIC,HIGH,RED-PEN-B-E-B-15,269/05.07.2023,,2023,BSS,servicii de va + pentest,SERVICII CONFORM CONTRACT 269 DIN 05.07.2023 SERVICII CONFORM CONTRACT 269 DIN 05.07.2023 3.300 euro+TVA la cursul BNR reprezentand avans 40%,1,org exact; unique part# via contract 269; avans,"[{""pn"":""RED-PEN-B-E-B-15"",""score"":100,""on"":[""contract#""],""ref"":""269/05.07.2023"",""desc"":""servicii de va + pentest""}]",
accounting:BT.BIT 509,BT.BIT 509,S.I.E.P.C.O.F.A.R. SA,none,2023-07-20,RON,,2050,12066.99,UNRESOLVED,NONE,,,,,,,SERVICII CONFORM CONTRACT NR. 264/04.05.2023 articol 3.8.2. SERVICII CONFORM CONTRACT NR. 264/04.05.2023 articol 3.8.2. 2050 euro+TVA la cursul BNR,0,org not found in tracker,[],
accounting:BT.BIT 510,BT.BIT 510,DONA. CARGO S.R.L.,exact,2023-07-20,RON,,2050,12066.99,SCORED,MEDIUM,RED-NIS-C-AUDIT-300,264/04.05.2023,,2023,BSS,servicii de audit + pentest nis,SERVICII CONFORM CONTRACT NR. 264/04.05.2023 articol 3.8.2. SERVICII CONFORM CONTRACT NR. 264/04.05.2023 articol 3.8.2. 2050 euro+TVA la cursul BNR,2,"org exact; score=67 margin=1 on [contract#, data est. close (12d)]; 2 distinct part# near top","[{""pn"":""RED-NIS-C-AUDIT-300"",""score"":67,""on"":[""contract#"",""data est. close (12d)""],""ref"":""264/04.05.2023"",""desc"":""servicii de audit + pentest nis""},{""pn"":""RED-NIS-C-PEN-300"",""score"":66,""on"":[""contract#"",""data est. close (12d)""],""ref"":""264/04.05.2023"",""desc"":""servicii de audit + pentest nis""}]",
accounting:BT.BIT 511,BT.BIT 511,DONA. LOGISTICA S.A.,exact,2023-07-20,RON,,2050,12066.99,SCORED,MEDIUM,RED-NIS-C-AUDIT-300,264/04.05.2023,,2023,BSS,servicii de audit + pentest nis,SERVICII CONFORM CONTRACT NR. 264/04.05.2023 articol 3.8.2. SERVICII CONFORM CONTRACT NR. 264/04.05.2023 articol 3.8.2. 2050 euro+TVA la cursul BNR,4,"org exact; score=67 margin=1 on [contract#, data est. close (12d)]; 2 distinct part# near top","[{""pn"":""RED-NIS-C-AUDIT-300"",""score"":67,""on"":[""contract#"",""data est. close (12d)""],""ref"":""264/04.05.2023"",""desc"":""servicii de audit + pentest nis""},{""pn"":""RED-NIS-C-PEN-300"",""score"":66,""on"":[""contract#"",""data est. close (12d)""],""ref"":""264/04.05.2023"",""desc"":""servicii de audit + pentest nis""},{""pn"":""BLUE-MDR-C-725"",""score"":2,""on"":[],""ref"":""296/6.8.2024"",""desc"":""servicii de MDR""}]",
accounting:BT.BIT 509.,BT.BIT 509.,SEVIO SOLUTIONS SRL,exact,2023-07-17,RON,storno,3300,28975.37,DETERMINISTIC,HIGH,RED-PEN-S-B-1,265/18.05.2023,,2023,BSS,SERVICII DE SECURITATE INFORMATICA,SERVICI CONFORM CONTRACT 265/18.05.2023 SERVICI CONFORM CONTRACT 265/18.05.2023 stornare factura 485/22.05.2023 reprezentand 3.300 euro+TVA reprezentand avans |,1,org exact; unique part# via contract 265/485; storno,"[{""pn"":""RED-PEN-S-B-1"",""score"":100,""on"":[""contract#""],""ref"":""265/18.05.2023"",""desc"":""SERVICII DE SECURITATE INFORMATICA""}]",
accounting:BT.BIT 512,BT.BIT 512,CUSTIFY SRL,exact,2023-08-07,RON,,2024,11919.96,SCORED,HIGH,RED-PEN-S-WB-1,223/17.05.2022,avans,2023,BSS,pentest web app,SERVICII CONFORM ACT ADITIONAL NR. 1 DIN 02.08.2023 SERVICII CONFORM ACT ADITIONAL NR. 1 DIN 02.08.2023 LA CONTRACTUL NR.223/17.05.2022( 2.024 euro+TVA la cursu,5,"org exact; score=95 margin=33 on [contract#, amount~avans, data avans (0d)]; 1 distinct part# near top","[{""pn"":""RED-PEN-S-WB-1"",""score"":95,""on"":[""contract#"",""amount~avans"",""data avans (0d)""],""ref"":""223/17.05.2022"",""desc"":""pentest web app""},{""pn"":""RED-PEN-S-WB-1"",""score"":62,""on"":[""contract#"",""amount~avans""],""ref"":""223/17.05.2022"",""desc"":""pentest web app""},{""pn"":""RED-PEN-S-WB-1"",""score"":62,""on"":[""contract#"",""amount~avans""],""ref"":""223/17.05.2022"",""desc"":""pentest web app""}]",
accounting:BT.BIT 513,BT.BIT 513,SILKWEB S.A.,exact,2023-08-07,RON,,625,3680.82,DETERMINISTIC,HIGH,RED-PEN-S-G-1,195/29.06.2021,,2021,BSS,pentest web app greybox,SERVICII conform Act aditional nr 4 din 23.03.2023 SERVICII conform Act aditional nr 4 din 23.03.2023 Contract Nr. 195/29.06.2021 (625 euro+TVA la cursul BNR ),1,org exact; unique part# via contract 195,"[{""pn"":""RED-PEN-S-G-1"",""score"":100,""on"":[""contract#""],""ref"":""195/29.06.2021"",""desc"":""pentest web app greybox""}]",
accounting:BT.BIT 514,BT.BIT 514,SILKWEB S.A.,exact,2023-08-07,RON,,1350,7950.57,DETERMINISTIC,HIGH,RED-PEN-S-G-1,195/29.06.2021,,2021,BSS,pentest web app greybox,SERVICII conform Act aditional nr 3 din 23.03.2023 SERVICII conform Act aditional nr 3 din 23.03.2023 CONTRACT DE PRESTARI SERVICII Nr. 195/29.06.2021(1.350 eur,1,org exact; unique part# via contract 195,"[{""pn"":""RED-PEN-S-G-1"",""score"":100,""on"":[""contract#""],""ref"":""195/29.06.2021"",""desc"":""pentest web app greybox""}]",
accounting:BT.BIT 515,BT.BIT 515,UNITED MEDIA SERVICES SRL,exact,2023-08-07,RON,,350,2061.26,DETERMINISTIC,HIGH,RED-PEN-B-I-BP-50,177/08.12.2020,,2020,BSS,SERVICII DE SECURITATE INFORMATICA,SERVICII ACT ADITIONAL NR. 1 DIN 03.11.2021 CONTRACT SERVICII ACT ADITIONAL NR. 1 DIN 03.11.2021 CONTRACT DE PRESTARI SERVICII Nr. 177/08.12.2020 (350 Euro+TVA ,1,org exact; unique part# via contract 177,"[{""pn"":""RED-PEN-B-I-BP-50"",""score"":100,""on"":[""contract#""],""ref"":""177/08.12.2020"",""desc"":""SERVICII DE SECURITATE INFORMATICA""}]",
accounting:BT.BIT 516,BT.BIT 516,KEYSIGHT TECHNOLOGIES RO SRL,exact,2023-08-07,RON,,19800,116608.34,SCORED,MEDIUM,KS-MM-RD-3,NO. 4 OF 04.10.2022,final,2022,BSS,RECURRENT INFORMATION SECURITY SERVICES,Penetration testing services for august 2023 – Penetration testing services for august 2023 – Purchase Order Number 9068002303( 19.800 euro+TVA la cursul BNR),25,"org exact; score=46 margin=15 on [amount~final, data final (30d)]; 1 distinct part# near top","[{""pn"":""KS-MM-RD-3"",""score"":46,""on"":[""amount~final"",""data final (30d)""],""ref"":""NO. 4 OF 04.10.2022"",""desc"":""RECURRENT INFORMATION SECURITY SERVICES""},{""pn"":""KS-MM-RD-2"",""score"":31,""on"":[""amount~final"",""data final (34d)""],""ref"":""NO. 4 OF 04.10.2022"",""desc"":""RECURRENT INFORMATION SECURITY SERVICES""},{""pn"":""KS-MM-RD-3"",""score"":26,""on"":[""amount~final"",""data final (210d)""],""ref"":""NO. 3 OF 20.09.2021"",""desc"":""RECURRENT INFORMATION SECURITY SERVICES""}]",
accounting:BT.BIT 517,BT.BIT 517,ORANGE ROMANIA SA,exact,2023-08-07,RON,,1875,11042.46,SCORED,MEDIUM,ORO-TEM-SUPPORT-50-12,PO 00025528,final,2023,BSS,tem support,Servicii suport TEM L2/L3 Data de livrare: 30-07-2023 Servicii suport TEM L2/L3 Data de livrare: 30-07-2023 PO00025528( 1.875 euro+TVA la cursul BNR,64,"org exact; score=40 margin=25 on [amount~final, data final (35d)]; 1 distinct part# near top","[{""pn"":""ORO-TEM-SUPPORT-50-12"",""score"":40,""on"":[""amount~final"",""data final (35d)""],""ref"":""PO 00025528"",""desc"":""tem support""},{""pn"":""BLUE-IR-OC-6"",""score"":15,""on"":[""amount~avans"",""data final (328d)""],""ref"":""09.05.2024"",""desc"":""IR incident response services retainer""},{""pn"":""ORO-TEM-SUPPORT-50-4"",""score"":12,""on"":[""data final (32d)"",""desc~0.18""],""ref"":""PO00032588"",""desc"":""extra suport 2023 rocsc/oni""}]",
accounting:BT.BIT 518,BT.BIT 518,HISTRIA SHIPMANAGEMENT SRL,exact,2023-08-17,RON,storno,12600,73987.89,DETERMINISTIC,HIGH,RED-PEN-RED-ST-50,266/22.05.2023,,2023,BSS,Servicii red team,SERVICII CONFORM CONTRACT 266/22.05.2023 SERVICII CONFORM CONTRACT 266/22.05.2023 12.600 euro+TVA la cursul BNR Storneaza factura BT.BIT 484 din 29.05.2023,1,org exact; unique part# via contract 266; storno,"[{""pn"":""RED-PEN-RED-ST-50"",""score"":100,""on"":[""contract#""],""ref"":""266/22.05.2023"",""desc"":""Servicii red team""}]",
accounting:BT.BIT 519,BT.BIT 519,S.I.E.P.C.O.F.A.R. SA,none,2023-08-28,RON,,2050,12048.2,UNRESOLVED,NONE,,,,,,,"SERVICII CONFORM CONTRACT NR. 264/04.05.2023 articol 3.8.3. SERVICII CONFORM CONTRACT NR. 264/04.05.2023 articol 3.8.3. 2.050 euro+TVA la cursul BNR de 4,9388 l",0,org not found in tracker,[],
accounting:BT.BIT 520,BT.BIT 520,DONA. CARGO S.R.L.,exact,2023-08-28,RON,,2050,12048.2,SCORED,MEDIUM,RED-NIS-C-PEN-300,264/04.05.2023,,2023,BSS,servicii de audit + pentest nis,"SERVICII CONFORM CONTRACT NR. 264/04.05.2023 articol 3.8.3 SERVICII CONFORM CONTRACT NR. 264/04.05.2023 articol 3.8.3 2.050 euro+TVA la cursul BNR de 4,9388 lei",2,"org exact; score=66 margin=0 on [contract#, data final (0d)]; 2 distinct part# near top","[{""pn"":""RED-NIS-C-PEN-300"",""score"":66,""on"":[""contract#"",""data final (0d)""],""ref"":""264/04.05.2023"",""desc"":""servicii de audit + pentest nis""},{""pn"":""RED-NIS-C-AUDIT-300"",""score"":66,""on"":[""contract#"",""data final (0d)""],""ref"":""264/04.05.2023"",""desc"":""servicii de audit + pentest nis""}]",
accounting:BT.BIT 521,BT.BIT 521,DONA. LOGISTICA S.A.,exact,2023-08-28,RON,,2050,12048.2,SCORED,MEDIUM,RED-NIS-C-PEN-300,264/04.05.2023,,2023,BSS,servicii de audit + pentest nis,"SERVICII CONFORM CONTRACT NR. 264/04.05.2023 articol 3.8.3 SERVICII CONFORM CONTRACT NR. 264/04.05.2023 articol 3.8.3 2.050 euro+TVA la cursul BNR de 4,9388 lei",4,"org exact; score=66 margin=0 on [contract#, data final (0d)]; 2 distinct part# near top","[{""pn"":""RED-NIS-C-PEN-300"",""score"":66,""on"":[""contract#"",""data final (0d)""],""ref"":""264/04.05.2023"",""desc"":""servicii de audit + pentest nis""},{""pn"":""RED-NIS-C-AUDIT-300"",""score"":66,""on"":[""contract#"",""data final (0d)""],""ref"":""264/04.05.2023"",""desc"":""servicii de audit + pentest nis""},{""pn"":""BLUE-MDR-C-725"",""score"":2,""on"":[],""ref"":""296/6.8.2024"",""desc"":""servicii de MDR""}]",
accounting:BT.BIT 522,BT.BIT 522,FILDAS TRADING SRL,exact,2023-08-31,RON,,3090,18169.29,SCORED,MEDIUM,RED-NIS-C-PEN-100,257/20.04.2023,,2023,BSS,servicii de audit + pentest nis,SERVICI CONFORM CONTRACT 257/20.04.2023 articolul 3.9.3. SERVICI CONFORM CONTRACT 257/20.04.2023 articolul 3.9.3. 3.090 euro+TVA la cursul BNR,2,"org exact; score=65 margin=0 on [contract#, data final (0d)]; 2 distinct part# near top","[{""pn"":""RED-NIS-C-PEN-100"",""score"":65,""on"":[""contract#"",""data final (0d)""],""ref"":""257/20.04.2023"",""desc"":""servicii de audit + pentest nis""},{""pn"":""RED-NIS-C-AUDIT-100"",""score"":65,""on"":[""contract#"",""data final (0d)""],""ref"":""257/20.04.2023"",""desc"":""servicii de audit + pentest nis""}]",
accounting:BT.BIT 523,BT.BIT 523,FARMACEUTICA ARGESFARM SA,exact,2023-08-31,RON,,2550,14994.07,SCORED,MEDIUM,RED-NIS-C-PEN-100,235/20.04.2023,,2023,BSS,servicii de audit + pentest nis,SERVICI CONFORM CONTRACT 235/20.04.2023 articolul 3.9.3. SERVICI CONFORM CONTRACT 235/20.04.2023 articolul 3.9.3. 2.550 euro+TVA la cursul BNR,2,"org exact; score=65 margin=0 on [contract#, data final (0d)]; 2 distinct part# near top","[{""pn"":""RED-NIS-C-PEN-100"",""score"":65,""on"":[""contract#"",""data final (0d)""],""ref"":""235/20.04.2023"",""desc"":""servicii de audit + pentest nis""},{""pn"":""RED-NIS-C-AUDIT-100"",""score"":65,""on"":[""contract#"",""data final (0d)""],""ref"":""235/20.04.2023"",""desc"":""servicii de audit + pentest nis""}]",
accounting:BT.BIT 524,BT.BIT 524,MED-SERV UNITED SRL,fuzzy~0.75,2023-08-31,RON,,1200,7056.03,SCORED,MEDIUM,RED-NIS-C-AUDIT-100,637/20.04.2023,,2023,BSS,servicii de audit + pentest nis,SERVICII CONFORM CONTRACT 637/20.04.2023 articolul 3.9.3. SERVICII CONFORM CONTRACT 637/20.04.2023 articolul 3.9.3. 1.200 euro+TVA la cursul BNR,2,"org fuzzy~0.75; score=67 margin=1 on [contract#, data final (0d)]; 2 distinct part# near top","[{""pn"":""RED-NIS-C-AUDIT-100"",""score"":67,""on"":[""contract#"",""data final (0d)""],""ref"":""637/20.04.2023"",""desc"":""servicii de audit + pentest nis""},{""pn"":""RED-NIS-C-PEN-100"",""score"":66,""on"":[""contract#"",""data final (0d)""],""ref"":""637/20.04.2023"",""desc"":""servicii de audit + pentest nis""}]",
accounting:BT.BIT 525,BT.BIT 525,SPRING FARM SRL,exact,2023-08-31,RON,,750,4410.02,SCORED,MEDIUM,RED-NIS-C-AUDIT-100,179/20.04.2023,,2023,BSS,servicii de audit + pentest nis,SERVICII CONFORM CONTRACT 179/20.04.2023 articolul 3.9.3. SERVICII CONFORM CONTRACT 179/20.04.2023 articolul 3.9.3. 750 euro+TVA la cursul BNR,2,"org exact; score=67 margin=1 on [contract#, data final (0d)]; 2 distinct part# near top","[{""pn"":""RED-NIS-C-AUDIT-100"",""score"":67,""on"":[""contract#"",""data final (0d)""],""ref"":""179/20.04.2023"",""desc"":""servicii de audit + pentest nis""},{""pn"":""RED-NIS-C-PEN-100"",""score"":66,""on"":[""contract#"",""data final (0d)""],""ref"":""179/20.04.2023"",""desc"":""servicii de audit + pentest nis""}]",
accounting:BT.BIT 526,BT.BIT 526,G&D META FARM SRL,exact,2023-08-31,RON,,200,1176.01,SCORED,MEDIUM,RED-NIS-C-PEN-100,27/20.04.2023,,2023,BSS,servicii de audit + pentest nis,SERVICII CONFORM CNTRACT 27/20.04.2023 articolul 3.9.3. SERVICII CONFORM CNTRACT 27/20.04.2023 articolul 3.9.3. 200 euro+TVA la cursul BNR,2,"org exact; score=67 margin=0 on [contract#, data final (0d)]; 2 distinct part# near top","[{""pn"":""RED-NIS-C-PEN-100"",""score"":67,""on"":[""contract#"",""data final (0d)""],""ref"":""27/20.04.2023"",""desc"":""servicii de audit + pentest nis""},{""pn"":""RED-NIS-C-AUDIT-100"",""score"":67,""on"":[""contract#"",""data final (0d)""],""ref"":""27/20.04.2023"",""desc"":""servicii de audit + pentest nis""}]",
accounting:BT.BIT 527,BT.BIT 527,ADM ROMANIA LOGISTICS S.R.L.,exact,2023-09-05,RON,avans,6000,35318.01,SCORED,LOW,RED-NIS-C-AUDIT-100,272/28.08.2023,final,2023,BSS,servicii de audit + pentest nis,SERVICII CONFORM ART 3.9.1 DIN CONTRACT SERVICII CONFORM ART 3.9.1 DIN CONTRACT 6.000 euro+TVA la cursul BNR reprezentand 40% avans,2,"org exact; score=28 margin=12 on [amount~final, data avans (0d)]; 1 distinct part# near top; avans","[{""pn"":""RED-NIS-C-AUDIT-100"",""score"":28,""on"":[""amount~final"",""data avans (0d)""],""ref"":""272/28.08.2023"",""desc"":""servicii de audit + pentest nis""},{""pn"":""RED-NIS-C-PEN-100"",""score"":16,""on"":[""data avans (0d)""],""ref"":""272/28.08.2023"",""desc"":""servicii de audit + pentest nis""}]",
accounting:BT.BIT 528,BT.BIT 528,SILKWEB S.A.,exact,2023-09-05,RON,,625,3678.96,DETERMINISTIC,HIGH,RED-PEN-S-G-1,195/29.06.2021,,2021,BSS,pentest web app greybox,SERVICII conform Act aditional nr 4 din 23.03.2023 SERVICII conform Act aditional nr 4 din 23.03.2023 Contract Nr. 195/29.06.2021 (625 euro+TVA la cursul BNR ),1,org exact; unique part# via contract 195,"[{""pn"":""RED-PEN-S-G-1"",""score"":100,""on"":[""contract#""],""ref"":""195/29.06.2021"",""desc"":""pentest web app greybox""}]",
accounting:BT.BIT 529,BT.BIT 529,SILKWEB S.A.,exact,2023-09-05,RON,,1350,7946.55,DETERMINISTIC,HIGH,RED-PEN-S-G-1,195/29.06.2021,,2021,BSS,pentest web app greybox,SERVICII conform Act aditional nr 3 din 23.03.2023 SERVICII conform Act aditional nr 3 din 23.03.2023 CONTRACT DE PRESTARI SERVICII Nr. 195/29.06.2021(1.350 eur,1,org exact; unique part# via contract 195,"[{""pn"":""RED-PEN-S-G-1"",""score"":100,""on"":[""contract#""],""ref"":""195/29.06.2021"",""desc"":""pentest web app greybox""}]",
accounting:BT.BIT 530,BT.BIT 530,UNITED MEDIA SERVICES SRL,exact,2023-09-05,RON,,350,2060.22,DETERMINISTIC,HIGH,RED-PEN-B-I-BP-50,177/08.12.2020,,2020,BSS,SERVICII DE SECURITATE INFORMATICA,SERVICII ACT ADITIONAL NR. 1 DIN 03.11.2021 CONTRACT SERVICII ACT ADITIONAL NR. 1 DIN 03.11.2021 CONTRACT DE PRESTARI SERVICII Nr. 177/08.12.2020 (350 Euro+TVA ,1,org exact; unique part# via contract 177,"[{""pn"":""RED-PEN-B-I-BP-50"",""score"":100,""on"":[""contract#""],""ref"":""177/08.12.2020"",""desc"":""SERVICII DE SECURITATE INFORMATICA""}]",
accounting:BT.BIT 531,BT.BIT 531,KEYSIGHT TECHNOLOGIES RO SRL,exact,2023-09-05,RON,,19800,116549.43,SCORED,MEDIUM,KS-MM-RD-3,NO. 4 OF 04.10.2022,final,2022,BSS,RECURRENT INFORMATION SECURITY SERVICES,Penetration testing services for september 2023 Penetration testing services for september 2023 Purchase Order Number 9068002303 ( 19.800 euro+TVA la cursul BNR,25,"org exact; score=46 margin=15 on [amount~final, data final (1d)]; 1 distinct part# near top","[{""pn"":""KS-MM-RD-3"",""score"":46,""on"":[""amount~final"",""data final (1d)""],""ref"":""NO. 4 OF 04.10.2022"",""desc"":""RECURRENT INFORMATION SECURITY SERVICES""},{""pn"":""KS-MM-RD-2"",""score"":31,""on"":[""amount~final"",""data final (63d)""],""ref"":""NO. 4 OF 04.10.2022"",""desc"":""RECURRENT INFORMATION SECURITY SERVICES""},{""pn"":""KS-MM-RD-3"",""score"":26,""on"":[""amount~final"",""data final (239d)""],""ref"":""NO. 3 OF 20.09.2021"",""desc"":""RECURRENT INFORMATION SECURITY SERVICES""}]",
accounting:BT.BIT 532,BT.BIT 532,ORANGE ROMANIA SA,exact,2023-09-05,RON,,1875,11036.88,SCORED,MEDIUM,ORO-TEM-SUPPORT-50-12,PO 00025528,final,2023,BSS,tem support,Servicii suport TEM L2/L3 Data de livrare: 31-08-2023 Servicii suport TEM L2/L3 Data de livrare: 31-08-2023 PO00025528 ( 1.875 euro+TVA la cursul BNR),64,"org exact; score=40 margin=21 on [amount~final, data final (64d)]; 1 distinct part# near top","[{""pn"":""ORO-TEM-SUPPORT-50-12"",""score"":40,""on"":[""amount~final"",""data final (64d)""],""ref"":""PO 00025528"",""desc"":""tem support""},{""pn"":""ORO-TEM-SUPPORT-50-4"",""score"":19,""on"":[""data final (3d)"",""desc~0.18""],""ref"":""PO00032588"",""desc"":""extra suport 2023 rocsc/oni""},{""pn"":""ORO-TEM-DEV-79"",""score"":17,""on"":[""data est. close (10d)""],""ref"":""PO00032531-1"",""desc"":""extra dev poligon""}]",
accounting:BT.BIT 533,BT.BIT 533,ORANGE ROMANIA SA,exact,2023-09-08,RON,,12238,72870.79,SCORED,MEDIUM,ORO-TEM-DEV-100,PO00032455,final,2023,BSS,extra dev tem,Implementare change requests- sesiunea 2 (august 2023) Implementare change requests- sesiunea 2 (august 2023) Nr Notificare C1216047; Nr PO PO00032455; Nr Recep,38,"org exact; score=45 margin=7 on [amount~final, data final (0d)]; 2 distinct part# near top","[{""pn"":""ORO-TEM-DEV-100"",""score"":45,""on"":[""amount~final"",""data final (0d)""],""ref"":""PO00032455"",""desc"":""extra dev tem""},{""pn"":""RED-PEN-B-I-B-50"",""score"":38,""on"":[""amount~final"",""data final (95d)""],""ref"":""PO00037565-1"",""desc"":""Pentest - Impuls Leasing""},{""pn"":""RED-MISC-10"",""score"":22,""on"":[""amount~final""],""ref"":""PO 40448315"",""desc"":""teste de tip pentest stress test""}]",
accounting:BT.BIT 534,BT.BIT 534,ORANGE ROMANIA SA,exact,2023-09-08,RON,,625,44296.56,SCORED,LOW,ORO-TEM-SUPPORT-50-4,PO00032588,,2023,BSS,extra suport 2023 rocsc/oni,TEM- Ore suplimentare suport L2/L3 2023 TEM- Ore suplimentare suport L2/L3 2023 Nr Notificare O2216052; Nr PO PO00032588; ( 625 euro*12=7.500 euro+TVA la cursul,54,"org exact; score=19 margin=3 on [data final (0d), desc~0.16]; 7 distinct part# near top","[{""pn"":""ORO-TEM-SUPPORT-50-4"",""score"":19,""on"":[""data final (0d)"",""desc~0.16""],""ref"":""PO00032588"",""desc"":""extra suport 2023 rocsc/oni""},{""pn"":""ORO-TEM-DEV-79"",""score"":16,""on"":[""data est. close (7d)""],""ref"":""PO00032531-1"",""desc"":""extra dev poligon""},{""pn"":""ORO-TEM-DEV-100"",""score"":16,""on"":[""data final (0d)""],""ref"":""PO00032455"",""desc"":""extra dev tem""}]",
accounting:BT.BIT 535,BT.BIT 535,AMBER STUDIO S.A.,exact,2023-09-15,RON,storno,3300,29344.12,DETERMINISTIC,HIGH,RED-PEN-B-E-B-15,269/05.07.2023,,2023,BSS,servicii de va + pentest,SERVICII CONFORM CONTRACT 269 DIN 05.07.2023 SERVICII CONFORM CONTRACT 269 DIN 05.07.2023 Stornare factura 508/12.07.2023 (3.300 euro+TVA la cursul BNR reprezen,1,org exact; unique part# via contract 269/508; storno,"[{""pn"":""RED-PEN-B-E-B-15"",""score"":100,""on"":[""contract#""],""ref"":""269/05.07.2023"",""desc"":""servicii de va + pentest""}]",
accounting:BT.BIT 536,BT.BIT 536,CUSTIFY SRL,exact,2023-09-22,RON,,3036,17946.78,SCORED,HIGH,RED-PEN-S-WB-1,223/17.05.2022,final,2023,BSS,pentest web app,SERVICII CONFORM CONTRACT 223/17.05.2022 SERVICII CONFORM CONTRACT 223/17.05.2022 3.036 euro+TVA la cursul BNR conform anexei nr.1 din 02.08.2023,5,"org exact; score=95 margin=30 on [contract#, amount~final, data final (0d)]; 1 distinct part# near top","[{""pn"":""RED-PEN-S-WB-1"",""score"":95,""on"":[""contract#"",""amount~final"",""data final (0d)""],""ref"":""223/17.05.2022"",""desc"":""pentest web app""},{""pn"":""RED-PEN-S-WB-1"",""score"":65,""on"":[""contract#"",""amount~final"",""data avans (334d)""],""ref"":""223/17.05.2022"",""desc"":""pentest web app""},{""pn"":""RED-PEN-S-WB-1"",""score"":62,""on"":[""contract#"",""amount~final""],""ref"":""223/17.05.2022"",""desc"":""pentest web app""}]",
accounting:BT.BIT 537,BT.BIT 537,KAUFLAND ROMANIA SCS,none,2023-09-29,RON,,,29690.5,UNRESOLVED,NONE,,,,,,,"REDT-672: FOLLOW-UP BLACK BOX EXTERNAL REDT-672: FOLLOW-UP BLACK BOX EXTERNAL Comanda nr.: 7200456630 din 28.09.2023, Resp. comanda: Emanuel Boroghina",0,org not found in tracker,[],
accounting:BT.BIT 538,BT.BIT 538,SILKWEB S.A.,exact,2023-10-02,RON,,625,3699.71,DETERMINISTIC,HIGH,RED-PEN-S-G-1,195/29.06.2021,,2021,BSS,pentest web app greybox,SERVICII conform Act aditional nr 4 din 23.03.2023 SERVICII conform Act aditional nr 4 din 23.03.2023 Contract Nr. 195/29.06.2021 (625 euro+TVA la cursul BNR ),1,org exact; unique part# via contract 195,"[{""pn"":""RED-PEN-S-G-1"",""score"":100,""on"":[""contract#""],""ref"":""195/29.06.2021"",""desc"":""pentest web app greybox""}]",
accounting:BT.BIT 539,BT.BIT 539,SILKWEB S.A.,exact,2023-10-02,RON,,1350,7991.37,DETERMINISTIC,HIGH,RED-PEN-S-G-1,195/29.06.2021,,2021,BSS,pentest web app greybox,SERVICII conform Act aditional nr 3 din 23.03.2023 SERVICII conform Act aditional nr 3 din 23.03.2023 CONTRACT DE PRESTARI SERVICII Nr. 195/29.06.2021(1.350 eur,1,org exact; unique part# via contract 195,"[{""pn"":""RED-PEN-S-G-1"",""score"":100,""on"":[""contract#""],""ref"":""195/29.06.2021"",""desc"":""pentest web app greybox""}]",
accounting:BT.BIT 540,BT.BIT 540,UNITED MEDIA SERVICES SRL,exact,2023-10-02,RON,,350,2071.84,DETERMINISTIC,HIGH,RED-PEN-B-I-BP-50,177/08.12.2020,,2020,BSS,SERVICII DE SECURITATE INFORMATICA,SERVICII ACT ADITIONAL NR. 1 DIN 03.11.2021 CONTRACT SERVICII ACT ADITIONAL NR. 1 DIN 03.11.2021 CONTRACT DE PRESTARI SERVICII Nr. 177/08.12.2020 (350 Euro+TVA ,1,org exact; unique part# via contract 177,"[{""pn"":""RED-PEN-B-I-BP-50"",""score"":100,""on"":[""contract#""],""ref"":""177/08.12.2020"",""desc"":""SERVICII DE SECURITATE INFORMATICA""}]",
accounting:BT.BIT 541,BT.BIT 541,KEYSIGHT TECHNOLOGIES RO SRL,exact,2023-10-02,RON,,19800,117206.81,SCORED,MEDIUM,KS-MM-RD-3,NO. 4 OF 04.10.2022,final,2022,BSS,RECURRENT INFORMATION SECURITY SERVICES,Penetration testing services for october 2023 Penetration testing services for october 2023 Purchase Order Number 9068002303( 19.800 euro+TVA la cursul BNR),25,"org exact; score=46 margin=15 on [amount~final, data final (26d)]; 1 distinct part# near top","[{""pn"":""KS-MM-RD-3"",""score"":46,""on"":[""amount~final"",""data final (26d)""],""ref"":""NO. 4 OF 04.10.2022"",""desc"":""RECURRENT INFORMATION SECURITY SERVICES""},{""pn"":""KS-MM-RD-2"",""score"":31,""on"":[""amount~final"",""data final (90d)""],""ref"":""NO. 4 OF 04.10.2022"",""desc"":""RECURRENT INFORMATION SECURITY SERVICES""},{""pn"":""KS-MM-RD-3"",""score"":26,""on"":[""amount~final"",""data final (266d)""],""ref"":""NO. 3 OF 20.09.2021"",""desc"":""RECURRENT INFORMATION SECURITY SERVICES""}]",
accounting:BT.BIT 542,BT.BIT 542,ORANGE ROMANIA SA,exact,2023-10-02,RON,,,11099.13,SCORED,LOW,ORO-TEM-SUPPORT-50-4,PO00032588,,2023,BSS,extra suport 2023 rocsc/oni,"Servicii suport TEM L2/L3 Servicii suport TEM L2/L3 PO00025528 , Data de livrare: 31-08-2023",64,"org exact; score=21 margin=4 on [data final (24d), desc~0.25]; 9 distinct part# near top","[{""pn"":""ORO-TEM-SUPPORT-50-4"",""score"":21,""on"":[""data final (24d)"",""desc~0.25""],""ref"":""PO00032588"",""desc"":""extra suport 2023 rocsc/oni""},{""pn"":""ORO-TEM-DEV-79"",""score"":17,""on"":[""data est. close (17d)""],""ref"":""PO00032531-1"",""desc"":""extra dev poligon""},{""pn"":""ORO-TEM-DEV-100"",""score"":17,""on"":[""data final (24d)""],""ref"":""PO00032455"",""desc"":""extra dev tem""}]",
accounting:BT.BIT 543,BT.BIT 543,SELGROS CASH & CARRY SRL,exact,2023-10-02,RON,,500,2959.77,SCORED,HIGH,CONSULTANCY-MISC-10,234/15.11.2022,final,2022,BSS,SERVICII RECURENTE DE SECURITATE INFORMATICA - Consultancy Services,ANEXA 2 – SERVICII RECURENTE DE SECURITATE INFORMATICA ANEXA 2 – SERVICII RECURENTE DE SECURITATE INFORMATICA On-call Incident Response Contract Nr. 234/15.11.2,25,"org exact; score=87 margin=26 on [contract#, amount~final, data final (215d), desc~0.17]; 1 distinct part# near top","[{""pn"":""CONSULTANCY-MISC-10"",""score"":87,""on"":[""contract#"",""amount~final"",""data final (215d)"",""desc~0.17""],""ref"":""234/15.11.2022"",""desc"":""SERVICII RECURENTE DE SECURITATE INFORMATICA - Consultancy S""},{""pn"":""BLUE-IR-OC-5"",""score"":61,""on"":[""contract#"",""data final (215d)"",""desc~0.32""],""ref"":""234/15.11.2022"",""desc"":""SERVICII RECURENTE DE SECURITATE INFORMATICA - On-call Incid""},{""pn"":""RED-AUDIT-A-20"",""score"":56,""on"":[""contract#"",""data est. close (254d)""],""ref"":""234/15.11.2022"",""desc"":""SERVICII DE SECURITATE INFORMATICA""}]",
accounting:BT.BIT 544,BT.BIT 544,SELGROS CASH & CARRY SRL,exact,2023-10-02,RON,,1000,5919.54,SCORED,MEDIUM,CONSULTANCY-MISC-10,234/15.11.2022,,2022,BSS,SERVICII RECURENTE DE SECURITATE INFORMATICA - Consultancy Services,ANEXA 3 – SERVICII RECURENTE DE SECURITATE INFORMATICA ANEXA 3 – SERVICII RECURENTE DE SECURITATE INFORMATICA Consultancy Services Contract Nr. 234/15.11.2022 p,25,"org exact; score=60 margin=3 on [contract#, data final (215d), desc~0.29]; 4 distinct part# near top","[{""pn"":""CONSULTANCY-MISC-10"",""score"":60,""on"":[""contract#"",""data final (215d)"",""desc~0.29""],""ref"":""234/15.11.2022"",""desc"":""SERVICII RECURENTE DE SECURITATE INFORMATICA - Consultancy S""},{""pn"":""BLUE-IR-OC-5"",""score"":57,""on"":[""contract#"",""data final (215d)"",""desc~0.17""],""ref"":""234/15.11.2022"",""desc"":""SERVICII RECURENTE DE SECURITATE INFORMATICA - On-call Incid""},{""pn"":""RED-AUDIT-A-20"",""score"":56,""on"":[""contract#"",""data est. close (254d)""],""ref"":""234/15.11.2022"",""desc"":""SERVICII DE SECURITATE INFORMATICA""}]",
accounting:BT.BIT 545,BT.BIT 545,UNIVERSITATEA DE VEST TIMISOARA,exact,2023-10-02,RON,,,142800,SCORED,LOW,CYBEREDU-SM-Y-50-24,4783.2023.07.18,,2023,BSS,Abonare la pachetul software CyberEDU de tip cyber-range-as-a-service,SERVICII DE ABONARE LA PACHETUL SOFTWARE CYBEREDU DE TIP SERVICII DE ABONARE LA PACHETUL SOFTWARE CYBEREDU DE TIP CYBER-RANGE-AS-A-SERVICE PENTRU DEZVOLTAREA CA,1,"org exact; score=25 margin=25 on [data final (0d), desc~0.38]; 1 distinct part# near top","[{""pn"":""CYBEREDU-SM-Y-50-24"",""score"":25,""on"":[""data final (0d)"",""desc~0.38""],""ref"":""4783.2023.07.18"",""desc"":""Abonare la pachetul software CyberEDU de tip cyber-range-as-""}]",
accounting:BT.BIT 546,BT.BIT 546,NESTLERS & PARTNERS SRL,exact,2023-10-06,RON,avans,1668,9851.36,SCORED,HIGH,RED-PEN-B-E-B-5,273/02.10.2023,avans,2023,BSS,servicii de pentest,SERVICII CONFORM CONTRACT 273/02.10.2023 SERVICII CONFORM CONTRACT 273/02.10.2023 Avans 1.668 euro+TVA la cursul BNR,3,"org exact; score=103 margin=48 on [contract#, amount~avans, data avans (0d)]; 1 distinct part# near top; avans","[{""pn"":""RED-PEN-B-E-B-5"",""score"":103,""on"":[""contract#"",""amount~avans"",""data avans (0d)""],""ref"":""273/02.10.2023"",""desc"":""servicii de pentest""},{""pn"":""BLUE-MDR-C-5"",""score"":55,""on"":[""contract#"",""data avans (166d)""],""ref"":""Nr. 273/02.10.2023"",""desc"":""servicii de MDR""},{""pn"":""BLUE-MDR-C-5"",""score"":55,""on"":[""contract#"",""data final (221d)""],""ref"":""Nr. 273/02.10.2023"",""desc"":""servicii de MDR""}]",
accounting:BT.BIT 547,BT.BIT 547,ADM ROMANIA LOGISTICS S.R.L.,exact,2023-10-10,RON,,4500,26590.79,SCORED,LOW,RED-NIS-C-PEN-100,272/28.08.2023,,2023,BSS,servicii de audit + pentest nis,SERVICII CONFORM ART 3.9.2 DIN CONTRACT SERVICII CONFORM ART 3.9.2 DIN CONTRACT 4.500 euro+TVA la cursul BNR reprezentand 30% din total,2,org exact; score=9 margin=0 on [data avans (35d)]; 2 distinct part# near top,"[{""pn"":""RED-NIS-C-PEN-100"",""score"":9,""on"":[""data avans (35d)""],""ref"":""272/28.08.2023"",""desc"":""servicii de audit + pentest nis""},{""pn"":""RED-NIS-C-AUDIT-100"",""score"":9,""on"":[""data avans (35d)""],""ref"":""272/28.08.2023"",""desc"":""servicii de audit + pentest nis""}]",
accounting:BT.BIT 548,BT.BIT 548,CARREFOUR ROMANIA SA,exact,2023-11-01,RON,,,44340.29,SCORED,LOW,RED-AUDIT-A-3,NR. 1 DIN 19.06.2023,,2023,BSS,On-premise network assessment 3 locatii,Infrastructure and store audit services Infrastructure and store audit services Comanda de aprovizionare: 2110021828 ACT ADITIONAL NR.1 DIN 01.09.2023 LA CONTRA,7,org exact; score=16 margin=13 on [data final (2d)]; 1 distinct part# near top,"[{""pn"":""RED-AUDIT-A-3"",""score"":16,""on"":[""data final (2d)""],""ref"":""NR. 1 DIN 19.06.2023"",""desc"":""On-premise network assessment 3 locatii""},{""pn"":""RED-PEN-S-B-1"",""score"":3,""on"":[""data final (321d)""],""ref"":""1024CRF / 18.10.2022"",""desc"":""portal furnizor""},{""pn"":""RED-PEN-B-I-B-20"",""score"":3,""on"":[""data final (244d)""],""ref"":""26.4.2024"",""desc"":""servicii de pentest""}]",
accounting:BT.BIT 549,BT.BIT 549,COLUMBUS OPERATIONAL SRL,none,2023-11-01,RON,,,46524.24,UNRESOLVED,NONE,,,,,,,Infrastructure and store audit services Infrastructure and store audit services Comanda de aprovizionare: 2110100232 CONTRACT NR.320 COL OP din 01.09.2023,0,org not found in tracker,[],
accounting:BT.BIT 550,BT.BIT 550,SUPECO INVESTMENT SRL,none,2023-11-01,RON,,,46524.24,UNRESOLVED,NONE,,,,,,,Infrastructure and store audit services Infrastructure and store audit services Comanda de aprovizionare: 2110100231 CONTRACT 0321SUP din 01.09.2023,0,org not found in tracker,[],
accounting:BT.BIT 551,BT.BIT 551,ORANGE ROMANIA SA,exact,2023-10-31,RON,,2200,290672.66,SCORED,LOW,PHISH-P-L-YY-A-15000,Anexa 4 PO00034623,,2023,BSS,licenta anuala phish,BSS Fendly IP/Domain Reputation Scanner BSS Fendly IP/Domain Reputation Scanner 2.200 euro+TVA la cursul BNR | BSS Fendly RBL Scanner | BSS Fendly RBL Scanner |,45,org exact; score=17 margin=0 on [data final (0d)]; 12 distinct part# near top,"[{""pn"":""PHISH-P-L-YY-A-15000"",""score"":17,""on"":[""data final (0d)""],""ref"":""Anexa 4 PO00034623"",""desc"":""licenta anuala phish""},{""pn"":""ORO-TEM-L-10000"",""score"":17,""on"":[""data final (0d)""],""ref"":""Anexa 4 PO00034623"",""desc"":""licenta anuala fendly""},{""pn"":""ORO-TEM-DEV-240"",""score"":15,""on"":[""data final (29d)""],""ref"":""Anexa 5 PO00034623"",""desc"":""Gestionarea modificărilor și solicitările de\nservicii noi""}]","[{""service"":""BSS Fendly IP/Domain Reputation Scanner | BSS Fendly IP/Doma"",""partNumber"":""ORO-TEM-L-10000"",""score"":17,""on"":[""data final (0d)""]},{""service"":""BSS Fendly RBL Scanner | BSS Fendly RBL Scanner | 2.200 euro"",""partNumber"":""ORO-TEM-L-10000"",""score"":17,""on"":[""data final (0d)""]},{""service"":""BSS Fendly SSL Vulnerability Scanner | BSS Fendly SSL Vulner"",""partNumber"":""ORO-TEM-L-10000"",""score"":17,""on"":[""data final (0d)""]},{""service"":""Fendly Discovery Scanner | Fendly Discovery Scanner | 4.400 "",""partNumber"":""ORO-TEM-DEV-100"",""score"":22,""on"":[""amount~final""]},{""service"":""Fendly Network Pro Scanner | Fendly Network Pro Scanner | 6."",""partNumber"":""ORO-TEM-DEV-50"",""score"":30,""on"":[""amount~final"",""data final (72d)""]},{""service"":""Fendly Web Pro Scanner | Fendly Web Pro Scanner | 5.500 euro"",""partNumber"":""RED-PEN-B-I-B-20"",""score"":22,""on"":[""amount~final""]},{""service"":""Licenta Phish Enterprise pentru 30 clienti | Licenta Phish E"",""partNumber"":""ORO-TEM-L-10000"",""score"":47,""on"":[""amount~final"",""data final (0d)""]}]"
accounting:BT.BIT 552,BT.BIT 552,CAPITAL FINANCIAL SERVICES SA,exact,2023-11-01,RON,,6800,40192.15,SCORED,MEDIUM,RED-VA-I-S-100,262/05.04.2023,,2023,BSS,SERVICII DE EVALUARE VULNERABILITATI RETEA INTERNA,SERVICII DE SECURITATE CIBERNETICA ACT ADITIONAL NR.1 SERVICII DE SECURITATE CIBERNETICA ACT ADITIONAL NR.1 LA CONTRACT NR.262 DIN 05.04.2023( 6.800 euro +TVA l,9,"org exact; score=59 margin=0 on [contract#, data final (120d)]; 3 distinct part# near top","[{""pn"":""RED-VA-I-S-100"",""score"":59,""on"":[""contract#"",""data final (120d)""],""ref"":""262/05.04.2023"",""desc"":""SERVICII DE EVALUARE VULNERABILITATI RETEA INTERNA""},{""pn"":""RED-PEN-B-I-B-100"",""score"":59,""on"":[""contract#"",""data final (120d)""],""ref"":""262/05.04.2023"",""desc"":""DESCRIERE SERVICII IDENTIFICARE SI EVALUARE VULNERABILITATI""},{""pn"":""RED-VA-E-B-100"",""score"":59,""on"":[""contract#"",""data final (120d)""],""ref"":""262/05.04.2023"",""desc"":""SERVICII DE EVALUARE VULNERABILITATI RETEA INTERNA""}]",
accounting:BT.BIT 553,BT.BIT 553,BANCA COMERCIALA ROMANA SA,exact,2023-11-02,RON,,15664,92628.55,SCORED,MEDIUM,RED-PEN-S-B-11,4048766,final,2023,BSS,Descrierea Serviciilor Propuse si a Batch-urilor de aplicatii,Pen-tests conform contract 4048766 Pen-tests conform contract 4048766 Comanda aprovizionare 6000004980 /28.07.2023; Perioada de furnizare 04.05.2023 - 31.10.202,3,"org exact; score=46 margin=30 on [amount~final, data final (0d)]; 1 distinct part# near top","[{""pn"":""RED-PEN-S-B-11"",""score"":46,""on"":[""amount~final"",""data final (0d)""],""ref"":""4048766"",""desc"":""Descrierea Serviciilor Propuse si a Batch-urilor de aplicati""},{""pn"":""RED-PEN-S-B-11"",""score"":16,""on"":[""data est. close (13d)""],""ref"":""4048766"",""desc"":""Descrierea Serviciilor Propuse si a Batch-urilor de aplicati""},{""pn"":""RED-PEN-S-B-11"",""score"":4,""on"":[""data final (217d)""],""ref"":""PO 6000010413"",""desc"":""servicii de pentest""}]",
accounting:BT.BIT 554,BT.BIT 554,NESTLERS & PARTNERS SRL,exact,2023-11-06,RON,storno,1668,14808.79,SCORED,HIGH,RED-PEN-B-E-B-5,273/02.10.2023,avans,2023,BSS,servicii de pentest,SERVICII CONFORM CONTRACT 273/02.10.2023 SERVICII CONFORM CONTRACT 273/02.10.2023 Stornare factura 546/06.10.2023(Avans 1.668 euro+TVA la cursul BNR Storneaza f,3,"org exact; score=96 margin=42 on [contract#, amount~avans, data avans (31d)]; 1 distinct part# near top; storno","[{""pn"":""RED-PEN-B-E-B-5"",""score"":96,""on"":[""contract#"",""amount~avans"",""data avans (31d)""],""ref"":""273/02.10.2023"",""desc"":""servicii de pentest""},{""pn"":""BLUE-MDR-C-5"",""score"":54,""on"":[""contract#"",""data avans (135d)""],""ref"":""Nr. 273/02.10.2023"",""desc"":""servicii de MDR""},{""pn"":""BLUE-MDR-C-5"",""score"":54,""on"":[""contract#"",""data final (190d)""],""ref"":""Nr. 273/02.10.2023"",""desc"":""servicii de MDR""}]","[{""service"":""SERVICII CONFORM CONTRACT 273/02.10.2023 | SERVICII CONFORM "",""partNumber"":""RED-PEN-B-E-B-5"",""score"":96,""on"":[""contract#"",""amount~avans"",""data avans (31d)""]},{""service"":""SERVICII CONFORM CONTRACT 273/02.10.2023 | SERVICII CONFORM "",""partNumber"":""RED-PEN-B-E-B-5"",""score"":96,""on"":[""contract#"",""amount~avans"",""data avans (31d)""]}]"
accounting:BT.BIT 555,BT.BIT 555,SILKWEB S.A.,exact,2023-11-06,RON,,625,3696.07,DETERMINISTIC,HIGH,RED-PEN-S-G-1,195/29.06.2021,,2021,BSS,pentest web app greybox,SERVICII conform Act aditional nr 4 din 23.03.2023 SERVICII conform Act aditional nr 4 din 23.03.2023 Contract Nr. 195/29.06.2021 (625 euro+TVA la cursul BNR ),1,org exact; unique part# via contract 195,"[{""pn"":""RED-PEN-S-G-1"",""score"":100,""on"":[""contract#""],""ref"":""195/29.06.2021"",""desc"":""pentest web app greybox""}]",
accounting:BT.BIT 556,BT.BIT 556,SILKWEB S.A.,exact,2023-11-06,RON,,1350,7983.5,DETERMINISTIC,HIGH,RED-PEN-S-G-1,195/29.06.2021,,2021,BSS,pentest web app greybox,SERVICII conform Act aditional nr 3 din 23.03.2023 SERVICII conform Act aditional nr 3 din 23.03.2023 CONTRACT DE PRESTARI SERVICII Nr. 195/29.06.2021(1.350 eur,1,org exact; unique part# via contract 195,"[{""pn"":""RED-PEN-S-G-1"",""score"":100,""on"":[""contract#""],""ref"":""195/29.06.2021"",""desc"":""pentest web app greybox""}]",
accounting:BT.BIT 557,BT.BIT 557,UNITED MEDIA SERVICES SRL,exact,2023-11-06,RON,,350,2069.8,DETERMINISTIC,HIGH,RED-PEN-B-I-BP-50,177/08.12.2020,,2020,BSS,SERVICII DE SECURITATE INFORMATICA,SERVICII ACT ADITIONAL NR. 1 DIN 03.11.2021 CONTRACT SERVICII ACT ADITIONAL NR. 1 DIN 03.11.2021 CONTRACT DE PRESTARI SERVICII Nr. 177/08.12.2020 (350 Euro+TVA ,1,org exact; unique part# via contract 177,"[{""pn"":""RED-PEN-B-I-BP-50"",""score"":100,""on"":[""contract#""],""ref"":""177/08.12.2020"",""desc"":""SERVICII DE SECURITATE INFORMATICA""}]",
accounting:BT.BIT 558,BT.BIT 558,KEYSIGHT TECHNOLOGIES RO SRL,exact,2023-11-06,RON,,,74487.2,SCORED,LOW,KS-MM-RD-3,NO. 4 OF 04.10.2022,,2022,BSS,RECURRENT INFORMATION SECURITY SERVICES,Penetration testing services for November 2023 – Penetration testing services for November 2023 – Purchase Order Number 9068002303 | Penetration testing service,25,org exact; score=10 margin=5 on [data final (61d)]; 2 distinct part# near top,"[{""pn"":""KS-MM-RD-3"",""score"":10,""on"":[""data final (61d)""],""ref"":""NO. 4 OF 04.10.2022"",""desc"":""RECURRENT INFORMATION SECURITY SERVICES""},{""pn"":""KS-MM-RD-3"",""score"":5,""on"":[""data final (301d)""],""ref"":""NO. 3 OF 20.09.2021"",""desc"":""RECURRENT INFORMATION SECURITY SERVICES""},{""pn"":""KS-MM-RD-2"",""score"":5,""on"":[""data final (125d)""],""ref"":""NO. 4 OF 04.10.2022"",""desc"":""RECURRENT INFORMATION SECURITY SERVICES""}]","[{""service"":""Penetration testing services for November 2023 – | Penetrati"",""partNumber"":""KS-MM-RD-3"",""score"":10,""on"":[""data final (61d)""]},{""service"":""Penetration testing services for November 2023 | Penetration"",""partNumber"":""KS-MM-RD-3"",""score"":10,""on"":[""data final (61d)""]}]"
accounting:BT.BIT 559,BT.BIT 559,ORANGE ROMANIA SA,exact,2023-11-06,RON,,1875,11088.2,SCORED,MEDIUM,ORO-TEM-SUPPORT-50-12,PO 00025528,final,2023,BSS,tem support,Servicii suport TEM L2/L3 Data de livrare: 31-10-2023 Servicii suport TEM L2/L3 Data de livrare: 31-10-2023 PO00025528( 1.875 euro+TVA la cursul BNR),64,"org exact; score=35 margin=17 on [amount~final, data final (126d)]; 1 distinct part# near top","[{""pn"":""ORO-TEM-SUPPORT-50-12"",""score"":35,""on"":[""amount~final"",""data final (126d)""],""ref"":""PO 00025528"",""desc"":""tem support""},{""pn"":""ORO-TEM-DEV-240"",""score"":18,""on"":[""data final (23d)""],""ref"":""Anexa 5 PO00034623"",""desc"":""Gestionarea modificărilor și solicitările de\nservicii noi""},{""pn"":""ORO-TEM-L-10000"",""score"":16,""on"":[""data final (6d)""],""ref"":""Anexa 4 PO00034623"",""desc"":""licenta anuala fendly""}]",
accounting:BT.BIT 560,BT.BIT 560,ADM ROMANIA LOGISTICS S.R.L.,exact,2023-11-17,RON,storno,15500,29783.14,SCORED,LOW,RED-NIS-C-AUDIT-100,272/28.08.2023,,2023,BSS,servicii de audit + pentest nis,SERVICII DE AUDIT NIS SERVICII DE AUDIT NIS 15.500 euro+TVA la cursul BNR conform articolul 3.9.2 | STORNO FACTURA AVANS BT BIT 527/05.09.2023 | STORNO FACTURA ,2,org exact; score=19 margin=1 on [data final (0d)]; 2 distinct part# near top; storno,"[{""pn"":""RED-NIS-C-AUDIT-100"",""score"":19,""on"":[""data final (0d)""],""ref"":""272/28.08.2023"",""desc"":""servicii de audit + pentest nis""},{""pn"":""RED-NIS-C-PEN-100"",""score"":18,""on"":[""data final (0d)""],""ref"":""272/28.08.2023"",""desc"":""servicii de audit + pentest nis""}]","[{""service"":""SERVICII DE AUDIT NIS | SERVICII DE AUDIT NIS | 15.500 euro+"",""partNumber"":""RED-NIS-C-AUDIT-100"",""score"":21,""on"":[""data final (0d)"",""desc~0.23""]},{""service"":""STORNO FACTURA AVANS BT BIT 527/05.09.2023 | STORNO FACTURA "",""partNumber"":""RED-NIS-C-AUDIT-100"",""score"":27,""on"":[""amount~final"",""data final (0d)""]},{""service"":""STORNO  FACTURA BT.BIT 547/10.10.2023 | STORNO  FACTURA BT.B"",""partNumber"":""RED-NIS-C-PEN-100"",""score"":15,""on"":[""data final (0d)""]}]"
accounting:BT.BIT 561,BT.BIT 561,ACCESA IT SYSTEMS SRL,exact,2023-11-20,RON,avans,3300,19521.51,DETERMINISTIC,HIGH,RED-PEN-B-I-B-30,230/18.07.2022,,2022,BSS,pentest intern,SERVICII CONFORM ACT ACT ADITIONAL 1/08.11.2023 LA CONTRACT SERVICII CONFORM ACT ACT ADITIONAL 1/08.11.2023 LA CONTRACT nr.230/18.07.2022(avans 3.300 euro+TVA l,2,org exact; unique part# via contract 230; avans,"[{""pn"":""RED-PEN-B-I-B-30"",""score"":100,""on"":[""contract#""],""ref"":""230/18.07.2022"",""desc"":""pentest intern""},{""pn"":""RED-PEN-B-I-B-30"",""score"":100,""on"":[""contract#""],""ref"":""230/18.07.2022"",""desc"":""servicii de pentest""}]",
accounting:BT.BIT 562,BT.BIT 562,SELGROS CASH & CARRY SRL,exact,2023-11-29,RON,,12399,73369.77,SCORED,MEDIUM,PHISH-P-L-FM-F-2500-12,"1 x Phish Enterprise Administrat complet pentru 2.500 de angajați 1 x Asistență de bază, capacitatea detaliată și taxele suplimentare sunt descrise în Anexa C",final,2023,BSS,"1 x Phish Enterprise Administrat complet pentru 2.500 de angajați 1 x Asistență de bază, capacitatea detaliată și taxele",Servicii conform ACT ADITIONAL NR. 1 din 6.11.2023 la contra Servicii conform ACT ADITIONAL NR. 1 din 6.11.2023 la contra 12.399 euro+TVA la cursul BNR,25,"org exact; score=45 margin=40 on [amount~final, data final (6d)]; 1 distinct part# near top","[{""pn"":""PHISH-P-L-FM-F-2500-12"",""score"":45,""on"":[""amount~final"",""data final (6d)""],""ref"":""1 x Phish Enterprise Administrat complet"",""desc"":""1 x Phish Enterprise Administrat complet pentru 2.500 de ang""},{""pn"":""RED-AUDIT-A-20"",""score"":5,""on"":[""data est. close (196d)""],""ref"":""234/15.11.2022"",""desc"":""SERVICII DE SECURITATE INFORMATICA""},{""pn"":""RED-PEN-B-I-BP-200"",""score"":4,""on"":[""data avans (149d)""],""ref"":""234/15.11.2022"",""desc"":""SERVICII DE SECURITATE INFORMATICA""}]",
accounting:BT.BIT 563,BT.BIT 563,ORANGE ROMANIA SA,exact,2023-11-29,RON,,27000,159769.64,SCORED,MEDIUM,ORO-TEM-DEV-240,Anexa 5 PO00034623,final,2023,BSS,Gestionarea modificărilor și solicitările de servicii noi,"Implementare modificari si servicii noi Implementare modificari si servicii noi 27.000 euro +TVA la cursul BNR conform Nr Notificare C1219483, Nr PO PO00034623,",46,"org exact; score=47 margin=10 on [amount~final, data final (0d)]; 2 distinct part# near top","[{""pn"":""ORO-TEM-DEV-240"",""score"":47,""on"":[""amount~final"",""data final (0d)""],""ref"":""Anexa 5 PO00034623"",""desc"":""Gestionarea modificărilor și solicitările de\nservicii noi""},{""pn"":""ORO-TEM-L-10000"",""score"":37,""on"":[""amount~final"",""data final (29d)""],""ref"":""Anexa 4 PO00034623"",""desc"":""licenta anuala fendly""},{""pn"":""ORO-TEM-L-10000"",""score"":25,""on"":[""amount~final"",""data final (310d)""],""ref"":""Anexa 4 PO00062656"",""desc"":""licenta anuala fendly""}]",
accounting:BT.BIT 564,BT.BIT 564,ELGEKA - FERFELIS ROMANIA SA,exact,2023-12-06,RON,,1980,11705.84,DETERMINISTIC,HIGH,RED-PEN-B-I-BP-150,233/28.10.2022,,2022,BSS,servicii de penetration testing,SERVICII CONFORM CONTRACT 233/28.10.2022(EFR 3593/01.11.2022 SERVICII CONFORM CONTRACT 233/28.10.2022(EFR 3593/01.11.2022 1.980 euro+TVA la cursul BNR reprezent,1,org exact; unique part# via contract 233/3593,"[{""pn"":""RED-PEN-B-I-BP-150"",""score"":100,""on"":[""contract#""],""ref"":""233/28.10.2022"",""desc"":""servicii de penetration testing""}]",
accounting:BT.BIT 565,BT.BIT 565,ACCESA IT SYSTEMS SRL,exact,2023-12-07,RON,storno,3300,29250.85,DETERMINISTIC,HIGH,RED-PEN-B-I-B-30,230/18.07.2022,,2022,BSS,pentest intern,SERVICII CONFORM ACT ACT ADITIONAL 1/08.11.2023 LA CONTRACT SERVICII CONFORM ACT ACT ADITIONAL 1/08.11.2023 LA CONTRACT nr.230/18.07.2022(avans 3.300 euro+TVA l,2,org exact; unique part# via contract 230/561; storno,"[{""pn"":""RED-PEN-B-I-B-30"",""score"":100,""on"":[""contract#""],""ref"":""230/18.07.2022"",""desc"":""pentest intern""},{""pn"":""RED-PEN-B-I-B-30"",""score"":100,""on"":[""contract#""],""ref"":""230/18.07.2022"",""desc"":""servicii de pentest""}]",
accounting:BT.BIT 566,BT.BIT 566,ORANGE ROMANIA SA,exact,2023-12-11,RON,,12150,71825.49,SCORED,MEDIUM,RED-PEN-B-I-B-50,PO00037565-1,final,2023,BSS,Pentest - Impuls Leasing,Penetration Testing Services Pro Tier Penetration Testing Services Pro Tier ( 2 Seniors + 1 Mid =10 WD) - IMPULS LEASING ROMANIA IFN SA; 12.150 euro+TVA la curs,48,"org exact; score=47 margin=9 on [amount~final, data final (1d)]; 2 distinct part# near top","[{""pn"":""RED-PEN-B-I-B-50"",""score"":47,""on"":[""amount~final"",""data final (1d)""],""ref"":""PO00037565-1"",""desc"":""Pentest - Impuls Leasing""},{""pn"":""ORO-TEM-DEV-100"",""score"":38,""on"":[""amount~final"",""data final (94d)""],""ref"":""PO00032455"",""desc"":""extra dev tem""},{""pn"":""RED-MISC-10"",""score"":22,""on"":[""amount~final""],""ref"":""PO 40448315"",""desc"":""teste de tip pentest stress test""}]",
accounting:BT.BIT 567,BT.BIT 567,BANCA COMERCIALA ROMANA SA,exact,2023-12-11,RON,,5500,32513.6,SCORED,MEDIUM,RED-PEN-S-B-11,4048766,final,2023,BSS,Descrierea Serviciilor Propuse si a Batch-urilor de aplicatii,Pen-tests conform contract 4048766 Comanda aprovizionare Pen-tests conform contract 4048766 Comanda aprovizionare 6000008141 /22.11.2023; Perioada de furnizare ,3,"org exact; score=46 margin=37 on [amount~final, data final (1d)]; 1 distinct part# near top","[{""pn"":""RED-PEN-S-B-11"",""score"":46,""on"":[""amount~final"",""data final (1d)""],""ref"":""4048766"",""desc"":""Descrierea Serviciilor Propuse si a Batch-urilor de aplicati""},{""pn"":""RED-PEN-S-B-11"",""score"":9,""on"":[""data final (39d)""],""ref"":""4048766"",""desc"":""Descrierea Serviciilor Propuse si a Batch-urilor de aplicati""},{""pn"":""RED-PEN-S-B-11"",""score"":4,""on"":[""data final (178d)""],""ref"":""PO 6000010413"",""desc"":""servicii de pentest""}]",
accounting:BT.BIT 568,BT.BIT 568,SILKWEB S.A.,exact,2023-12-11,RON,,625,3694.73,DETERMINISTIC,HIGH,RED-PEN-S-G-1,195/29.06.2021,,2021,BSS,pentest web app greybox,SERVICII conform Act aditional nr 4 din 23.03.2023 SERVICII conform Act aditional nr 4 din 23.03.2023 Contract Nr. 195/29.06.2021 (625 euro+TVA la cursul BNR ),1,org exact; unique part# via contract 195,"[{""pn"":""RED-PEN-S-G-1"",""score"":100,""on"":[""contract#""],""ref"":""195/29.06.2021"",""desc"":""pentest web app greybox""}]",
accounting:BT.BIT 569,BT.BIT 569,SILKWEB S.A.,exact,2023-12-11,RON,,1350,7980.61,DETERMINISTIC,HIGH,RED-PEN-S-G-1,195/29.06.2021,,2021,BSS,pentest web app greybox,SERVICII conform Act aditional nr 3 din 23.03.2023 SERVICII conform Act aditional nr 3 din 23.03.2023 CONTRACT DE PRESTARI SERVICII Nr. 195/29.06.2021(1.350 eur,1,org exact; unique part# via contract 195,"[{""pn"":""RED-PEN-S-G-1"",""score"":100,""on"":[""contract#""],""ref"":""195/29.06.2021"",""desc"":""pentest web app greybox""}]",
accounting:BT.BIT 570,BT.BIT 570,UNITED MEDIA SERVICES SRL,exact,2023-12-11,RON,,350,2069.05,DETERMINISTIC,HIGH,RED-PEN-B-I-BP-50,177/08.12.2020,,2020,BSS,SERVICII DE SECURITATE INFORMATICA,SERVICII ACT ADITIONAL NR. 1 DIN 03.11.2021 CONTRACT SERVICII ACT ADITIONAL NR. 1 DIN 03.11.2021 CONTRACT DE PRESTARI SERVICII Nr. 177/08.12.2020 (350 Euro+TVA ,1,org exact; unique part# via contract 177,"[{""pn"":""RED-PEN-B-I-BP-50"",""score"":100,""on"":[""contract#""],""ref"":""177/08.12.2020"",""desc"":""SERVICII DE SECURITATE INFORMATICA""}]",
accounting:BT.BIT 571,BT.BIT 571,KEYSIGHT TECHNOLOGIES RO SRL,exact,2023-12-11,RON,,10800,63844.88,SCORED,LOW,KS-MM-RD-2,NO. 5 OF 04.10.2023,final,2023,BSS,RECURRENT INFORMATION SECURITY SERVICES,Penetration testing services for December 2023 Penetration testing services for December 2023 Purchase Order Number 9068002588 (10.800 euro+TVA la cursul BNR),25,"org exact; score=34 margin=3 on [amount~final, same year]; 1 distinct part# near top","[{""pn"":""KS-MM-RD-2"",""score"":34,""on"":[""amount~final"",""same year""],""ref"":""NO. 5 OF 04.10.2023"",""desc"":""RECURRENT INFORMATION SECURITY SERVICES""},{""pn"":""KS-MM-RD-2"",""score"":31,""on"":[""amount~final""],""ref"":""236Bis/25.04.2019"",""desc"":""RECURRENT INFORMATION SECURITY SERVICES""},{""pn"":""KS-MM-RD-2"",""score"":16,""on"":[""amount~final"",""data final (178d)""],""ref"":""NO. 5 OF 04.10.2023"",""desc"":""RECURRENT INFORMATION SECURITY SERVICES""}]",
accounting:BT.BIT 572,BT.BIT 572,ORANGE ROMANIA SA,exact,2023-12-11,RON,,1875,11084.18,SCORED,MEDIUM,ORO-TEM-SUPPORT-50-12,PO 00025528,final,2023,BSS,tem support,Servicii suport TEM L2/L3 Data de livrare: 31-11-2023 Servicii suport TEM L2/L3 Data de livrare: 31-11-2023 PO00025528 ( 1.875 euro+TVA la cursul BNR),64,"org exact; score=35 margin=17 on [amount~final, data final (161d)]; 1 distinct part# near top","[{""pn"":""ORO-TEM-SUPPORT-50-12"",""score"":35,""on"":[""amount~final"",""data final (161d)""],""ref"":""PO 00025528"",""desc"":""tem support""},{""pn"":""ORO-TEM-DEV-240"",""score"":18,""on"":[""data final (12d)""],""ref"":""Anexa 5 PO00034623"",""desc"":""Gestionarea modificărilor și solicitările de\nservicii noi""},{""pn"":""ORO-TEM-DEV-50"",""score"":17,""on"":[""data final (31d)""],""ref"":""PO00042373"",""desc"":""PO00042373""}]",
accounting:BT.BIT 573,BT.BIT 573,SELGROS CASH & CARRY SRL,exact,2023-12-11,RON,,250,1477.89,SCORED,HIGH,BLUE-IR-OC-5,234/15.11.2022,final,2022,BSS,SERVICII RECURENTE DE SECURITATE INFORMATICA - On-call Incident Response,ANEXA 2 – SERVICII RECURENTE DE SECURITATE INFORMATICA ANEXA 2 – SERVICII RECURENTE DE SECURITATE INFORMATICA On-call Incident Response Contract Nr. 234/15.11.2,25,"org exact; score=92 margin=34 on [contract#, amount~final, data final (285d), desc~0.37]; 1 distinct part# near top","[{""pn"":""BLUE-IR-OC-5"",""score"":92,""on"":[""contract#"",""amount~final"",""data final (285d)"",""desc~0.37""],""ref"":""234/15.11.2022"",""desc"":""SERVICII RECURENTE DE SECURITATE INFORMATICA - On-call Incid""},{""pn"":""CONSULTANCY-MISC-10"",""score"":58,""on"":[""contract#"",""data final (285d)"",""desc~0.19""],""ref"":""234/15.11.2022"",""desc"":""SERVICII RECURENTE DE SECURITATE INFORMATICA - Consultancy S""},{""pn"":""RED-AUDIT-A-20"",""score"":57,""on"":[""contract#"",""data est. close (184d)"",""desc~0.15""],""ref"":""234/15.11.2022"",""desc"":""SERVICII DE SECURITATE INFORMATICA""}]",
accounting:BT.BIT 574,BT.BIT 574,SELGROS CASH & CARRY SRL,exact,2023-12-11,RON,,500,2955.78,SCORED,HIGH,CONSULTANCY-MISC-10,234/15.11.2022,final,2022,BSS,SERVICII RECURENTE DE SECURITATE INFORMATICA - Consultancy Services,ANEXA 3 – SERVICII RECURENTE DE SECURITATE INFORMATICA ANEXA 3 – SERVICII RECURENTE DE SECURITATE INFORMATICA Consultancy Services Contract Nr. 234/15.11.2022 p,25,"org exact; score=91 margin=33 on [contract#, amount~final, data final (285d), desc~0.33]; 1 distinct part# near top","[{""pn"":""CONSULTANCY-MISC-10"",""score"":91,""on"":[""contract#"",""amount~final"",""data final (285d)"",""desc~0.33""],""ref"":""234/15.11.2022"",""desc"":""SERVICII RECURENTE DE SECURITATE INFORMATICA - Consultancy S""},{""pn"":""BLUE-IR-OC-5"",""score"":58,""on"":[""contract#"",""data final (285d)"",""desc~0.19""],""ref"":""234/15.11.2022"",""desc"":""SERVICII RECURENTE DE SECURITATE INFORMATICA - On-call Incid""},{""pn"":""RED-AUDIT-A-20"",""score"":57,""on"":[""contract#"",""data est. close (184d)"",""desc~0.16""],""ref"":""234/15.11.2022"",""desc"":""SERVICII DE SECURITATE INFORMATICA""}]",
accounting:BT.BIT 575,BT.BIT 575,CERTSIGN SA,exact,2023-12-11,RON,,15400,91038.07,SCORED,LOW,RED-PEN-B-I-BP-130,3,final,2023,BSS,pentest,SERVICII CONFORM CONTRACT 263/13.04.2023 SERVICII CONFORM CONTRACT 263/13.04.2023 15.400 euro+TVA la cursul BNR,11,"org exact; score=20 margin=5 on [amount~final, data final (39d)]; 5 distinct part# near top","[{""pn"":""RED-PEN-B-I-BP-130"",""score"":20,""on"":[""amount~final"",""data final (39d)""],""ref"":""3"",""desc"":""pentest""},{""pn"":""RED-PEN-M-G-1"",""score"":15,""on"":[""data final (0d)""],""ref"":""1"",""desc"":""pentest""},{""pn"":""RED-AUDIT-A-10"",""score"":15,""on"":[""data final (0d)""],""ref"":""263"",""desc"":""pentest si audit""}]",
accounting:BT.BIT 576,BT.BIT 576,CERTSIGN SA,exact,2023-12-11,RON,,2100,12414.28,SCORED,MEDIUM,,Nr. 178/19.01.2021 45/B77B/21013 C,,2021,BSS,-,Livrabile servicii de securitate informatica in conf. cu Livrabile servicii de securitate informatica in conf. cu Comanda 1/06.09.2023 la Contract prestari serv,13,org exact; score=50 margin=5 on [contract#]; 1 distinct part# near top,"[{""pn"":"""",""score"":50,""on"":[""contract#""],""ref"":""Nr. 178/19.01.2021 45/B77B/21013 C"",""desc"":""-""},{""pn"":""RED-PEN-M-G-1"",""score"":45,""on"":[""amount~final"",""data final (0d)""],""ref"":""1"",""desc"":""pentest""},{""pn"":""RED-PEN-B-I-BP-30"",""score"":33,""on"":[""amount~final"",""data final (362d)""],""ref"":""3"",""desc"":""pentest""}]",
accounting:BT.BIT 577,BT.BIT 577,CERTSIGN SA,exact,2023-12-11,RON,,1000,5911.56,SCORED,MEDIUM,,Nr. 178/19.01.2021 45/B77B/21013 C,,2021,BSS,-,Livrabile servicii de securitate informatica in conf. cu Livrabile servicii de securitate informatica in conf. cu Comanda 2/05.10.2023 la Contract prestari serv,11,org exact; score=50 margin=5 on [contract#]; 1 distinct part# near top,"[{""pn"":"""",""score"":50,""on"":[""contract#""],""ref"":""Nr. 178/19.01.2021 45/B77B/21013 C"",""desc"":""-""},{""pn"":""RED-PEN-M-G-1"",""score"":45,""on"":[""amount~final"",""data final (0d)""],""ref"":""2"",""desc"":""pentest""},{""pn"":""RED-PEN-B-I-BP-10"",""score"":33,""on"":[""amount~final"",""data final (362d)""],""ref"":""4"",""desc"":""pentest""}]",
accounting:BT.BIT 578,BT.BIT 578,DIGITAL ECONOMY DEVELOPMENT SRL,exact,2023-12-11,RON,,3840,22700.4,DETERMINISTIC,HIGH,RED-C-M-YY-12,207/14.12.2021,,2021,BSS,code review anul 2021,"SERVICII CONTRACT DE PRESTARI SERVICII, Nr. SERVICII CONTRACT DE PRESTARI SERVICII, Nr. 207/14.12.2021( 3.840 euro+TVA la cursul BNR",2,org exact; unique part# via contract 207,"[{""pn"":""RED-C-M-YY-12"",""score"":100,""on"":[""contract#""],""ref"":""207/14.12.2021"",""desc"":""code review anul 2021""},{""pn"":""RED-C-M-YY-12"",""score"":100,""on"":[""contract#""],""ref"":""207/14.12.2021"",""desc"":""code review lunar, plata trim""}]",
accounting:BT.BIT 579,BT.BIT 579,ORANGE ROMANIA SA,exact,2023-12-11,RON,,5900,34878.22,SCORED,MEDIUM,ORO-TEM-DEV-79,PO00032531-1,final,2023,BSS,extra dev poligon,Servicii de change requests Servicii de change requests Bon de comanda nr. PO00032531-1/07.09.2023; PO_300000001874030_PO00032531_1; codul: O1220675( 5.900 euro,45,"org exact; score=45 margin=29 on [amount~final, data final (1d)]; 1 distinct part# near top","[{""pn"":""ORO-TEM-DEV-79"",""score"":45,""on"":[""amount~final"",""data final (1d)""],""ref"":""PO00032531-1"",""desc"":""extra dev poligon""},{""pn"":""ORO-TEM-DEV-240"",""score"":16,""on"":[""data final (12d)""],""ref"":""Anexa 5 PO00034623"",""desc"":""Gestionarea modificărilor și solicitările de\nservicii noi""},{""pn"":""ORO-TEM-DEV-50"",""score"":15,""on"":[""data final (31d)""],""ref"":""PO00042373"",""desc"":""PO00042373""}]",
accounting:BT.BIT 580,BT.BIT 580,ZIPPER SERVICES SRL,exact,2023-12-12,RON,avans,7260,42958.55,SCORED,LOW,RED-PEN-S-WB-1,NR. 1 DIN 16.02.2018,final,2018,BSS,pentest aplicatie si cod review,SERVICII CONFORM CONTRACT 277/11.12.2023 SERVICII CONFORM CONTRACT 277/11.12.2023 7.260 euro+TVA la cursul BNR reprezentand avans 40% .,3,org exact; score=12 margin=10 on [amount~final]; 2 distinct part# near top; avans,"[{""pn"":""RED-PEN-S-WB-1"",""score"":12,""on"":[""amount~final""],""ref"":""NR. 1 DIN 16.02.2018"",""desc"":""pentest aplicatie si cod review""},{""pn"":""RED-NIS-C-PEN-10"",""score"":2,""on"":[],""ref"":""NR. 318/25.11.2024"",""desc"":""servicii de pentest nis""},{""pn"":""RED-NIS-C-PEN-10"",""score"":2,""on"":[],""ref"":""Act aditional nr. 1, din 14.10.2025 la c"",""desc"":""servicii de pentest nis""}]",
accounting:BT.BIT 581,BT.BIT 581,ZIPPER SERVICES SRL,exact,2023-12-21,RON,storno,7260,64368.72,SCORED,LOW,RED-PEN-S-WB-1,NR. 1 DIN 16.02.2018,final,2018,BSS,pentest aplicatie si cod review,SERVICII CONFORM CONTRACT 277/11.12.2023 SERVICII CONFORM CONTRACT 277/11.12.2023 Stornare factura avans 580/12.12.2023(avans 40% 7260 euro+TVA la cursul BNR St,3,org exact; score=12 margin=11 on [amount~final]; 1 distinct part# near top; storno,"[{""pn"":""RED-PEN-S-WB-1"",""score"":12,""on"":[""amount~final""],""ref"":""NR. 1 DIN 16.02.2018"",""desc"":""pentest aplicatie si cod review""},{""pn"":""RED-NIS-C-PEN-10"",""score"":1,""on"":[],""ref"":""NR. 318/25.11.2024"",""desc"":""servicii de pentest nis""},{""pn"":""RED-NIS-C-PEN-10"",""score"":1,""on"":[],""ref"":""Act aditional nr. 1, din 14.10.2025 la c"",""desc"":""servicii de pentest nis""}]","[{""service"":""SERVICII CONFORM CONTRACT 277/11.12.2023 | SERVICII CONFORM "",""partNumber"":""RED-PEN-S-WB-1"",""score"":12,""on"":[""amount~final""]},{""service"":""SERVICII CONFORM CONTRACT 277/11.12.2023 | SERVICII CONFORM "",""partNumber"":""RED-NIS-C-PEN-10"",""score"":1,""on"":[]}]"
accounting:BT.BIT 582,BT.BIT 582,ORANGE ROMANIA SA,exact,2024-01-09,RON,,7050,41712.59,SCORED,MEDIUM,ORO-TEM-DEV-50,PO00042373,final,2024,BSS,PO00042373,Servicii de Quality Assurance si audit de UI/UX Servicii de Quality Assurance si audit de UI/UX Nr Notificare C1221994; Nr PO PO00042373; Nr Receptie OPA_42137 ,43,"org exact; score=46 margin=26 on [amount~final, data final (2d)]; 1 distinct part# near top","[{""pn"":""ORO-TEM-DEV-50"",""score"":46,""on"":[""amount~final"",""data final (2d)""],""ref"":""PO00042373"",""desc"":""PO00042373""},{""pn"":""ORO-TEM-SUPPORT-50-12"",""score"":20,""on"":[""amount~final"",""data final (98d)""],""ref"":""PO00051313"",""desc"":""PO00051313""},{""pn"":""ORO-TEM-SUPPORT-50-4"",""score"":20,""on"":[""amount~final"",""data est. close (116d)""],""ref"":""PO00032588"",""desc"":""extra suport 2023 rocsc/oni""}]",
accounting:BT.BIT 583,BT.BIT 583,SILKWEB S.A.,exact,2024-01-11,RON,,625,3698.15,DETERMINISTIC,HIGH,RED-PEN-S-G-1,195/29.06.2021,,2021,BSS,pentest web app greybox,SERVICII conform Act aditional nr 4 din 23.03.2023 SERVICII conform Act aditional nr 4 din 23.03.2023 Contract Nr. 195/29.06.2021 (625 euro+TVA la cursul BNR ),1,org exact; unique part# via contract 195,"[{""pn"":""RED-PEN-S-G-1"",""score"":100,""on"":[""contract#""],""ref"":""195/29.06.2021"",""desc"":""pentest web app greybox""}]",
accounting:BT.BIT 584,BT.BIT 584,SILKWEB S.A.,exact,2024-01-11,RON,,1350,7988,DETERMINISTIC,HIGH,RED-PEN-S-G-1,195/29.06.2021,,2021,BSS,pentest web app greybox,SERVICII conform Act aditional nr 3 din 23.03.2023 SERVICII conform Act aditional nr 3 din 23.03.2023 CONTRACT DE PRESTARI SERVICII Nr. 195/29.06.2021(1.350 eur,1,org exact; unique part# via contract 195,"[{""pn"":""RED-PEN-S-G-1"",""score"":100,""on"":[""contract#""],""ref"":""195/29.06.2021"",""desc"":""pentest web app greybox""}]",
accounting:BT.BIT 585,BT.BIT 585,UNITED MEDIA SERVICES SRL,exact,2024-01-11,RON,,350,2070.96,DETERMINISTIC,HIGH,RED-PEN-B-I-BP-50,177/08.12.2020,,2020,BSS,SERVICII DE SECURITATE INFORMATICA,SERVICII ACT ADITIONAL NR. 1 DIN 03.11.2021 CONTRACT SERVICII ACT ADITIONAL NR. 1 DIN 03.11.2021 CONTRACT DE PRESTARI SERVICII Nr. 177/08.12.2020 (350 Euro+TVA ,1,org exact; unique part# via contract 177,"[{""pn"":""RED-PEN-B-I-BP-50"",""score"":100,""on"":[""contract#""],""ref"":""177/08.12.2020"",""desc"":""SERVICII DE SECURITATE INFORMATICA""}]",
accounting:BT.BIT 586,BT.BIT 586,KEYSIGHT TECHNOLOGIES RO SRL,exact,2024-01-11,RON,,12000,71004.44,SCORED,LOW,KS-MM-RD-2,NO. 5 OF 04.10.2023,total,2023,BSS,RECURRENT INFORMATION SECURITY SERVICES,Penetration testing services for January 2024 Penetration testing services for January 2024 Purchase Order Number 9068002588 ( 12.000 euro+TVA la cursul BNR),25,"org exact; score=34 margin=3 on [amount~total, data final (357d)]; 1 distinct part# near top","[{""pn"":""KS-MM-RD-2"",""score"":34,""on"":[""amount~total"",""data final (357d)""],""ref"":""NO. 5 OF 04.10.2023"",""desc"":""RECURRENT INFORMATION SECURITY SERVICES""},{""pn"":""KS-MM-RD-2"",""score"":31,""on"":[""amount~final""],""ref"":""236Bis/25.04.2019"",""desc"":""RECURRENT INFORMATION SECURITY SERVICES""},{""pn"":""KS-MM-RD-2"",""score"":31,""on"":[""amount~final""],""ref"":""NO. 5 OF 04.10.2023"",""desc"":""RECURRENT INFORMATION SECURITY SERVICES""}]",
accounting:BT.BIT 587,BT.BIT 587,ORANGE ROMANIA SA,exact,2024-01-11,RON,,1875,11094.44,SCORED,MEDIUM,ORO-TEM-SUPPORT-50-12,PO 00025528,final,2023,BSS,tem support,Servicii suport TEM L2/L3 Data de livrare: 31-12-2023 Servicii suport TEM L2/L3 Data de livrare: 31-12-2023 PO00025528(1.875 euro+TVA la cursul BNR,64,"org exact; score=35 margin=18 on [amount~final, data final (192d)]; 1 distinct part# near top","[{""pn"":""ORO-TEM-SUPPORT-50-12"",""score"":35,""on"":[""amount~final"",""data final (192d)""],""ref"":""PO 00025528"",""desc"":""tem support""},{""pn"":""ORO-TEM-DEV-50"",""score"":17,""on"":[""data final (0d)""],""ref"":""PO00042373"",""desc"":""PO00042373""},{""pn"":""ORO-TEM-DEV-79"",""score"":17,""on"":[""data final (30d)""],""ref"":""PO00032531-1"",""desc"":""extra dev poligon""}]",
accounting:BT.BIT 588,BT.BIT 588,SELGROS CASH & CARRY SRL,exact,2024-01-11,RON,,250,1479.26,SCORED,HIGH,BLUE-IR-OC-5,234/15.11.2022,final,2022,BSS,SERVICII RECURENTE DE SECURITATE INFORMATICA - On-call Incident Response,ANEXA 2 – SERVICII RECURENTE DE SECURITATE ANEXA 2 – SERVICII RECURENTE DE SECURITATE INFORMATICA On-call Incident Response ACT ADITIONAL NR. 1 din 6.11.2023 CO,25,"org exact; score=91 margin=30 on [contract#, amount~final, data final (316d), desc~0.32]; 1 distinct part# near top","[{""pn"":""BLUE-IR-OC-5"",""score"":91,""on"":[""contract#"",""amount~final"",""data final (316d)"",""desc~0.32""],""ref"":""234/15.11.2022"",""desc"":""SERVICII RECURENTE DE SECURITATE INFORMATICA - On-call Incid""},{""pn"":""RED-PEN-B-I-BP-200"",""score"":61,""on"":[""contract#"",""data avans (106d)""],""ref"":""234/15.11.2022"",""desc"":""SERVICII DE SECURITATE INFORMATICA""},{""pn"":""CONSULTANCY-MISC-10"",""score"":57,""on"":[""contract#"",""data final (316d)"",""desc~0.17""],""ref"":""234/15.11.2022"",""desc"":""SERVICII RECURENTE DE SECURITATE INFORMATICA - Consultancy S""}]",
accounting:BT.BIT 589,BT.BIT 589,SELGROS CASH & CARRY SRL,exact,2024-01-11,RON,,500,2958.52,SCORED,HIGH,CONSULTANCY-MISC-10,234/15.11.2022,final,2022,BSS,SERVICII RECURENTE DE SECURITATE INFORMATICA - Consultancy Services,ANEXA 3 – SERVICII RECURENTE DE SECURITATE INFORMATICA ANEXA 3 – SERVICII RECURENTE DE SECURITATE INFORMATICA Consultancy Services ACT ADITIONAL NR. 1 din 6.11.,25,"org exact; score=90 margin=29 on [contract#, amount~final, data final (316d), desc~0.29]; 1 distinct part# near top","[{""pn"":""CONSULTANCY-MISC-10"",""score"":90,""on"":[""contract#"",""amount~final"",""data final (316d)"",""desc~0.29""],""ref"":""234/15.11.2022"",""desc"":""SERVICII RECURENTE DE SECURITATE INFORMATICA - Consultancy S""},{""pn"":""RED-PEN-B-I-BP-200"",""score"":61,""on"":[""contract#"",""data avans (106d)""],""ref"":""234/15.11.2022"",""desc"":""SERVICII DE SECURITATE INFORMATICA""},{""pn"":""BLUE-IR-OC-5"",""score"":57,""on"":[""contract#"",""data final (316d)"",""desc~0.17""],""ref"":""234/15.11.2022"",""desc"":""SERVICII RECURENTE DE SECURITATE INFORMATICA - On-call Incid""}]",
accounting:BT.BIT 590,BT.BIT 590,AQUILA PART PROD COM S.A.,exact,2024-01-16,RON,avans,8910,52761.09,SCORED,MEDIUM,RED-PEN-B-E-B-25,contract cadru cu diverse servicii de securitate,total,2024,BSS,servicii de pentest,SERVICII CONFORM CONTRACT CADRU Nr. 279/09.01.2024 SERVICII CONFORM CONTRACT CADRU Nr. 279/09.01.2024 Avans 8.910 euro+TVA la cursul BNR,2,"org exact; score=47 margin=18 on [amount~total, data avans (1d)]; 1 distinct part# near top; avans","[{""pn"":""RED-PEN-B-E-B-25"",""score"":47,""on"":[""amount~total"",""data avans (1d)""],""ref"":""contract cadru cu diverse servicii de se"",""desc"":""servicii de pentest""},{""pn"":""RED-PEN-B-I-B-50"",""score"":29,""on"":[""amount~final"",""data avans (1d)""],""ref"":""contract cadru cu diverse servicii de se"",""desc"":""servicii de pentest""}]",
accounting:BT.BIT 591,BT.BIT 591,FARMEC SA,exact,2024-01-18,RON,avans,2730,16167.16,SCORED,MEDIUM,RED-PEN-B-E-B-5,contract cadru cu diverse servicii de securitate 283/22.01.2024,avans,2024,BSS,servicii de pentest,"SERVICII CONFORM CONTRACT CADRU Nr. 280/16.01.2024 SERVICII CONFORM CONTRACT CADRU Nr. 280/16.01.2024 Avans 40% din valoarea totala, adica 2,730 EURO+ TVA la cu",4,"org exact; score=52 margin=25 on [amount~avans, data avans (0d)]; 1 distinct part# near top; avans","[{""pn"":""RED-PEN-B-E-B-5"",""score"":52,""on"":[""amount~avans"",""data avans (0d)""],""ref"":""contract cadru cu diverse servicii de se"",""desc"":""servicii de pentest""},{""pn"":""BLUE-IR-5"",""score"":27,""on"":[""amount~avans"",""data avans (34d)""],""ref"":""contract cadru cu diverse servicii de se"",""desc"":""servicii de investigatie""},{""pn"":""CONSULTANCY-MISC-8"",""score"":9,""on"":[""data final (43d)""],""ref"":""contract cadru cu diverse servicii de se"",""desc"":""servicii de darkweb monitoring""}]",
accounting:BT.BIT 592,BT.BIT 592,CERTSIGN SA,exact,2024-01-19,RON,,13750,81434.53,SCORED,MEDIUM,,Nr. 178/19.01.2021 45/B77B/21013 C,,2021,BSS,-,Livrabile servicii de securitate informatica in conf. cu Livrabile servicii de securitate informatica in conf. cu Comanda 3/11.12.2023 la Contract prestari serv,13,org exact; score=50 margin=5 on [contract#]; 1 distinct part# near top,"[{""pn"":"""",""score"":50,""on"":[""contract#""],""ref"":""Nr. 178/19.01.2021 45/B77B/21013 C"",""desc"":""-""},{""pn"":""RED-PEN-B-I-BP-130"",""score"":45,""on"":[""amount~final"",""data final (0d)""],""ref"":""3"",""desc"":""pentest""},{""pn"":""RED-PEN-B-I-BP-150"",""score"":30,""on"":[""amount~final""],""ref"":""1/19.01.2022"",""desc"":""pentest intern/extern""}]",
accounting:BT.BIT 593,BT.BIT 593,LA FANTANA SRL,exact,2024-01-23,RON,avans,3000,17766.82,DETERMINISTIC,HIGH,RED-PEN-B-E-B-25,ACT ADITIONAL NR. 1 DIN 22.10.2024 la contractul Nr. 283/22.01.2024,,2024,BSS,servicii de pentest,SERVICII CONFORM CONTRACT CADRU Nr. 283/22.01.2024 SERVICII CONFORM CONTRACT CADRU Nr. 283/22.01.2024 3.000 euro+TVA la cursul BNR reprezentand avans 40% din to,1,org exact; unique part# via contract 283; avans,"[{""pn"":""RED-PEN-B-E-B-25"",""score"":100,""on"":[""contract#""],""ref"":""ACT ADITIONAL NR. 1 DIN 22.10.2024 la co"",""desc"":""servicii de pentest""}]",
accounting:BT.BIT 594,BT.BIT 594,NOVA POWER & GAS SRL,exact,2024-01-23,RON,avans,7610,45068.5,SCORED,HIGH,RED-NIS-C-PEN-100,NR. 282/19.01.2024,total,2024,BSS,servicii de audit + pentest nis,SERVICII DE AUDIT CALIFICAT DE SECURITATE CIBERNETICA SERVICII DE AUDIT CALIFICAT DE SECURITATE CIBERNETICA SI TESTE DE PENETRARE CONFORM CONTRACT NR. 282/19.01,3,"org exact; score=79 margin=12 on [contract#, amount~total, data avans (0d)]; 1 distinct part# near top; avans","[{""pn"":""RED-NIS-C-PEN-100"",""score"":79,""on"":[""contract#"",""amount~total"",""data avans (0d)""],""ref"":""NR. 282/19.01.2024"",""desc"":""servicii de audit + pentest nis""},{""pn"":""RED-NIS-C-AUDIT-100"",""score"":67,""on"":[""contract#"",""data avans (0d)""],""ref"":""NR. 282/19.01.2024"",""desc"":""servicii de audit + pentest nis""},{""pn"":""RED-NIS-C-PEN-100"",""score"":60,""on"":[""contract#"",""data final (113d)""],""ref"":""NR. 282/19.01.2024"",""desc"":""servicii de audit + pentest nis""}]",
accounting:BT.BIT 595,BT.BIT 595,FARMEC SA,exact,2024-01-31,RON,storno,2730,24245.86,SCORED,MEDIUM,RED-PEN-B-E-B-5,contract cadru cu diverse servicii de securitate 283/22.01.2024,avans,2024,BSS,servicii de pentest,SERVICII CONFORM CONTRACT CADRU Nr. 280/16.01.2024 SERVICII CONFORM CONTRACT CADRU Nr. 280/16.01.2024 Stornare factura 591/18.01.2024 reprezentand Avans 40% din,4,"org exact; score=46 margin=18 on [amount~avans, data avans (13d)]; 1 distinct part# near top; storno","[{""pn"":""RED-PEN-B-E-B-5"",""score"":46,""on"":[""amount~avans"",""data avans (13d)""],""ref"":""contract cadru cu diverse servicii de se"",""desc"":""servicii de pentest""},{""pn"":""BLUE-IR-5"",""score"":28,""on"":[""amount~avans"",""data avans (21d)""],""ref"":""contract cadru cu diverse servicii de se"",""desc"":""servicii de investigatie""},{""pn"":""CONSULTANCY-MISC-8"",""score"":16,""on"":[""data final (30d)""],""ref"":""contract cadru cu diverse servicii de se"",""desc"":""servicii de darkweb monitoring""}]","[{""service"":""SERVICII CONFORM CONTRACT CADRU Nr. 280/16.01.2024 | SERVICI"",""partNumber"":""RED-PEN-B-E-B-5"",""score"":46,""on"":[""amount~avans"",""data avans (13d)""]},{""service"":""SERVICII CONFORM CONTRACT CADRU Nr. 280/16.01.2024 | SERVICI"",""partNumber"":""RED-PEN-B-E-B-5"",""score"":46,""on"":[""amount~total"",""data avans (13d)""]}]"
accounting:BT.BIT 596,BT.BIT 596,ALLOGA LOGISTICS ROMANIA SRL,exact,2024-01-31,RON,,1000,5921.32,DETERMINISTIC,HIGH,RED-NIS-C-AUDIT-100,NR.275/02.11.2023,,2023,BSS,Servicii de audit informatic pentru identificarea si evaluarea vulnerabilitatilor si riscurilor informatice in conformit,SERVICII CONFORM Articolului 3.9.1 din contractul SERVICII CONFORM Articolului 3.9.1 din contractul NR.275/02.11.2023 (1.000 euro+TVA la cursul BNR),1,org exact; unique part# via contract 275,"[{""pn"":""RED-NIS-C-AUDIT-100"",""score"":100,""on"":[""contract#""],""ref"":""NR.275/02.11.2023"",""desc"":""Servicii de audit informatic pentru identificarea si\nevaluar""}]",
accounting:BT.BIT 597,BT.BIT 597,"SCA ""ZAMFIRESCU RACOTI VASILE AND PARTNERS """,none,2024-02-01,RON,avans,1632,9663.6,UNRESOLVED,NONE,,,,,,,SERVICII RECURENTE DE SECURITATE INFORMATICA SERVICII RECURENTE DE SECURITATE INFORMATICA conform ANEXA 1 CONTRACT-CADRU DE PRESTARI SERVICII Nr. 284/29.01.2024,0,org not found in tracker,[],
accounting:BT.BIT 598,BT.BIT 598,TIMESAFE SRL,exact,2024-02-05,RON,,6600,39056.37,DETERMINISTIC,HIGH,RED-PEN-S-G-10,201/13.09.2021,,2021,BSS,pentest aplicatie,SERVICII CONFORM CONTRACT 201/13.09.2021 SERVICII CONFORM CONTRACT 201/13.09.2021 6.600 euro+TVA la cursul BNR conform act aditional nr.2/30.01.2024,1,org exact; unique part# via contract 201,"[{""pn"":""RED-PEN-S-G-10"",""score"":100,""on"":[""contract#""],""ref"":""201/13.09.2021"",""desc"":""pentest aplicatie""}]",
accounting:BT.BIT 599,BT.BIT 599,AQUILA PART PROD COM S.A.,exact,2024-02-08,RON,storno,8910,79149.59,SCORED,MEDIUM,RED-PEN-B-E-B-25,contract cadru cu diverse servicii de securitate,total,2024,BSS,servicii de pentest,SERVICII CONFORM CONTRACT CADRU Nr. 279/09.01.2024 SERVICII CONFORM CONTRACT CADRU Nr. 279/09.01.2024 Stornare factura 590/16.01.2024(Avans 8.910 euro+TVA la cu,2,"org exact; score=46 margin=18 on [amount~total, data avans (22d)]; 1 distinct part# near top; storno","[{""pn"":""RED-PEN-B-E-B-25"",""score"":46,""on"":[""amount~total"",""data avans (22d)""],""ref"":""contract cadru cu diverse servicii de se"",""desc"":""servicii de pentest""},{""pn"":""RED-PEN-B-I-B-50"",""score"":28,""on"":[""amount~final"",""data avans (22d)""],""ref"":""contract cadru cu diverse servicii de se"",""desc"":""servicii de pentest""}]","[{""service"":""SERVICII CONFORM CONTRACT CADRU Nr. 279/09.01.2024 | SERVICI"",""partNumber"":""RED-PEN-B-E-B-25"",""score"":46,""on"":[""amount~total"",""data avans (22d)""]},{""service"":""SERVICII CONFORM CONTRACT CADRU Nr. 279/09.01.2024 | SERVICI"",""partNumber"":""RED-PEN-B-I-B-50"",""score"":17,""on"":[""data avans (22d)""]}]"
accounting:BT.BIT 600,BT.BIT 600,SILKWEB S.A.,exact,2024-02-12,RON,,625,3700.38,DETERMINISTIC,HIGH,RED-PEN-S-G-1,195/29.06.2021,,2021,BSS,pentest web app greybox,SERVICII conform Act aditional nr 4 din 23.03.2023 SERVICII conform Act aditional nr 4 din 23.03.2023 Contract Nr. 195/29.06.2021 (625 euro+TVA la cursul BNR ),1,org exact; unique part# via contract 195,"[{""pn"":""RED-PEN-S-G-1"",""score"":100,""on"":[""contract#""],""ref"":""195/29.06.2021"",""desc"":""pentest web app greybox""}]",
accounting:BT.BIT 601,BT.BIT 601,SILKWEB S.A.,exact,2024-02-12,RON,,1350,7992.82,DETERMINISTIC,HIGH,RED-PEN-S-G-1,195/29.06.2021,,2021,BSS,pentest web app greybox,SERVICII conform Act aditional nr 3 din 23.03.2023 SERVICII conform Act aditional nr 3 din 23.03.2023 CONTRACT DE PRESTARI SERVICII Nr. 195/29.06.2021(1.350 eur,1,org exact; unique part# via contract 195,"[{""pn"":""RED-PEN-S-G-1"",""score"":100,""on"":[""contract#""],""ref"":""195/29.06.2021"",""desc"":""pentest web app greybox""}]",
accounting:BT.BIT 602,BT.BIT 602,UNITED MEDIA SERVICES SRL,exact,2024-02-12,RON,,350,2072.21,DETERMINISTIC,HIGH,RED-PEN-B-I-BP-50,177/08.12.2020,,2020,BSS,SERVICII DE SECURITATE INFORMATICA,SERVICII ACT ADITIONAL NR. 1 DIN 03.11.2021 CONTRACT SERVICII ACT ADITIONAL NR. 1 DIN 03.11.2021 CONTRACT DE PRESTARI SERVICII Nr. 177/08.12.2020 (350 Euro+TVA ,1,org exact; unique part# via contract 177,"[{""pn"":""RED-PEN-B-I-BP-50"",""score"":100,""on"":[""contract#""],""ref"":""177/08.12.2020"",""desc"":""SERVICII DE SECURITATE INFORMATICA""}]",
accounting:BT.BIT 603,BT.BIT 603,KEYSIGHT TECHNOLOGIES RO SRL,exact,2024-02-12,RON,,12600,74599.65,SCORED,LOW,KS-MM-RD-2,NO. 5 OF 04.10.2023,total,2023,BSS,RECURRENT INFORMATION SECURITY SERVICES,Penetration testing services for February 2024 Penetration testing services for February 2024 Purchase Order Number 9068002588( 12.600 euro+TVA la cursul BNR),25,"org exact; score=34 margin=3 on [amount~total, data final (356d)]; 1 distinct part# near top","[{""pn"":""KS-MM-RD-2"",""score"":34,""on"":[""amount~total"",""data final (356d)""],""ref"":""NO. 5 OF 04.10.2023"",""desc"":""RECURRENT INFORMATION SECURITY SERVICES""},{""pn"":""KS-MM-RD-2"",""score"":31,""on"":[""amount~final""],""ref"":""236Bis/25.04.2019"",""desc"":""RECURRENT INFORMATION SECURITY SERVICES""},{""pn"":""KS-MM-RD-2"",""score"":26,""on"":[""amount~total"",""data final (325d)""],""ref"":""NO. 5 OF 04.10.2023"",""desc"":""RECURRENT INFORMATION SECURITY SERVICES""}]",
accounting:BT.BIT 604,BT.BIT 604,ORANGE ROMANIA SA,exact,2024-02-12,RON,,1875,11101.14,SCORED,MEDIUM,ORO-TEM-SUPPORT-50-12,PO 00025528,final,2023,BSS,tem support,Servicii suport TEM L2/L3 Data de livrare: 31-01-2024 Servicii suport TEM L2/L3 Data de livrare: 31-01-2024 Referinta comenzii (BT-13) PO00025528( 1.875 euro+TV,64,"org exact; score=35 margin=20 on [amount~final, data final (224d)]; 1 distinct part# near top","[{""pn"":""ORO-TEM-SUPPORT-50-12"",""score"":35,""on"":[""amount~final"",""data final (224d)""],""ref"":""PO 00025528"",""desc"":""tem support""},{""pn"":""CYBEREDU-RUN-EX-1"",""score"":15,""on"":[""data final (5d)""],""ref"":""23.01.2024"",""desc"":""CyberEDU - Cyberrange\naccess 1y and custom\ncontent""},{""pn"":""BLUE-IR-OC-6"",""score"":15,""on"":[""amount~avans"",""data final (139d)""],""ref"":""09.05.2024"",""desc"":""IR incident response services retainer""}]",
accounting:BT.BIT 605,BT.BIT 605,SELGROS CASH & CARRY SRL,exact,2024-02-12,RON,,250,1480.15,SCORED,HIGH,BLUE-IR-OC-5,234/15.11.2022,final,2022,BSS,SERVICII RECURENTE DE SECURITATE INFORMATICA - On-call Incident Response,ANEXA 2 – SERVICII RECURENTE DE SECURITATE ANEXA 2 – SERVICII RECURENTE DE SECURITATE INFORMATICA On-call Incident Response ACT ADITIONAL NR. 1 din 6.11.2023 CO,25,"org exact; score=91 margin=30 on [contract#, amount~final, data final (348d), desc~0.32]; 1 distinct part# near top","[{""pn"":""BLUE-IR-OC-5"",""score"":91,""on"":[""contract#"",""amount~final"",""data final (348d)"",""desc~0.32""],""ref"":""234/15.11.2022"",""desc"":""SERVICII RECURENTE DE SECURITATE INFORMATICA - On-call Incid""},{""pn"":""RED-PEN-B-I-BP-200"",""score"":61,""on"":[""contract#"",""data avans (74d)""],""ref"":""234/15.11.2022"",""desc"":""SERVICII DE SECURITATE INFORMATICA""},{""pn"":""CONSULTANCY-MISC-10"",""score"":57,""on"":[""contract#"",""data final (348d)"",""desc~0.17""],""ref"":""234/15.11.2022"",""desc"":""SERVICII RECURENTE DE SECURITATE INFORMATICA - Consultancy S""}]",
accounting:BT.BIT 606,BT.BIT 606,SELGROS CASH & CARRY SRL,exact,2024-02-12,RON,,500,2960.3,SCORED,HIGH,CONSULTANCY-MISC-10,234/15.11.2022,final,2022,BSS,SERVICII RECURENTE DE SECURITATE INFORMATICA - Consultancy Services,ANEXA 3 – SERVICII RECURENTE DE SECURITATE ANEXA 3 – SERVICII RECURENTE DE SECURITATE INFORMATICA Consultancy Services ACT ADITIONAL NR. 1 din 6.11.2023 CONTRAC,25,"org exact; score=90 margin=29 on [contract#, amount~final, data final (348d), desc~0.29]; 1 distinct part# near top","[{""pn"":""CONSULTANCY-MISC-10"",""score"":90,""on"":[""contract#"",""amount~final"",""data final (348d)"",""desc~0.29""],""ref"":""234/15.11.2022"",""desc"":""SERVICII RECURENTE DE SECURITATE INFORMATICA - Consultancy S""},{""pn"":""RED-PEN-B-I-BP-200"",""score"":61,""on"":[""contract#"",""data avans (74d)""],""ref"":""234/15.11.2022"",""desc"":""SERVICII DE SECURITATE INFORMATICA""},{""pn"":""BLUE-IR-OC-5"",""score"":57,""on"":[""contract#"",""data final (348d)"",""desc~0.17""],""ref"":""234/15.11.2022"",""desc"":""SERVICII RECURENTE DE SECURITATE INFORMATICA - On-call Incid""}]",
accounting:BT.BIT 607,BT.BIT 607,FARMEC SA,exact,2024-02-20,RON,avans,2500,14806.87,SCORED,MEDIUM,BLUE-IR-5,contract cadru cu diverse servicii de securitate 283/22.01.2024,avans,2024,BSS,servicii de investigatie,SERVICII CONFORM ACT ADITIONAL NR.1 DIN 12.02.2024 SERVICII CONFORM ACT ADITIONAL NR.1 DIN 12.02.2024 CONTRACT DE PRESTARI SERVICII NR. 280/16.01.2024 ( avans a,4,"org exact; score=52 margin=18 on [amount~avans, data avans (1d)]; 1 distinct part# near top; avans","[{""pn"":""BLUE-IR-5"",""score"":52,""on"":[""amount~avans"",""data avans (1d)""],""ref"":""contract cadru cu diverse servicii de se"",""desc"":""servicii de investigatie""},{""pn"":""RED-PEN-B-E-B-5"",""score"":34,""on"":[""amount~avans"",""data final (20d)""],""ref"":""contract cadru cu diverse servicii de se"",""desc"":""servicii de pentest""},{""pn"":""CONSULTANCY-MISC-8"",""score"":16,""on"":[""data final (10d)""],""ref"":""contract cadru cu diverse servicii de se"",""desc"":""servicii de darkweb monitoring""}]",
accounting:BT.BIT 608,BT.BIT 608,FARMEC SA,exact,2024-03-01,RON,storno,2500,14764.03,SCORED,MEDIUM,BLUE-IR-5,contract cadru cu diverse servicii de securitate 283/22.01.2024,avans,2024,BSS,servicii de investigatie,SERVICII CONFORM ACT ADITIONAL NR.1 DIN 12.02.2024 SERVICII CONFORM ACT ADITIONAL NR.1 DIN 12.02.2024 stornare factura 607/20.02.2024(CONTRACT DE PRESTARI SERVI,4,"org exact; score=46 margin=18 on [amount~avans, data avans (9d)]; 1 distinct part# near top; storno","[{""pn"":""BLUE-IR-5"",""score"":46,""on"":[""amount~avans"",""data avans (9d)""],""ref"":""contract cadru cu diverse servicii de se"",""desc"":""servicii de investigatie""},{""pn"":""RED-PEN-B-E-B-5"",""score"":28,""on"":[""amount~avans"",""data final (30d)""],""ref"":""contract cadru cu diverse servicii de se"",""desc"":""servicii de pentest""},{""pn"":""CONSULTANCY-MISC-8"",""score"":16,""on"":[""data final (0d)""],""ref"":""contract cadru cu diverse servicii de se"",""desc"":""servicii de darkweb monitoring""}]","[{""service"":""SERVICII CONFORM ACT ADITIONAL NR.1 DIN 12.02.2024 | SERVICI"",""partNumber"":""BLUE-IR-5"",""score"":46,""on"":[""amount~avans"",""data avans (9d)""]},{""service"":""SERVICII CONFORM ACT ADITIONAL NR.1 DIN 12.02.2024 | SERVICI"",""partNumber"":""BLUE-IR-5"",""score"":46,""on"":[""amount~total"",""data avans (9d)""]}]"
accounting:BT.BIT 609,BT.BIT 609,FARMEC SA,exact,2024-03-01,RON,,650,3844.22,SCORED,MEDIUM,CONSULTANCY-MISC-8,contract cadru cu diverse servicii de securitate 283/22.01.2024,final,2024,BSS,servicii de darkweb monitoring,SERVICII RECURENTE DE SECURITATE INFORMATICA CONTRACT SERVICII RECURENTE DE SECURITATE INFORMATICA CONTRACT NR. 280/16.01.2024 ANEXA 3( 650 euro+TVA la cursul B,4,"org exact; score=46 margin=29 on [amount~final, data final (0d)]; 1 distinct part# near top","[{""pn"":""CONSULTANCY-MISC-8"",""score"":46,""on"":[""amount~final"",""data final (0d)""],""ref"":""contract cadru cu diverse servicii de se"",""desc"":""servicii de darkweb monitoring""},{""pn"":""RED-PEN-B-E-B-5"",""score"":17,""on"":[""data final (30d)""],""ref"":""contract cadru cu diverse servicii de se"",""desc"":""servicii de pentest""},{""pn"":""BLUE-IR-5"",""score"":17,""on"":[""data avans (9d)""],""ref"":""contract cadru cu diverse servicii de se"",""desc"":""servicii de investigatie""}]",
accounting:BT.BIT 610,BT.BIT 610,SILKWEB S.A.,exact,2024-03-01,RON,,625,3696.36,DETERMINISTIC,HIGH,RED-PEN-S-G-1,195/29.06.2021,,2021,BSS,pentest web app greybox,SERVICII conform Act aditional nr 4 din 23.03.2023 SERVICII conform Act aditional nr 4 din 23.03.2023 Contract Nr. 195/29.06.2021 (625 euro+TVA la cursul BNR ),1,org exact; unique part# via contract 195,"[{""pn"":""RED-PEN-S-G-1"",""score"":100,""on"":[""contract#""],""ref"":""195/29.06.2021"",""desc"":""pentest web app greybox""}]",
accounting:BT.BIT 611,BT.BIT 611,SILKWEB S.A.,exact,2024-03-01,RON,,1350,7984.14,DETERMINISTIC,HIGH,RED-PEN-S-G-1,195/29.06.2021,,2021,BSS,pentest web app greybox,SERVICII conform Act aditional nr 3 din 23.03.2023 SERVICII conform Act aditional nr 3 din 23.03.2023 CONTRACT DE PRESTARI SERVICII Nr. 195/29.06.2021(1.350 eur,1,org exact; unique part# via contract 195,"[{""pn"":""RED-PEN-S-G-1"",""score"":100,""on"":[""contract#""],""ref"":""195/29.06.2021"",""desc"":""pentest web app greybox""}]",
accounting:BT.BIT 612,BT.BIT 612,UNITED MEDIA SERVICES SRL,exact,2024-03-01,RON,,350,2069.96,DETERMINISTIC,HIGH,RED-PEN-B-I-BP-50,177/08.12.2020,,2020,BSS,SERVICII DE SECURITATE INFORMATICA,SERVICII ACT ADITIONAL NR. 1 DIN 03.11.2021 CONTRACT SERVICII ACT ADITIONAL NR. 1 DIN 03.11.2021 CONTRACT DE PRESTARI SERVICII Nr. 177/08.12.2020 (350 Euro+TVA ,1,org exact; unique part# via contract 177,"[{""pn"":""RED-PEN-B-I-BP-50"",""score"":100,""on"":[""contract#""],""ref"":""177/08.12.2020"",""desc"":""SERVICII DE SECURITATE INFORMATICA""}]",
accounting:BT.BIT 613,BT.BIT 613,KEYSIGHT TECHNOLOGIES RO SRL,exact,2024-03-01,RON,,12600,74518.68,SCORED,LOW,KS-MM-RD-2,NO. 5 OF 04.10.2023,total,2023,BSS,RECURRENT INFORMATION SECURITY SERVICES,Penetration testing services for March 2024 Penetration testing services for March 2024 Purchase Order Number 9068002588( 12.600 euro+TVA la cursul BNR),25,"org exact; score=34 margin=3 on [amount~total, data final (338d)]; 1 distinct part# near top","[{""pn"":""KS-MM-RD-2"",""score"":34,""on"":[""amount~total"",""data final (338d)""],""ref"":""NO. 5 OF 04.10.2023"",""desc"":""RECURRENT INFORMATION SECURITY SERVICES""},{""pn"":""KS-MM-RD-2"",""score"":31,""on"":[""amount~final""],""ref"":""236Bis/25.04.2019"",""desc"":""RECURRENT INFORMATION SECURITY SERVICES""},{""pn"":""KS-MM-RD-2"",""score"":26,""on"":[""amount~total"",""data final (307d)""],""ref"":""NO. 5 OF 04.10.2023"",""desc"":""RECURRENT INFORMATION SECURITY SERVICES""}]",
accounting:BT.BIT 614,BT.BIT 614,ORANGE ROMANIA SA,exact,2024-03-01,RON,,1875,11089.09,SCORED,MEDIUM,ORO-TEM-SUPPORT-50-12,PO 00025528,final,2023,BSS,tem support,Servicii suport TEM L2/L3 Data de livrare: 31-02-2024 Servicii suport TEM L2/L3 Data de livrare: 31-02-2024 Referinta comenzii (BT-13) PO00025528( 1.875 euro+TV,64,"org exact; score=35 margin=19 on [amount~final, data final (242d)]; 1 distinct part# near top","[{""pn"":""ORO-TEM-SUPPORT-50-12"",""score"":35,""on"":[""amount~final"",""data final (242d)""],""ref"":""PO 00025528"",""desc"":""tem support""},{""pn"":""RED-PEN-B-E-B-5"",""score"":16,""on"":[""data final (27d)""],""ref"":""12.03.2024"",""desc"":""servicii de pentest""},{""pn"":""CYBEREDU-RUN-EX-1"",""score"":15,""on"":[""data final (23d)""],""ref"":""23.01.2024"",""desc"":""CyberEDU - Cyberrange\naccess 1y and custom\ncontent""}]",
accounting:BT.BIT 615,BT.BIT 615,SELGROS CASH & CARRY SRL,exact,2024-03-01,RON,,250,1478.55,SCORED,HIGH,BLUE-IR-OC-5,234/15.11.2022,final,2022,BSS,SERVICII RECURENTE DE SECURITATE INFORMATICA - On-call Incident Response,ANEXA 2 – SERVICII RECURENTE DE SECURITATE ANEXA 2 – SERVICII RECURENTE DE SECURITATE INFORMATICA On-call Incident Response ACT ADITIONAL NR. 1 din 6.11.2023 CO,25,"org exact; score=88 margin=27 on [contract#, amount~final, desc~0.32]; 1 distinct part# near top","[{""pn"":""BLUE-IR-OC-5"",""score"":88,""on"":[""contract#"",""amount~final"",""desc~0.32""],""ref"":""234/15.11.2022"",""desc"":""SERVICII RECURENTE DE SECURITATE INFORMATICA - On-call Incid""},{""pn"":""RED-AUDIT-A-20"",""score"":61,""on"":[""contract#"",""data est. close (103d)""],""ref"":""234/15.11.2022"",""desc"":""SERVICII DE SECURITATE INFORMATICA""},{""pn"":""RED-PEN-B-I-BP-200"",""score"":61,""on"":[""contract#"",""data avans (56d)""],""ref"":""234/15.11.2022"",""desc"":""SERVICII DE SECURITATE INFORMATICA""}]",
accounting:BT.BIT 616,BT.BIT 616,SELGROS CASH & CARRY SRL,exact,2024-03-01,RON,,500,2957.09,SCORED,HIGH,CONSULTANCY-MISC-10,234/15.11.2022,final,2022,BSS,SERVICII RECURENTE DE SECURITATE INFORMATICA - Consultancy Services,ANEXA 3 – SERVICII RECURENTE DE SECURITATE ANEXA 3 – SERVICII RECURENTE DE SECURITATE INFORMATICA Consultancy Services ACT ADITIONAL NR. 1 din 6.11.2023 CONTRAC,25,"org exact; score=87 margin=26 on [contract#, amount~final, desc~0.29]; 1 distinct part# near top","[{""pn"":""CONSULTANCY-MISC-10"",""score"":87,""on"":[""contract#"",""amount~final"",""desc~0.29""],""ref"":""234/15.11.2022"",""desc"":""SERVICII RECURENTE DE SECURITATE INFORMATICA - Consultancy S""},{""pn"":""RED-AUDIT-A-20"",""score"":61,""on"":[""contract#"",""data est. close (103d)""],""ref"":""234/15.11.2022"",""desc"":""SERVICII DE SECURITATE INFORMATICA""},{""pn"":""RED-PEN-B-I-BP-200"",""score"":61,""on"":[""contract#"",""data avans (56d)""],""ref"":""234/15.11.2022"",""desc"":""SERVICII DE SECURITATE INFORMATICA""}]",
accounting:BT.BIT 617,BT.BIT 617,"SCA ""ZAMFIRESCU RACOTI VASILE AND PARTNERS """,none,2024-03-14,RON,,1150,6803.09,UNRESOLVED,NONE,,,,,,,"ANEXA 1 – SERVICII RECURENTE DE SECURITATE INFORMATICA ANEXA 1 – SERVICII RECURENTE DE SECURITATE INFORMATICA Contract Nr. 284/29.01.2024,( 1,150 EURO + TVA la ",0,org not found in tracker,[],
accounting:BT.BIT 618,BT.BIT 618,NESTLERS & PARTNERS SRL,exact,2024-03-20,RON,avans,650,3847.31,SCORED,HIGH,BLUE-MDR-C-5,Nr. 273/02.10.2023,avans,2024,BSS,servicii de MDR,SERVICII CONTRACT 273/02.10.2023 SERVICII CONTRACT 273/02.10.2023 avans 650 euro +TVA la cursul BNR conform ACT ADITIONAL NR. 1 DIN 20.02.2024,3,"org exact; score=102 margin=43 on [contract#, amount~avans, data avans (0d)]; 1 distinct part# near top; avans","[{""pn"":""BLUE-MDR-C-5"",""score"":102,""on"":[""contract#"",""amount~avans"",""data avans (0d)""],""ref"":""Nr. 273/02.10.2023"",""desc"":""servicii de MDR""},{""pn"":""BLUE-MDR-C-5"",""score"":59,""on"":[""contract#"",""data final (55d)""],""ref"":""Nr. 273/02.10.2023"",""desc"":""servicii de MDR""},{""pn"":""RED-PEN-B-E-B-5"",""score"":54,""on"":[""contract#"",""data avans (166d)""],""ref"":""273/02.10.2023"",""desc"":""servicii de pentest""}]",
accounting:BT.BIT 619,BT.BIT 619,LA FANTANA SRL,exact,2024-03-26,RON,storno,3000,26600.25,DETERMINISTIC,HIGH,RED-PEN-B-E-B-25,ACT ADITIONAL NR. 1 DIN 22.10.2024 la contractul Nr. 283/22.01.2024,,2024,BSS,servicii de pentest,SERVICII CONFORM CONTRACT CADRU Nr. 283/22.01.2024 SERVICII CONFORM CONTRACT CADRU Nr. 283/22.01.2024 Stornare factura 593/23.01.2024(3.000 euro+TVA la cursul B,1,org exact; unique part# via contract 283/593; storno,"[{""pn"":""RED-PEN-B-E-B-25"",""score"":100,""on"":[""contract#""],""ref"":""ACT ADITIONAL NR. 1 DIN 22.10.2024 la co"",""desc"":""servicii de pentest""}]",
accounting:BT.BIT 620,BT.BIT 620,NOVA POWER & GAS SRL,exact,2024-03-26,RON,storno,7610,33712.62,SCORED,HIGH,RED-NIS-C-PEN-100,NR. 282/19.01.2024,total,2024,BSS,servicii de audit + pentest nis,SERVICII DE AUDIT CALIFICAT DE SECURITATE CIBERNETICA SERVICII DE AUDIT CALIFICAT DE SECURITATE CIBERNETICA SI TESTE DE PENETRARE CONFORM CONTRACT NR. 282/19.01,3,"org exact; score=72 margin=5 on [contract#, amount~total, data avans (63d)]; 1 distinct part# near top; storno","[{""pn"":""RED-NIS-C-PEN-100"",""score"":72,""on"":[""contract#"",""amount~total"",""data avans (63d)""],""ref"":""NR. 282/19.01.2024"",""desc"":""servicii de audit + pentest nis""},{""pn"":""RED-NIS-C-PEN-100"",""score"":67,""on"":[""contract#"",""data est. close (2d)""],""ref"":""NR. 282/19.01.2024"",""desc"":""servicii de audit + pentest nis""},{""pn"":""RED-NIS-C-AUDIT-100"",""score"":60,""on"":[""contract#"",""data avans (63d)""],""ref"":""NR. 282/19.01.2024"",""desc"":""servicii de audit + pentest nis""}]","[{""service"":""SERVICII DE AUDIT CALIFICAT DE SECURITATE CIBERNETICA | SERV"",""partNumber"":""RED-NIS-C-PEN-100"",""score"":72,""on"":[""contract#"",""amount~total"",""data avans (63d)""]},{""service"":""SERVICII DE AUDIT CALIFICAT DE SECURITATE CIBERNETICA | SERV"",""partNumber"":""RED-NIS-C-PEN-100"",""score"":67,""on"":[""contract#"",""data est. close (2d)""]}]"
accounting:BT.BIT 621,BT.BIT 621,APAVITAL SA,exact,2024-03-28,RON,,,44404.49,SCORED,MEDIUM,RED-NIS-C-PEN-100,NR. 286/21.02.2024,,2024,BSS,servicii de audit + pentest nis,SERVICII CONFORM articol 3.9 din Contract NR. 286/21.02.2024 SERVICII CONFORM articol 3.9 din Contract NR. 286/21.02.2024 (numar de inregistrare 13352),2,"org exact; score=67 margin=0 on [contract#, data avans (0d)]; 2 distinct part# near top","[{""pn"":""RED-NIS-C-PEN-100"",""score"":67,""on"":[""contract#"",""data avans (0d)""],""ref"":""NR. 286/21.02.2024"",""desc"":""servicii de audit + pentest nis""},{""pn"":""RED-NIS-C-AUDIT-100"",""score"":67,""on"":[""contract#"",""data final (25d)""],""ref"":""NR. 286/21.02.2024"",""desc"":""servicii de audit + pentest nis""}]",
accounting:BT.BIT 622,BT.BIT 622,ORANGE ROMANIA SA,exact,2024-03-28,RON,storno,4500,26630.42,SCORED,LOW,CONSULTANCY-MISC-32,27.05.2025,final,2025,BSS,servicii de consultanta,"SERVICII CONFORM Nr Notificare O1224658, Nr PO SERVICII CONFORM Nr Notificare O1224658, Nr PO PenStest - METAPLAST SRL ,Nr Receptie 11005575(4500 euro +TVA la c",44,org exact; score=31 margin=1 on [amount~final]; 4 distinct part# near top; storno,"[{""pn"":""CONSULTANCY-MISC-32"",""score"":31,""on"":[""amount~final""],""ref"":""27.05.2025"",""desc"":""servicii de consultanta""},{""pn"":""ORO-TEM-DEV-100"",""score"":30,""on"":[""amount~final""],""ref"":""PO 40407868"",""desc"":""multiple services""},{""pn"":""RED-PEN-B-E-B-5"",""score"":28,""on"":[""amount~final"",""data final (0d)""],""ref"":""12.03.2024"",""desc"":""servicii de pentest""}]","[{""service"":""SERVICII CONFORM Nr Notificare O1224658, Nr PO | SERVICII CO"",""partNumber"":""CONSULTANCY-MISC-32"",""score"":31,""on"":[""amount~final""]},{""service"":""SERVICII CONFORM articol 3.9 din Contract NR. 286/21.02.2024"",""partNumber"":""RED-PEN-B-E-B-5"",""score"":17,""on"":[""data final (0d)""]},{""service"":""SERVICII CONFORM articol 3.9 din Contract NR. 286/21.02.2024"",""partNumber"":""RED-PEN-B-E-B-5"",""score"":17,""on"":[""data final (0d)""]}]"
accounting:BT.BIT 623,BT.BIT 623,NUTRIPAW PET NUTRITION S.R.L.,exact,2024-04-05,RON,avans,1750,10346.07,DETERMINISTIC,HIGH,BLUE-IR-10,Nr. 287/01.04.2024,,2024,BSS,incident response,"SERVICII CONFORM CONTRACT Nr. 287/01.04.2024 SERVICII CONFORM CONTRACT Nr. 287/01.04.2024 50% din valoarea total?, adic? 1,750 euro + TVA la cursul BNR va fi ac",1,org exact; unique part# via contract 287; avans,"[{""pn"":""BLUE-IR-10"",""score"":100,""on"":[""contract#""],""ref"":""Nr. 287/01.04.2024"",""desc"":""incident response""}]",
accounting:BT.BIT 624,BT.BIT 624,SILKWEB S.A.,exact,2024-04-09,RON,,625,3695.1,DETERMINISTIC,HIGH,RED-PEN-S-G-1,195/29.06.2021,,2021,BSS,pentest web app greybox,SERVICII conform Act aditional NR. 6 DIN 25.3.2024 SERVICII conform Act aditional NR. 6 DIN 25.3.2024 Contract Nr. 195/29.06.2021(625 euro+TVA la cursul BNR),1,org exact; unique part# via contract 195,"[{""pn"":""RED-PEN-S-G-1"",""score"":100,""on"":[""contract#""],""ref"":""195/29.06.2021"",""desc"":""pentest web app greybox""}]",
accounting:BT.BIT 625,BT.BIT 625,SILKWEB S.A.,exact,2024-04-09,RON,,1350,7981.41,DETERMINISTIC,HIGH,RED-PEN-S-G-1,195/29.06.2021,,2021,BSS,pentest web app greybox,SERVICII conform conform Act aditional NR. 5 DIN 25.03.2024 SERVICII conform conform Act aditional NR. 5 DIN 25.03.2024 CONTRACT DE PRESTARI SERVICII Nr. 195/29,1,org exact; unique part# via contract 195,"[{""pn"":""RED-PEN-S-G-1"",""score"":100,""on"":[""contract#""],""ref"":""195/29.06.2021"",""desc"":""pentest web app greybox""}]",
accounting:BT.BIT 626,BT.BIT 626,UNITED MEDIA SERVICES SRL,exact,2024-04-09,RON,,350,2069.26,DETERMINISTIC,HIGH,RED-PEN-B-I-BP-50,177/08.12.2020,,2020,BSS,SERVICII DE SECURITATE INFORMATICA,SERVICII ACT ADITIONAL NR. 1 DIN 03.11.2021 CONTRACT SERVICII ACT ADITIONAL NR. 1 DIN 03.11.2021 CONTRACT DE PRESTARI SERVICII Nr. 177/08.12.2020 (350 Euro+TVA ,1,org exact; unique part# via contract 177,"[{""pn"":""RED-PEN-B-I-BP-50"",""score"":100,""on"":[""contract#""],""ref"":""177/08.12.2020"",""desc"":""SERVICII DE SECURITATE INFORMATICA""}]",
accounting:BT.BIT 627,BT.BIT 627,KEYSIGHT TECHNOLOGIES RO SRL,exact,2024-04-09,RON,,13200,78040.49,SCORED,LOW,KS-MM-RD-2,236Bis/25.04.2019,final,2019,BSS,RECURRENT INFORMATION SECURITY SERVICES,Penetration testing services for April 2024 Penetration testing services for April 2024 Purchase Order Number 9068002588( 13.200 euro+TVA la cursul BNR),26,org exact; score=31 margin=5 on [amount~final]; 1 distinct part# near top,"[{""pn"":""KS-MM-RD-2"",""score"":31,""on"":[""amount~final""],""ref"":""236Bis/25.04.2019"",""desc"":""RECURRENT INFORMATION SECURITY SERVICES""},{""pn"":""KS-MM-RD-2"",""score"":26,""on"":[""amount~total"",""data final (299d)""],""ref"":""NO. 5 OF 04.10.2023"",""desc"":""RECURRENT INFORMATION SECURITY SERVICES""},{""pn"":""KS-MM-RD-2"",""score"":23,""on"":[""amount~final""],""ref"":""236Bis/25.04.2019"",""desc"":""RECURRENT INFORMATION SECURITY SERVICES""}]",
accounting:BT.BIT 628,BT.BIT 628,ORANGE ROMANIA SA,exact,2024-04-09,RON,,1875,11085.3,SCORED,MEDIUM,ORO-TEM-SUPPORT-50-12,PO 00025528,final,2023,BSS,tem support,Servicii suport TEM L2/L3 Data de livrare: 31-03-2024 Servicii suport TEM L2/L3 Data de livrare: 31-03-2024 PO00049528 (1.875 euro+TVA la cursul BNR),64,"org exact; score=35 margin=15 on [amount~final, data final (281d)]; 1 distinct part# near top","[{""pn"":""ORO-TEM-SUPPORT-50-12"",""score"":35,""on"":[""amount~final"",""data final (281d)""],""ref"":""PO 00025528"",""desc"":""tem support""},{""pn"":""BLUE-IR-OC-6"",""score"":20,""on"":[""amount~avans"",""data final (82d)""],""ref"":""09.05.2024"",""desc"":""IR incident response services retainer""},{""pn"":""ORO-TEM-SUPPORT-50-12"",""score"":17,""on"":[""data final (7d)""],""ref"":""PO00051313"",""desc"":""PO00051313""}]",
accounting:BT.BIT 629,BT.BIT 629,SELGROS CASH & CARRY SRL,exact,2024-04-09,RON,,250,1478.04,SCORED,HIGH,BLUE-IR-OC-5,234/15.11.2022,final,2022,BSS,SERVICII RECURENTE DE SECURITATE INFORMATICA - On-call Incident Response,ANEXA 2 – SERVICII RECURENTE DE SECURITATE INFORMATICA ANEXA 2 – SERVICII RECURENTE DE SECURITATE INFORMATICA On-call Incident Response ACT ADITIONAL NR. 1 din ,25,"org exact; score=88 margin=20 on [contract#, amount~final, desc~0.32]; 1 distinct part# near top","[{""pn"":""BLUE-IR-OC-5"",""score"":88,""on"":[""contract#"",""amount~final"",""desc~0.32""],""ref"":""234/15.11.2022"",""desc"":""SERVICII RECURENTE DE SECURITATE INFORMATICA - On-call Incid""},{""pn"":""RED-PEN-B-I-BP-200"",""score"":68,""on"":[""contract#"",""data avans (17d)""],""ref"":""234/15.11.2022"",""desc"":""SERVICII DE SECURITATE INFORMATICA""},{""pn"":""RED-AUDIT-A-20"",""score"":61,""on"":[""contract#"",""data est. close (64d)""],""ref"":""234/15.11.2022"",""desc"":""SERVICII DE SECURITATE INFORMATICA""}]",
accounting:BT.BIT 630,BT.BIT 630,SELGROS CASH & CARRY SRL,exact,2024-04-09,RON,,500,2956.08,SCORED,HIGH,CONSULTANCY-MISC-10,234/15.11.2022,final,2022,BSS,SERVICII RECURENTE DE SECURITATE INFORMATICA - Consultancy Services,ANEXA 3 – SERVICII RECURENTE DE SECURITATE INFORMATICA ANEXA 3 – SERVICII RECURENTE DE SECURITATE INFORMATICA Consultancy Services ACT ADITIONAL NR. 1 din 6.11.,25,"org exact; score=87 margin=19 on [contract#, amount~final, desc~0.29]; 1 distinct part# near top","[{""pn"":""CONSULTANCY-MISC-10"",""score"":87,""on"":[""contract#"",""amount~final"",""desc~0.29""],""ref"":""234/15.11.2022"",""desc"":""SERVICII RECURENTE DE SECURITATE INFORMATICA - Consultancy S""},{""pn"":""RED-PEN-B-I-BP-200"",""score"":68,""on"":[""contract#"",""data avans (17d)""],""ref"":""234/15.11.2022"",""desc"":""SERVICII DE SECURITATE INFORMATICA""},{""pn"":""RED-AUDIT-A-20"",""score"":61,""on"":[""contract#"",""data est. close (64d)""],""ref"":""234/15.11.2022"",""desc"":""SERVICII DE SECURITATE INFORMATICA""}]",
accounting:BT.BIT 631,BT.BIT 631,"SCA ""ZAMFIRESCU RACOTI VASILE AND PARTNERS """,none,2024-04-09,RON,,1150,6798.98,UNRESOLVED,NONE,,,,,,,"ANEXA 1 – SERVICII RECURENTE DE SECURITATE INFORMATICA, ANEXA 1 – SERVICII RECURENTE DE SECURITATE INFORMATICA, Contract Nr. 284/29.01.2024,( 1.150 euro+TVA la ",0,org not found in tracker,[],
accounting:BT.BIT 632,BT.BIT 632,FARMEC SA,exact,2024-04-09,RON,,650,3842.9,SCORED,MEDIUM,CONSULTANCY-MISC-8,contract cadru cu diverse servicii de securitate 283/22.01.2024,final,2024,BSS,servicii de darkweb monitoring,"ANEXA 3 – SERVICII RECURENTE DE SECURITATE INFORMATICA, ANEXA 3 – SERVICII RECURENTE DE SECURITATE INFORMATICA, ACT ADITIONAL NR. 1 DIN 12.02.2024, CONTRACT DE ",4,"org exact; score=39 margin=30 on [amount~final, data final (39d)]; 1 distinct part# near top","[{""pn"":""CONSULTANCY-MISC-8"",""score"":39,""on"":[""amount~final"",""data final (39d)""],""ref"":""contract cadru cu diverse servicii de se"",""desc"":""servicii de darkweb monitoring""},{""pn"":""RED-PEN-B-E-B-5"",""score"":9,""on"":[""data avans (82d)""],""ref"":""contract cadru cu diverse servicii de se"",""desc"":""servicii de pentest""},{""pn"":""BLUE-IR-5"",""score"":9,""on"":[""data avans (48d)""],""ref"":""contract cadru cu diverse servicii de se"",""desc"":""servicii de investigatie""}]",
accounting:BT.BIT 633,BT.BIT 633,NESTLERS & PARTNERS SRL,exact,2024-04-09,RON,,500,2956.08,SCORED,HIGH,BLUE-MDR-C-5,Nr. 273/02.10.2023,final,2024,BSS,servicii de MDR,SERVICII CONTRACT 273/02.10.2023 SERVICII CONTRACT 273/02.10.2023 ACT ADITIONAL NR. 1 DIN 19.03.2024 (500 euro+TVA la cursul BNR),3,"org exact; score=97 margin=0 on [contract#, amount~final, data avans (20d)]; 1 distinct part# near top","[{""pn"":""BLUE-MDR-C-5"",""score"":97,""on"":[""contract#"",""amount~final"",""data avans (20d)""],""ref"":""Nr. 273/02.10.2023"",""desc"":""servicii de MDR""},{""pn"":""BLUE-MDR-C-5"",""score"":97,""on"":[""contract#"",""amount~final"",""data est. close (26d)""],""ref"":""Nr. 273/02.10.2023"",""desc"":""servicii de MDR""},{""pn"":""RED-PEN-B-E-B-5"",""score"":55,""on"":[""contract#"",""data avans (186d)""],""ref"":""273/02.10.2023"",""desc"":""servicii de pentest""}]",
accounting:BT.BIT 634,BT.BIT 634,NUTRIPAW PET NUTRITION S.R.L.,exact,2024-04-24,RON,storno,1750,10379.39,DETERMINISTIC,HIGH,BLUE-IR-10,Nr. 287/01.04.2024,,2024,BSS,incident response,"SERVICII CONFORM CONTRACT Nr. 287/01.04.2024 SERVICII CONFORM CONTRACT Nr. 287/01.04.2024 Stornare factura 623/05.04.2024(50% din valoarea total?, adic? 1,750 e",1,org exact; unique part# via contract 287/623; storno,"[{""pn"":""BLUE-IR-10"",""score"":100,""on"":[""contract#""],""ref"":""Nr. 287/01.04.2024"",""desc"":""incident response""}]",
accounting:BT.BIT 635,BT.BIT 635,SELGROS CASH & CARRY SRL,exact,2024-04-26,RON,,7728,45763.65,SCORED,MEDIUM,RED-PEN-B-I-BP-200,234/15.11.2022,,2022,BSS,SERVICII DE SECURITATE INFORMATICA,SERVICII DE SECURITATE INFORMATICA SERVICII DE SECURITATE INFORMATICA CONTRACT DE PRESTARI SERVICII Nr. 234/15.11.2022 ANEXA 1( 7.728 euro+TVA la cursul BNR),25,"org exact; score=70 margin=7 on [contract#, data avans (0d), desc~0.19]; 2 distinct part# near top","[{""pn"":""RED-PEN-B-I-BP-200"",""score"":70,""on"":[""contract#"",""data avans (0d)"",""desc~0.19""],""ref"":""234/15.11.2022"",""desc"":""SERVICII DE SECURITATE INFORMATICA""},{""pn"":""RED-AUDIT-A-20"",""score"":63,""on"":[""contract#"",""data est. close (47d)"",""desc~0.20""],""ref"":""234/15.11.2022"",""desc"":""SERVICII DE SECURITATE INFORMATICA""},{""pn"":""BLUE-IR-OC-5"",""score"":54,""on"":[""contract#"",""desc~0.17""],""ref"":""234/15.11.2022"",""desc"":""SERVICII RECURENTE DE SECURITATE INFORMATICA - On-call Incid""}]",
accounting:BT.BIT 636,BT.BIT 636,THERES AN AI FOR THAT S.R.L.,none,2024-05-07,RON,avans,2925,17321.6,UNRESOLVED,NONE,,,,,,,"SERVICII CONFORM CONTRACT NR. 292 DIN 29.4.2024 SERVICII CONFORM CONTRACT NR. 292 DIN 29.4.2024 50% din valoarea totala, adica 2,925 euro + TVA la cursul BNR, v",0,org not found in tracker,[],
accounting:BT.BIT 637,BT.BIT 637,SILKWEB S.A.,exact,2024-05-14,RON,,625,3701.12,DETERMINISTIC,HIGH,RED-PEN-S-G-1,195/29.06.2021,,2021,BSS,pentest web app greybox,SERVICII conform Act aditional NR. 6 DIN 25.3.2024 SERVICII conform Act aditional NR. 6 DIN 25.3.2024 Contract Nr. 195/29.06.2021(625 euro+TVA la cursul BNR),1,org exact; unique part# via contract 195,"[{""pn"":""RED-PEN-S-G-1"",""score"":100,""on"":[""contract#""],""ref"":""195/29.06.2021"",""desc"":""pentest web app greybox""}]",
accounting:BT.BIT 638,BT.BIT 638,SILKWEB S.A.,exact,2024-05-14,RON,,1350,7994.43,DETERMINISTIC,HIGH,RED-PEN-S-G-1,195/29.06.2021,,2021,BSS,pentest web app greybox,SERVICII conform conform Act aditional NR. 5 DIN 25.03.2024 SERVICII conform conform Act aditional NR. 5 DIN 25.03.2024 CONTRACT DE PRESTARI SERVICII Nr. 195/29,1,org exact; unique part# via contract 195,"[{""pn"":""RED-PEN-S-G-1"",""score"":100,""on"":[""contract#""],""ref"":""195/29.06.2021"",""desc"":""pentest web app greybox""}]",
accounting:BT.BIT 639,BT.BIT 639,UNITED MEDIA SERVICES SRL,exact,2024-05-14,RON,,350,2072.63,DETERMINISTIC,HIGH,RED-PEN-B-I-BP-50,177/08.12.2020,,2020,BSS,SERVICII DE SECURITATE INFORMATICA,SERVICII ACT ADITIONAL NR. 1 DIN 03.11.2021 CONTRACT SERVICII ACT ADITIONAL NR. 1 DIN 03.11.2021 CONTRACT DE PRESTARI SERVICII Nr. 177/08.12.2020 (350 Euro+TVA ,1,org exact; unique part# via contract 177,"[{""pn"":""RED-PEN-B-I-BP-50"",""score"":100,""on"":[""contract#""],""ref"":""177/08.12.2020"",""desc"":""SERVICII DE SECURITATE INFORMATICA""}]",
accounting:BT.BIT 640,BT.BIT 640,KEYSIGHT TECHNOLOGIES RO SRL,exact,2024-05-14,RON,,12000,71061.56,SCORED,LOW,KS-MM-RD-2,NO. 5 OF 04.10.2023,total,2023,BSS,RECURRENT INFORMATION SECURITY SERVICES,Penetration testing services for May 2024 Penetration testing services for May 2024 12.000 euro+TVA la cursul BNR conform Purchase Order Number 9068002588,25,"org exact; score=34 margin=0 on [amount~total, data final (233d)]; 1 distinct part# near top","[{""pn"":""KS-MM-RD-2"",""score"":34,""on"":[""amount~total"",""data final (233d)""],""ref"":""NO. 5 OF 04.10.2023"",""desc"":""RECURRENT INFORMATION SECURITY SERVICES""},{""pn"":""KS-MM-RD-2"",""score"":34,""on"":[""amount~final"",""data final (264d)""],""ref"":""NO. 5 OF 04.10.2023"",""desc"":""RECURRENT INFORMATION SECURITY SERVICES""},{""pn"":""KS-MM-RD-2"",""score"":31,""on"":[""amount~final""],""ref"":""236Bis/25.04.2019"",""desc"":""RECURRENT INFORMATION SECURITY SERVICES""}]",
accounting:BT.BIT 641,BT.BIT 641,ORANGE ROMANIA SA,exact,2024-05-14,RON,,1875,11103.37,SCORED,MEDIUM,ORO-TEM-SUPPORT-50-12,PO 00025528,final,2023,BSS,tem support,"Servicii suport TEM L2/L3 Data de livrare: 31-04-2024 Servicii suport TEM L2/L3 Data de livrare: 31-04-2024 1.875 euro+TVA la cursul BNR ,PO00049528",65,"org exact; score=35 margin=15 on [amount~final, data final (316d)]; 1 distinct part# near top","[{""pn"":""ORO-TEM-SUPPORT-50-12"",""score"":35,""on"":[""amount~final"",""data final (316d)""],""ref"":""PO 00025528"",""desc"":""tem support""},{""pn"":""BLUE-IR-OC-6"",""score"":20,""on"":[""amount~avans"",""data final (47d)""],""ref"":""09.05.2024"",""desc"":""IR incident response services retainer""},{""pn"":""ORO-TEM-SUPPORT-50-12"",""score"":17,""on"":[""data final (28d)""],""ref"":""PO00051313"",""desc"":""PO00051313""}]",
accounting:BT.BIT 642,BT.BIT 642,SELGROS CASH & CARRY SRL,exact,2024-05-14,RON,,250,1480.45,SCORED,HIGH,BLUE-IR-OC-5,234/15.11.2022,final,2022,BSS,SERVICII RECURENTE DE SECURITATE INFORMATICA - On-call Incident Response,ANEXA 2 – SERVICII RECURENTE DE SECURITATE ANEXA 2 – SERVICII RECURENTE DE SECURITATE INFORMATICA -On-call Incident Response ACT ADITIONAL NR. 1 din 6.11.2023 C,25,"org exact; score=88 margin=20 on [contract#, amount~final, desc~0.32]; 1 distinct part# near top","[{""pn"":""BLUE-IR-OC-5"",""score"":88,""on"":[""contract#"",""amount~final"",""desc~0.32""],""ref"":""234/15.11.2022"",""desc"":""SERVICII RECURENTE DE SECURITATE INFORMATICA - On-call Incid""},{""pn"":""RED-AUDIT-A-20"",""score"":68,""on"":[""contract#"",""data est. close (29d)""],""ref"":""234/15.11.2022"",""desc"":""SERVICII DE SECURITATE INFORMATICA""},{""pn"":""RED-PEN-B-I-BP-200"",""score"":68,""on"":[""contract#"",""data avans (18d)""],""ref"":""234/15.11.2022"",""desc"":""SERVICII DE SECURITATE INFORMATICA""}]",
accounting:BT.BIT 643,BT.BIT 643,SELGROS CASH & CARRY SRL,exact,2024-05-14,RON,,500,2960.9,SCORED,HIGH,CONSULTANCY-MISC-10,234/15.11.2022,final,2022,BSS,SERVICII RECURENTE DE SECURITATE INFORMATICA - Consultancy Services,ANEXA 3 – SERVICII RECURENTE DE SECURITATE ANEXA 3 – SERVICII RECURENTE DE SECURITATE INFORMATICA- Consultancy Services ACT ADITIONAL NR. 1 din 6.11.2023 CONTRA,25,"org exact; score=87 margin=19 on [contract#, amount~final, desc~0.29]; 1 distinct part# near top","[{""pn"":""CONSULTANCY-MISC-10"",""score"":87,""on"":[""contract#"",""amount~final"",""desc~0.29""],""ref"":""234/15.11.2022"",""desc"":""SERVICII RECURENTE DE SECURITATE INFORMATICA - Consultancy S""},{""pn"":""RED-AUDIT-A-20"",""score"":68,""on"":[""contract#"",""data est. close (29d)""],""ref"":""234/15.11.2022"",""desc"":""SERVICII DE SECURITATE INFORMATICA""},{""pn"":""RED-PEN-B-I-BP-200"",""score"":68,""on"":[""contract#"",""data avans (18d)""],""ref"":""234/15.11.2022"",""desc"":""SERVICII DE SECURITATE INFORMATICA""}]",
accounting:BT.BIT 644,BT.BIT 644,"SCA ""ZAMFIRESCU RACOTI VASILE AND PARTNERS """,none,2024-05-14,RON,,1150,6810.07,UNRESOLVED,NONE,,,,,,,"ANEXA 1 – SERVICII RECURENTE DE SECURITATE ANEXA 1 – SERVICII RECURENTE DE SECURITATE INFORMATICA, Contract Nr. 284/29.01.2024,( 1.150 euro+TVA la cursul BNR)",0,org not found in tracker,[],
accounting:BT.BIT 645,BT.BIT 645,FARMEC SA,exact,2024-05-14,RON,,650,3849.17,SCORED,MEDIUM,CONSULTANCY-MISC-8,contract cadru cu diverse servicii de securitate 283/22.01.2024,final,2024,BSS,servicii de darkweb monitoring,"ANEXA 3 – SERVICII RECURENTE DE SECURITATE ANEXA 3 – SERVICII RECURENTE DE SECURITATE INFORMATICA, ACT ADITIONAL NR. 1 DIN 12.02.2024, CONTRACT DE PRESTARI SERV",4,"org exact; score=39 margin=30 on [amount~final, data final (74d)]; 1 distinct part# near top","[{""pn"":""CONSULTANCY-MISC-8"",""score"":39,""on"":[""amount~final"",""data final (74d)""],""ref"":""contract cadru cu diverse servicii de se"",""desc"":""servicii de darkweb monitoring""},{""pn"":""RED-PEN-B-E-B-5"",""score"":9,""on"":[""data avans (117d)""],""ref"":""contract cadru cu diverse servicii de se"",""desc"":""servicii de pentest""},{""pn"":""BLUE-IR-5"",""score"":9,""on"":[""data avans (83d)""],""ref"":""contract cadru cu diverse servicii de se"",""desc"":""servicii de investigatie""}]",
accounting:BT.BIT 646,BT.BIT 646,NESTLERS & PARTNERS SRL,exact,2024-05-14,RON,,500,2960.9,SCORED,HIGH,BLUE-MDR-C-5,Nr. 273/02.10.2023,final,2024,BSS,servicii de MDR,SERVICII CONTRACT 273/02.10.2023 SERVICII CONTRACT 273/02.10.2023 ACT ADITIONAL NR. 1 DIN 19.03.2024 (500 euro+TVA la cursul BNR),3,"org exact; score=97 margin=7 on [contract#, amount~final, data final (0d)]; 1 distinct part# near top","[{""pn"":""BLUE-MDR-C-5"",""score"":97,""on"":[""contract#"",""amount~final"",""data final (0d)""],""ref"":""Nr. 273/02.10.2023"",""desc"":""servicii de MDR""},{""pn"":""BLUE-MDR-C-5"",""score"":90,""on"":[""contract#"",""amount~final"",""data avans (55d)""],""ref"":""Nr. 273/02.10.2023"",""desc"":""servicii de MDR""},{""pn"":""RED-PEN-B-E-B-5"",""score"":55,""on"":[""contract#"",""data avans (221d)""],""ref"":""273/02.10.2023"",""desc"":""servicii de pentest""}]",
accounting:BT.BIT 647,BT.BIT 647,THERES AN AI FOR THAT S.R.L.,none,2024-05-31,RON,storno,,17323.7,UNRESOLVED,NONE,,,,,,,SERVICII CONFORM CONTRACT NR. 292 DIN 29.4.2024 SERVICII CONFORM CONTRACT NR. 292 DIN 29.4.2024 stornare avans factura 636/07.05.2024 Storneaza factura BT.BIT 6,0,org not found in tracker,[],
accounting:BT.BIT 648,BT.BIT 648,ORANGE ROMANIA SA,exact,2024-06-05,RON,,7500,44409.01,SCORED,LOW,ORO-TEM-SUPPORT-50-12,PO00051313,final,2024,BSS,PO00051313,"Servicii suplimentare suport L2/L3 Servicii suplimentare suport L2/L3 Nr Notificare O1227422, Nr PO PO00051313, Nr Receptie OPA_46755( 7.500 euro+TVA la cursul ",46,"org exact; score=39 margin=5 on [amount~final, data final (50d)]; 2 distinct part# near top","[{""pn"":""ORO-TEM-SUPPORT-50-12"",""score"":39,""on"":[""amount~final"",""data final (50d)""],""ref"":""PO00051313"",""desc"":""PO00051313""},{""pn"":""ORO-TEM-SUPPORT-50-4"",""score"":34,""on"":[""amount~final"",""data final (271d)""],""ref"":""PO00032588"",""desc"":""extra suport 2023 rocsc/oni""},{""pn"":""RED-PEN-B-E-B-7"",""score"":16,""on"":[""data final (25d)""],""ref"":""09.05.2024"",""desc"":""servicii de security code review""}]",
accounting:BT.BIT 649,BT.BIT 649,BANCA COMERCIALA ROMANA SA,exact,2024-06-06,RON,,24200,143307.49,SCORED,MEDIUM,RED-PEN-S-B-11,PO 6000010413,final,2024,BSS,servicii de pentest,Pen-tests conform contract 4048766 Pen-tests conform contract 4048766 Comanda aprovizionare 6000010413/10 din 18.03.2024; Perioada de furnizare 29.03.2024 - 4.6,3,"org exact; score=46 margin=42 on [amount~final, data final (0d)]; 1 distinct part# near top","[{""pn"":""RED-PEN-S-B-11"",""score"":46,""on"":[""amount~final"",""data final (0d)""],""ref"":""PO 6000010413"",""desc"":""servicii de pentest""},{""pn"":""RED-PEN-S-B-11"",""score"":4,""on"":[""data final (217d)""],""ref"":""4048766"",""desc"":""Descrierea Serviciilor Propuse si a Batch-urilor de aplicati""},{""pn"":""RED-PEN-S-B-11"",""score"":4,""on"":[""data final (177d)""],""ref"":""4048766"",""desc"":""Descrierea Serviciilor Propuse si a Batch-urilor de aplicati""}]",
accounting:BT.BIT 650,BT.BIT 650,SILKWEB S.A.,exact,2024-06-06,RON,,625,3701.12,DETERMINISTIC,HIGH,RED-PEN-S-G-1,195/29.06.2021,,2021,BSS,pentest web app greybox,SERVICII conform Act aditional NR. 6 DIN 25.3.2024 SERVICII conform Act aditional NR. 6 DIN 25.3.2024 Contract Nr. 195/29.06.2021(625 euro+TVA la cursul BNR),1,org exact; unique part# via contract 195,"[{""pn"":""RED-PEN-S-G-1"",""score"":100,""on"":[""contract#""],""ref"":""195/29.06.2021"",""desc"":""pentest web app greybox""}]",
accounting:BT.BIT 651,BT.BIT 651,SILKWEB S.A.,exact,2024-06-06,RON,,1350,7994.43,DETERMINISTIC,HIGH,RED-PEN-S-G-1,195/29.06.2021,,2021,BSS,pentest web app greybox,SERVICII conform conform Act aditional NR. 5 DIN 25.03.2024 SERVICII conform conform Act aditional NR. 5 DIN 25.03.2024 CONTRACT DE PRESTARI SERVICII Nr. 195/29,1,org exact; unique part# via contract 195,"[{""pn"":""RED-PEN-S-G-1"",""score"":100,""on"":[""contract#""],""ref"":""195/29.06.2021"",""desc"":""pentest web app greybox""}]",
accounting:BT.BIT 652,BT.BIT 652,UNITED MEDIA SERVICES SRL,exact,2024-06-06,RON,,350,2072.63,DETERMINISTIC,HIGH,RED-PEN-B-I-BP-50,177/08.12.2020,,2020,BSS,SERVICII DE SECURITATE INFORMATICA,SERVICII ACT ADITIONAL NR. 1 DIN 03.11.2021 CONTRACT SERVICII ACT ADITIONAL NR. 1 DIN 03.11.2021 CONTRACT DE PRESTARI SERVICII Nr. 177/08.12.2020 (350 Euro+TVA ,1,org exact; unique part# via contract 177,"[{""pn"":""RED-PEN-B-I-BP-50"",""score"":100,""on"":[""contract#""],""ref"":""177/08.12.2020"",""desc"":""SERVICII DE SECURITATE INFORMATICA""}]",
accounting:BT.BIT 653,BT.BIT 653,KEYSIGHT TECHNOLOGIES RO SRL,exact,2024-06-06,RON,,11400,67508.49,SCORED,MEDIUM,KS-MM-RD-2,NO. 5 OF 04.10.2023,final,2023,BSS,RECURRENT INFORMATION SECURITY SERVICES,Penetration testing services for June 2024 Penetration testing services for June 2024 Purchase Order Number 9068002588( 11.400 euro+TVA la cursul BNR),25,"org exact; score=46 margin=20 on [amount~final, data final (0d)]; 1 distinct part# near top","[{""pn"":""KS-MM-RD-2"",""score"":46,""on"":[""amount~final"",""data final (0d)""],""ref"":""NO. 5 OF 04.10.2023"",""desc"":""RECURRENT INFORMATION SECURITY SERVICES""},{""pn"":""KS-MM-RD-2"",""score"":26,""on"":[""amount~total"",""data final (210d)""],""ref"":""NO. 5 OF 04.10.2023"",""desc"":""RECURRENT INFORMATION SECURITY SERVICES""},{""pn"":""KS-MM-RD-2"",""score"":26,""on"":[""amount~final"",""data final (241d)""],""ref"":""NO. 5 OF 04.10.2023"",""desc"":""RECURRENT INFORMATION SECURITY SERVICES""}]",
accounting:BT.BIT 654,BT.BIT 654,ORANGE ROMANIA SA,exact,2024-06-06,RON,,1875,11103.37,SCORED,LOW,ORO-TEM-SUPPORT-50-12,PO 00025528,final,2023,BSS,tem support,Servicii suport TEM L2/L3 Data de livrare: 31-05-2024 Servicii suport TEM L2/L3 Data de livrare: 31-05-2024 PO00049528 (1.875 euro+TVA la cursul BNR),66,"org exact; score=35 margin=8 on [amount~final, data final (339d)]; 2 distinct part# near top","[{""pn"":""ORO-TEM-SUPPORT-50-12"",""score"":35,""on"":[""amount~final"",""data final (339d)""],""ref"":""PO 00025528"",""desc"":""tem support""},{""pn"":""BLUE-IR-OC-6"",""score"":27,""on"":[""amount~avans"",""data final (24d)""],""ref"":""09.05.2024"",""desc"":""IR incident response services retainer""},{""pn"":""RED-MISC-1.2"",""score"":17,""on"":[""data final (11d)""],""ref"":""09.05.2024"",""desc"":""Alte tipuri de servicii red""}]",
accounting:BT.BIT 655,BT.BIT 655,SELGROS CASH & CARRY SRL,exact,2024-06-06,RON,,250,1480.45,SCORED,HIGH,BLUE-IR-OC-5,234/15.11.2022,final,2022,BSS,SERVICII RECURENTE DE SECURITATE INFORMATICA - On-call Incident Response,ANEXA 2 – SERVICII RECURENTE DE SECURITATE ANEXA 2 – SERVICII RECURENTE DE SECURITATE INFORMATICA -On-call Incident Response ACT ADITIONAL NR. 1 din 6.11.2023 C,25,"org exact; score=88 margin=20 on [contract#, amount~final, desc~0.32]; 1 distinct part# near top","[{""pn"":""BLUE-IR-OC-5"",""score"":88,""on"":[""contract#"",""amount~final"",""desc~0.32""],""ref"":""234/15.11.2022"",""desc"":""SERVICII RECURENTE DE SECURITATE INFORMATICA - On-call Incid""},{""pn"":""RED-AUDIT-A-20"",""score"":68,""on"":[""contract#"",""data est. close (6d)""],""ref"":""234/15.11.2022"",""desc"":""SERVICII DE SECURITATE INFORMATICA""},{""pn"":""RED-PEN-B-I-BP-200"",""score"":61,""on"":[""contract#"",""data avans (41d)""],""ref"":""234/15.11.2022"",""desc"":""SERVICII DE SECURITATE INFORMATICA""}]",
accounting:BT.BIT 656,BT.BIT 656,SELGROS CASH & CARRY SRL,exact,2024-06-06,RON,,500,2960.9,SCORED,HIGH,CONSULTANCY-MISC-10,234/15.11.2022,final,2022,BSS,SERVICII RECURENTE DE SECURITATE INFORMATICA - Consultancy Services,ANEXA 3 – SERVICII RECURENTE DE SECURITATE ANEXA 3 – SERVICII RECURENTE DE SECURITATE INFORMATICA- Consultancy Services ACT ADITIONAL NR. 1 din 6.11.2023 CONTRA,25,"org exact; score=87 margin=19 on [contract#, amount~final, desc~0.29]; 1 distinct part# near top","[{""pn"":""CONSULTANCY-MISC-10"",""score"":87,""on"":[""contract#"",""amount~final"",""desc~0.29""],""ref"":""234/15.11.2022"",""desc"":""SERVICII RECURENTE DE SECURITATE INFORMATICA - Consultancy S""},{""pn"":""RED-AUDIT-A-20"",""score"":68,""on"":[""contract#"",""data est. close (6d)""],""ref"":""234/15.11.2022"",""desc"":""SERVICII DE SECURITATE INFORMATICA""},{""pn"":""RED-PEN-B-I-BP-200"",""score"":61,""on"":[""contract#"",""data avans (41d)""],""ref"":""234/15.11.2022"",""desc"":""SERVICII DE SECURITATE INFORMATICA""}]",
accounting:BT.BIT 657,BT.BIT 657,"SCA ""ZAMFIRESCU RACOTI VASILE AND PARTNERS """,none,2024-06-06,RON,,1150,6810.07,UNRESOLVED,NONE,,,,,,,"ANEXA 1 – SERVICII RECURENTE DE SECURITATE ANEXA 1 – SERVICII RECURENTE DE SECURITATE INFORMATICA, Contract Nr. 284/29.01.2024,( 1.150 euro+TVA la cursul BNR)",0,org not found in tracker,[],
accounting:BT.BIT 658,BT.BIT 658,FARMEC SA,exact,2024-06-06,RON,,650,3849.17,SCORED,MEDIUM,CONSULTANCY-MISC-8,contract cadru cu diverse servicii de securitate 283/22.01.2024,final,2024,BSS,servicii de darkweb monitoring,"ANEXA 3 – SERVICII RECURENTE DE SECURITATE ANEXA 3 – SERVICII RECURENTE DE SECURITATE INFORMATICA, ACT ADITIONAL NR. 1 DIN 12.02.2024, CONTRACT DE PRESTARI SERV",4,"org exact; score=39 margin=30 on [amount~final, data final (97d)]; 1 distinct part# near top","[{""pn"":""CONSULTANCY-MISC-8"",""score"":39,""on"":[""amount~final"",""data final (97d)""],""ref"":""contract cadru cu diverse servicii de se"",""desc"":""servicii de darkweb monitoring""},{""pn"":""BLUE-IR-5"",""score"":9,""on"":[""data avans (106d)""],""ref"":""contract cadru cu diverse servicii de se"",""desc"":""servicii de investigatie""},{""pn"":""RED-PEN-B-E-B-5"",""score"":4,""on"":[""data avans (140d)""],""ref"":""contract cadru cu diverse servicii de se"",""desc"":""servicii de pentest""}]",
accounting:BT.BIT 659,BT.BIT 659,NESTLERS & PARTNERS SRL,exact,2024-06-06,RON,,500,2960.9,SCORED,HIGH,BLUE-MDR-C-5,Nr. 273/02.10.2023,final,2024,BSS,servicii de MDR,SERVICII CONTRACT 273/02.10.2023 SERVICII CONTRACT 273/02.10.2023 ACT ADITIONAL NR. 1 DIN 19.03.2024 (500 euro+TVA la cursul BNR),3,"org exact; score=97 margin=7 on [contract#, amount~final, data final (23d)]; 1 distinct part# near top","[{""pn"":""BLUE-MDR-C-5"",""score"":97,""on"":[""contract#"",""amount~final"",""data final (23d)""],""ref"":""Nr. 273/02.10.2023"",""desc"":""servicii de MDR""},{""pn"":""BLUE-MDR-C-5"",""score"":90,""on"":[""contract#"",""amount~final"",""data avans (78d)""],""ref"":""Nr. 273/02.10.2023"",""desc"":""servicii de MDR""},{""pn"":""RED-PEN-B-E-B-5"",""score"":55,""on"":[""contract#"",""data avans (244d)""],""ref"":""273/02.10.2023"",""desc"":""servicii de pentest""}]",
accounting:BT.BIT 660,BT.BIT 660,FINEXPERT - BOSCOLO CONSULTING S.R.L.,none,2024-06-11,RON,,4680,27715.12,UNRESOLVED,NONE,,,,,,,"SERVICII CONFORM CONTRACT NR. 294/31.05.2024 SERVICII CONFORM CONTRACT NR. 294/31.05.2024 40% din valoarea totala, adica 4,680 euro + TVA la cursul BNR",0,org not found in tracker,[],
accounting:BT.BIT 661,BT.BIT 661,ORANGE ROMANIA SA,exact,2024-06-14,RON,,4800,146887.13,SCORED,MEDIUM,RED-PEN-B-E-B-7,09.05.2024,final,2024,BSS,servicii de security code review,Servicii de audit informatic de tip security Servicii de audit informatic de tip security code review pentru identificarea si evaluarea vulnerabilitatilor si ri,52,"org exact; score=48 margin=17 on [amount~final, data final (16d)]; 1 distinct part# near top","[{""pn"":""RED-PEN-B-E-B-7"",""score"":48,""on"":[""amount~final"",""data final (16d)""],""ref"":""09.05.2024"",""desc"":""servicii de security code review""},{""pn"":""PHISH-P-L-MM-F-250-3"",""score"":31,""on"":[""amount~final""],""ref"":""PO 00007142"",""desc"":""up romania""},{""pn"":""RED-C-M-MM-10"",""score"":16,""on"":[""data final (16d)""],""ref"":""09.05.2024"",""desc"":""Monthly Code Review (Monthly Payment)""}]","[{""service"":""Servicii de audit informatic de tip security | Servicii de a"",""partNumber"":""RED-PEN-B-E-B-7"",""score"":49,""on"":[""amount~final"",""data final (16d)""]},{""service"":""Servicii de înrolare Echipa de cyber | Servicii de înrolare "",""partNumber"":""BLUE-IR-OC-6"",""score"":45,""on"":[""amount~avans"",""data final (16d)""]},{""service"":""Echipa de cyber security on-call - Pachet | Echipa de cyber "",""partNumber"":""ORO-TEM-DEV-100"",""score"":30,""on"":[""amount~final"",""data final (112d)""]}]"
accounting:BT.BIT 662,BT.BIT 662,ORANGE ROMANIA SA,exact,2024-06-14,RON,,18000,118457.36,SCORED,LOW,ORO-TEM-DEV-100,PO00062657,final,2024,BSS,Software development services for CR4 implementation,"Servicii de Securitate Cibernetica - BOROMIR IND SRL Servicii de Securitate Cibernetica - BOROMIR IND SRL Nr Notificare O1227721,Nr PO PO00052979,Nr Receptie110",50,"org exact; score=30 margin=4 on [amount~final, data final (112d)]; 4 distinct part# near top","[{""pn"":""ORO-TEM-DEV-100"",""score"":30,""on"":[""amount~final"",""data final (112d)""],""ref"":""PO00062657"",""desc"":""Software development\nservices for CR4\nimplementation""},{""pn"":""BLUE-INTEGRATION"",""score"":26,""on"":[""amount~final"",""data final (249d)""],""ref"":""28.11.2024"",""desc"":""servicii de consultanta""},{""pn"":""CYBEREDU-MISC"",""score"":22,""on"":[""amount~final""],""ref"":""PO 40407868"",""desc"":""multiple services""}]","[{""service"":""Servicii de Securitate Cibernetica - BOROMIR IND SRL | Servi"",""partNumber"":""ORO-TEM-DEV-100"",""score"":30,""on"":[""amount~final"",""data final (112d)""]},{""service"":""Servicii Inrolare - BOROMIR IND SRL | Servicii Inrolare - BO"",""partNumber"":""BLUE-IR-OC-6"",""score"":45,""on"":[""amount~avans"",""data final (16d)""]}]"
accounting:BT.BIT 663,BT.BIT 663,CERTSIGN SA,exact,2024-06-18,RON,,1100,6514.63,SCORED,MEDIUM,RED-PEN-M-G-1,4,final,2024,BSS,pentest,SERVICII CONFORM COMANDA 4/02.02.2024 SERVICII CONFORM COMANDA 4/02.02.2024 1.100 euro+TVA la cursul BNR (22ore*50euro fara TVA,11,"org exact; score=45 margin=30 on [amount~final, data final (0d)]; 1 distinct part# near top","[{""pn"":""RED-PEN-M-G-1"",""score"":45,""on"":[""amount~final"",""data final (0d)""],""ref"":""4"",""desc"":""pentest""},{""pn"":""RED-PEN-M-G-1"",""score"":15,""on"":[""amount~final"",""data final (190d)""],""ref"":""2"",""desc"":""pentest""},{""pn"":""RED-PEN-M-G-1"",""score"":15,""on"":[""data final (1d)""],""ref"":""6"",""desc"":""pentest""}]",
accounting:BT.BIT 664,BT.BIT 664,ORANGE ROMANIA SA,exact,2024-06-20,RON,,3300,19541.93,SCORED,MEDIUM,RED-PEN-B-I-B-20,27.5.2024,final,2024,BSS,servicii de pentest,"Vulnerability Scanning/Vulnerability Vulnerability Scanning/Vulnerability Assessment/Manual Blackbox Penetration - ELBA SA( Nr Notificare O1227834, Nr PO PO0005",48,"org exact; score=45 margin=23 on [amount~final, data final (0d)]; 1 distinct part# near top","[{""pn"":""RED-PEN-B-I-B-20"",""score"":45,""on"":[""amount~final"",""data final (0d)""],""ref"":""27.5.2024"",""desc"":""servicii de pentest""},{""pn"":""ORO-TEM-DEV-50"",""score"":22,""on"":[""amount~final""],""ref"":""PO 40361678"",""desc"":""dezvoltari tem""},{""pn"":""RED-PEN-B-E-B-7"",""score"":15,""on"":[""data final (10d)""],""ref"":""09.05.2024"",""desc"":""servicii de security code review""}]",
accounting:BT.BIT 665,BT.BIT 665,SILKWEB S.A.,exact,2024-07-02,RON,,625,3701.64,DETERMINISTIC,HIGH,RED-PEN-S-G-1,195/29.06.2021,,2021,BSS,pentest web app greybox,SERVICII conform Act aditional NR. 6 DIN 25.3.2024 SERVICII conform Act aditional NR. 6 DIN 25.3.2024 Contract Nr. 195/29.06.2021(625 euro+TVA la cursul BNR),1,org exact; unique part# via contract 195,"[{""pn"":""RED-PEN-S-G-1"",""score"":100,""on"":[""contract#""],""ref"":""195/29.06.2021"",""desc"":""pentest web app greybox""}]",
accounting:BT.BIT 666,BT.BIT 666,SILKWEB S.A.,exact,2024-07-02,RON,,1350,7995.55,DETERMINISTIC,HIGH,RED-PEN-S-G-1,195/29.06.2021,,2021,BSS,pentest web app greybox,SERVICII conform conform Act aditional NR. 5 DIN 25.03.2024 SERVICII conform conform Act aditional NR. 5 DIN 25.03.2024 CONTRACT DE PRESTARI SERVICII Nr. 195/29,1,org exact; unique part# via contract 195,"[{""pn"":""RED-PEN-S-G-1"",""score"":100,""on"":[""contract#""],""ref"":""195/29.06.2021"",""desc"":""pentest web app greybox""}]",
accounting:BT.BIT 667,BT.BIT 667,UNITED MEDIA SERVICES SRL,exact,2024-07-02,RON,,350,2072.92,DETERMINISTIC,HIGH,RED-PEN-B-I-BP-50,177/08.12.2020,,2020,BSS,SERVICII DE SECURITATE INFORMATICA,SERVICII ACT ADITIONAL NR. 1 DIN 03.11.2021 CONTRACT SERVICII ACT ADITIONAL NR. 1 DIN 03.11.2021 CONTRACT DE PRESTARI SERVICII Nr. 177/08.12.2020 (350 Euro+TVA ,1,org exact; unique part# via contract 177,"[{""pn"":""RED-PEN-B-I-BP-50"",""score"":100,""on"":[""contract#""],""ref"":""177/08.12.2020"",""desc"":""SERVICII DE SECURITATE INFORMATICA""}]",
accounting:BT.BIT 668,BT.BIT 668,KEYSIGHT TECHNOLOGIES RO SRL,exact,2024-07-02,RON,,13800,81732.29,SCORED,LOW,KS-MM-RD-2,NO. 1 OF 02.06.2020,final,2020,BSS,RECURRENT INFORMATION SECURITY SERVICES,Penetration testing services for July 2024 Penetration testing services for July 2024 Purchase Order Number 9068002588( 13.800 euro+TVA la cursul BNR),26,org exact; score=31 margin=8 on [amount~final]; 1 distinct part# near top,"[{""pn"":""KS-MM-RD-2"",""score"":31,""on"":[""amount~final""],""ref"":""NO. 1 OF 02.06.2020"",""desc"":""RECURRENT INFORMATION SECURITY SERVICES""},{""pn"":""KS-MM-RD-2"",""score"":23,""on"":[""amount~final""],""ref"":""236Bis/25.04.2019"",""desc"":""RECURRENT INFORMATION SECURITY SERVICES""},{""pn"":""KS-MM-RD-2"",""score"":23,""on"":[""amount~final""],""ref"":""NO. 3 OF 20.09.2021"",""desc"":""RECURRENT INFORMATION SECURITY SERVICES""}]",
accounting:BT.BIT 669,BT.BIT 669,ORANGE ROMANIA SA,exact,2024-07-02,RON,,1875,11104.93,SCORED,LOW,ORO-TEM-SUPPORT-50-12,PO 00025528,final,2023,BSS,tem support,Servicii suport TEM L2/L3 Data de livrare: 31-06-2024 Servicii suport TEM L2/L3 Data de livrare: 31-06-2024 1.875 euro+TVA la cursul BNR conform PO00049528,66,"org exact; score=35 margin=8 on [amount~final, data final (365d)]; 2 distinct part# near top","[{""pn"":""ORO-TEM-SUPPORT-50-12"",""score"":35,""on"":[""amount~final"",""data final (365d)""],""ref"":""PO 00025528"",""desc"":""tem support""},{""pn"":""BLUE-IR-OC-6"",""score"":27,""on"":[""amount~avans"",""data final (2d)""],""ref"":""09.05.2024"",""desc"":""IR incident response services retainer""},{""pn"":""RED-PEN-B-I-B-20"",""score"":17,""on"":[""data final (12d)""],""ref"":""27.5.2024"",""desc"":""servicii de pentest""}]",
accounting:BT.BIT 670,BT.BIT 670,SELGROS CASH & CARRY SRL,exact,2024-07-02,RON,,250,1480.66,SCORED,HIGH,BLUE-IR-OC-5,234/15.11.2022,final,2022,BSS,SERVICII RECURENTE DE SECURITATE INFORMATICA - On-call Incident Response,ANEXA 2 – SERVICII RECURENTE DE SECURITATE ANEXA 2 – SERVICII RECURENTE DE SECURITATE INFORMATICA -On-call Incident Response ACT ADITIONAL NR. 1 din 6.11.2023 C,25,"org exact; score=88 margin=20 on [contract#, amount~final, desc~0.32]; 1 distinct part# near top","[{""pn"":""BLUE-IR-OC-5"",""score"":88,""on"":[""contract#"",""amount~final"",""desc~0.32""],""ref"":""234/15.11.2022"",""desc"":""SERVICII RECURENTE DE SECURITATE INFORMATICA - On-call Incid""},{""pn"":""RED-AUDIT-A-20"",""score"":68,""on"":[""contract#"",""data est. close (20d)""],""ref"":""234/15.11.2022"",""desc"":""SERVICII DE SECURITATE INFORMATICA""},{""pn"":""RED-PEN-B-I-BP-200"",""score"":61,""on"":[""contract#"",""data avans (67d)""],""ref"":""234/15.11.2022"",""desc"":""SERVICII DE SECURITATE INFORMATICA""}]",
accounting:BT.BIT 671,BT.BIT 671,SELGROS CASH & CARRY SRL,exact,2024-07-02,RON,,500,2961.32,SCORED,HIGH,CONSULTANCY-MISC-10,234/15.11.2022,final,2022,BSS,SERVICII RECURENTE DE SECURITATE INFORMATICA - Consultancy Services,ANEXA 3 – SERVICII RECURENTE DE SECURITATE ANEXA 3 – SERVICII RECURENTE DE SECURITATE INFORMATICA- Consultancy Services ACT ADITIONAL NR. 1 din 6.11.2023 CONTRA,25,"org exact; score=87 margin=19 on [contract#, amount~final, desc~0.29]; 1 distinct part# near top","[{""pn"":""CONSULTANCY-MISC-10"",""score"":87,""on"":[""contract#"",""amount~final"",""desc~0.29""],""ref"":""234/15.11.2022"",""desc"":""SERVICII RECURENTE DE SECURITATE INFORMATICA - Consultancy S""},{""pn"":""RED-AUDIT-A-20"",""score"":68,""on"":[""contract#"",""data est. close (20d)""],""ref"":""234/15.11.2022"",""desc"":""SERVICII DE SECURITATE INFORMATICA""},{""pn"":""RED-PEN-B-I-BP-200"",""score"":61,""on"":[""contract#"",""data avans (67d)""],""ref"":""234/15.11.2022"",""desc"":""SERVICII DE SECURITATE INFORMATICA""}]",
accounting:BT.BIT 672,BT.BIT 672,"SCA ""ZAMFIRESCU RACOTI VASILE AND PARTNERS """,none,2024-07-02,RON,,1150,6811.02,UNRESOLVED,NONE,,,,,,,"ANEXA 1 – SERVICII RECURENTE DE SECURITATE ANEXA 1 – SERVICII RECURENTE DE SECURITATE INFORMATICA, Contract Nr. 284/29.01.2024,( 1.150 euro+TVA la cursul BNR)",0,org not found in tracker,[],
accounting:BT.BIT 673,BT.BIT 673,FARMEC SA,exact,2024-07-02,RON,,650,3849.71,SCORED,MEDIUM,CONSULTANCY-MISC-8,contract cadru cu diverse servicii de securitate 283/22.01.2024,final,2024,BSS,servicii de darkweb monitoring,"ANEXA 3 – SERVICII RECURENTE DE SECURITATE ANEXA 3 – SERVICII RECURENTE DE SECURITATE INFORMATICA, ACT ADITIONAL NR. 1 DIN 12.02.2024 CONTRACT DE PRESTARI SERVI",4,"org exact; score=39 margin=35 on [amount~final, data est. close (119d)]; 1 distinct part# near top","[{""pn"":""CONSULTANCY-MISC-8"",""score"":39,""on"":[""amount~final"",""data est. close (119d)""],""ref"":""contract cadru cu diverse servicii de se"",""desc"":""servicii de darkweb monitoring""},{""pn"":""RED-PEN-B-E-B-5"",""score"":4,""on"":[""data avans (166d)""],""ref"":""contract cadru cu diverse servicii de se"",""desc"":""servicii de pentest""},{""pn"":""BLUE-IR-5"",""score"":4,""on"":[""data avans (132d)""],""ref"":""contract cadru cu diverse servicii de se"",""desc"":""servicii de investigatie""}]",
accounting:BT.BIT 674,BT.BIT 674,NESTLERS & PARTNERS SRL,exact,2024-07-02,RON,,500,2961.32,SCORED,HIGH,BLUE-MDR-C-5,Nr. 273/02.10.2023,final,2024,BSS,servicii de MDR,SERVICII CONTRACT 273/02.10.2023 SERVICII CONTRACT 273/02.10.2023 ACT ADITIONAL NR. 1 DIN 19.03.2024 (500 euro+TVA la cursul BNR),3,"org exact; score=90 margin=0 on [contract#, amount~final, data avans (104d)]; 1 distinct part# near top","[{""pn"":""BLUE-MDR-C-5"",""score"":90,""on"":[""contract#"",""amount~final"",""data avans (104d)""],""ref"":""Nr. 273/02.10.2023"",""desc"":""servicii de MDR""},{""pn"":""BLUE-MDR-C-5"",""score"":90,""on"":[""contract#"",""amount~final"",""data final (49d)""],""ref"":""Nr. 273/02.10.2023"",""desc"":""servicii de MDR""},{""pn"":""RED-PEN-B-E-B-5"",""score"":55,""on"":[""contract#"",""data avans (270d)""],""ref"":""273/02.10.2023"",""desc"":""servicii de pentest""}]",
accounting:BT.BIT 675,BT.BIT 675,CARREFOUR ROMANIA SA,exact,2024-07-02,RON,,6750,38913,SCORED,MEDIUM,RED-PEN-B-I-B-20,26.4.2024,final,2024,BSS,servicii de pentest,"Servicii Pentest/audit informatic aplicatie noua Servicii Pentest/audit informatic aplicatie noua Price Checker - pilot Vulcan cf Oferta - 9 MD, 6750 EUR Comand",11,"org exact; score=47 margin=10 on [amount~final, data final (0d)]; 2 distinct part# near top","[{""pn"":""RED-PEN-B-I-B-20"",""score"":47,""on"":[""amount~final"",""data final (0d)""],""ref"":""26.4.2024"",""desc"":""servicii de pentest""},{""pn"":""BLUE-IR-20"",""score"":37,""on"":[""amount~final"",""data est. close (8d)""],""ref"":""21.5.2024"",""desc"":""incident response""},{""pn"":""RED-PEN-B-E-B-5"",""score"":17,""on"":[""data final (0d)""],""ref"":""14.6.2024"",""desc"":""servicii de pentest""}]",
accounting:BT.BIT 676,BT.BIT 676,CARREFOUR ROMANIA SA,exact,2024-07-02,RON,,440,20848.8,SCORED,LOW,RED-PEN-B-I-B-20,26.4.2024,,2024,BSS,servicii de pentest,Pentest aplicatie cf oferta 8MD 440 EUR Pentest aplicatie cf oferta 8MD 440 EUR Comanda 9990010316 din 12.6.2024 CONTRACT DE PRESTARI SERVICII Nr. 1024CRF / 18.,11,org exact; score=18 margin=0 on [data final (0d)]; 4 distinct part# near top,"[{""pn"":""RED-PEN-B-I-B-20"",""score"":18,""on"":[""data final (0d)""],""ref"":""26.4.2024"",""desc"":""servicii de pentest""},{""pn"":""RED-PEN-B-E-B-5"",""score"":18,""on"":[""data final (0d)""],""ref"":""14.6.2024"",""desc"":""servicii de pentest""},{""pn"":""RED-PEN-B-E-B-5"",""score"":18,""on"":[""data final (0d)""],""ref"":""4.6.2024"",""desc"":""servicii de pentest""}]",
accounting:BT.BIT 677,BT.BIT 677,CARREFOUR ROMANIA SA,exact,2024-07-02,RON,,,13029.01,SCORED,LOW,RED-PEN-B-I-B-20,26.4.2024,,2024,BSS,servicii de pentest,Penetration Testing Comanda 2110103636 din 14.6.2024 Penetration Testing Comanda 2110103636 din 14.6.2024 CONTRACT DE PRESTARI SERVICII Nr. 1024CRF / 18.10.2022,11,org exact; score=17 margin=0 on [data final (0d)]; 4 distinct part# near top,"[{""pn"":""RED-PEN-B-I-B-20"",""score"":17,""on"":[""data final (0d)""],""ref"":""26.4.2024"",""desc"":""servicii de pentest""},{""pn"":""RED-PEN-B-E-B-5"",""score"":17,""on"":[""data final (0d)""],""ref"":""14.6.2024"",""desc"":""servicii de pentest""},{""pn"":""RED-PEN-B-E-B-5"",""score"":17,""on"":[""data final (0d)""],""ref"":""4.6.2024"",""desc"":""servicii de pentest""}]",
accounting:BT.BIT 678,BT.BIT 678,VALORIS CENTER SRL,exact,2024-07-15,RON,,2500,14785.75,DETERMINISTIC,HIGH,RED-VA-I-S-25,188/20.04.2021,,2021,BSS,VA,SERVICII CONFORM ACT ADITINAL 3/09.07.2024 LA CONTRACT SERVICII CONFORM ACT ADITINAL 3/09.07.2024 LA CONTRACT 188/20.04.2021( 2.500 euro+TVA la cursul BNR,1,org exact; unique part# via contract 188,"[{""pn"":""RED-VA-I-S-25"",""score"":100,""on"":[""contract#""],""ref"":""188/20.04.2021"",""desc"":""VA""}]",
accounting:BT.BIT 679,BT.BIT 679,TYPINGDNA SRL,exact,2024-07-15,RON,avans,,14906.24,SCORED,LOW,RED-PEN-B-E-B-30,No. 300/18.6.2024,,2024,BSS,servicii de pentest,SERVICII CONFORM CONTRACT NR.302/03.07.2024 SERVICII CONFORM CONTRACT NR.302/03.07.2024 50% avans reprezentand 2.750 USD+TVA la cursul BNR,1,org exact; score=17 margin=17 on [data avans (0d)]; 1 distinct part# near top; avans,"[{""pn"":""RED-PEN-B-E-B-30"",""score"":17,""on"":[""data avans (0d)""],""ref"":""No. 300/18.6.2024"",""desc"":""servicii de pentest""}]",
accounting:BT.BIT 680,BT.BIT 680,FINEXPERT - BOSCOLO CONSULTING S.R.L.,none,2024-07-16,RON,storno,4680,41482.19,UNRESOLVED,NONE,,,,,,,SERVICII CONFORM CONTRACT NR. 294/31.05.2024 SERVICII CONFORM CONTRACT NR. 294/31.05.2024 Stornare factura 660/11.06.2024 reprezentand avans 40% din valoarea to,0,org not found in tracker,[],
accounting:BT.BIT 681,BT.BIT 681,CERTSIGN SA,exact,2024-07-17,RON,,50,9454.31,SCORED,LOW,RED-PEN-M-G-1,4,,2024,BSS,pentest,SERVICII DE PENETRATION TESTING SI EVALUAREA SERVICII DE PENETRATION TESTING SI EVALUAREA VULNERABILIATILOR IN CONFORMITATE CU STANDARDELE GLOBALE DE SECURITATE,9,org exact; score=15 margin=0 on [data final (29d)]; 1 distinct part# near top,"[{""pn"":""RED-PEN-M-G-1"",""score"":15,""on"":[""data final (29d)""],""ref"":""4"",""desc"":""pentest""},{""pn"":""RED-PEN-M-G-1"",""score"":15,""on"":[""data final (30d)""],""ref"":""6"",""desc"":""pentest""},{""pn"":""RED-PEN-M-G-1"",""score"":3,""on"":[""data final (219d)""],""ref"":""1"",""desc"":""pentest""}]",
accounting:BT.BIT 682,BT.BIT 682,ZIPPER SERVICES SRL,exact,2024-07-17,RON,,1245,7360.49,DETERMINISTIC,HIGH,PHISH-P-L-MM-S-200-12,Nr. 200/01.09.2021,,2021,BSS,phish enterprise trimestrial,Campanie Phish Enterprise & Training Campanie Phish Enterprise & Training contract Nr. 200/01.09.2021( 1.245 euro+TVA la cursul BNR),1,org exact; unique part# via contract 200,"[{""pn"":""PHISH-P-L-MM-S-200-12"",""score"":100,""on"":[""contract#""],""ref"":""Nr. 200/01.09.2021"",""desc"":""phish enterprise trimestrial""}]",
accounting:BT.BIT 683,BT.BIT 683,NOVA POWER & GAS SRL,exact,2024-07-31,RON,,5707.5,33791.19,SCORED,HIGH,RED-NIS-C-PEN-100,NR. 282/19.01.2024,final,2024,BSS,servicii de audit + pentest nis,CONTRACT PENTRU PRESTAREA DE SERVICII DE AUDIT CALIFICAT CONTRACT PENTRU PRESTAREA DE SERVICII DE AUDIT CALIFICAT DE SECURITATE CIBERNETICA SI TESTE DE PENETRAR,3,"org exact; score=90 margin=23 on [contract#, amount~final, data final (77d)]; 1 distinct part# near top","[{""pn"":""RED-NIS-C-PEN-100"",""score"":90,""on"":[""contract#"",""amount~final"",""data final (77d)""],""ref"":""NR. 282/19.01.2024"",""desc"":""servicii de audit + pentest nis""},{""pn"":""RED-NIS-C-PEN-100"",""score"":67,""on"":[""contract#"",""data final (0d)""],""ref"":""NR. 282/19.01.2024"",""desc"":""servicii de audit + pentest nis""},{""pn"":""RED-NIS-C-AUDIT-100"",""score"":67,""on"":[""contract#"",""data final (0d)""],""ref"":""NR. 282/19.01.2024"",""desc"":""servicii de audit + pentest nis""}]",
accounting:BT.BIT 684,BT.BIT 684,SILKWEB S.A.,exact,2024-08-01,RON,,625,3700.9,DETERMINISTIC,HIGH,RED-PEN-S-G-1,195/29.06.2021,,2021,BSS,pentest web app greybox,SERVICII conform Act aditional NR. 6 DIN 25.3.2024 SERVICII conform Act aditional NR. 6 DIN 25.3.2024 Contract Nr. 195/29.06.2021(625 euro+TVA la cursul BNR),1,org exact; unique part# via contract 195,"[{""pn"":""RED-PEN-S-G-1"",""score"":100,""on"":[""contract#""],""ref"":""195/29.06.2021"",""desc"":""pentest web app greybox""}]",
accounting:BT.BIT 685,BT.BIT 685,SILKWEB S.A.,exact,2024-08-01,RON,,1350,7993.94,DETERMINISTIC,HIGH,RED-PEN-S-G-1,195/29.06.2021,,2021,BSS,pentest web app greybox,SERVICII conform conform Act aditional NR. 5 DIN 25.03.2024 SERVICII conform conform Act aditional NR. 5 DIN 25.03.2024 CONTRACT DE PRESTARI SERVICII Nr. 195/29,1,org exact; unique part# via contract 195,"[{""pn"":""RED-PEN-S-G-1"",""score"":100,""on"":[""contract#""],""ref"":""195/29.06.2021"",""desc"":""pentest web app greybox""}]",
accounting:BT.BIT 686,BT.BIT 686,UNITED MEDIA SERVICES SRL,exact,2024-08-01,RON,,350,2072.5,DETERMINISTIC,HIGH,RED-PEN-B-I-BP-50,177/08.12.2020,,2020,BSS,SERVICII DE SECURITATE INFORMATICA,SERVICII ACT ADITIONAL NR. 1 DIN 03.11.2021 CONTRACT SERVICII ACT ADITIONAL NR. 1 DIN 03.11.2021 CONTRACT DE PRESTARI SERVICII Nr. 177/08.12.2020 (350 Euro+TVA ,1,org exact; unique part# via contract 177,"[{""pn"":""RED-PEN-B-I-BP-50"",""score"":100,""on"":[""contract#""],""ref"":""177/08.12.2020"",""desc"":""SERVICII DE SECURITATE INFORMATICA""}]",
accounting:BT.BIT 687,BT.BIT 687,KEYSIGHT TECHNOLOGIES RO SRL,exact,2024-08-01,RON,,13800,81715.87,SCORED,LOW,KS-MM-RD-2,NO. 1 OF 02.06.2020,final,2020,BSS,RECURRENT INFORMATION SECURITY SERVICES,Penetration testing services for August 2024 Penetration testing services for August 2024 Purchase Order Number 9068002588 (13.800 euro+TVA la cursul BNR),26,org exact; score=31 margin=8 on [amount~final]; 1 distinct part# near top,"[{""pn"":""KS-MM-RD-2"",""score"":31,""on"":[""amount~final""],""ref"":""NO. 1 OF 02.06.2020"",""desc"":""RECURRENT INFORMATION SECURITY SERVICES""},{""pn"":""KS-MM-RD-2"",""score"":23,""on"":[""amount~final""],""ref"":""236Bis/25.04.2019"",""desc"":""RECURRENT INFORMATION SECURITY SERVICES""},{""pn"":""KS-MM-RD-2"",""score"":23,""on"":[""amount~final""],""ref"":""NO. 3 OF 20.09.2021"",""desc"":""RECURRENT INFORMATION SECURITY SERVICES""}]",
accounting:BT.BIT 688,BT.BIT 688,ORANGE ROMANIA SA,exact,2024-08-01,RON,,1875,11102.7,SCORED,LOW,ORO-TEM-SUPPORT-50-12,PO 00025528,final,2023,BSS,tem support,Servicii suport TEM L2/L3 Data de livrare: 31-07-2024 Servicii suport TEM L2/L3 Data de livrare: 31-07-2024 PO00049528 ( 1.875 euro+TVA la cursul BNR),66,org exact; score=32 margin=12 on [amount~final]; 1 distinct part# near top,"[{""pn"":""ORO-TEM-SUPPORT-50-12"",""score"":32,""on"":[""amount~final""],""ref"":""PO 00025528"",""desc"":""tem support""},{""pn"":""BLUE-IR-OC-6"",""score"":20,""on"":[""amount~avans"",""data final (32d)""],""ref"":""09.05.2024"",""desc"":""IR incident response services retainer""},{""pn"":""ORO-TEM-DEV-494"",""score"":18,""on"":[""data est. close (30d)""],""ref"":""PO00062653"",""desc"":""Gestionarea modificărilor și\nsolicitările de servicii noi""}]",
accounting:BT.BIT 689,BT.BIT 689,SELGROS CASH & CARRY SRL,exact,2024-08-01,RON,,250,1480.36,SCORED,HIGH,BLUE-IR-OC-5,234/15.11.2022,final,2022,BSS,SERVICII RECURENTE DE SECURITATE INFORMATICA - On-call Incident Response,ANEXA 2 – SERVICII RECURENTE DE SECURITATE ANEXA 2 – SERVICII RECURENTE DE SECURITATE INFORMATICA -On-call Incident Response ACT ADITIONAL NR. 1 din 6.11.2023 C,25,"org exact; score=88 margin=27 on [contract#, amount~final, desc~0.32]; 1 distinct part# near top","[{""pn"":""BLUE-IR-OC-5"",""score"":88,""on"":[""contract#"",""amount~final"",""desc~0.32""],""ref"":""234/15.11.2022"",""desc"":""SERVICII RECURENTE DE SECURITATE INFORMATICA - On-call Incid""},{""pn"":""RED-AUDIT-A-20"",""score"":61,""on"":[""contract#"",""data est. close (50d)""],""ref"":""234/15.11.2022"",""desc"":""SERVICII DE SECURITATE INFORMATICA""},{""pn"":""RED-PEN-B-I-BP-200"",""score"":61,""on"":[""contract#"",""data avans (97d)""],""ref"":""234/15.11.2022"",""desc"":""SERVICII DE SECURITATE INFORMATICA""}]",
accounting:BT.BIT 690,BT.BIT 690,SELGROS CASH & CARRY SRL,exact,2024-08-01,RON,,500,2960.72,SCORED,HIGH,CONSULTANCY-MISC-10,234/15.11.2022,final,2022,BSS,SERVICII RECURENTE DE SECURITATE INFORMATICA - Consultancy Services,ANEXA 3 – SERVICII RECURENTE DE SECURITATE ANEXA 3 – SERVICII RECURENTE DE SECURITATE INFORMATICA- Consultancy Services ACT ADITIONAL NR. 1 din 6.11.2023 CONTRA,25,"org exact; score=87 margin=26 on [contract#, amount~final, desc~0.29]; 1 distinct part# near top","[{""pn"":""CONSULTANCY-MISC-10"",""score"":87,""on"":[""contract#"",""amount~final"",""desc~0.29""],""ref"":""234/15.11.2022"",""desc"":""SERVICII RECURENTE DE SECURITATE INFORMATICA - Consultancy S""},{""pn"":""RED-AUDIT-A-20"",""score"":61,""on"":[""contract#"",""data est. close (50d)""],""ref"":""234/15.11.2022"",""desc"":""SERVICII DE SECURITATE INFORMATICA""},{""pn"":""RED-PEN-B-I-BP-200"",""score"":61,""on"":[""contract#"",""data avans (97d)""],""ref"":""234/15.11.2022"",""desc"":""SERVICII DE SECURITATE INFORMATICA""}]",
accounting:BT.BIT 691,BT.BIT 691,"SCA ""ZAMFIRESCU RACOTI VASILE AND PARTNERS """,none,2024-08-01,RON,,1150,6809.66,UNRESOLVED,NONE,,,,,,,"ANEXA 1 – SERVICII RECURENTE DE SECURITATE ANEXA 1 – SERVICII RECURENTE DE SECURITATE INFORMATICA, Contract Nr. 284/29.01.2024,( 1.150 euro+TVA la cursul BNR)",0,org not found in tracker,[],
accounting:BT.BIT 692,BT.BIT 692,FARMEC SA,exact,2024-08-01,RON,,650,3848.94,SCORED,MEDIUM,CONSULTANCY-MISC-8,contract cadru cu diverse servicii de securitate 283/22.01.2024,final,2024,BSS,servicii de darkweb monitoring,"ANEXA 3 – SERVICII RECURENTE DE SECURITATE ANEXA 3 – SERVICII RECURENTE DE SECURITATE NFORMATICA, ACT ADITIONAL NR. 1 DIN 12.02.2024 CONTRACT DE PRESTARI SERVIC",4,"org exact; score=34 margin=30 on [amount~final, data final (153d)]; 1 distinct part# near top","[{""pn"":""CONSULTANCY-MISC-8"",""score"":34,""on"":[""amount~final"",""data final (153d)""],""ref"":""contract cadru cu diverse servicii de se"",""desc"":""servicii de darkweb monitoring""},{""pn"":""RED-PEN-B-E-B-5"",""score"":4,""on"":[""data avans (196d)""],""ref"":""contract cadru cu diverse servicii de se"",""desc"":""servicii de pentest""},{""pn"":""BLUE-IR-5"",""score"":4,""on"":[""data avans (162d)""],""ref"":""contract cadru cu diverse servicii de se"",""desc"":""servicii de investigatie""}]",
accounting:BT.BIT 693,BT.BIT 693,NESTLERS & PARTNERS SRL,exact,2024-08-01,RON,,500,2960.72,SCORED,HIGH,BLUE-MDR-C-5,Nr. 273/02.10.2023,final,2024,BSS,servicii de MDR,SERVICII CONTRACT 273/02.10.2023 SERVICII CONTRACT 273/02.10.2023 ACT ADITIONAL NR. 1 DIN 19.03.2024 (500 euro+TVA la cursul BNR),3,"org exact; score=90 margin=0 on [contract#, amount~final, data final (114d)]; 1 distinct part# near top","[{""pn"":""BLUE-MDR-C-5"",""score"":90,""on"":[""contract#"",""amount~final"",""data final (114d)""],""ref"":""Nr. 273/02.10.2023"",""desc"":""servicii de MDR""},{""pn"":""BLUE-MDR-C-5"",""score"":90,""on"":[""contract#"",""amount~final"",""data final (79d)""],""ref"":""Nr. 273/02.10.2023"",""desc"":""servicii de MDR""},{""pn"":""RED-PEN-B-E-B-5"",""score"":55,""on"":[""contract#"",""data avans (300d)""],""ref"":""273/02.10.2023"",""desc"":""servicii de pentest""}]",
accounting:BT.BIT 694,BT.BIT 694,TYPINGDNA SRL,exact,2024-08-07,RON,,,12543.58,SCORED,LOW,RED-PEN-B-E-B-30,No. 300/18.6.2024,,2024,BSS,servicii de pentest,CONTRACT-CADRU DE PRESTARI SERVICII NR. 302/3.7.2024 CONTRACT-CADRU DE PRESTARI SERVICII NR. 302/3.7.2024 Conform contract NR. 302/3.7.2024 - 50% din valoarea t,1,org exact; score=16 margin=16 on [data avans (23d)]; 1 distinct part# near top,"[{""pn"":""RED-PEN-B-E-B-30"",""score"":16,""on"":[""data avans (23d)""],""ref"":""No. 300/18.6.2024"",""desc"":""servicii de pentest""}]",
accounting:BT.BIT 695 STORN,BT.BIT 695 STORN,TYPINGDNA SRL,exact,2024-08-07,RON,storno,,-12523.23,SCORED,LOW,RED-PEN-B-E-B-30,No. 300/18.6.2024,,2024,BSS,servicii de pentest,CONTRACT-CADRU DE PRESTARI SERVICII NR. 302/3.7.2024 CONTRACT-CADRU DE PRESTARI SERVICII NR. 302/3.7.2024 stornare factura gresita 695/Conform contract NR. 302/,1,org exact; score=16 margin=16 on [data avans (23d)]; 1 distinct part# near top; storno,"[{""pn"":""RED-PEN-B-E-B-30"",""score"":16,""on"":[""data avans (23d)""],""ref"":""No. 300/18.6.2024"",""desc"":""servicii de pentest""}]",
accounting:BT.BIT 696,BT.BIT 696,TYPINGDNA SRL,exact,2024-08-07,RON,,,14902.64,SCORED,LOW,RED-PEN-B-E-B-30,No. 300/18.6.2024,,2024,BSS,servicii de pentest,CONTRACT-CADRU DE PRESTARI SERVICII NR. 302/3.7.2024 CONTRACT-CADRU DE PRESTARI SERVICII NR. 302/3.7.2024 Conform contract NR. 302/3.7.2024 - 50% din valoarea t,1,org exact; score=16 margin=16 on [data avans (23d)]; 1 distinct part# near top,"[{""pn"":""RED-PEN-B-E-B-30"",""score"":16,""on"":[""data avans (23d)""],""ref"":""No. 300/18.6.2024"",""desc"":""servicii de pentest""}]",
accounting:BT.BIT 697,BT.BIT 697,CUSTIFY SRL,exact,2024-08-21,RON,avans,2200,13029.52,SCORED,HIGH,RED-PEN-S-WB-1,223/17.05.2022,avans,2024,BSS,pentest web app,"Avans, conform Act aditional nr. 2 din 2.07.2024 Avans, conform Act aditional nr. 2 din 2.07.2024 la contractul 223/17.05.2022(2200 Euro + TVA la cursul BNR de ",4,"org exact; score=101 margin=30 on [contract#, amount~avans, data avans (0d)]; 1 distinct part# near top; avans","[{""pn"":""RED-PEN-S-WB-1"",""score"":101,""on"":[""contract#"",""amount~avans"",""data avans (0d)""],""ref"":""223/17.05.2022"",""desc"":""pentest web app""},{""pn"":""RED-PEN-S-WB-1"",""score"":71,""on"":[""contract#"",""amount~avans"",""data final (334d)""],""ref"":""223/17.05.2022"",""desc"":""pentest web app""},{""pn"":""RED-PEN-S-WB-1"",""score"":50,""on"":[""contract#""],""ref"":""223/17.05.2022"",""desc"":""pentest web app""}]",
accounting:BT.BIT 698,BT.BIT 698,SELGROS CASH & CARRY SRL,exact,2024-08-21,RON,,4680,27717.35,SCORED,MEDIUM,RED-AUDIT-A-20,234/15.11.2022,,2022,BSS,SERVICII DE SECURITATE INFORMATICA,"SERVICII DE SECURITATE INFORMATICA - FORENSIC SERVICII DE SECURITATE INFORMATICA - FORENSIC CONTRACT DE PRESTARI SERVICII Nr. 234/15.11.2022, ANEXA 1( 4680 EURO",25,"org exact; score=61 margin=0 on [contract#, data est. close (70d)]; 4 distinct part# near top","[{""pn"":""RED-AUDIT-A-20"",""score"":61,""on"":[""contract#"",""data est. close (70d)""],""ref"":""234/15.11.2022"",""desc"":""SERVICII DE SECURITATE INFORMATICA""},{""pn"":""RED-PEN-B-I-BP-200"",""score"":61,""on"":[""contract#"",""data avans (117d)""],""ref"":""234/15.11.2022"",""desc"":""SERVICII DE SECURITATE INFORMATICA""},{""pn"":""BLUE-IR-OC-5"",""score"":53,""on"":[""contract#""],""ref"":""234/15.11.2022"",""desc"":""SERVICII RECURENTE DE SECURITATE INFORMATICA - On-call Incid""}]",
accounting:BT.BIT 694 STORN,BT.BIT 694 STORN,TYPINGDNA SRL,exact,2024-08-21,RON,storno,,-10540.82,SCORED,LOW,RED-PEN-B-E-B-30,No. 300/18.6.2024,,2024,BSS,servicii de pentest,"CONTRACT-CADRU DE PRESTARI SERVICII NR. 302/3.7.2024 CONTRACT-CADRU DE PRESTARI SERVICII NR. 302/3.7.2024 stornare factura 694,Conform contract NR. 302/3.7.2024",1,org exact; score=16 margin=16 on [data final (13d)]; 1 distinct part# near top; storno,"[{""pn"":""RED-PEN-B-E-B-30"",""score"":16,""on"":[""data final (13d)""],""ref"":""No. 300/18.6.2024"",""desc"":""servicii de pentest""}]",
accounting:BT.BIT 695 COREC,BT.BIT 695 COREC,TYPINGDNA SRL,exact,2024-08-21,RON,,,14902.64,SCORED,LOW,RED-PEN-B-E-B-30,No. 300/18.6.2024,,2024,BSS,servicii de pentest,CONTRACT-CADRU DE PRESTARI SERVICII NR. 302/3.7.2024 CONTRACT-CADRU DE PRESTARI SERVICII NR. 302/3.7.2024 Conform contract NR. 302/3.7.2024 - 50% din valoarea t,1,org exact; score=16 margin=16 on [data final (13d)]; 1 distinct part# near top,"[{""pn"":""RED-PEN-B-E-B-30"",""score"":16,""on"":[""data final (13d)""],""ref"":""No. 300/18.6.2024"",""desc"":""servicii de pentest""}]",
accounting:BT.BIT 699,BT.BIT 699,CARREFOUR ROMANIA SA,exact,2024-09-02,RON,,6600,32900,SCORED,MEDIUM,BLUE-IR-20,21.5.2024,final,2024,BSS,incident response,Comanda 9990010315 din 12.6.2024 Comanda 9990010315 din 12.6.2024 servicii securitate it de tip investigatie cf Oferta 15/zile/om = 6.600 Euro fara TVA . CONTRA,11,"org exact; score=45 margin=14 on [amount~final, data final (0d)]; 1 distinct part# near top","[{""pn"":""BLUE-IR-20"",""score"":45,""on"":[""amount~final"",""data final (0d)""],""ref"":""21.5.2024"",""desc"":""incident response""},{""pn"":""RED-PEN-B-I-B-20"",""score"":31,""on"":[""amount~final"",""data final (62d)""],""ref"":""26.4.2024"",""desc"":""servicii de pentest""},{""pn"":""RED-PEN-B-E-B-30"",""score"":16,""on"":[""data final (16d)""],""ref"":""17.09.2024"",""desc"":""servicii de pentest""}]",
accounting:BT.BIT 700,BT.BIT 700,SILKWEB S.A.,exact,2024-09-02,RON,,625,3701.57,DETERMINISTIC,HIGH,RED-PEN-S-G-1,195/29.06.2021,,2021,BSS,pentest web app greybox,SERVICII conform Act aditional NR. 6 DIN 25.3.2024 SERVICII conform Act aditional NR. 6 DIN 25.3.2024 Contract Nr. 195/29.06.2021(625 euro+TVA la cursul BNR),1,org exact; unique part# via contract 195,"[{""pn"":""RED-PEN-S-G-1"",""score"":100,""on"":[""contract#""],""ref"":""195/29.06.2021"",""desc"":""pentest web app greybox""}]",
accounting:BT.BIT 701,BT.BIT 701,SILKWEB S.A.,exact,2024-09-02,RON,,1350,7995.38,DETERMINISTIC,HIGH,RED-PEN-S-G-1,195/29.06.2021,,2021,BSS,pentest web app greybox,SERVICII conform conform Act aditional NR. 5 DIN 25.03.2024 SERVICII conform conform Act aditional NR. 5 DIN 25.03.2024 CONTRACT DE PRESTARI SERVICII Nr. 195/29,1,org exact; unique part# via contract 195,"[{""pn"":""RED-PEN-S-G-1"",""score"":100,""on"":[""contract#""],""ref"":""195/29.06.2021"",""desc"":""pentest web app greybox""}]",
accounting:BT.BIT 702,BT.BIT 702,UNITED MEDIA SERVICES SRL,exact,2024-09-02,RON,,350,2072.87,DETERMINISTIC,HIGH,RED-PEN-B-I-BP-50,177/08.12.2020,,2020,BSS,SERVICII DE SECURITATE INFORMATICA,SERVICII ACT ADITIONAL NR. 1 DIN 03.11.2021 CONTRACT SERVICII ACT ADITIONAL NR. 1 DIN 03.11.2021 CONTRACT DE PRESTARI SERVICII Nr. 177/08.12.2020 (350 Euro+TVA ,1,org exact; unique part# via contract 177,"[{""pn"":""RED-PEN-B-I-BP-50"",""score"":100,""on"":[""contract#""],""ref"":""177/08.12.2020"",""desc"":""SERVICII DE SECURITATE INFORMATICA""}]",
accounting:BT.BIT 703,BT.BIT 703,KEYSIGHT TECHNOLOGIES RO SRL,exact,2024-09-02,RON,,7800,46195.59,SCORED,MEDIUM,KS-MM-RD-2,NO. 5 OF 04.10.2023,final,2023,BSS,RECURRENT INFORMATION SECURITY SERVICES,Penetration testing services for September 2024 Penetration testing services for September 2024 Purchase Order Number 9068002588 (7800 euro + tva la cursul BNR),25,"org exact; score=46 margin=37 on [amount~final, data final (0d)]; 1 distinct part# near top","[{""pn"":""KS-MM-RD-2"",""score"":46,""on"":[""amount~final"",""data final (0d)""],""ref"":""NO. 5 OF 04.10.2023"",""desc"":""RECURRENT INFORMATION SECURITY SERVICES""},{""pn"":""KS-MM-RD-2"",""score"":9,""on"":[""data final (88d)""],""ref"":""NO. 5 OF 04.10.2023"",""desc"":""RECURRENT INFORMATION SECURITY SERVICES""},{""pn"":""KS-MM-RD-3"",""score"":4,""on"":[""data final (362d)""],""ref"":""NO. 4 OF 04.10.2022"",""desc"":""RECURRENT INFORMATION SECURITY SERVICES""}]",
accounting:BT.BIT 704,BT.BIT 704,ORANGE ROMANIA SA,exact,2024-09-02,RON,,1875,11104.71,SCORED,LOW,ORO-TEM-SUPPORT-50-12,PO 00025528,final,2023,BSS,tem support,Servicii suport TEM L2/L3 Data de livrare: 31-07-2024 Servicii suport TEM L2/L3 Data de livrare: 31-07-2024 PO00049528( 1875 euro + tva la cursul BNR),66,org exact; score=32 margin=12 on [amount~final]; 1 distinct part# near top,"[{""pn"":""ORO-TEM-SUPPORT-50-12"",""score"":32,""on"":[""amount~final""],""ref"":""PO 00025528"",""desc"":""tem support""},{""pn"":""BLUE-IR-OC-6"",""score"":20,""on"":[""amount~avans"",""data final (64d)""],""ref"":""09.05.2024"",""desc"":""IR incident response services retainer""},{""pn"":""ORO-TEM-DEV-494"",""score"":18,""on"":[""data est. close (2d)""],""ref"":""PO00062653"",""desc"":""Gestionarea modificărilor și\nsolicitările de servicii noi""}]",
accounting:BT.BIT 705,BT.BIT 705,SELGROS CASH & CARRY SRL,exact,2024-09-02,RON,,250,1480.62,SCORED,HIGH,BLUE-IR-OC-5,234/15.11.2022,final,2022,BSS,SERVICII RECURENTE DE SECURITATE INFORMATICA - On-call Incident Response,ANEXA 2 – SERVICII RECURENTE DE SECURITATE ANEXA 2 – SERVICII RECURENTE DE SECURITATE INFORMATICA -On-call Incident Response ACT ADITIONAL NR. 1 din 6.11.2023 C,25,"org exact; score=88 margin=27 on [contract#, amount~final, desc~0.32]; 1 distinct part# near top","[{""pn"":""BLUE-IR-OC-5"",""score"":88,""on"":[""contract#"",""amount~final"",""desc~0.32""],""ref"":""234/15.11.2022"",""desc"":""SERVICII RECURENTE DE SECURITATE INFORMATICA - On-call Incid""},{""pn"":""RED-AUDIT-A-20"",""score"":61,""on"":[""contract#"",""data est. close (82d)""],""ref"":""234/15.11.2022"",""desc"":""SERVICII DE SECURITATE INFORMATICA""},{""pn"":""RED-PEN-B-I-BP-200"",""score"":56,""on"":[""contract#"",""data avans (129d)""],""ref"":""234/15.11.2022"",""desc"":""SERVICII DE SECURITATE INFORMATICA""}]",
accounting:BT.BIT 706,BT.BIT 706,SELGROS CASH & CARRY SRL,exact,2024-09-02,RON,,500,2961.26,SCORED,HIGH,CONSULTANCY-MISC-10,234/15.11.2022,final,2022,BSS,SERVICII RECURENTE DE SECURITATE INFORMATICA - Consultancy Services,ANEXA 3 – SERVICII RECURENTE DE SECURITATE ANEXA 3 – SERVICII RECURENTE DE SECURITATE INFORMATICA- Consultancy Services ACT ADITIONAL NR. 1 din 6.11.2023 CONTRA,25,"org exact; score=87 margin=26 on [contract#, amount~final, desc~0.29]; 1 distinct part# near top","[{""pn"":""CONSULTANCY-MISC-10"",""score"":87,""on"":[""contract#"",""amount~final"",""desc~0.29""],""ref"":""234/15.11.2022"",""desc"":""SERVICII RECURENTE DE SECURITATE INFORMATICA - Consultancy S""},{""pn"":""RED-AUDIT-A-20"",""score"":61,""on"":[""contract#"",""data est. close (82d)""],""ref"":""234/15.11.2022"",""desc"":""SERVICII DE SECURITATE INFORMATICA""},{""pn"":""RED-PEN-B-I-BP-200"",""score"":56,""on"":[""contract#"",""data avans (129d)""],""ref"":""234/15.11.2022"",""desc"":""SERVICII DE SECURITATE INFORMATICA""}]",
accounting:BT.BIT 707,BT.BIT 707,"SCA ""ZAMFIRESCU RACOTI VASILE AND PARTNERS """,none,2024-09-02,RON,,1150,6810.89,UNRESOLVED,NONE,,,,,,,"ANEXA 1 – SERVICII RECURENTE DE SECURITATE INFORMATICA ANEXA 1 – SERVICII RECURENTE DE SECURITATE INFORMATICA Contract Nr. 284/29.01.2024, (1.150 EURO + TVA la ",0,org not found in tracker,[],
accounting:BT.BIT 708,BT.BIT 708,FARMEC SA,exact,2024-09-02,RON,,650,3849.64,SCORED,MEDIUM,CONSULTANCY-MISC-8,contract cadru cu diverse servicii de securitate 283/22.01.2024,final,2024,BSS,servicii de darkweb monitoring,"ANEXA 3 – SERVICII RECURENTE DE SECURITATE INFORMATICA ANEXA 3 – SERVICII RECURENTE DE SECURITATE INFORMATICA ACT ADITIONAL NR. 1 DIN 12.02.2024, CONTRACT DE PR",4,"org exact; score=34 margin=30 on [amount~final, data final (185d)]; 1 distinct part# near top","[{""pn"":""CONSULTANCY-MISC-8"",""score"":34,""on"":[""amount~final"",""data final (185d)""],""ref"":""contract cadru cu diverse servicii de se"",""desc"":""servicii de darkweb monitoring""},{""pn"":""RED-PEN-B-E-B-5"",""score"":4,""on"":[""data avans (228d)""],""ref"":""contract cadru cu diverse servicii de se"",""desc"":""servicii de pentest""},{""pn"":""BLUE-IR-5"",""score"":4,""on"":[""data avans (194d)""],""ref"":""contract cadru cu diverse servicii de se"",""desc"":""servicii de investigatie""}]",
accounting:BT.BIT 709,BT.BIT 709,NESTLERS & PARTNERS SRL,exact,2024-09-02,RON,,500,3849.64,SCORED,HIGH,BLUE-MDR-C-5,Nr. 273/02.10.2023,final,2024,BSS,servicii de MDR,SERVICII CONTRACT 273/02.10.2023 SERVICII CONTRACT 273/02.10.2023 ACT ADITIONAL NR. 1 DIN 19.03.2024 (500 euro+TVA la cursul BNR),3,"org exact; score=90 margin=5 on [contract#, amount~final, data final (111d)]; 1 distinct part# near top","[{""pn"":""BLUE-MDR-C-5"",""score"":90,""on"":[""contract#"",""amount~final"",""data final (111d)""],""ref"":""Nr. 273/02.10.2023"",""desc"":""servicii de MDR""},{""pn"":""BLUE-MDR-C-5"",""score"":85,""on"":[""contract#"",""amount~final"",""data avans (166d)""],""ref"":""Nr. 273/02.10.2023"",""desc"":""servicii de MDR""},{""pn"":""RED-PEN-B-E-B-5"",""score"":55,""on"":[""contract#"",""data avans (332d)""],""ref"":""273/02.10.2023"",""desc"":""servicii de pentest""}]",
accounting:BT.BIT 710,BT.BIT 710,APA SERVICE S.A.,exact,2024-09-06,RON,,,59214.4,SCORED,MEDIUM,RED-NIS-C-PEN-10,NR. 299/17.6.2024,,2024,BSS,servicii de audit + pentest nis,CONTRACT PENTRU PRESTAREA DE SERVICII DE AUDIT CALIFICAT CONTRACT PENTRU PRESTAREA DE SERVICII DE AUDIT CALIFICAT DE SECURITATE CIBERNETICA SI TESTE DE PENETRAR,2,"org exact; score=68 margin=0 on [contract#, data final (0d)]; 2 distinct part# near top","[{""pn"":""RED-NIS-C-PEN-10"",""score"":68,""on"":[""contract#"",""data final (0d)""],""ref"":""NR. 299/17.6.2024"",""desc"":""servicii de audit + pentest nis""},{""pn"":""RED-NIS-C-AUDIT-100"",""score"":68,""on"":[""contract#"",""data final (0d)""],""ref"":""NR. 299/17.6.2024"",""desc"":""servicii de audit + pentest nis""}]",
accounting:BT.BIT 711,BT.BIT 711,CUSTIFY SRL,exact,2024-09-13,RON,storno,2200,19518.29,SCORED,HIGH,RED-PEN-S-WB-1,223/17.05.2022,avans,2024,BSS,pentest web app,"STORNARE Avans, conform Act aditional nr. 2 din 2.07.2024 STORNARE Avans, conform Act aditional nr. 2 din 2.07.2024 la contractul 223/17.05.2022(2200 Euro + TVA",4,"org exact; score=95 margin=30 on [contract#, amount~avans, data avans (23d)]; 1 distinct part# near top; storno","[{""pn"":""RED-PEN-S-WB-1"",""score"":95,""on"":[""contract#"",""amount~avans"",""data avans (23d)""],""ref"":""223/17.05.2022"",""desc"":""pentest web app""},{""pn"":""RED-PEN-S-WB-1"",""score"":65,""on"":[""contract#"",""amount~avans"",""data final (357d)""],""ref"":""223/17.05.2022"",""desc"":""pentest web app""},{""pn"":""RED-PEN-B-E-B-14"",""score"":53,""on"":[""contract#"",""data avans (362d)""],""ref"":""223/17.05.2022"",""desc"":""pentest web app""}]","[{""service"":""STORNARE Avans, conform Act aditional nr. 2 din 2.07.2024 | "",""partNumber"":""RED-PEN-S-WB-1"",""score"":95,""on"":[""contract#"",""amount~avans"",""data avans (23d)""]},{""service"":""Suma finala conform Act aditional nr. 2 din 2.07.2024 la | S"",""partNumber"":""RED-PEN-S-WB-1"",""score"":95,""on"":[""contract#"",""amount~total"",""data avans (23d)""]}]"
accounting:BT.BIT 712,BT.BIT 712,CAPITAL FINANCIAL SERVICES SA,exact,2024-09-16,RON,,10000,59187.03,SCORED,HIGH,RED-PEN-B-I-B-100,262/05.04.2023,final,2023,BSS,DESCRIERE SERVICII IDENTIFICARE SI EVALUARE VULNERABILITATI,ACT ADITIONAL 2 – SERVICII DE SECURITATE CIBERNETICA ACT ADITIONAL 2 – SERVICII DE SECURITATE CIBERNETICA Contract Nr. 262/05.04.2023( 10.000 euro+TVA la cursul,9,"org exact; score=73 margin=21 on [contract#, amount~final]; 1 distinct part# near top","[{""pn"":""RED-PEN-B-I-B-100"",""score"":73,""on"":[""contract#"",""amount~final""],""ref"":""262/05.04.2023"",""desc"":""DESCRIERE SERVICII IDENTIFICARE SI EVALUARE VULNERABILITATI""},{""pn"":""RED-VA-E-B-100"",""score"":52,""on"":[""amount~final"",""data final (15d)"",""desc~0.29""],""ref"":""nr 2 09.08.2024"",""desc"":""ACT ADITIONAL 2 – SERVICII DE SECURITATE CIBERNETICA""},{""pn"":""RED-VA-I-S-100"",""score"":51,""on"":[""contract#""],""ref"":""262/05.04.2023"",""desc"":""SERVICII DE EVALUARE VULNERABILITATI RETEA INTERNA""}]",
accounting:BT.BIT 713,BT.BIT 713,CARREFOUR ROMANIA SA,exact,2024-09-27,RON,,,27347.71,SCORED,LOW,RED-PEN-B-E-B-30,17.09.2024,,2024,BSS,servicii de pentest,"Comanda 2110105682 din 17.9.2024 pentru Testare securitate Comanda 2110105682 din 17.9.2024 pentru Testare securitate SCO-uri, conform oferta 1 Buc x 22.981,27R",11,org exact; score=16 margin=1 on [data final (9d)]; 4 distinct part# near top,"[{""pn"":""RED-PEN-B-E-B-30"",""score"":16,""on"":[""data final (9d)""],""ref"":""17.09.2024"",""desc"":""servicii de pentest""},{""pn"":""BLUE-IR-20"",""score"":15,""on"":[""data final (25d)""],""ref"":""21.5.2024"",""desc"":""incident response""},{""pn"":""RED-PEN-B-I-B-20"",""score"":9,""on"":[""data final (87d)""],""ref"":""26.4.2024"",""desc"":""servicii de pentest""}]",
accounting:BT.BIT 714,BT.BIT 714,SILKWEB S.A.,exact,2024-10-03,RON,,625,3849.25,DETERMINISTIC,HIGH,RED-PEN-S-G-1,195/29.06.2021,,2021,BSS,pentest web app greybox,SERVICII conform Act aditional NR. 6 DIN 25.3.2024 SERVICII conform Act aditional NR. 6 DIN 25.3.2024 Contract Nr. 195/29.06.2021(625 euro+TVA la cursul BNR),1,org exact; unique part# via contract 195,"[{""pn"":""RED-PEN-S-G-1"",""score"":100,""on"":[""contract#""],""ref"":""195/29.06.2021"",""desc"":""pentest web app greybox""}]",
accounting:BT.BIT 715,BT.BIT 715,SILKWEB S.A.,exact,2024-10-03,RON,,1350,7994.59,DETERMINISTIC,HIGH,RED-PEN-S-G-1,195/29.06.2021,,2021,BSS,pentest web app greybox,SERVICII conform conform Act aditional NR. 5 DIN 25.03.2024 SERVICII conform conform Act aditional NR. 5 DIN 25.03.2024 CONTRACT DE PRESTARI SERVICII Nr. 195/29,1,org exact; unique part# via contract 195,"[{""pn"":""RED-PEN-S-G-1"",""score"":100,""on"":[""contract#""],""ref"":""195/29.06.2021"",""desc"":""pentest web app greybox""}]",
accounting:BT.BIT 716,BT.BIT 716,UNITED MEDIA SERVICES SRL,exact,2024-10-03,RON,,350,2072.67,DETERMINISTIC,HIGH,RED-PEN-B-I-BP-50,177/08.12.2020,,2020,BSS,SERVICII DE SECURITATE INFORMATICA,SERVICII ACT ADITIONAL NR. 1 DIN 03.11.2021 CONTRACT SERVICII ACT ADITIONAL NR. 1 DIN 03.11.2021 CONTRACT DE PRESTARI SERVICII Nr. 177/08.12.2020 (350 Euro+TVA ,1,org exact; unique part# via contract 177,"[{""pn"":""RED-PEN-B-I-BP-50"",""score"":100,""on"":[""contract#""],""ref"":""177/08.12.2020"",""desc"":""SERVICII DE SECURITATE INFORMATICA""}]",
accounting:BT.BIT 717,BT.BIT 717,KEYSIGHT TECHNOLOGIES RO SRL,exact,2024-10-03,RON,,13800,81722.44,SCORED,LOW,KS-MM-RD-2,NO. 1 OF 02.06.2020,final,2020,BSS,RECURRENT INFORMATION SECURITY SERVICES,Penetration testing services for October 2024 Penetration testing services for October 2024 Purchase Order Number 9068002588 ( 13.800 euro+TVA la cursul BNR),26,org exact; score=31 margin=8 on [amount~final]; 1 distinct part# near top,"[{""pn"":""KS-MM-RD-2"",""score"":31,""on"":[""amount~final""],""ref"":""NO. 1 OF 02.06.2020"",""desc"":""RECURRENT INFORMATION SECURITY SERVICES""},{""pn"":""KS-MM-RD-2"",""score"":23,""on"":[""amount~final""],""ref"":""236Bis/25.04.2019"",""desc"":""RECURRENT INFORMATION SECURITY SERVICES""},{""pn"":""KS-MM-RD-2"",""score"":23,""on"":[""amount~final""],""ref"":""NO. 3 OF 20.09.2021"",""desc"":""RECURRENT INFORMATION SECURITY SERVICES""}]",
accounting:BT.BIT 718,BT.BIT 718,ORANGE ROMANIA SA,exact,2024-10-03,RON,,1875,11103.59,SCORED,LOW,ORO-TEM-SUPPORT-50-12,PO 00025528,final,2023,BSS,tem support,Servicii suport TEM L2/L3 Data de livrare: 31-09-2024 Servicii suport TEM L2/L3 Data de livrare: 31-09-2024 PO00049528( 1.875 euro+TVA la cursul BNR),65,org exact; score=32 margin=12 on [amount~final]; 1 distinct part# near top,"[{""pn"":""ORO-TEM-SUPPORT-50-12"",""score"":32,""on"":[""amount~final""],""ref"":""PO 00025528"",""desc"":""tem support""},{""pn"":""BLUE-IR-OC-6"",""score"":20,""on"":[""amount~avans"",""data final (95d)""],""ref"":""09.05.2024"",""desc"":""IR incident response services retainer""},{""pn"":""ORO-TEM-DEV-494"",""score"":18,""on"":[""data final (1d)""],""ref"":""PO00062653"",""desc"":""Gestionarea modificărilor și\nsolicitările de servicii noi""}]",
accounting:BT.BIT 719,BT.BIT 719,SELGROS CASH & CARRY SRL,exact,2024-10-03,RON,,250,1480.48,SCORED,HIGH,BLUE-IR-OC-5,234/15.11.2022,final,2022,BSS,SERVICII RECURENTE DE SECURITATE INFORMATICA - On-call Incident Response,ANEXA 2 – SERVICII RECURENTE DE SECURITATE ANEXA 2 – SERVICII RECURENTE DE SECURITATE INFORMATICA -On-call Incident Response ACT ADITIONAL NR. 1 din 6.11.2023 C,25,"org exact; score=88 margin=27 on [contract#, amount~final, desc~0.32]; 1 distinct part# near top","[{""pn"":""BLUE-IR-OC-5"",""score"":88,""on"":[""contract#"",""amount~final"",""desc~0.32""],""ref"":""234/15.11.2022"",""desc"":""SERVICII RECURENTE DE SECURITATE INFORMATICA - On-call Incid""},{""pn"":""RED-AUDIT-A-20"",""score"":61,""on"":[""contract#"",""data est. close (113d)""],""ref"":""234/15.11.2022"",""desc"":""SERVICII DE SECURITATE INFORMATICA""},{""pn"":""RED-PEN-B-I-BP-200"",""score"":56,""on"":[""contract#"",""data avans (160d)""],""ref"":""234/15.11.2022"",""desc"":""SERVICII DE SECURITATE INFORMATICA""}]",
accounting:BT.BIT 720,BT.BIT 720,SELGROS CASH & CARRY SRL,exact,2024-10-03,RON,,500,2960.96,SCORED,HIGH,CONSULTANCY-MISC-10,234/15.11.2022,final,2022,BSS,SERVICII RECURENTE DE SECURITATE INFORMATICA - Consultancy Services,ANEXA 3 – SERVICII RECURENTE DE SECURITATE ANEXA 3 – SERVICII RECURENTE DE SECURITATE INFORMATICA- Consultancy Services ACT ADITIONAL NR. 1 din 6.11.2023 CONTRA,25,"org exact; score=87 margin=26 on [contract#, amount~final, desc~0.29]; 1 distinct part# near top","[{""pn"":""CONSULTANCY-MISC-10"",""score"":87,""on"":[""contract#"",""amount~final"",""desc~0.29""],""ref"":""234/15.11.2022"",""desc"":""SERVICII RECURENTE DE SECURITATE INFORMATICA - Consultancy S""},{""pn"":""RED-AUDIT-A-20"",""score"":61,""on"":[""contract#"",""data est. close (113d)""],""ref"":""234/15.11.2022"",""desc"":""SERVICII DE SECURITATE INFORMATICA""},{""pn"":""RED-PEN-B-I-BP-200"",""score"":56,""on"":[""contract#"",""data avans (160d)""],""ref"":""234/15.11.2022"",""desc"":""SERVICII DE SECURITATE INFORMATICA""}]",
accounting:BT.BIT 721,BT.BIT 721,"SCA ""ZAMFIRESCU RACOTI VASILE AND PARTNERS """,none,2024-10-03,RON,,1150,6810.2,UNRESOLVED,NONE,,,,,,,"ANEXA 1 – SERVICII RECURENTE DE SECURITATE ANEXA 1 – SERVICII RECURENTE DE SECURITATE INFORMATICA Contract Nr. 284/29.01.2024, (1.150 EURO + TVA la cursul BNR )",0,org not found in tracker,[],
accounting:BT.BIT 722,BT.BIT 722,FARMEC SA,exact,2024-10-03,RON,,650,3849.25,SCORED,MEDIUM,CONSULTANCY-MISC-8,contract cadru cu diverse servicii de securitate 283/22.01.2024,final,2024,BSS,servicii de darkweb monitoring,"ANEXA 3 – SERVICII RECURENTE DE SECURITATE ANEXA 3 – SERVICII RECURENTE DE SECURITATE INFORMATICA ACT ADITIONAL NR. 1 DIN 12.02.2024, CONTRACT DE PRESTARI SERVI",4,"org exact; score=34 margin=30 on [amount~final, data final (216d)]; 1 distinct part# near top","[{""pn"":""CONSULTANCY-MISC-8"",""score"":34,""on"":[""amount~final"",""data final (216d)""],""ref"":""contract cadru cu diverse servicii de se"",""desc"":""servicii de darkweb monitoring""},{""pn"":""RED-PEN-B-E-B-5"",""score"":4,""on"":[""data avans (259d)""],""ref"":""contract cadru cu diverse servicii de se"",""desc"":""servicii de pentest""},{""pn"":""BLUE-IR-5"",""score"":4,""on"":[""data avans (225d)""],""ref"":""contract cadru cu diverse servicii de se"",""desc"":""servicii de investigatie""}]",
accounting:BT.BIT 723,BT.BIT 723,NESTLERS & PARTNERS SRL,exact,2024-10-03,RON,,500,2960.96,SCORED,HIGH,BLUE-MDR-C-5,Nr. 273/02.10.2023,final,2024,BSS,servicii de MDR,SERVICII CONTRACT 273/02.10.2023 SERVICII CONTRACT 273/02.10.2023 ACT ADITIONAL NR. 1 DIN 19.03.2024 (500 euro+TVA la cursul BNR),3,"org exact; score=85 margin=0 on [contract#, amount~final, data avans (197d)]; 1 distinct part# near top","[{""pn"":""BLUE-MDR-C-5"",""score"":85,""on"":[""contract#"",""amount~final"",""data avans (197d)""],""ref"":""Nr. 273/02.10.2023"",""desc"":""servicii de MDR""},{""pn"":""BLUE-MDR-C-5"",""score"":85,""on"":[""contract#"",""amount~final"",""data final (142d)""],""ref"":""Nr. 273/02.10.2023"",""desc"":""servicii de MDR""},{""pn"":""RED-PEN-B-E-B-5"",""score"":55,""on"":[""contract#"",""data avans (363d)""],""ref"":""273/02.10.2023"",""desc"":""servicii de pentest""}]",
accounting:BT.BIT 724,BT.BIT 724,ORANGE ROMANIA SA,exact,2024-10-04,RON,,37050,219415.81,SCORED,MEDIUM,ORO-TEM-DEV-494,PO00062653,final,2024,BSS,Gestionarea modificărilor și solicitările de servicii noi,"Gestionarea modific?rilor si solicit?rile de servicii noi Gestionarea modific?rilor si solicit?rile de servicii noi Nr Notificare C1230629,Nr PO PO00062653, Nr ",41,"org exact; score=48 margin=15 on [amount~final, data final (0d)]; 1 distinct part# near top","[{""pn"":""ORO-TEM-DEV-494"",""score"":48,""on"":[""amount~final"",""data final (0d)""],""ref"":""PO00062653"",""desc"":""Gestionarea modificărilor și\nsolicitările de servicii noi""},{""pn"":""ORO-TEM-DEV-100"",""score"":33,""on"":[""amount~final""],""ref"":"""",""desc"":""Gestionarea modificărilor și solicitările de\nservicii noi""},{""pn"":""ORO-TEM-DEV-300"",""score"":22,""on"":[""amount~final""],""ref"":""PO 00010666"",""desc"":""dezv si suport""}]",
accounting:BT.BIT 725,BT.BIT 725,ORANGE ROMANIA SA,exact,2024-10-04,RON,,2500,322757.4,SCORED,LOW,BLUE-IR-OC-6,09.05.2024,total,2024,BSS,IR incident response services retainer,"BSS Fendly IP/Domain Reputation Scanner BSS Fendly IP/Domain Reputation Scanner Nr Notificare C1230630, Nr PO PO00062656, Nr Receptie OPA_52002, (2.500 euro+TVA",60,"org exact; score=38 margin=8 on [amount~total, data final (96d)]; 2 distinct part# near top","[{""pn"":""BLUE-IR-OC-6"",""score"":38,""on"":[""amount~total"",""data final (96d)""],""ref"":""09.05.2024"",""desc"":""IR incident response services retainer""},{""pn"":""ORO-TEM-DEV-50"",""score"":30,""on"":[""amount~final""],""ref"":""PO 40407868"",""desc"":""multiple services""},{""pn"":""ORO-TEM-L-10000"",""score"":17,""on"":[""data final (0d)""],""ref"":""Anexa 4 PO00062656"",""desc"":""licenta anuala fendly""}]","[{""service"":""BSS Fendly IP/Domain Reputation Scanner | BSS Fendly IP/Doma"",""partNumber"":""BLUE-IR-OC-6"",""score"":38,""on"":[""amount~total"",""data final (96d)""]},{""service"":""BSS Fendly RBL Scanner | BSS Fendly RBL Scanner | Nr Notific"",""partNumber"":""BLUE-IR-OC-6"",""score"":38,""on"":[""amount~total"",""data final (96d)""]},{""service"":""BSS Fendly SSL Vulnerability Scanner | BSS Fendly SSL Vulner"",""partNumber"":""BLUE-IR-OC-6"",""score"":38,""on"":[""amount~total"",""data final (96d)""]},{""service"":""Fendly Discovery Scanner: Licenta 10000 de scanari pentru 12"",""partNumber"":""RED-PEN-B-E-B-7"",""score"":30,""on"":[""amount~final"",""data final (96d)""]},{""service"":""Fendly Network Pro Scanner: Licenta 10000 de scanari pentru "",""partNumber"":""ORO-TEM-SUPPORT-50-12"",""score"":25,""on"":[""amount~final"",""data final (171d)""]},{""service"":""Fendly Web Pro Scanner: Licenta 10000 de scanari pentru 12 |"",""partNumber"":""ORO-TEM-DEV-79"",""score"":25,""on"":[""amount~final"",""data final (297d)""]},{""service"":""Licenta Phish Enterprise pentru 30 clienti cu pana la 500 de"",""partNumber"":""PHISH-P-L-YY-A-15000"",""score"":47,""on"":[""amount~final"",""data final (0d)""]}]"
accounting:BT.BIT 726,BT.BIT 726,ORANGE ROMANIA SA,exact,2024-10-04,RON,,18375,108819.58,SCORED,MEDIUM,ORO-TEM-DEV-100,PO00062657,final,2024,BSS,Software development services for CR4 implementation,"Software development services for CR4 implementation Software development services for CR4 implementation Nr Notificare C1230631, Nr PO PO00062657, Nr Receptie ",46,"org exact; score=52 margin=14 on [amount~final, data final (0d), desc~0.29]; 1 distinct part# near top","[{""pn"":""ORO-TEM-DEV-100"",""score"":52,""on"":[""amount~final"",""data final (0d)"",""desc~0.29""],""ref"":""PO00062657"",""desc"":""Software development\nservices for CR4\nimplementation""},{""pn"":""BLUE-INTEGRATION"",""score"":38,""on"":[""amount~final"",""data est. close (119d)""],""ref"":""28.11.2024"",""desc"":""servicii de consultanta""},{""pn"":""CYBEREDU-MISC"",""score"":31,""on"":[""amount~final""],""ref"":""PO 40407868"",""desc"":""multiple services""}]",
accounting:BT.BIT 727,BT.BIT 727,NESTLERS & PARTNERS SRL,exact,2024-10-05,RON,storno,500,-746.54,SCORED,HIGH,BLUE-MDR-C-5,Nr. 273/02.10.2023,final,2024,BSS,servicii de MDR,SERVICII CONTRACT 273/02.10.2023 SERVICII CONTRACT 273/02.10.2023 ACT ADITIONAL NR. 1 DIN 19.03.2024 (500 euro+TVA la cursul BNR) stornare factura 709/02.09.202,3,"org exact; score=84 margin=0 on [contract#, amount~final, data avans (199d)]; 1 distinct part# near top; storno","[{""pn"":""BLUE-MDR-C-5"",""score"":84,""on"":[""contract#"",""amount~final"",""data avans (199d)""],""ref"":""Nr. 273/02.10.2023"",""desc"":""servicii de MDR""},{""pn"":""BLUE-MDR-C-5"",""score"":84,""on"":[""contract#"",""amount~final"",""data final (144d)""],""ref"":""Nr. 273/02.10.2023"",""desc"":""servicii de MDR""},{""pn"":""RED-PEN-B-E-B-5"",""score"":54,""on"":[""contract#"",""data avans (365d)""],""ref"":""273/02.10.2023"",""desc"":""servicii de pentest""}]","[{""service"":""SERVICII CONTRACT 273/02.10.2023 | SERVICII CONTRACT 273/02."",""partNumber"":""BLUE-MDR-C-5"",""score"":84,""on"":[""contract#"",""amount~final"",""data avans (199d)""]},{""service"":""SERVICII CONTRACT 273/02.10.2023 | SERVICII CONTRACT 273/02."",""partNumber"":""BLUE-MDR-C-5"",""score"":84,""on"":[""contract#"",""amount~final"",""data avans (199d)""]}]"
accounting:BT.BIT 728,BT.BIT 728,TICKETING NATION S.R.L.,exact,2024-10-07,RON,,3600,21319.75,DETERMINISTIC,HIGH,RED-PEN-B-E-B-5,NR. 311/24.09.2024,,2024,BSS,servicii de pentest,SERVICII CONFORM CONTRACT CADRU NR. 311/24.09.2024 SERVICII CONFORM CONTRACT CADRU NR. 311/24.09.2024 3.600 euro+TVA la cursul BNR,1,org exact; unique part# via contract 311,"[{""pn"":""RED-PEN-B-E-B-5"",""score"":100,""on"":[""contract#""],""ref"":""NR. 311/24.09.2024"",""desc"":""servicii de pentest""}]",
accounting:BT.BIT 729,BT.BIT 729,KAUFLAND ROMANIA SCS,none,2024-10-16,RON,,,29254.27,UNRESOLVED,NONE,,,,,,,Pentest proiect WasteNot (5000000610) conform Comanda de Pentest proiect WasteNot (5000000610) conform Comanda de de aprovizionare nr.: 7200505297 din data: 03.,0,org not found in tracker,[],
accounting:BT.BIT 730,BT.BIT 730,LA FANTANA SRL,exact,2024-10-25,RON,avans,3168,18748.94,DETERMINISTIC,HIGH,RED-PEN-B-E-B-25,ACT ADITIONAL NR. 1 DIN 22.10.2024 la contractul Nr. 283/22.01.2024,,2024,BSS,servicii de pentest,"Avans conform ANEXA 1 – SERVICII PUNCTUALE DE SECURITATE Avans conform ANEXA 1 – SERVICII PUNCTUALE DE SECURITATE INFORMATICA, LA ACTUL ADITIONAL NR. 1 DIN 2218",1,org exact; unique part# via contract 283; avans,"[{""pn"":""RED-PEN-B-E-B-25"",""score"":100,""on"":[""contract#""],""ref"":""ACT ADITIONAL NR. 1 DIN 22.10.2024 la co"",""desc"":""servicii de pentest""}]",
accounting:BT.BIT 731,BT.BIT 731,TICKETING NATION S.R.L.,exact,2024-10-26,RON,final,5400,31957.78,DETERMINISTIC,HIGH,RED-PEN-B-E-B-5,NR. 311/24.09.2024,,2024,BSS,servicii de pentest,Diferenta de facturat conform ANEXA 1 Diferenta de facturat conform ANEXA 1 – SERVICII PUNCTUALE DE SECURITATE INFORMATICA CONTRACT NR. 311/24.09.2024( 5.400 eu,1,org exact; unique part# via contract 311; final,"[{""pn"":""RED-PEN-B-E-B-5"",""score"":100,""on"":[""contract#""],""ref"":""NR. 311/24.09.2024"",""desc"":""servicii de pentest""}]",
accounting:BT.BIT 732,BT.BIT 732,DONA. LOGISTICA S.A.,exact,2024-10-30,RON,,3347.4,19815.85,DETERMINISTIC,HIGH,BLUE-MDR-C-725,296/6.8.2024,,2024,BSS,servicii de MDR,"SERVICII RECURENTE DE SECURITATE INFORMATICA SERVICII RECURENTE DE SECURITATE INFORMATICA CONFORM CONTRACT NR. 296 / 06.08.2024 ( 3.347,4 euro+TVA la cursul BNR",2,org exact; unique part# via contract 296,"[{""pn"":""BLUE-MDR-C-725"",""score"":100,""on"":[""contract#""],""ref"":""296/6.8.2024"",""desc"":""servicii de MDR""},{""pn"":""BLUE-MDR-C-725"",""score"":100,""on"":[""contract#""],""ref"":""ACT ADITIONAL NR. 2 DIN 3.9.2025 la cont"",""desc"":""servicii de MDR""}]",
accounting:BT.BIT 733,BT.BIT 733,DONA. CARGO S.R.L.,exact,2024-10-30,RON,,4782,2830.84,SCORED,LOW,RED-NIS-C-PEN-300,264/04.05.2023,,2023,BSS,servicii de audit + pentest nis,"SERVICII RECURENTE DE SECURITATE INFORMATICA SERVICII RECURENTE DE SECURITATE INFORMATICA CONFORM CONTRACT NR. 296 / 06.08.2024( 478,2 euro+TVA la cursul BNR)",2,org exact; score=1 margin=0 on []; 2 distinct part# near top,"[{""pn"":""RED-NIS-C-PEN-300"",""score"":1,""on"":[],""ref"":""264/04.05.2023"",""desc"":""servicii de audit + pentest nis""},{""pn"":""RED-NIS-C-AUDIT-300"",""score"":1,""on"":[],""ref"":""264/04.05.2023"",""desc"":""servicii de audit + pentest nis""}]",
accounting:BT.BIT 734,BT.BIT 734,DONA MARKETING GRUP SRL,none,2024-10-30,RON,,7173,4246.25,UNRESOLVED,NONE,,,,,,,"SERVICII RECURENTE DE SECURITATE INFORMATICA SERVICII RECURENTE DE SECURITATE INFORMATICA CONFORM CONTRACT NR. 296 / 06.08.2024( 717,3 euro+TVA la cursul BNR)",0,org not found in tracker,[],
accounting:BT.BIT 735,BT.BIT 735,SANVERO HEALTHCARE S.R.L.,none,2024-10-30,RON,,2391,1415.42,UNRESOLVED,NONE,,,,,,,"SERVICII RECURENTE DE SECURITATE INFORMATICA SERVICII RECURENTE DE SECURITATE INFORMATICA CONFORM CONTRACT NR. 296 / 06.08.2024( 239,1 euro+TVA la cursul BNR)",0,org not found in tracker,[],
accounting:BT.BIT 736,BT.BIT 736,DONA. LOGISTICA S.A.,exact,2024-11-02,RON,,3347.4,19816.25,DETERMINISTIC,HIGH,BLUE-MDR-C-725,296/6.8.2024,,2024,BSS,servicii de MDR,"SERVICII CONTRACT-CADRU DE PRESTARI SERVICII SERVICII CONTRACT-CADRU DE PRESTARI SERVICII NR. 296 / 06.08.2024( 3.347,40euro+TVA la cursul BNR)",2,org exact; unique part# via contract 296,"[{""pn"":""BLUE-MDR-C-725"",""score"":100,""on"":[""contract#""],""ref"":""296/6.8.2024"",""desc"":""servicii de MDR""},{""pn"":""BLUE-MDR-C-725"",""score"":100,""on"":[""contract#""],""ref"":""ACT ADITIONAL NR. 2 DIN 3.9.2025 la cont"",""desc"":""servicii de MDR""}]",
accounting:BT.BIT 737,BT.BIT 737,DONA. CARGO S.R.L.,exact,2024-11-02,RON,,478.2,2830.89,SCORED,LOW,RED-NIS-C-AUDIT-300,264/04.05.2023,,2023,BSS,servicii de audit + pentest nis,"SERVICII CONTRACT-CADRU DE PRESTARI SERVICII SERVICII CONTRACT-CADRU DE PRESTARI SERVICII NR. 296 / 06.08.2024( 478,20 euro+TVA la cursul BNR)",2,org exact; score=2 margin=1 on []; 2 distinct part# near top,"[{""pn"":""RED-NIS-C-AUDIT-300"",""score"":2,""on"":[],""ref"":""264/04.05.2023"",""desc"":""servicii de audit + pentest nis""},{""pn"":""RED-NIS-C-PEN-300"",""score"":1,""on"":[],""ref"":""264/04.05.2023"",""desc"":""servicii de audit + pentest nis""}]",
accounting:BT.BIT 738,BT.BIT 738,DONA MARKETING GRUP SRL,none,2024-11-02,RON,,717.3,4246.34,UNRESOLVED,NONE,,,,,,,"SERVICII CONTRACT-CADRU DE PRESTARI SERVICII SERVICII CONTRACT-CADRU DE PRESTARI SERVICII NR. 296 / 06.08.2024( 717,30 euro+TVA la cursul BNR)",0,org not found in tracker,[],
accounting:BT.BIT 739,BT.BIT 739,SANVERO HEALTHCARE S.R.L.,none,2024-11-02,RON,,239.1,1415.45,UNRESOLVED,NONE,,,,,,,"SERVICII CONTRACT-CADRU DE PRESTARI SERVICII SERVICII CONTRACT-CADRU DE PRESTARI SERVICII NR. 296 / 06.08.2024( 239,10 euro+TVA la cursul BNR)",0,org not found in tracker,[],
accounting:BT.BIT 740,BT.BIT 740,SILKWEB S.A.,exact,2024-11-02,RON,,625,3699.93,DETERMINISTIC,HIGH,RED-PEN-S-G-1,195/29.06.2021,,2021,BSS,pentest web app greybox,SERVICII conform Act aditional NR. 6 DIN 25.3.2024 SERVICII conform Act aditional NR. 6 DIN 25.3.2024 Contract Nr. 195/29.06.2021(625 euro+TVA la cursul BNR),1,org exact; unique part# via contract 195,"[{""pn"":""RED-PEN-S-G-1"",""score"":100,""on"":[""contract#""],""ref"":""195/29.06.2021"",""desc"":""pentest web app greybox""}]",
accounting:BT.BIT 741,BT.BIT 741,SILKWEB S.A.,exact,2024-11-02,RON,,1350,7991.86,DETERMINISTIC,HIGH,RED-PEN-S-G-1,195/29.06.2021,,2021,BSS,pentest web app greybox,SERVICII conform conform Act aditional NR. 5 DIN 25.03.2024 SERVICII conform conform Act aditional NR. 5 DIN 25.03.2024 CONTRACT DE PRESTARI SERVICII Nr. 195/29,1,org exact; unique part# via contract 195,"[{""pn"":""RED-PEN-S-G-1"",""score"":100,""on"":[""contract#""],""ref"":""195/29.06.2021"",""desc"":""pentest web app greybox""}]",
accounting:BT.BIT 742,BT.BIT 742,UNITED MEDIA SERVICES SRL,exact,2024-11-02,RON,,350,2071.96,DETERMINISTIC,HIGH,RED-PEN-B-I-BP-50,177/08.12.2020,,2020,BSS,SERVICII DE SECURITATE INFORMATICA,SERVICII ACT ADITIONAL NR. 1 DIN 03.11.2021 CONTRACT SERVICII ACT ADITIONAL NR. 1 DIN 03.11.2021 CONTRACT DE PRESTARI SERVICII Nr. 177/08.12.2020 (350 Euro+TVA ,1,org exact; unique part# via contract 177,"[{""pn"":""RED-PEN-B-I-BP-50"",""score"":100,""on"":[""contract#""],""ref"":""177/08.12.2020"",""desc"":""SERVICII DE SECURITATE INFORMATICA""}]",
accounting:BT.BIT 743,BT.BIT 743,KEYSIGHT TECHNOLOGIES RO SRL,exact,2024-11-02,RON,,7800,46175.17,SCORED,MEDIUM,KS-MM-RD-2,NO. 5 OF 04.10.2023,final,2023,BSS,RECURRENT INFORMATION SECURITY SERVICES,Penetration testing services for September 2024 Penetration testing services for September 2024 Purchase Order Number 9068002588 (curand 9068003039) 7.800 euro+,25,"org exact; score=39 margin=30 on [amount~final, data final (61d)]; 1 distinct part# near top","[{""pn"":""KS-MM-RD-2"",""score"":39,""on"":[""amount~final"",""data final (61d)""],""ref"":""NO. 5 OF 04.10.2023"",""desc"":""RECURRENT INFORMATION SECURITY SERVICES""},{""pn"":""KS-MM-RD-2"",""score"":9,""on"":[""data final (61d)""],""ref"":""NO. 5 OF 04.10.2023"",""desc"":""RECURRENT INFORMATION SECURITY SERVICES""},{""pn"":""KS-MM-RD-2"",""score"":9,""on"":[""data final (92d)""],""ref"":""NO. 5 OF 04.10.2023"",""desc"":""RECURRENT INFORMATION SECURITY SERVICES""}]",
accounting:BT.BIT 744,BT.BIT 744,ORANGE ROMANIA SA,exact,2024-11-02,RON,,1875,11099.8,SCORED,LOW,ORO-TEM-SUPPORT-50-12,PO 00025528,final,2023,BSS,tem support,Servicii suport TEM L2/L3 Data de livrare: 31-07-2024 Servicii suport TEM L2/L3 Data de livrare: 31-07-2024 PO00049528( 1.875 euro+TVA la cursul BNR),64,org exact; score=32 margin=14 on [amount~final]; 1 distinct part# near top,"[{""pn"":""ORO-TEM-SUPPORT-50-12"",""score"":32,""on"":[""amount~final""],""ref"":""PO 00025528"",""desc"":""tem support""},{""pn"":""ORO-TEM-DEV-494"",""score"":18,""on"":[""data final (29d)""],""ref"":""PO00062653"",""desc"":""Gestionarea modificărilor și\nsolicitările de servicii noi""},{""pn"":""ORO-TEM-DEV-100"",""score"":16,""on"":[""data final (29d)""],""ref"":""PO00062657"",""desc"":""Software development\nservices for CR4\nimplementation""}]",
accounting:BT.BIT 745,BT.BIT 745,SELGROS CASH & CARRY SRL,exact,2024-11-02,RON,,250,1479.97,SCORED,HIGH,BLUE-IR-OC-5,234/15.11.2022,final,2022,BSS,SERVICII RECURENTE DE SECURITATE INFORMATICA - On-call Incident Response,ANEXA 2 – SERVICII RECURENTE DE SECURITATE ANEXA 2 – SERVICII RECURENTE DE SECURITATE INFORMATICA -On-call Incident Response ACT ADITIONAL NR. 1 din 6.11.2023 C,25,"org exact; score=88 margin=32 on [contract#, amount~final, desc~0.32]; 1 distinct part# near top","[{""pn"":""BLUE-IR-OC-5"",""score"":88,""on"":[""contract#"",""amount~final"",""desc~0.32""],""ref"":""234/15.11.2022"",""desc"":""SERVICII RECURENTE DE SECURITATE INFORMATICA - On-call Incid""},{""pn"":""RED-AUDIT-A-20"",""score"":56,""on"":[""contract#"",""data est. close (143d)""],""ref"":""234/15.11.2022"",""desc"":""SERVICII DE SECURITATE INFORMATICA""},{""pn"":""RED-PEN-B-I-BP-200"",""score"":56,""on"":[""contract#"",""data avans (190d)""],""ref"":""234/15.11.2022"",""desc"":""SERVICII DE SECURITATE INFORMATICA""}]",
accounting:BT.BIT 746,BT.BIT 746,SELGROS CASH & CARRY SRL,exact,2024-11-02,RON,,500,2959.95,SCORED,HIGH,CONSULTANCY-MISC-10,234/15.11.2022,final,2022,BSS,SERVICII RECURENTE DE SECURITATE INFORMATICA - Consultancy Services,ANEXA 3 – SERVICII RECURENTE DE SECURITATE ANEXA 3 – SERVICII RECURENTE DE SECURITATE INFORMATICA- Consultancy Services ACT ADITIONAL NR. 1 din 6.11.2023 CONTRA,25,"org exact; score=87 margin=31 on [contract#, amount~final, desc~0.29]; 1 distinct part# near top","[{""pn"":""CONSULTANCY-MISC-10"",""score"":87,""on"":[""contract#"",""amount~final"",""desc~0.29""],""ref"":""234/15.11.2022"",""desc"":""SERVICII RECURENTE DE SECURITATE INFORMATICA - Consultancy S""},{""pn"":""RED-AUDIT-A-20"",""score"":56,""on"":[""contract#"",""data est. close (143d)""],""ref"":""234/15.11.2022"",""desc"":""SERVICII DE SECURITATE INFORMATICA""},{""pn"":""RED-PEN-B-I-BP-200"",""score"":56,""on"":[""contract#"",""data avans (190d)""],""ref"":""234/15.11.2022"",""desc"":""SERVICII DE SECURITATE INFORMATICA""}]",
accounting:BT.BIT 747,BT.BIT 747,"SCA ""ZAMFIRESCU RACOTI VASILE AND PARTNERS """,none,2024-11-02,RON,,1150,6807.88,UNRESOLVED,NONE,,,,,,,"ANEXA 1 – SERVICII RECURENTE DE SECURITATE ANEXA 1 – SERVICII RECURENTE DE SECURITATE INFORMATICA Contract Nr. 284/29.01.2024, (1.150 EURO + TVA la cursul BNR )",0,org not found in tracker,[],
accounting:BT.BIT 748,BT.BIT 748,NESTLERS & PARTNERS SRL,exact,2024-11-02,RON,,500,2959.95,SCORED,HIGH,BLUE-MDR-C-5,Nr. 273/02.10.2023,final,2024,BSS,servicii de MDR,SERVICII CONTRACT 273/02.10.2023 SERVICII CONTRACT 273/02.10.2023 ACT ADITIONAL NR. 1 DIN 19.03.2024 (500 euro+TVA la cursul BNR),3,"org exact; score=85 margin=0 on [contract#, amount~final, data avans (227d)]; 1 distinct part# near top","[{""pn"":""BLUE-MDR-C-5"",""score"":85,""on"":[""contract#"",""amount~final"",""data avans (227d)""],""ref"":""Nr. 273/02.10.2023"",""desc"":""servicii de MDR""},{""pn"":""BLUE-MDR-C-5"",""score"":85,""on"":[""contract#"",""amount~final"",""data final (172d)""],""ref"":""Nr. 273/02.10.2023"",""desc"":""servicii de MDR""},{""pn"":""RED-PEN-B-E-B-5"",""score"":55,""on"":[""contract#"",""data final (362d)""],""ref"":""273/02.10.2023"",""desc"":""servicii de pentest""}]",
accounting:BT.BIT 749,BT.BIT 749,ORANGE ROMANIA SA,exact,2024-11-05,RON,,1200,7104.3,SCORED,HIGH,ORO-TEM-DEV-200,PO00063654,final,2024,BSS,"Knowledge transfer pentru echipa ORO L1 (prezentare aplicatie, verificarea/rezolvarea unor incidente simple)","Knowledge transfer pentru echipa ORO L1 Knowledge transfer pentru echipa ORO L1 (prezentare aplicatie, verificarea/rezolvarea unor incidente simple) Nr Notifica",63,"org exact; score=58 margin=43 on [amount~final, data final (0d), desc~0.52]; 1 distinct part# near top","[{""pn"":""ORO-TEM-DEV-200"",""score"":58,""on"":[""amount~final"",""data final (0d)"",""desc~0.52""],""ref"":""PO00063654"",""desc"":""Knowledge transfer pentru\nechipa ORO L1 (prezentare\naplicati""},{""pn"":""BLUE-IR-OC-6"",""score"":15,""on"":[""amount~final"",""data final (210d)""],""ref"":""27.05.2025"",""desc"":""IR incident response services retainer""},{""pn"":""CONSULTANCY-MISC-8"",""score"":12,""on"":[""amount~final""],""ref"":""25.05.2026"",""desc"":""servicii de consultanta""}]",
accounting:BT.BIT 750,BT.BIT 750,KEYSIGHT TECHNOLOGIES RO SRL,exact,2024-11-11,RON,final,4800,28416.6,SCORED,LOW,KS-MM-RD-2,NO. 5 OF 04.10.2023,,2023,BSS,RECURRENT INFORMATION SECURITY SERVICES,Penetration testing services Penetration testing services Purchase Order Number 9068002588( diferenta factura noiembrie 4.800 euro+TVA la cursul BNR),25,org exact; score=9 margin=0 on [data final (70d)]; 2 distinct part# near top; final,"[{""pn"":""KS-MM-RD-2"",""score"":9,""on"":[""data final (70d)""],""ref"":""NO. 5 OF 04.10.2023"",""desc"":""RECURRENT INFORMATION SECURITY SERVICES""},{""pn"":""KS-MM-RD-2"",""score"":9,""on"":[""data final (52d)""],""ref"":""NO. 5 OF 04.10.2023"",""desc"":""RECURRENT INFORMATION SECURITY SERVICES""},{""pn"":""KS-MM-RD-2"",""score"":9,""on"":[""data final (83d)""],""ref"":""NO. 5 OF 04.10.2023"",""desc"":""RECURRENT INFORMATION SECURITY SERVICES""}]",
accounting:BT.BIT 751,BT.BIT 751,EVIDEN TECHNOLOGIES S.R.L.,none,2024-11-14,RON,,1930.5,9605.98,UNRESOLVED,NONE,,,,,,,"11 BILETE DEFCAMP 2024 11 BILETE DEFCAMP 2024 1.930,50 euro la cursul BNR",0,org not found in tracker,[],
accounting:BT.BIT 752,BT.BIT 752,LA FANTANA SRL,exact,2024-11-22,RON,final,4752,28138.12,DETERMINISTIC,HIGH,RED-PEN-B-E-B-25,ACT ADITIONAL NR. 1 DIN 22.10.2024 la contractul Nr. 283/22.01.2024,,2024,BSS,servicii de pentest,Diferenta de 60% conform ACT ADITIONAL NR. 1 Diferenta de 60% conform ACT ADITIONAL NR. 1 DIN 22.10.2024 la contractul Nr. 283/22.01.2024( 4.752 euro+TVA la cur,1,org exact; unique part# via contract 283; final,"[{""pn"":""RED-PEN-B-E-B-25"",""score"":100,""on"":[""contract#""],""ref"":""ACT ADITIONAL NR. 1 DIN 22.10.2024 la co"",""desc"":""servicii de pentest""}]",
accounting:BT.BIT 753,BT.BIT 753,LA FANTANA SRL,exact,2024-11-25,RON,storno,3168,-15755.41,DETERMINISTIC,HIGH,RED-PEN-B-E-B-25,ACT ADITIONAL NR. 1 DIN 22.10.2024 la contractul Nr. 283/22.01.2024,,2024,BSS,servicii de pentest,"Avans conform ANEXA 1 – SERVICII PUNCTUALE DE SECURITATE Avans conform ANEXA 1 – SERVICII PUNCTUALE DE SECURITATE INFORMATICA, LA ACTUL ADITIONAL NR. 1 DIN 2218",1,org exact; unique part# via contract 283/730; storno,"[{""pn"":""RED-PEN-B-E-B-25"",""score"":100,""on"":[""contract#""],""ref"":""ACT ADITIONAL NR. 1 DIN 22.10.2024 la co"",""desc"":""servicii de pentest""}]",
accounting:BT.BIT 754,BT.BIT 754,LA FANTANA SRL,exact,2024-11-25,RON,storno,4752,-23645.48,DETERMINISTIC,HIGH,RED-PEN-B-E-B-25,ACT ADITIONAL NR. 1 DIN 22.10.2024 la contractul Nr. 283/22.01.2024,,2024,BSS,servicii de pentest,Diferenta de 60% conform ACT ADITIONAL NR. 1 Diferenta de 60% conform ACT ADITIONAL NR. 1 DIN 22.10.2024 la contractul Nr. 283/22.01.2024( 4.752 euro+TVA la cur,1,org exact; unique part# via contract 283/753; storno,"[{""pn"":""RED-PEN-B-E-B-25"",""score"":100,""on"":[""contract#""],""ref"":""ACT ADITIONAL NR. 1 DIN 22.10.2024 la co"",""desc"":""servicii de pentest""}]",
accounting:BT.BIT 755,BT.BIT 755,LA FANTANA SRL,exact,2024-11-25,RON,,7920,46896.86,DETERMINISTIC,HIGH,RED-PEN-B-E-B-25,ACT ADITIONAL NR. 1 DIN 22.10.2024 la contractul Nr. 283/22.01.2024,,2024,BSS,servicii de pentest,SERVICII CONFORM CONTRACT Nr. 283/22.01.2024 SERVICII CONFORM CONTRACT Nr. 283/22.01.2024 factura finala 7.920 euro+TVA la cursul BNR(3.168 euro+4.752 euro=7.92,1,org exact; unique part# via contract 283,"[{""pn"":""RED-PEN-B-E-B-25"",""score"":100,""on"":[""contract#""],""ref"":""ACT ADITIONAL NR. 1 DIN 22.10.2024 la co"",""desc"":""servicii de pentest""}]",
accounting:BT.BIT 756,BT.BIT 756,FLASHNET S.A.,exact,2024-12-03,RON,avans,3440,20373.85,SCORED,MEDIUM,RED-NIS-C-PEN-10,NR. 312/8.10.2024,avans,2024,BSS,servicii de pentest nis,Avans conform CONTRACT PENTRU PRESTAREA DE SERVICII DE TESTE Avans conform CONTRACT PENTRU PRESTAREA DE SERVICII DE TESTE DE PENETRARE _NR. 317/30.10.2024_ (344,4,"org exact; score=52 margin=48 on [amount~avans, data avans (0d)]; 1 distinct part# near top; avans","[{""pn"":""RED-NIS-C-PEN-10"",""score"":52,""on"":[""amount~avans"",""data avans (0d)""],""ref"":""NR. 312/8.10.2024"",""desc"":""servicii de pentest nis""},{""pn"":""RED-NIS-C-PEN-10"",""score"":4,""on"":[""data final (146d)""],""ref"":""NR. 312/8.10.2024"",""desc"":""servicii de pentest nis""},{""pn"":""RED-NIS-C-PEN-10"",""score"":4,""on"":[""data final (226d)""],""ref"":""NR. 312/8.10.2024"",""desc"":""servicii de pentest nis""}]",
accounting:BT.BIT 757,BT.BIT 757,DONA. LOGISTICA S.A.,exact,2024-12-03,RON,storno,1673.7,9912.71,DETERMINISTIC,HIGH,BLUE-MDR-C-725,296/6.8.2024,,2024,BSS,servicii de MDR,"SERVICII CONFORM CONTRACT NR. 296 / 06.08.2024 SERVICII CONFORM CONTRACT NR. 296 / 06.08.2024 1.673,7 euro+TVA la cursul BNR | Avans conform CONTRACT PENTRU PRE",2,org exact; unique part# via contract 296/317/756; storno,"[{""pn"":""BLUE-MDR-C-725"",""score"":100,""on"":[""contract#""],""ref"":""296/6.8.2024"",""desc"":""servicii de MDR""},{""pn"":""BLUE-MDR-C-725"",""score"":100,""on"":[""contract#""],""ref"":""ACT ADITIONAL NR. 2 DIN 3.9.2025 la cont"",""desc"":""servicii de MDR""}]",
accounting:BT.BIT 758,BT.BIT 758,DONA. LOGISTICA S.A.,exact,2024-12-03,RON,,1673.7,9912.71,DETERMINISTIC,HIGH,BLUE-MDR-C-725,296/6.8.2024,,2024,BSS,servicii de MDR,"SERVICII CONFORM CONTRACT NR. 296 / 06.08.2024 SERVICII CONFORM CONTRACT NR. 296 / 06.08.2024 1.673,7 euro+TVA la cursul BNR",2,org exact; unique part# via contract 296,"[{""pn"":""BLUE-MDR-C-725"",""score"":100,""on"":[""contract#""],""ref"":""296/6.8.2024"",""desc"":""servicii de MDR""},{""pn"":""BLUE-MDR-C-725"",""score"":100,""on"":[""contract#""],""ref"":""ACT ADITIONAL NR. 2 DIN 3.9.2025 la cont"",""desc"":""servicii de MDR""}]",
accounting:BT.BIT 759,BT.BIT 759,DONA. CARGO S.R.L.,exact,2024-12-03,RON,,478.2,2832.2,SCORED,LOW,RED-NIS-C-PEN-300,264/04.05.2023,,2023,BSS,servicii de audit + pentest nis,"SERVICII CONFORM CONTRACT NR. 296 / 06.08.2024 SERVICII CONFORM CONTRACT NR. 296 / 06.08.2024 478,20 euro+TVA la cursul BNR",2,org exact; score=2 margin=0 on []; 2 distinct part# near top,"[{""pn"":""RED-NIS-C-PEN-300"",""score"":2,""on"":[],""ref"":""264/04.05.2023"",""desc"":""servicii de audit + pentest nis""},{""pn"":""RED-NIS-C-AUDIT-300"",""score"":2,""on"":[],""ref"":""264/04.05.2023"",""desc"":""servicii de audit + pentest nis""}]",
accounting:BT.BIT 760,BT.BIT 760,DONA MARKETING GRUP SRL,none,2024-12-03,RON,,717.3,4248.3,UNRESOLVED,NONE,,,,,,,"SERVICII CONFORM CONTRACT NR. 296 / 06.08.2024 SERVICII CONFORM CONTRACT NR. 296 / 06.08.2024 717,30 euro+TVA la cursul BNR",0,org not found in tracker,[],
accounting:BT.BIT 761,BT.BIT 761,SANVERO HEALTHCARE S.R.L.,none,2024-12-03,RON,,239.1,1416.1,UNRESOLVED,NONE,,,,,,,"SERVICII CONTRACT-CADRU DE PRESTARI SERVICII SERVICII CONTRACT-CADRU DE PRESTARI SERVICII NR. 296 / 06.08.2024( 239,10 euro+TVA la cursul BNR)",0,org not found in tracker,[],
accounting:BT.BIT 762,BT.BIT 762,SILKWEB S.A.,exact,2024-12-03,RON,,625,3701.64,DETERMINISTIC,HIGH,RED-PEN-S-G-1,195/29.06.2021,,2021,BSS,pentest web app greybox,SERVICII conform Act aditional NR. 6 DIN 25.3.2024 SERVICII conform Act aditional NR. 6 DIN 25.3.2024 Contract Nr. 195/29.06.2021(625 euro+TVA la cursul BNR),1,org exact; unique part# via contract 195,"[{""pn"":""RED-PEN-S-G-1"",""score"":100,""on"":[""contract#""],""ref"":""195/29.06.2021"",""desc"":""pentest web app greybox""}]",
accounting:BT.BIT 763,BT.BIT 763,SILKWEB S.A.,exact,2024-12-03,RON,,625,7995.55,DETERMINISTIC,HIGH,RED-PEN-S-G-1,195/29.06.2021,,2021,BSS,pentest web app greybox,Contract Nr. 195/29.06.2021(625 euro+TVA la cursul BNR) Contract Nr. 195/29.06.2021(625 euro+TVA la cursul BNR) CONTRACT DE PRESTARI SERVICII Nr. 195/29.06.2021,1,org exact; unique part# via contract 195,"[{""pn"":""RED-PEN-S-G-1"",""score"":100,""on"":[""contract#""],""ref"":""195/29.06.2021"",""desc"":""pentest web app greybox""}]",
accounting:BT.BIT 764,BT.BIT 764,UNITED MEDIA SERVICES SRL,exact,2024-12-03,RON,,350,2072.92,DETERMINISTIC,HIGH,RED-PEN-B-I-BP-50,177/08.12.2020,,2020,BSS,SERVICII DE SECURITATE INFORMATICA,SERVICII ACT ADITIONAL NR. 1 DIN 03.11.2021 CONTRACT SERVICII ACT ADITIONAL NR. 1 DIN 03.11.2021 CONTRACT DE PRESTARI SERVICII Nr. 177/08.12.2020 (350 Euro+TVA ,1,org exact; unique part# via contract 177,"[{""pn"":""RED-PEN-B-I-BP-50"",""score"":100,""on"":[""contract#""],""ref"":""177/08.12.2020"",""desc"":""SERVICII DE SECURITATE INFORMATICA""}]",
accounting:BT.BIT 765,BT.BIT 765,KEYSIGHT TECHNOLOGIES RO SRL,exact,2024-12-03,RON,,12600,74625.14,SCORED,LOW,KS-MM-RD-2,NO. 5 OF 04.10.2023,total,2023,BSS,RECURRENT INFORMATION SECURITY SERVICES,Penetration testing services for December 2024 Penetration testing services for December 2024 Purchase Order Number 9068002588( 12.600 euro+TVA la cursul BNR),25,"org exact; score=39 margin=1 on [amount~total, data final (61d)]; 1 distinct part# near top","[{""pn"":""KS-MM-RD-2"",""score"":39,""on"":[""amount~total"",""data final (61d)""],""ref"":""NO. 5 OF 04.10.2023"",""desc"":""RECURRENT INFORMATION SECURITY SERVICES""},{""pn"":""KS-MM-RD-2"",""score"":38,""on"":[""amount~total"",""data final (30d)""],""ref"":""NO. 5 OF 04.10.2023"",""desc"":""RECURRENT INFORMATION SECURITY SERVICES""},{""pn"":""KS-MM-RD-2"",""score"":31,""on"":[""amount~final""],""ref"":""236Bis/25.04.2019"",""desc"":""RECURRENT INFORMATION SECURITY SERVICES""}]",
accounting:BT.BIT 766,BT.BIT 766,ORANGE ROMANIA SA,exact,2024-12-03,RON,,1875,11104.93,SCORED,MEDIUM,ORO-TEM-SUPPORT-50-12,PO 00025528,final,2023,BSS,tem support,Servicii suport TEM L2/L3 Data de livrare: 31-11-2024 Servicii suport TEM L2/L3 Data de livrare: 31-11-2024 1.875 euro+TVA la cursul BNR (PO00049528),64,org exact; score=32 margin=15 on [amount~final]; 1 distinct part# near top,"[{""pn"":""ORO-TEM-SUPPORT-50-12"",""score"":32,""on"":[""amount~final""],""ref"":""PO 00025528"",""desc"":""tem support""},{""pn"":""RED-PEN-B-I-B-20"",""score"":17,""on"":[""data final (24d)""],""ref"":""28.11.2024"",""desc"":""servicii de pentest""},{""pn"":""ORO-TEM-DEV-200"",""score"":16,""on"":[""data final (28d)""],""ref"":""PO00063654"",""desc"":""Knowledge transfer pentru\nechipa ORO L1 (prezentare\naplicati""}]",
accounting:BT.BIT 767,BT.BIT 767,SELGROS CASH & CARRY SRL,exact,2024-12-03,RON,,250,1480.66,SCORED,HIGH,BLUE-IR-OC-5,234/15.11.2022,final,2022,BSS,SERVICII RECURENTE DE SECURITATE INFORMATICA - On-call Incident Response,ANEXA 2 – SERVICII RECURENTE DE SECURITATE ANEXA 2 – SERVICII RECURENTE DE SECURITATE INFORMATICA -On-call Incident Response ACT ADITIONAL NR. 1 din 6.11.2023 C,25,"org exact; score=88 margin=32 on [contract#, amount~final, desc~0.32]; 1 distinct part# near top","[{""pn"":""BLUE-IR-OC-5"",""score"":88,""on"":[""contract#"",""amount~final"",""desc~0.32""],""ref"":""234/15.11.2022"",""desc"":""SERVICII RECURENTE DE SECURITATE INFORMATICA - On-call Incid""},{""pn"":""RED-AUDIT-A-20"",""score"":56,""on"":[""contract#"",""data est. close (174d)""],""ref"":""234/15.11.2022"",""desc"":""SERVICII DE SECURITATE INFORMATICA""},{""pn"":""RED-PEN-B-I-BP-200"",""score"":56,""on"":[""contract#"",""data avans (221d)""],""ref"":""234/15.11.2022"",""desc"":""SERVICII DE SECURITATE INFORMATICA""}]",
accounting:BT.BIT 768,BT.BIT 768,SELGROS CASH & CARRY SRL,exact,2024-12-03,RON,,500,2961.32,SCORED,HIGH,CONSULTANCY-MISC-10,234/15.11.2022,final,2022,BSS,SERVICII RECURENTE DE SECURITATE INFORMATICA - Consultancy Services,ANEXA 3 – SERVICII RECURENTE DE SECURITATE ANEXA 3 – SERVICII RECURENTE DE SECURITATE INFORMATICA- Consultancy Services ACT ADITIONAL NR. 1 din 6.11.2023 CONTRA,25,"org exact; score=87 margin=31 on [contract#, amount~final, desc~0.29]; 1 distinct part# near top","[{""pn"":""CONSULTANCY-MISC-10"",""score"":87,""on"":[""contract#"",""amount~final"",""desc~0.29""],""ref"":""234/15.11.2022"",""desc"":""SERVICII RECURENTE DE SECURITATE INFORMATICA - Consultancy S""},{""pn"":""RED-AUDIT-A-20"",""score"":56,""on"":[""contract#"",""data est. close (174d)""],""ref"":""234/15.11.2022"",""desc"":""SERVICII DE SECURITATE INFORMATICA""},{""pn"":""RED-PEN-B-I-BP-200"",""score"":56,""on"":[""contract#"",""data avans (221d)""],""ref"":""234/15.11.2022"",""desc"":""SERVICII DE SECURITATE INFORMATICA""}]",
accounting:BT.BIT 769,BT.BIT 769,"SCA ""ZAMFIRESCU RACOTI VASILE AND PARTNERS """,none,2024-12-03,RON,,1150,6811.02,UNRESOLVED,NONE,,,,,,,"ANEXA 1 – SERVICII RECURENTE DE SECURITATE ANEXA 1 – SERVICII RECURENTE DE SECURITATE INFORMATICA Contract Nr. 284/29.01.2024, (1.150 EURO + TVA la cursul BNR)",0,org not found in tracker,[],
accounting:BT.BIT 770,BT.BIT 770,NESTLERS & PARTNERS SRL,exact,2024-12-03,RON,,500,2961.32,SCORED,HIGH,BLUE-MDR-C-5,Nr. 273/02.10.2023,final,2024,BSS,servicii de MDR,SERVICII CONTRACT 273/02.10.2023 SERVICII CONTRACT 273/02.10.2023 ACT ADITIONAL NR. 1 DIN 19.03.2024 (500 euro+TVA la cursul BNR),3,"org exact; score=85 margin=0 on [contract#, amount~final, data avans (258d)]; 1 distinct part# near top","[{""pn"":""BLUE-MDR-C-5"",""score"":85,""on"":[""contract#"",""amount~final"",""data avans (258d)""],""ref"":""Nr. 273/02.10.2023"",""desc"":""servicii de MDR""},{""pn"":""BLUE-MDR-C-5"",""score"":85,""on"":[""contract#"",""amount~final"",""data final (203d)""],""ref"":""Nr. 273/02.10.2023"",""desc"":""servicii de MDR""},{""pn"":""RED-PEN-B-E-B-5"",""score"":52,""on"":[""contract#""],""ref"":""273/02.10.2023"",""desc"":""servicii de pentest""}]",
accounting:BT.BIT 771,BT.BIT 771,CARREFOUR ROMANIA SA,exact,2024-12-10,RON,,,7818.19,SCORED,LOW,RED-PEN-B-E-B-5,30.8.2024,,2024,BSS,servicii de pentest,"Comanda 2110105275 din 30.8.2024 pentru Servicii Testare Comanda 2110105275 din 30.8.2024 pentru Servicii Testare de securitate 3 Buc x 2.189,97 RON +TVA per 1 ",10,org exact; score=16 margin=7 on [data final (0d)]; 3 distinct part# near top,"[{""pn"":""RED-PEN-B-E-B-5"",""score"":16,""on"":[""data final (0d)""],""ref"":""30.8.2024"",""desc"":""servicii de pentest""},{""pn"":""RED-PEN-B-E-B-30"",""score"":9,""on"":[""data final (83d)""],""ref"":""17.09.2024"",""desc"":""servicii de pentest""},{""pn"":""BLUE-IR-20"",""score"":8,""on"":[""data final (99d)""],""ref"":""21.5.2024"",""desc"":""incident response""}]",
accounting:BT.BIT 772,BT.BIT 772,PRO TV SRL,exact,2024-12-10,RON,,3600,21295.34,DETERMINISTIC,HIGH,CONSULTANCY-MISC-8,COMANDA FERMA 053/08.11.2024,,2024,BSS,servicii de investigare,COMANDA FERMA 053/08.11.2024 la CONTRACT-CADRU COMANDA FERMA 053/08.11.2024 la CONTRACT-CADRU DE PRESTARI SERVICII NR. 315/24.10.2024 ( 3.600 euro+TVA la cursul,1,org exact; unique part# via contract 315/053,"[{""pn"":""CONSULTANCY-MISC-8"",""score"":100,""on"":[""contract#""],""ref"":""COMANDA FERMA 053/08.11.2024"",""desc"":""servicii de investigare""}]",
accounting:BT.BIT 773,BT.BIT 773,METAMINDS S.A.,exact,2024-12-11,RON,,5500,32518.18,SCORED,MEDIUM,RED-PEN-B-E-B-7,MMS2024175 / 26.07.2024,final,2024,BSS,servicii de pentest,Livrare servicii conform CONTRACT DE PRESTARI SERVICII Livrare servicii conform CONTRACT DE PRESTARI SERVICII Nr. MMS2024175 / 26.07.2024 (5.500 euro+TVA la cur,1,"org exact; score=47 margin=47 on [amount~final, data final (1d)]; 1 distinct part# near top","[{""pn"":""RED-PEN-B-E-B-7"",""score"":47,""on"":[""amount~final"",""data final (1d)""],""ref"":""MMS2024175 / 26.07.2024"",""desc"":""servicii de pentest""}]",
accounting:BT.BIT 774,BT.BIT 774,QUANTIC LAB S.R.L.,exact,2024-12-18,RON,avans,3900,23091.76,DETERMINISTIC,HIGH,RED-PEN-B-E-B-50,225/06.06.2022,,2022,BSS,pentest extern,Avans conform ACT ADITIONAL Avans conform ACT ADITIONAL NR. 1 DIN 11.12.2024 CONTRACT DE PRESTARI SERVICII Nr. 225/06.06.2022( 3.900 euro+TVA la cursul BNR),1,org exact; unique part# via contract 225; avans,"[{""pn"":""RED-PEN-B-E-B-50"",""score"":100,""on"":[""contract#""],""ref"":""225/06.06.2022"",""desc"":""pentest extern""}]",
accounting:BT.BIT 775,BT.BIT 775,INSIGHTS ENTERPRISE SRL,exact,2024-12-18,RON,avans,5500,32565.3,SCORED,MEDIUM,RED-PEN-S-WB-1,ACT ADITIONAL NR. 2 DIN 3.12.2024,avans,2024,BSS,servicii de pentest,Avans conform ACT ADITIONAL Avans conform ACT ADITIONAL NR. 2 DIN 3.12.2024 la CONTRACT DE PRESTARI SERVICII Nr. 1/2022 (5.500 euro+TVA la cursul BNR),3,"org exact; score=52 margin=33 on [amount~avans, data avans (0d)]; 1 distinct part# near top; avans","[{""pn"":""RED-PEN-S-WB-1"",""score"":52,""on"":[""amount~avans"",""data avans (0d)""],""ref"":""ACT ADITIONAL NR. 2 DIN 3.12.2024"",""desc"":""servicii de pentest""},{""pn"":""RED-PEN-S-WB-1"",""score"":19,""on"":[""amount~avans""],""ref"":""Nr. 1/2022"",""desc"":""servicii de pentest""},{""pn"":""RED-PEN-S-WB-1"",""score"":19,""on"":[""amount~avans""],""ref"":""ACT ADITIONAL NR. 3 DIN 28.1.2026"",""desc"":""servicii de pentest""}]",
accounting:BT.BIT 776,BT.BIT 776,M.W. TEAM INVEST SRL,none,2024-12-18,RON,,6890,40795.44,UNRESOLVED,NONE,,,,,,,Servicii de audit informatic pentru identificarea Servicii de audit informatic pentru identificarea si evaluarea vulnerabilitatilor si riscurilor informatice in,0,org not found in tracker,[],
accounting:BT.BIT 777,BT.BIT 777,OVIDIU DEVELOPMENT S.A.,exact,2024-12-18,RON,,6890,40795.44,SCORED,MEDIUM,RED-NIS-C-PEN-12,Nr. RO80 / 24 / 30.09.2024,,2024,BSS,Servicii de audit de securitate în conformitate cu cerințele din Legea 362/2018,Servicii de audit informatic pentru identificarea Servicii de audit informatic pentru identificarea si evaluarea vulnerabilitatilor si riscurilor informatice in,4,"org exact; score=71 margin=0 on [contract#, data final (0d), desc~0.25]; 2 distinct part# near top","[{""pn"":""RED-NIS-C-PEN-12"",""score"":71,""on"":[""contract#"",""data final (0d)"",""desc~0.25""],""ref"":""Nr. RO80 / 24 / 30.09.2024"",""desc"":""Servicii de audit de securitate în conformitate cu cerințele""},{""pn"":""RED-NIS-C-AUDIT-12"",""score"":71,""on"":[""contract#"",""data final (0d)"",""desc~0.26""],""ref"":""Nr. RO80 / 24 / 30.09.2024"",""desc"":""Servicii de audit de securitate în conformitate cu cerințele""},{""pn"":""RED-NIS-C-PEN-12"",""score"":6,""on"":[""desc~0.25""],""ref"":""Nr. RO80/48 din data de 22.09.2022"",""desc"":""Servicii de audit de securitate în conformitate cu cerințele""}]",
accounting:BT.BIT 778,BT.BIT 778,TMK HYDROENERGY POWER S.R.L.,exact,2024-12-18,RON,,6890,40795.44,SCORED,MEDIUM,RED-NIS-C-AUDIT-4,Nr. RO90 /38 / 30.09.2024,,2024,BSS,Servicii de audit de securitate în conformitate cu cerințele din Legea 362/2018,Servicii de audit informatic pentru identificarea Servicii de audit informatic pentru identificarea si evaluarea vulnerabilitatilor si riscurilor informatice in,4,"org exact; score=72 margin=1 on [contract#, data final (0d), desc~0.27]; 2 distinct part# near top","[{""pn"":""RED-NIS-C-AUDIT-4"",""score"":72,""on"":[""contract#"",""data final (0d)"",""desc~0.27""],""ref"":""Nr. RO90 /38 / 30.09.2024"",""desc"":""Servicii de audit de securitate în conformitate cu cerințele""},{""pn"":""RED-NIS-C-PEN-4"",""score"":71,""on"":[""contract#"",""data final (0d)"",""desc~0.26""],""ref"":""Nr. RO90 /38 / 30.09.2024"",""desc"":""Servicii de audit de securitate în conformitate cu cerințele""},{""pn"":""RED-NIS-C-AUDIT-4"",""score"":7,""on"":[""desc~0.27""],""ref"":""Nr. RO90/31 din data de 30.09.2022"",""desc"":""Servicii de audit de securitate în conformitate cu cerințele""}]",
accounting:BT.BIT 779,BT.BIT 779,TOMIS TEAM S.A.,exact,2024-12-18,RON,,6890,40795.44,SCORED,MEDIUM,RED-NIS-C-AUDIT-12,Nr. RO60 /60 / 30.09.2024,,2024,BSS,Servicii de audit de securitate în conformitate cu cerințele din Legea 362/2018,Servicii de audit informatic pentru identificarea Servicii de audit informatic pentru identificarea si evaluarea vulnerabilitatilor si riscurilor informatice in,4,"org exact; score=72 margin=1 on [contract#, data final (0d), desc~0.27]; 2 distinct part# near top","[{""pn"":""RED-NIS-C-AUDIT-12"",""score"":72,""on"":[""contract#"",""data final (0d)"",""desc~0.27""],""ref"":""Nr. RO60 /60 / 30.09.2024"",""desc"":""Servicii de audit de securitate în conformitate cu cerințele""},{""pn"":""RED-NIS-C-PEN-12"",""score"":71,""on"":[""contract#"",""data final (0d)"",""desc~0.26""],""ref"":""Nr. RO60 /60 / 30.09.2024"",""desc"":""Servicii de audit de securitate în conformitate cu cerințele""},{""pn"":""RED-NIS-C-AUDIT-12"",""score"":7,""on"":[""desc~0.27""],""ref"":""Nr. RO60/50 din data de 22.09.2022"",""desc"":""Servicii de audit de securitate în conformitate cu cerințele""}]",
accounting:BT.BIT 780,BT.BIT 780,DISTRIBUTIE ENERGIE OLTENIA S.A.,exact,2024-12-18,RON,,4499,26637.88,SCORED,MEDIUM,RED-NIS-C-PEN-100,Nr. 60.1.DJ.244627.0-0 din data de 11.09.2024,,2024,BSS,pentest + audit nis,Servicii de audit informatic pentru Servicii de audit informatic pentru identificarea si evaluarea vulnerabilitatilor si riscurilor informatice in conformitate ,4,"org exact; score=67 margin=0 on [contract#, data final (0d)]; 2 distinct part# near top","[{""pn"":""RED-NIS-C-PEN-100"",""score"":67,""on"":[""contract#"",""data final (0d)""],""ref"":""Nr. 60.1.DJ.244627.0-0 din data de 11.09"",""desc"":""pentest + audit nis""},{""pn"":""RED-NIS-C-AUDIT-100"",""score"":67,""on"":[""contract#"",""data final (0d)""],""ref"":""Nr. 60.1.DJ.244627.0-0 din data de 11.09"",""desc"":""pentest + audit nis""},{""pn"":""RED-NIS-C-PEN-100"",""score"":2,""on"":[],""ref"":""60.1.DJ. 223281.0-0 din data de 19.08.20"",""desc"":""pentest + audit nis""}]",
accounting:BT.BIT 781,BT.BIT 781,PREMIER ENERGY FURNIZARE S.A.,exact,2024-12-18,RON,,9090,53820.48,SCORED,MEDIUM,RED-NIS-C-PEN-58,Nr. 314/ 21.10.2024,,2024,BSS,Servicii de audit de securitate în conformitate cu cerințele din Legea 362/2018,Servicii de audit informatic pentru identificarea Servicii de audit informatic pentru identificarea si evaluarea vulnerabilitatilor si riscurilor informatice in,3,"org exact; score=71 margin=0 on [contract#, data final (0d), desc~0.25]; 2 distinct part# near top","[{""pn"":""RED-NIS-C-PEN-58"",""score"":71,""on"":[""contract#"",""data final (0d)"",""desc~0.25""],""ref"":""Nr. 314/ 21.10.2024"",""desc"":""Servicii de audit de securitate în conformitate cu cerințele""},{""pn"":""RED-NIS-C-AUDIT-58"",""score"":71,""on"":[""contract#"",""data final (0d)"",""desc~0.26""],""ref"":""Nr. 314/ 21.10.2024"",""desc"":""Servicii de audit de securitate în conformitate cu cerințele""},{""pn"":""RED-PEN-B-E-B-15"",""score"":1,""on"":[],""ref"":""CONTRACT-CADRU DE PRESTARI SERVICII NR. "",""desc"":""Servicii de pentest""}]",
accounting:BT.BIT 782,BT.BIT 782,TIMESAFE SRL,exact,2024-12-19,RON,,7150,42328.94,DETERMINISTIC,HIGH,RED-PEN-S-G-10,201/13.09.2021,,2021,BSS,pentest aplicatie,SERVICII CONFORM ACT ADITIONAL NR.3 DIN 13.12.2024 SERVICII CONFORM ACT ADITIONAL NR.3 DIN 13.12.2024 LA CONTRACT NR.201/13.09.2004 (7.150 euro +TVA la cursul B,1,org exact; unique part# via contract 201,"[{""pn"":""RED-PEN-S-G-10"",""score"":100,""on"":[""contract#""],""ref"":""201/13.09.2021"",""desc"":""pentest aplicatie""}]",
accounting:BT.BIT 783,BT.BIT 783,CERTSIGN SA,exact,2024-12-20,RON,,3600,21312.47,SCORED,MEDIUM,,Nr. 178/19.01.2021 45/B77B/21013 C,,2021,BSS,-,Comanda 7 din 27.09.2024 Comanda 7 din 27.09.2024 conform contract 178/19.01.2021 si 45/B77B/21013 C/20.01.2021( 3.600 euro+TVA la cursul BNR),7,org exact; score=50 margin=28 on [contract#]; 0 distinct part# near top,"[{""pn"":"""",""score"":50,""on"":[""contract#""],""ref"":""Nr. 178/19.01.2021 45/B77B/21013 C"",""desc"":""-""},{""pn"":""RED-PEN-S-B-3"",""score"":22,""on"":[""amount~total""],""ref"":""NR. 1 DIN 15.05.2020"",""desc"":""pentest 3 aplicatii""},{""pn"":""RED-PEN-M-G-1"",""score"":15,""on"":[""data final (0d)""],""ref"":""7"",""desc"":""pentest arhivare (ELO)""}]",
accounting:BT.BIT 784,BT.BIT 784,CERTSIGN SA,exact,2024-12-20,RON,,1200,7104.16,SCORED,MEDIUM,,Nr. 178/19.01.2021 45/B77B/21013 C,,2021,BSS,-,Comanda 8 din 30.09.2024 Comanda 8 din 30.09.2024 conform contract 178/19.01.2021 si 45/B77B/21013 C/20.01.2021(1.200 euro+TVA la cursul BNR),6,org exact; score=50 margin=5 on [contract#]; 1 distinct part# near top,"[{""pn"":"""",""score"":50,""on"":[""contract#""],""ref"":""Nr. 178/19.01.2021 45/B77B/21013 C"",""desc"":""-""},{""pn"":""RED-PEN-M-G-1"",""score"":45,""on"":[""amount~final"",""data final (0d)""],""ref"":""7"",""desc"":""pentest arhivare (ELO)""},{""pn"":""RED-PEN-M-G-1"",""score"":15,""on"":[""amount~final"",""data final (185d)""],""ref"":""4"",""desc"":""pentest""}]",
accounting:BT.BIT 785,BT.BIT 785,CERTSIGN SA,exact,2024-12-20,RON,,12500,74001.64,SCORED,MEDIUM,,Nr. 178/19.01.2021 45/B77B/21013 C,,2021,BSS,-,Comanda 9 din 29.11.2024 Comanda 9 din 29.11.2024 conform contract 178/19.01.2021 si 45/B77B/21013 C/20.01.2021(12.500 euro+TVA la cursul BNR),9,org exact; score=50 margin=20 on [contract#]; 0 distinct part# near top,"[{""pn"":"""",""score"":50,""on"":[""contract#""],""ref"":""Nr. 178/19.01.2021 45/B77B/21013 C"",""desc"":""-""},{""pn"":""RED-PEN-B-I-BP-130"",""score"":30,""on"":[""amount~final""],""ref"":""5"",""desc"":""pentest""},{""pn"":""RED-PEN-B-I-BP-150"",""score"":22,""on"":[""amount~total""],""ref"":""1/20.01.2021"",""desc"":""pentest intern/extern""}]",
accounting:BT.BIT 786,BT.BIT 786,ZIPPER SERVICES SRL,exact,2024-12-23,RON,avans,2400,14211.17,SCORED,HIGH,RED-NIS-C-PEN-10,NR. 318/25.11.2024,avans,2024,BSS,servicii de pentest nis,Avans conform CONTRACT PENTRU PRESTAREA DE SERVICII Avans conform CONTRACT PENTRU PRESTAREA DE SERVICII DE TESTE DE PENETRARE NR. 318/25.11.2024( 2.400 euro+TVA,5,"org exact; score=102 margin=48 on [contract#, amount~avans, data avans (0d)]; 1 distinct part# near top; avans","[{""pn"":""RED-NIS-C-PEN-10"",""score"":102,""on"":[""contract#"",""amount~avans"",""data avans (0d)""],""ref"":""NR. 318/25.11.2024"",""desc"":""servicii de pentest nis""},{""pn"":""RED-NIS-C-PEN-10"",""score"":54,""on"":[""contract#"",""data final (308d)""],""ref"":""Act aditional nr. 1, din 14.10.2025 la c"",""desc"":""servicii de pentest nis""},{""pn"":""RED-PEN-S-WB-1"",""score"":50,""on"":[""contract#""],""ref"":""CONTRACT DE PRESTARI SERVICII NR. 318/25"",""desc"":""Testarea și evaluarea securității, de\ncatre personal special""}]",
accounting:BT.BIT 787,BT.BIT 787,ORANGE ROMANIA SA,exact,2024-12-27,RON,,2700,31978.98,SCORED,LOW,CYBEREDU-RUN-EX-1,PO00094270,,2024,CYE,UNbreakable Romania competition software support services,"Penetration Testing Services (external),ROZOTI PRODCOM SRL Penetration Testing Services (external),ROZOTI PRODCOM SRL Nr Notificare O1236444,Nr PO PO00086036, N",42,org exact; score=16 margin=0 on [data final (6d)]; 10 distinct part# near top,"[{""pn"":""CYBEREDU-RUN-EX-1"",""score"":16,""on"":[""data final (6d)""],""ref"":""PO00094270"",""desc"":""UNbreakable Romania competition\nsoftware support services""},{""pn"":""BLUE-IR-OC-6"",""score"":16,""on"":[""amount~total"",""data final (180d)""],""ref"":""09.05.2024"",""desc"":""IR incident response services retainer""},{""pn"":""CYBEREDU-RUN-EX-1"",""score"":15,""on"":[""data final (7d)""],""ref"":""PO00093408"",""desc"":""cyber range platform""}]","[{""service"":""Penetration Testing Services (external),ROZOTI PRODCOM SRL |"",""partNumber"":""CYBEREDU-RUN-EX-1"",""score"":16,""on"":[""data final (6d)""]},{""service"":""Penetration Testing Services (internal),ROZOTI PRODCOM SRL |"",""partNumber"":""CYBEREDU-RUN-EX-1"",""score"":16,""on"":[""data final (6d)""]}]"
accounting:BT.BIT 788,BT.BIT 788,DONA. LOGISTICA S.A.,exact,2025-01-15,RON,,1673.7,9907.13,DETERMINISTIC,HIGH,BLUE-MDR-C-725,296/6.8.2024,,2024,BSS,servicii de MDR,"SERVICII CONFORM CONTRACT-CADRU DE SERVICII CONFORM CONTRACT-CADRU DE PRESTARI SERVICII NR. 296 / 06.08.2024 (1.673,70 euro+TVA la cursul BNR)",2,org exact; unique part# via contract 296,"[{""pn"":""BLUE-MDR-C-725"",""score"":100,""on"":[""contract#""],""ref"":""296/6.8.2024"",""desc"":""servicii de MDR""},{""pn"":""BLUE-MDR-C-725"",""score"":100,""on"":[""contract#""],""ref"":""ACT ADITIONAL NR. 2 DIN 3.9.2025 la cont"",""desc"":""servicii de MDR""}]",
accounting:BT.BIT 789,BT.BIT 789,DONA. LOGISTICA S.A.,exact,2025-01-15,RON,,1673.7,9907.13,DETERMINISTIC,HIGH,BLUE-MDR-C-725,296/6.8.2024,,2024,BSS,servicii de MDR,"SERVICII CONFORM CONTRACT-CADRU DE SERVICII CONFORM CONTRACT-CADRU DE PRESTARI SERVICII NR. 296 / 06.08.2024 (1.673,70 euro+TVA la cursul BNR)",2,org exact; unique part# via contract 296,"[{""pn"":""BLUE-MDR-C-725"",""score"":100,""on"":[""contract#""],""ref"":""296/6.8.2024"",""desc"":""servicii de MDR""},{""pn"":""BLUE-MDR-C-725"",""score"":100,""on"":[""contract#""],""ref"":""ACT ADITIONAL NR. 2 DIN 3.9.2025 la cont"",""desc"":""servicii de MDR""}]",
accounting:BT.BIT 790,BT.BIT 790,DONA. CARGO S.R.L.,exact,2025-01-15,RON,,478.2,2830.61,SCORED,LOW,RED-NIS-C-PEN-300,264/04.05.2023,,2023,BSS,servicii de audit + pentest nis,"SERVICII CONFORM CONTRACT NR. 296 / 06.08.2024 SERVICII CONFORM CONTRACT NR. 296 / 06.08.2024 478,20 euro+TVA la cursul BNR",2,org exact; score=2 margin=0 on []; 2 distinct part# near top,"[{""pn"":""RED-NIS-C-PEN-300"",""score"":2,""on"":[],""ref"":""264/04.05.2023"",""desc"":""servicii de audit + pentest nis""},{""pn"":""RED-NIS-C-AUDIT-300"",""score"":2,""on"":[],""ref"":""264/04.05.2023"",""desc"":""servicii de audit + pentest nis""}]",
accounting:BT.BIT 791,BT.BIT 791,DONA MARKETING GRUP SRL,none,2025-01-15,RON,,717.3,4245.91,UNRESOLVED,NONE,,,,,,,"SERVICII CONFORM CONTRACT NR. 296 / 06.08.2024 SERVICII CONFORM CONTRACT NR. 296 / 06.08.2024 717,30 euro+TVA la cursul BNR",0,org not found in tracker,[],
accounting:BT.BIT 792,BT.BIT 792,SANVERO HEALTHCARE S.R.L.,none,2025-01-15,RON,,239.1,1415.3,UNRESOLVED,NONE,,,,,,,"SERVICII CONTRACT-CADRU DE PRESTARI SERVICII SERVICII CONTRACT-CADRU DE PRESTARI SERVICII NR. 296 / 06.08.2024( 239,10 euro+TVA la cursul BNR)",0,org not found in tracker,[],
accounting:BT.BIT 793,BT.BIT 793,SILKWEB S.A.,exact,2025-01-15,RON,,625,3699.56,DETERMINISTIC,HIGH,RED-PEN-S-G-1,195/29.06.2021,,2021,BSS,pentest web app greybox,SERVICII conform Act aditional NR. 6 DIN 25.3.2024 SERVICII conform Act aditional NR. 6 DIN 25.3.2024 Contract Nr. 195/29.06.2021(625 euro+TVA la cursul BNR),1,org exact; unique part# via contract 195,"[{""pn"":""RED-PEN-S-G-1"",""score"":100,""on"":[""contract#""],""ref"":""195/29.06.2021"",""desc"":""pentest web app greybox""}]",
accounting:BT.BIT 794,BT.BIT 794,SILKWEB S.A.,exact,2025-01-15,RON,,1350,7991.05,DETERMINISTIC,HIGH,RED-PEN-S-G-1,195/29.06.2021,,2021,BSS,pentest web app greybox,SERVICII conform conform Act aditional NR. 5 DIN 25.03.2024 SERVICII conform conform Act aditional NR. 5 DIN 25.03.2024 CONTRACT DE PRESTARI SERVICII Nr. 195/29,1,org exact; unique part# via contract 195,"[{""pn"":""RED-PEN-S-G-1"",""score"":100,""on"":[""contract#""],""ref"":""195/29.06.2021"",""desc"":""pentest web app greybox""}]",
accounting:BT.BIT 795,BT.BIT 795,UNITED MEDIA SERVICES SRL,exact,2025-01-15,RON,,350,2071.75,DETERMINISTIC,HIGH,RED-PEN-B-I-BP-50,177/08.12.2020,,2020,BSS,SERVICII DE SECURITATE INFORMATICA,SERVICII ACT ADITIONAL NR. 1 DIN 03.11.2021 CONTRACT SERVICII ACT ADITIONAL NR. 1 DIN 03.11.2021 CONTRACT DE PRESTARI SERVICII Nr. 177/08.12.2020 (350 Euro+TVA ,1,org exact; unique part# via contract 177,"[{""pn"":""RED-PEN-B-I-BP-50"",""score"":100,""on"":[""contract#""],""ref"":""177/08.12.2020"",""desc"":""SERVICII DE SECURITATE INFORMATICA""}]",
accounting:BT.BIT 796,BT.BIT 796,KEYSIGHT TECHNOLOGIES RO SRL,exact,2025-01-15,RON,,10800,63928.42,SCORED,MEDIUM,KS-MM-RD-2,NO. 5 OF 04.10.2023,final,2023,BSS,RECURRENT INFORMATION SECURITY SERVICES,Penetration testing services for January 2025 Penetration testing services for January 2025 Purchase Order Number 9068002588( 10.800 euro+TVA la cursul BNR),26,"org exact; score=46 margin=8 on [amount~final, data final (13d)]; 1 distinct part# near top","[{""pn"":""KS-MM-RD-2"",""score"":46,""on"":[""amount~final"",""data final (13d)""],""ref"":""NO. 5 OF 04.10.2023"",""desc"":""RECURRENT INFORMATION SECURITY SERVICES""},{""pn"":""KS-MM-RD-2"",""score"":38,""on"":[""amount~total"",""data final (18d)""],""ref"":""NO. 5 OF 04.10.2023"",""desc"":""RECURRENT INFORMATION SECURITY SERVICES""},{""pn"":""KS-MM-RD-2"",""score"":31,""on"":[""amount~final""],""ref"":""236Bis/25.04.2019"",""desc"":""RECURRENT INFORMATION SECURITY SERVICES""}]",
accounting:BT.BIT 797,BT.BIT 797,ORANGE ROMANIA SA,exact,2025-01-15,RON,,1875,11098.68,SCORED,MEDIUM,ORO-TEM-SUPPORT-50-12,PO 00025528,final,2023,BSS,tem support,Servicii suport TEM L2/L3 Data de livrare: 31-12-2024 Servicii suport TEM L2/L3 Data de livrare: 31-12-2024 PO00049528( 1.875 euro+TVA la cursul BNR),63,org exact; score=32 margin=15 on [amount~final]; 1 distinct part# near top,"[{""pn"":""ORO-TEM-SUPPORT-50-12"",""score"":32,""on"":[""amount~final""],""ref"":""PO 00025528"",""desc"":""tem support""},{""pn"":""BLUE-INTEGRATION"",""score"":17,""on"":[""data est. close (16d)""],""ref"":""28.11.2024"",""desc"":""servicii de consultanta""},{""pn"":""RED-PEN-B-I-B-20"",""score"":17,""on"":[""data final (19d)""],""ref"":""28.11.2024"",""desc"":""servicii de pentest""}]",
accounting:BT.BIT 798,BT.BIT 798,SELGROS CASH & CARRY SRL,exact,2025-01-15,RON,,250,1479.82,SCORED,HIGH,BLUE-IR-OC-5,234/15.11.2022,final,2022,BSS,SERVICII RECURENTE DE SECURITATE INFORMATICA - On-call Incident Response,ANEXA 2 – SERVICII RECURENTE DE SECURITATE ANEXA 2 – SERVICII RECURENTE DE SECURITATE INFORMATICA -On-call Incident Response ACT ADITIONAL NR. 1 din 6.11.2023 C,25,"org exact; score=88 margin=32 on [contract#, amount~final, desc~0.32]; 1 distinct part# near top","[{""pn"":""BLUE-IR-OC-5"",""score"":88,""on"":[""contract#"",""amount~final"",""desc~0.32""],""ref"":""234/15.11.2022"",""desc"":""SERVICII RECURENTE DE SECURITATE INFORMATICA - On-call Incid""},{""pn"":""RED-AUDIT-A-20"",""score"":56,""on"":[""contract#"",""data est. close (217d)""],""ref"":""234/15.11.2022"",""desc"":""SERVICII DE SECURITATE INFORMATICA""},{""pn"":""RED-PEN-B-I-BP-200"",""score"":56,""on"":[""contract#"",""data avans (264d)""],""ref"":""234/15.11.2022"",""desc"":""SERVICII DE SECURITATE INFORMATICA""}]",
accounting:BT.BIT 799,BT.BIT 799,SELGROS CASH & CARRY SRL,exact,2025-01-15,RON,,500,2959.65,SCORED,HIGH,CONSULTANCY-MISC-10,234/15.11.2022,final,2022,BSS,SERVICII RECURENTE DE SECURITATE INFORMATICA - Consultancy Services,ANEXA 3 – SERVICII RECURENTE DE SECURITATE ANEXA 3 – SERVICII RECURENTE DE SECURITATE INFORMATICA- Consultancy Services ACT ADITIONAL NR. 1 din 6.11.2023 CONTRA,25,"org exact; score=87 margin=31 on [contract#, amount~final, desc~0.29]; 1 distinct part# near top","[{""pn"":""CONSULTANCY-MISC-10"",""score"":87,""on"":[""contract#"",""amount~final"",""desc~0.29""],""ref"":""234/15.11.2022"",""desc"":""SERVICII RECURENTE DE SECURITATE INFORMATICA - Consultancy S""},{""pn"":""RED-AUDIT-A-20"",""score"":56,""on"":[""contract#"",""data est. close (217d)""],""ref"":""234/15.11.2022"",""desc"":""SERVICII DE SECURITATE INFORMATICA""},{""pn"":""RED-PEN-B-I-BP-200"",""score"":56,""on"":[""contract#"",""data avans (264d)""],""ref"":""234/15.11.2022"",""desc"":""SERVICII DE SECURITATE INFORMATICA""}]",
accounting:BT.BIT 800,BT.BIT 800,NESTLERS & PARTNERS SRL,exact,2025-01-15,RON,,500,2959.65,SCORED,HIGH,BLUE-MDR-C-5,Nr. 273/02.10.2023,final,2024,BSS,servicii de MDR,SERVICII CONTRACT 273/02.10.2023 SERVICII CONTRACT 273/02.10.2023 ACT ADITIONAL NR. 1 DIN 19.03.2024 (500 euro+TVA la cursul BNR),3,"org exact; score=85 margin=0 on [contract#, amount~final, data avans (301d)]; 1 distinct part# near top","[{""pn"":""BLUE-MDR-C-5"",""score"":85,""on"":[""contract#"",""amount~final"",""data avans (301d)""],""ref"":""Nr. 273/02.10.2023"",""desc"":""servicii de MDR""},{""pn"":""BLUE-MDR-C-5"",""score"":85,""on"":[""contract#"",""amount~final"",""data final (246d)""],""ref"":""Nr. 273/02.10.2023"",""desc"":""servicii de MDR""},{""pn"":""RED-PEN-B-E-B-5"",""score"":52,""on"":[""contract#""],""ref"":""273/02.10.2023"",""desc"":""servicii de pentest""}]",
accounting:BT.BIT 801,BT.BIT 801,"SCA ""ZAMFIRESCU RACOTI VASILE AND PARTNERS """,none,2025-01-15,RON,,1150,6807.19,UNRESOLVED,NONE,,,,,,,"ANEXA 1 – SERVICII RECURENTE DE SECURITATE ANEXA 1 – SERVICII RECURENTE DE SECURITATE INFORMATICA Contract Nr. 284/29.01.2024, (1.150 EURO + TVA la cursul BNR)",0,org not found in tracker,[],
accounting:BT.BIT 802,BT.BIT 802,INSIGHTS ENTERPRISE SRL,exact,2025-01-23,RON,storno,5500,32574.47,SCORED,MEDIUM,RED-PEN-S-WB-1,ACT ADITIONAL NR. 2 DIN 3.12.2024,avans,2024,BSS,servicii de pentest,Stornare Avans conform ACT ADITIONAL Stornare Avans conform ACT ADITIONAL NR. 2 DIN 3.12.2024 la CONTRACT DE PRESTARI SERVICII Nr. 1/2022 (5.500 euro+TVA la cur,3,"org exact; score=46 margin=33 on [amount~avans, data final (0d)]; 1 distinct part# near top; storno","[{""pn"":""RED-PEN-S-WB-1"",""score"":46,""on"":[""amount~avans"",""data final (0d)""],""ref"":""ACT ADITIONAL NR. 2 DIN 3.12.2024"",""desc"":""servicii de pentest""},{""pn"":""RED-PEN-S-WB-1"",""score"":13,""on"":[""amount~avans""],""ref"":""Nr. 1/2022"",""desc"":""servicii de pentest""},{""pn"":""RED-PEN-S-WB-1"",""score"":13,""on"":[""amount~avans""],""ref"":""ACT ADITIONAL NR. 3 DIN 28.1.2026"",""desc"":""servicii de pentest""}]","[{""service"":""Stornare Avans conform ACT ADITIONAL | Stornare Avans confor"",""partNumber"":""RED-PEN-S-WB-1"",""score"":46,""on"":[""amount~avans"",""data final (0d)""]},{""service"":""VALOAREA FINALA conform ACT ADITIONAL NR. 2 | VALOAREA FINAL"",""partNumber"":""RED-PEN-S-WB-1"",""score"":46,""on"":[""amount~total"",""data final (0d)""]}]"
accounting:BT.BIT 803,BT.BIT 803,QUANTIC LAB S.R.L.,exact,2025-01-23,RON,storno,3900,23098.26,DETERMINISTIC,HIGH,RED-PEN-B-E-B-50,225/06.06.2022,,2022,BSS,pentest extern,Sornare Avans conform ACT ADITIONAL Sornare Avans conform ACT ADITIONAL NR. 1 DIN 11.12.2024 CONTRACT DE PRESTARI SERVICII Nr. 225/06.06.2022( 3.900 euro+TVA la,1,org exact; unique part# via contract 225; storno,"[{""pn"":""RED-PEN-B-E-B-50"",""score"":100,""on"":[""contract#""],""ref"":""225/06.06.2022"",""desc"":""pentest extern""}]",
accounting:BT.BIT 804,BT.BIT 804,MILLENIUM PRO DESIGN SRL,exact,2025-01-23,RON,avans,7125,42192.8,SCORED,HIGH,BLUE-IR-5,Nr. 325/15.1.2025,avans,2025,BSS,servicii de investigatie,Avans SERVICII CONFORM ANEXA 1 Avans SERVICII CONFORM ANEXA 1 SERVICII DE SECURITATE INFORMATICA DE TIP INVESTIGATIE la CONTRACT-CADRU DE PRESTARI SERVICII Nr. ,3,"org exact; score=104 margin=16 on [contract#, amount~avans, data avans (0d)]; 1 distinct part# near top; avans","[{""pn"":""BLUE-IR-5"",""score"":104,""on"":[""contract#"",""amount~avans"",""data avans (0d)""],""ref"":""Nr. 325/15.1.2025"",""desc"":""servicii de investigatie""},{""pn"":""RED-PEN-B-I-B-50"",""score"":88,""on"":[""contract#"",""amount~final"",""data avans (0d)""],""ref"":""Nr. 325/15.1.2025"",""desc"":""servicii de pentest""},{""pn"":""BLUE-MDR-C-12"",""score"":59,""on"":[""contract#"",""data final (97d)""],""ref"":""Act aditional nr. 1 din 21.3.2025 la con"",""desc"":""servicii de MDR""}]",
accounting:BT.BIT 805,BT.BIT 805,MILLENIUM PRO DESIGN SRL,exact,2025-01-23,RON,,4400,26055.91,SCORED,HIGH,RED-PEN-B-I-B-50,Nr. 325/15.1.2025,avans,2025,BSS,servicii de pentest,SERVICII CONFORM ANEXA 2 SERVICII CONFORM ANEXA 2 SERVICII PUNCTUALE DE SECURITATE INFORMATICA la Contract Nr. 325/15.1.2025( 4.400 euro+TVA la cursul BNR),3,"org exact; score=96 margin=29 on [contract#, amount~avans, data avans (0d)]; 1 distinct part# near top","[{""pn"":""RED-PEN-B-I-B-50"",""score"":96,""on"":[""contract#"",""amount~avans"",""data avans (0d)""],""ref"":""Nr. 325/15.1.2025"",""desc"":""servicii de pentest""},{""pn"":""BLUE-IR-5"",""score"":67,""on"":[""contract#"",""data avans (0d)""],""ref"":""Nr. 325/15.1.2025"",""desc"":""servicii de investigatie""},{""pn"":""BLUE-MDR-C-12"",""score"":60,""on"":[""contract#"",""data final (97d)""],""ref"":""Act aditional nr. 1 din 21.3.2025 la con"",""desc"":""servicii de MDR""}]",
accounting:BT.BIT 806,BT.BIT 806,KAUFLAND ROMANIA SCS,none,2025-01-29,RON,,6940,41084.88,UNRESOLVED,NONE,,,,,,,Servicii de tip Open Source Threat Intelligence (OSINT) Servicii de tip Open Source Threat Intelligence (OSINT) pentru kaufland.ro Act aditional nr. 05/ 02.12.2,0,org not found in tracker,[],
accounting:BT.BIT 807,BT.BIT 807,ZIPPER SERVICES SRL,exact,2025-01-31,RON,storno,2400,21318.18,SCORED,HIGH,RED-NIS-C-PEN-10,NR. 318/25.11.2024,avans,2024,BSS,servicii de pentest nis,Avans conform CONTRACT PENTRU PRESTAREA DE SERVICII Avans conform CONTRACT PENTRU PRESTAREA DE SERVICII DE TESTE DE PENETRARE NR. 318/25.11.2024( 2.400 euro+TVA,8,"org exact; score=96 margin=42 on [contract#, amount~avans, data final (0d)]; 1 distinct part# near top; storno","[{""pn"":""RED-NIS-C-PEN-10"",""score"":96,""on"":[""contract#"",""amount~avans"",""data final (0d)""],""ref"":""NR. 318/25.11.2024"",""desc"":""servicii de pentest nis""},{""pn"":""RED-NIS-C-PEN-10"",""score"":54,""on"":[""contract#"",""data final (269d)""],""ref"":""Act aditional nr. 1, din 14.10.2025 la c"",""desc"":""servicii de pentest nis""},{""pn"":""RED-PEN-S-WB-1"",""score"":50,""on"":[""contract#""],""ref"":""CONTRACT DE PRESTARI SERVICII NR. 318/25"",""desc"":""Testarea și evaluarea securității, de\ncatre personal special""}]","[{""service"":""Avans conform CONTRACT PENTRU PRESTAREA DE SERVICII | Avans "",""partNumber"":""RED-NIS-C-PEN-10"",""score"":96,""on"":[""contract#"",""amount~avans"",""data final (0d)""]},{""service"":""FACTURA FINALA CONFORM | FACTURA FINALA CONFORM | CONTRACT P"",""partNumber"":""RED-NIS-C-PEN-10"",""score"":96,""on"":[""contract#"",""amount~total"",""data final (0d)""]}]"
accounting:BT.BIT 808,BT.BIT 808,FOCALITY SRL,exact,2025-01-31,RON,,3000,17764.68,SCORED,MEDIUM,RED-PEN-B-E-B-11,324 din 8.1.2025,final,2025,BSS,servicii de pentest,Livrabile servicii de securitate informatica Livrabile servicii de securitate informatica în conf. cu ACT ADITIONAL NR. 1 DIN 8.1.2025 la contractul Nr. 324/8.1,1,"org exact; score=46 margin=46 on [amount~final, data final (0d)]; 1 distinct part# near top","[{""pn"":""RED-PEN-B-E-B-11"",""score"":46,""on"":[""amount~final"",""data final (0d)""],""ref"":""324 din 8.1.2025"",""desc"":""servicii de pentest""}]",
accounting:BT.BIT 809,BT.BIT 809,DONA. LOGISTICA S.A.,exact,2025-02-03,RON,,1673.7,9911.91,DETERMINISTIC,HIGH,BLUE-MDR-C-725,296/6.8.2024,,2024,BSS,servicii de MDR,"SERVICII CONFORM CONTRACT-CADRU DE SERVICII CONFORM CONTRACT-CADRU DE PRESTARI SERVICII NR. 296 / 06.08.2024 (1.673,70 euro+TVA la cursul BNR)",2,org exact; unique part# via contract 296,"[{""pn"":""BLUE-MDR-C-725"",""score"":100,""on"":[""contract#""],""ref"":""296/6.8.2024"",""desc"":""servicii de MDR""},{""pn"":""BLUE-MDR-C-725"",""score"":100,""on"":[""contract#""],""ref"":""ACT ADITIONAL NR. 2 DIN 3.9.2025 la cont"",""desc"":""servicii de MDR""}]",
accounting:BT.BIT 810,BT.BIT 810,DONA. LOGISTICA S.A.,exact,2025-02-03,RON,,1673.7,9911.91,DETERMINISTIC,HIGH,BLUE-MDR-C-725,296/6.8.2024,,2024,BSS,servicii de MDR,"SERVICII CONFORM CONTRACT-CADRU DE SERVICII CONFORM CONTRACT-CADRU DE PRESTARI SERVICII NR. 296 / 06.08.2024 (1.673,70 euro+TVA la cursul BNR)",2,org exact; unique part# via contract 296,"[{""pn"":""BLUE-MDR-C-725"",""score"":100,""on"":[""contract#""],""ref"":""296/6.8.2024"",""desc"":""servicii de MDR""},{""pn"":""BLUE-MDR-C-725"",""score"":100,""on"":[""contract#""],""ref"":""ACT ADITIONAL NR. 2 DIN 3.9.2025 la cont"",""desc"":""servicii de MDR""}]",
accounting:BT.BIT 811,BT.BIT 811,DONA. CARGO S.R.L.,exact,2025-02-03,RON,,478.2,2832.03,SCORED,LOW,RED-NIS-C-PEN-300,264/04.05.2023,,2023,BSS,servicii de audit + pentest nis,"SERVICII CONFORM CONTRACT NR. 296 / 06.08.2024 SERVICII CONFORM CONTRACT NR. 296 / 06.08.2024 478,20 euro+TVA la cursul BNR)",2,org exact; score=2 margin=0 on []; 2 distinct part# near top,"[{""pn"":""RED-NIS-C-PEN-300"",""score"":2,""on"":[],""ref"":""264/04.05.2023"",""desc"":""servicii de audit + pentest nis""},{""pn"":""RED-NIS-C-AUDIT-300"",""score"":2,""on"":[],""ref"":""264/04.05.2023"",""desc"":""servicii de audit + pentest nis""}]",
accounting:BT.BIT 812,BT.BIT 812,DONA MARKETING GRUP SRL,none,2025-02-03,RON,,717.3,4248.05,UNRESOLVED,NONE,,,,,,,"SERVICII CONFORM CONTRACT NR. 296 / 06.08.2024 SERVICII CONFORM CONTRACT NR. 296 / 06.08.2024 717,30 euro+TVA la cursul BNR",0,org not found in tracker,[],
accounting:BT.BIT 813,BT.BIT 813,SANVERO HEALTHCARE S.R.L.,none,2025-02-03,RON,,239.1,1416.02,UNRESOLVED,NONE,,,,,,,"SERVICII CONTRACT-CADRU DE PRESTARI SERVICII SERVICII CONTRACT-CADRU DE PRESTARI SERVICII NR. 296 / 06.08.2024( 239,10 euro+TVA la cursul BNR)",0,org not found in tracker,[],
accounting:BT.BIT 814,BT.BIT 814,SILKWEB S.A.,exact,2025-02-03,RON,,625,3701.42,DETERMINISTIC,HIGH,RED-PEN-S-G-1,195/29.06.2021,,2021,BSS,pentest web app greybox,SERVICII conform Act aditional NR. 6 DIN 25.3.2024 SERVICII conform Act aditional NR. 6 DIN 25.3.2024 Contract Nr. 195/29.06.2021(625 euro+TVA la cursul BNR),1,org exact; unique part# via contract 195,"[{""pn"":""RED-PEN-S-G-1"",""score"":100,""on"":[""contract#""],""ref"":""195/29.06.2021"",""desc"":""pentest web app greybox""}]",
accounting:BT.BIT 815,BT.BIT 815,SILKWEB S.A.,exact,2025-02-03,RON,,1350,7995.07,DETERMINISTIC,HIGH,RED-PEN-S-G-1,195/29.06.2021,,2021,BSS,pentest web app greybox,SERVICII conform conform Act aditional NR. 5 DIN 25.03.2024 SERVICII conform conform Act aditional NR. 5 DIN 25.03.2024 CONTRACT DE PRESTARI SERVICII Nr. 195/29,1,org exact; unique part# via contract 195,"[{""pn"":""RED-PEN-S-G-1"",""score"":100,""on"":[""contract#""],""ref"":""195/29.06.2021"",""desc"":""pentest web app greybox""}]",
accounting:BT.BIT 816,BT.BIT 816,UNITED MEDIA SERVICES SRL,exact,2025-02-03,RON,,350,2072.8,DETERMINISTIC,HIGH,RED-PEN-B-I-BP-50,177/08.12.2020,,2020,BSS,SERVICII DE SECURITATE INFORMATICA,SERVICII ACT ADITIONAL NR. 1 DIN 03.11.2021 CONTRACT SERVICII ACT ADITIONAL NR. 1 DIN 03.11.2021 CONTRACT DE PRESTARI SERVICII Nr. 177/08.12.2020 (350 Euro+TVA ,1,org exact; unique part# via contract 177,"[{""pn"":""RED-PEN-B-I-BP-50"",""score"":100,""on"":[""contract#""],""ref"":""177/08.12.2020"",""desc"":""SERVICII DE SECURITATE INFORMATICA""}]",
accounting:BT.BIT 817,BT.BIT 817,KEYSIGHT TECHNOLOGIES RO SRL,exact,2025-02-03,RON,,12000,71067.28,SCORED,MEDIUM,KS-MM-RD-2,NO. 5 OF 04.10.2023,final,2023,BSS,RECURRENT INFORMATION SECURITY SERVICES,Penetration testing services for February 2025 Penetration testing services for February 2025 Purchase Order Number 9068003039(12.000 euro+TVA la cursul BNR),26,"org exact; score=46 margin=7 on [amount~final, data final (1d)]; 1 distinct part# near top","[{""pn"":""KS-MM-RD-2"",""score"":46,""on"":[""amount~final"",""data final (1d)""],""ref"":""NO. 5 OF 04.10.2023"",""desc"":""RECURRENT INFORMATION SECURITY SERVICES""},{""pn"":""KS-MM-RD-2"",""score"":39,""on"":[""amount~total"",""data final (32d)""],""ref"":""NO. 5 OF 04.10.2023"",""desc"":""RECURRENT INFORMATION SECURITY SERVICES""},{""pn"":""KS-MM-RD-2"",""score"":31,""on"":[""amount~final""],""ref"":""236Bis/25.04.2019"",""desc"":""RECURRENT INFORMATION SECURITY SERVICES""}]",
accounting:BT.BIT 818,BT.BIT 818,ORANGE ROMANIA SA,exact,2025-02-03,RON,,1875,11104.26,SCORED,MEDIUM,ORO-TEM-SUPPORT-50-12,PO 00025528,final,2023,BSS,tem support,Servicii suport TEM L2/L3 Data de livrare: 31-01-2025 Servicii suport TEM L2/L3 Data de livrare: 31-01-2025 PO00049528 (1.875 euro+TVA la cursul BNR),63,org exact; score=32 margin=15 on [amount~final]; 1 distinct part# near top,"[{""pn"":""ORO-TEM-SUPPORT-50-12"",""score"":32,""on"":[""amount~final""],""ref"":""PO 00025528"",""desc"":""tem support""},{""pn"":""BLUE-INTEGRATION"",""score"":17,""on"":[""data final (15d)""],""ref"":""28.11.2024"",""desc"":""servicii de consultanta""},{""pn"":""CYBEREDU-RUN-EX-1"",""score"":15,""on"":[""data final (26d)""],""ref"":"""",""desc"":""""}]",
accounting:BT.BIT 819,BT.BIT 819,SELGROS CASH & CARRY SRL,exact,2025-02-03,RON,,250,1480.57,SCORED,HIGH,BLUE-IR-OC-5,234/15.11.2022,final,2022,BSS,SERVICII RECURENTE DE SECURITATE INFORMATICA - On-call Incident Response,ANEXA 2 – SERVICII RECURENTE DE SECURITATE ANEXA 2 – SERVICII RECURENTE DE SECURITATE INFORMATICA -On-call Incident Response ACT ADITIONAL NR. 1 din 6.11.2023 C,25,"org exact; score=88 margin=32 on [contract#, amount~final, desc~0.32]; 1 distinct part# near top","[{""pn"":""BLUE-IR-OC-5"",""score"":88,""on"":[""contract#"",""amount~final"",""desc~0.32""],""ref"":""234/15.11.2022"",""desc"":""SERVICII RECURENTE DE SECURITATE INFORMATICA - On-call Incid""},{""pn"":""RED-AUDIT-A-20"",""score"":56,""on"":[""contract#"",""data est. close (236d)""],""ref"":""234/15.11.2022"",""desc"":""SERVICII DE SECURITATE INFORMATICA""},{""pn"":""RED-PEN-B-I-BP-200"",""score"":56,""on"":[""contract#"",""data avans (283d)""],""ref"":""234/15.11.2022"",""desc"":""SERVICII DE SECURITATE INFORMATICA""}]",
accounting:BT.BIT 820,BT.BIT 820,SELGROS CASH & CARRY SRL,exact,2025-02-03,RON,,500,2961.14,SCORED,HIGH,CONSULTANCY-MISC-10,234/15.11.2022,final,2022,BSS,SERVICII RECURENTE DE SECURITATE INFORMATICA - Consultancy Services,ANEXA 3 – SERVICII RECURENTE DE SECURITATE ANEXA 3 – SERVICII RECURENTE DE SECURITATE INFORMATICA- Consultancy Services ACT ADITIONAL NR. 1 din 6.11.2023 CONTRA,25,"org exact; score=87 margin=31 on [contract#, amount~final, desc~0.29]; 1 distinct part# near top","[{""pn"":""CONSULTANCY-MISC-10"",""score"":87,""on"":[""contract#"",""amount~final"",""desc~0.29""],""ref"":""234/15.11.2022"",""desc"":""SERVICII RECURENTE DE SECURITATE INFORMATICA - Consultancy S""},{""pn"":""RED-AUDIT-A-20"",""score"":56,""on"":[""contract#"",""data est. close (236d)""],""ref"":""234/15.11.2022"",""desc"":""SERVICII DE SECURITATE INFORMATICA""},{""pn"":""RED-PEN-B-I-BP-200"",""score"":56,""on"":[""contract#"",""data avans (283d)""],""ref"":""234/15.11.2022"",""desc"":""SERVICII DE SECURITATE INFORMATICA""}]",
accounting:BT.BIT 821,BT.BIT 821,"SCA ""ZAMFIRESCU RACOTI VASILE AND PARTNERS """,none,2025-02-03,RON,,1150,6810.62,UNRESOLVED,NONE,,,,,,,"ANEXA 1 – SERVICII RECURENTE DE SECURITATE ANEXA 1 – SERVICII RECURENTE DE SECURITATE INFORMATICA Contract Nr. 284/29.01.2024, (1.150 EURO + TVA la cursul BNR)",0,org not found in tracker,[],
accounting:BT.BIT 822,BT.BIT 822,NESTLERS & PARTNERS SRL,exact,2025-02-03,RON,,500,2961.14,SCORED,HIGH,BLUE-MDR-C-5,Nr. 273/02.10.2023,final,2024,BSS,servicii de MDR,SERVICII CONTRACT 273/02.10.2023 SERVICII CONTRACT 273/02.10.2023 ACT ADITIONAL NR. 1 DIN 19.03.2024 (500 euro+TVA la cursul BNR),3,"org exact; score=85 margin=0 on [contract#, amount~final, data avans (320d)]; 1 distinct part# near top","[{""pn"":""BLUE-MDR-C-5"",""score"":85,""on"":[""contract#"",""amount~final"",""data avans (320d)""],""ref"":""Nr. 273/02.10.2023"",""desc"":""servicii de MDR""},{""pn"":""BLUE-MDR-C-5"",""score"":85,""on"":[""contract#"",""amount~final"",""data final (265d)""],""ref"":""Nr. 273/02.10.2023"",""desc"":""servicii de MDR""},{""pn"":""RED-PEN-B-E-B-5"",""score"":52,""on"":[""contract#""],""ref"":""273/02.10.2023"",""desc"":""servicii de pentest""}]",
accounting:BT.BIT 823,BT.BIT 823,ORANGE ROMANIA SA,exact,2025-02-11,RON,,18500,109557.65,SCORED,MEDIUM,BLUE-INTEGRATION,28.11.2024,final,2024,BSS,servicii de consultanta,"Implementare SIEM,Dimensionarea implementarii,BIOFARM SA Implementare SIEM,Dimensionarea implementarii,BIOFARM SA Nr Notificare O1238274,Nr PO PO00086476, Nr Re",44,"org exact; score=45 margin=12 on [amount~final, data final (7d)]; 1 distinct part# near top","[{""pn"":""BLUE-INTEGRATION"",""score"":45,""on"":[""amount~final"",""data final (7d)""],""ref"":""28.11.2024"",""desc"":""servicii de consultanta""},{""pn"":""ORO-TEM-DEV-100"",""score"":33,""on"":[""amount~final"",""data final (130d)""],""ref"":""PO00062657"",""desc"":""Software development\nservices for CR4\nimplementation""},{""pn"":""PHISH-P-L-YY-A-15000"",""score"":22,""on"":[""amount~final""],""ref"":""PO 40451579"",""desc"":""licente tem 2021""}]",
accounting:BT.BIT 824,BT.BIT 824,QUEHENBERGER LOGISTICS ROU SRL,exact,2025-02-18,RON,,3300,16424.1,DETERMINISTIC,HIGH,RED-PEN-B-E-B-11,327/4.2.2025,,2025,BSS,servicii de pentest,Servicii punctuale de securitate informatica Servicii punctuale de securitate informatica la contractul Nr. 327/4.2.2025. Conform Anexa 1 ( 3.300 euro+TVA la cu,1,org exact; unique part# via contract 327,"[{""pn"":""RED-PEN-B-E-B-11"",""score"":100,""on"":[""contract#""],""ref"":""327/4.2.2025"",""desc"":""servicii de pentest""}]",
accounting:BT.BIT 825,BT.BIT 825,LATITUDE BUSINESS APPLICATION S.R.L.,exact,2025-03-04,RON,,1560,9240.04,SCORED,HIGH,RED-PEN-B-E-B-6,326/27.1.2025,avans,2025,BSS,servicii de pentest,SERVICII PUNCTUALE DE SECURITATE INFORMATICA SERVICII PUNCTUALE DE SECURITATE INFORMATICA la contractul NR. 326/27.1.2025 conform ANEXA 1( 1.560 euro+TVA la cur,2,"org exact; score=96 margin=30 on [contract#, amount~avans, data avans (0d)]; 1 distinct part# near top","[{""pn"":""RED-PEN-B-E-B-6"",""score"":96,""on"":[""contract#"",""amount~avans"",""data avans (0d)""],""ref"":""326/27.1.2025"",""desc"":""servicii de pentest""},{""pn"":""RED-PEN-B-E-B-7"",""score"":66,""on"":[""contract#"",""amount~avans"",""data avans (364d)""],""ref"":""326/27.1.2025"",""desc"":""servicii de pentest""}]",
accounting:BT.BIT 826,BT.BIT 826,DONA. LOGISTICA S.A.,exact,2025-03-06,RON,,1673.7,9912.7,DETERMINISTIC,HIGH,BLUE-MDR-C-725,296/6.8.2024,,2024,BSS,servicii de MDR,"SERVICII CONFORM CONTRACT-CADRU DE SERVICII CONFORM CONTRACT-CADRU DE PRESTARI SERVICII NR. 296 / 06.08.2024 (1.673,70 euro+TVA la cursul BNR)",2,org exact; unique part# via contract 296,"[{""pn"":""BLUE-MDR-C-725"",""score"":100,""on"":[""contract#""],""ref"":""296/6.8.2024"",""desc"":""servicii de MDR""},{""pn"":""BLUE-MDR-C-725"",""score"":100,""on"":[""contract#""],""ref"":""ACT ADITIONAL NR. 2 DIN 3.9.2025 la cont"",""desc"":""servicii de MDR""}]",
accounting:BT.BIT 827,BT.BIT 827,DONA. LOGISTICA S.A.,exact,2025-03-06,RON,,1673.7,9912.7,DETERMINISTIC,HIGH,BLUE-MDR-C-725,296/6.8.2024,,2024,BSS,servicii de MDR,"SERVICII CONFORM CONTRACT-CADRU DE SERVICII CONFORM CONTRACT-CADRU DE PRESTARI SERVICII NR. 296 / 06.08.2024 (1.673,70 euro+TVA la cursul BNR)",2,org exact; unique part# via contract 296,"[{""pn"":""BLUE-MDR-C-725"",""score"":100,""on"":[""contract#""],""ref"":""296/6.8.2024"",""desc"":""servicii de MDR""},{""pn"":""BLUE-MDR-C-725"",""score"":100,""on"":[""contract#""],""ref"":""ACT ADITIONAL NR. 2 DIN 3.9.2025 la cont"",""desc"":""servicii de MDR""}]",
accounting:BT.BIT 828,BT.BIT 828,DONA. CARGO S.R.L.,exact,2025-03-06,RON,,478.2,2832.2,SCORED,LOW,RED-NIS-C-PEN-300,264/04.05.2023,,2023,BSS,servicii de audit + pentest nis,"SERVICII CONFORM CONTRACT NR. 296 / 06.08.2024 SERVICII CONFORM CONTRACT NR. 296 / 06.08.2024 478,20 euro+TVA la cursul BNR)",2,org exact; score=2 margin=0 on []; 2 distinct part# near top,"[{""pn"":""RED-NIS-C-PEN-300"",""score"":2,""on"":[],""ref"":""264/04.05.2023"",""desc"":""servicii de audit + pentest nis""},{""pn"":""RED-NIS-C-AUDIT-300"",""score"":2,""on"":[],""ref"":""264/04.05.2023"",""desc"":""servicii de audit + pentest nis""}]",
accounting:BT.BIT 829,BT.BIT 829,DONA MARKETING GRUP SRL,none,2025-03-06,RON,,717.3,4248.3,UNRESOLVED,NONE,,,,,,,"SERVICII CONFORM CONTRACT NR. 296 / 06.08.2024 SERVICII CONFORM CONTRACT NR. 296 / 06.08.2024 717,30 euro+TVA la cursul BNR",0,org not found in tracker,[],
accounting:BT.BIT 830,BT.BIT 830,SANVERO HEALTHCARE S.R.L.,none,2025-03-06,RON,,239.1,1416.1,UNRESOLVED,NONE,,,,,,,"SERVICII CONTRACT-CADRU DE PRESTARI SERVICII SERVICII CONTRACT-CADRU DE PRESTARI SERVICII NR. 296 / 06.08.2024( 239,10 euro+TVA la cursul BNR)",0,org not found in tracker,[],
accounting:BT.BIT 831,BT.BIT 831,SILKWEB S.A.,exact,2025-03-06,RON,,0.74,3701.65,SCORED,LOW,BLUE-MDR-C-100,NR. 10 DIN 9.3.2038,,2025,BSS,servicii de MDR,SERVICII conform Act aditional NR. 6 DIN 25.3.2024 SERVICII conform Act aditional NR. 6 DIN 25.3.2024 SERVICII conform Act aditional NR. 6 DIN 25.3.2024,4,org exact; score=18 margin=15 on [data final (30d)]; 1 distinct part# near top,"[{""pn"":""BLUE-MDR-C-100"",""score"":18,""on"":[""data final (30d)""],""ref"":""NR. 10 DIN 9.3.2038"",""desc"":""servicii de MDR""},{""pn"":""BLUE-MDR-I"",""score"":3,""on"":[],""ref"":""NR. 2 DIN 18.04.2022"",""desc"":""servicii de instalare""},{""pn"":""BLUE-MDR-C-60"",""score"":3,""on"":[],""ref"":""NR. 2 DIN 18.04.2022"",""desc"":""servicii de MDR""}]",
accounting:BT.BIT 832,BT.BIT 832,SILKWEB S.A.,exact,2025-03-06,RON,,1350,7995.55,DETERMINISTIC,HIGH,RED-PEN-S-G-1,195/29.06.2021,,2021,BSS,pentest web app greybox,SERVICII conform conform Act aditional NR. 5 DIN 25.03.2024 SERVICII conform conform Act aditional NR. 5 DIN 25.03.2024 CONTRACT DE PRESTARI SERVICII Nr. 195/29,1,org exact; unique part# via contract 195,"[{""pn"":""RED-PEN-S-G-1"",""score"":100,""on"":[""contract#""],""ref"":""195/29.06.2021"",""desc"":""pentest web app greybox""}]",
accounting:BT.BIT 833,BT.BIT 833,UNITED MEDIA SERVICES SRL,exact,2025-03-06,RON,,350,2072.92,DETERMINISTIC,HIGH,RED-PEN-B-I-BP-50,177/08.12.2020,,2020,BSS,SERVICII DE SECURITATE INFORMATICA,SERVICII ACT ADITIONAL NR. 1 DIN 03.11.2021 CONTRACT SERVICII ACT ADITIONAL NR. 1 DIN 03.11.2021 CONTRACT DE PRESTARI SERVICII Nr. 177/08.12.2020 (350 Euro+TVA ,1,org exact; unique part# via contract 177,"[{""pn"":""RED-PEN-B-I-BP-50"",""score"":100,""on"":[""contract#""],""ref"":""177/08.12.2020"",""desc"":""SERVICII DE SECURITATE INFORMATICA""}]",
accounting:BT.BIT 834,BT.BIT 834,KEYSIGHT TECHNOLOGIES RO SRL,exact,2025-03-06,RON,,12600,74625.14,SCORED,LOW,KS-MM-RD-2,NO. 5 OF 04.10.2023,total,2023,BSS,RECURRENT INFORMATION SECURITY SERVICES,Penetration testing services for March 2025 Penetration testing services for March 2025 Purchase Order Number 9068003039(12.600 euro+TVA la cursul BNR),25,"org exact; score=39 margin=8 on [amount~total, data final (32d)]; 1 distinct part# near top","[{""pn"":""KS-MM-RD-2"",""score"":39,""on"":[""amount~total"",""data final (32d)""],""ref"":""NO. 5 OF 04.10.2023"",""desc"":""RECURRENT INFORMATION SECURITY SERVICES""},{""pn"":""KS-MM-RD-2"",""score"":31,""on"":[""amount~final""],""ref"":""236Bis/25.04.2019"",""desc"":""RECURRENT INFORMATION SECURITY SERVICES""},{""pn"":""KS-MM-RD-2"",""score"":31,""on"":[""amount~total"",""data final (63d)""],""ref"":""NO. 5 OF 04.10.2023"",""desc"":""RECURRENT INFORMATION SECURITY SERVICES""}]",
accounting:BT.BIT 835,BT.BIT 835,SELGROS CASH & CARRY SRL,exact,2025-03-06,RON,,250,1480.66,SCORED,HIGH,BLUE-IR-OC-5,234/15.11.2022,final,2022,BSS,SERVICII RECURENTE DE SECURITATE INFORMATICA - On-call Incident Response,ANEXA 2 – SERVICII RECURENTE DE SECURITATE ANEXA 2 – SERVICII RECURENTE DE SECURITATE INFORMATICA -On-call Incident Response ACT ADITIONAL NR. 1 din 6.11.2023 C,25,"org exact; score=88 margin=32 on [contract#, amount~final, desc~0.32]; 1 distinct part# near top","[{""pn"":""BLUE-IR-OC-5"",""score"":88,""on"":[""contract#"",""amount~final"",""desc~0.32""],""ref"":""234/15.11.2022"",""desc"":""SERVICII RECURENTE DE SECURITATE INFORMATICA - On-call Incid""},{""pn"":""RED-AUDIT-A-20"",""score"":56,""on"":[""contract#"",""data est. close (267d)""],""ref"":""234/15.11.2022"",""desc"":""SERVICII DE SECURITATE INFORMATICA""},{""pn"":""RED-PEN-B-I-BP-200"",""score"":56,""on"":[""contract#"",""data avans (314d)""],""ref"":""234/15.11.2022"",""desc"":""SERVICII DE SECURITATE INFORMATICA""}]",
accounting:BT.BIT 836,BT.BIT 836,SELGROS CASH & CARRY SRL,exact,2025-03-06,RON,,500,2961.32,SCORED,HIGH,CONSULTANCY-MISC-10,234/15.11.2022,final,2022,BSS,SERVICII RECURENTE DE SECURITATE INFORMATICA - Consultancy Services,ANEXA 3 – SERVICII RECURENTE DE SECURITATE ANEXA 3 – SERVICII RECURENTE DE SECURITATE INFORMATICA- Consultancy Services ACT ADITIONAL NR. 1 din 6.11.2023 CONTRA,25,"org exact; score=87 margin=31 on [contract#, amount~final, desc~0.29]; 1 distinct part# near top","[{""pn"":""CONSULTANCY-MISC-10"",""score"":87,""on"":[""contract#"",""amount~final"",""desc~0.29""],""ref"":""234/15.11.2022"",""desc"":""SERVICII RECURENTE DE SECURITATE INFORMATICA - Consultancy S""},{""pn"":""RED-AUDIT-A-20"",""score"":56,""on"":[""contract#"",""data est. close (267d)""],""ref"":""234/15.11.2022"",""desc"":""SERVICII DE SECURITATE INFORMATICA""},{""pn"":""RED-PEN-B-I-BP-200"",""score"":56,""on"":[""contract#"",""data avans (314d)""],""ref"":""234/15.11.2022"",""desc"":""SERVICII DE SECURITATE INFORMATICA""}]",
accounting:BT.BIT 837,BT.BIT 837,"SCA ""ZAMFIRESCU RACOTI VASILE AND PARTNERS """,none,2025-03-06,RON,,1150,6811.02,UNRESOLVED,NONE,,,,,,,"ANEXA 1 – SERVICII RECURENTE DE SECURITATE ANEXA 1 – SERVICII RECURENTE DE SECURITATE INFORMATICA Contract Nr. 284/29.01.2024, (1.150 EURO + TVA la cursul BNR)",0,org not found in tracker,[],
accounting:BT.BIT 838,BT.BIT 838,NESTLERS & PARTNERS SRL,exact,2025-03-06,RON,,500,2961.32,SCORED,HIGH,BLUE-MDR-C-5,Nr. 273/02.10.2023,final,2024,BSS,servicii de MDR,SERVICII CONTRACT 273/02.10.2023 SERVICII CONTRACT 273/02.10.2023 ACT ADITIONAL NR. 1 DIN 19.03.2024 (500 euro+TVA la cursul BNR),3,"org exact; score=85 margin=0 on [contract#, amount~final, data avans (351d)]; 1 distinct part# near top","[{""pn"":""BLUE-MDR-C-5"",""score"":85,""on"":[""contract#"",""amount~final"",""data avans (351d)""],""ref"":""Nr. 273/02.10.2023"",""desc"":""servicii de MDR""},{""pn"":""BLUE-MDR-C-5"",""score"":85,""on"":[""contract#"",""amount~final"",""data final (296d)""],""ref"":""Nr. 273/02.10.2023"",""desc"":""servicii de MDR""},{""pn"":""RED-PEN-B-E-B-5"",""score"":52,""on"":[""contract#""],""ref"":""273/02.10.2023"",""desc"":""servicii de pentest""}]",
accounting:BT.BIT 839,BT.BIT 839,MILLENIUM PRO DESIGN SRL,exact,2025-03-12,RON,storno,7125,0,SCORED,HIGH,BLUE-IR-5,Nr. 325/15.1.2025,avans,2025,BSS,servicii de investigatie,Avans SERVICII CONFORM ANEXA 1 Avans SERVICII CONFORM ANEXA 1 SERVICII DE SECURITATE INFORMATICA DE TIP INVESTIGATIE la CONTRACT-CADRU DE PRESTARI SERVICII Nr. ,3,"org exact; score=97 margin=31 on [contract#, amount~avans, data final (19d)]; 1 distinct part# near top; storno","[{""pn"":""BLUE-IR-5"",""score"":97,""on"":[""contract#"",""amount~avans"",""data final (19d)""],""ref"":""Nr. 325/15.1.2025"",""desc"":""servicii de investigatie""},{""pn"":""RED-PEN-B-I-B-50"",""score"":66,""on"":[""contract#"",""data final (19d)""],""ref"":""Nr. 325/15.1.2025"",""desc"":""servicii de pentest""},{""pn"":""BLUE-MDR-C-12"",""score"":59,""on"":[""contract#"",""data final (49d)""],""ref"":""Act aditional nr. 1 din 21.3.2025 la con"",""desc"":""servicii de MDR""}]","[{""service"":""Avans SERVICII CONFORM ANEXA 1 | Avans SERVICII CONFORM ANEX"",""partNumber"":""BLUE-IR-5"",""score"":97,""on"":[""contract#"",""amount~avans"",""data final (19d)""]},{""service"":""SERVICII CONFORM ANEXA 1 | SERVICII CONFORM ANEXA 1 | SERVIC"",""partNumber"":""BLUE-IR-5"",""score"":98,""on"":[""contract#"",""amount~avans"",""data final (19d)""]}]"
accounting:BT.BIT 840,BT.BIT 840,MILLENIUM PRO DESIGN SRL,exact,2025-03-12,RON,storno,4400,0,SCORED,HIGH,RED-PEN-B-I-B-50,Nr. 325/15.1.2025,avans,2025,BSS,servicii de pentest,Avans SERVICII CONFORM ANEXA 2 Avans SERVICII CONFORM ANEXA 2 SERVICII PUNCTUALE DE SECURITATE INFORMATICA la Contract Nr. 325/15.1.2025( 4.400 euro+TVA la curs,3,"org exact; score=96 margin=30 on [contract#, amount~avans, data final (19d)]; 1 distinct part# near top; storno","[{""pn"":""RED-PEN-B-I-B-50"",""score"":96,""on"":[""contract#"",""amount~avans"",""data final (19d)""],""ref"":""Nr. 325/15.1.2025"",""desc"":""servicii de pentest""},{""pn"":""BLUE-IR-5"",""score"":66,""on"":[""contract#"",""data final (19d)""],""ref"":""Nr. 325/15.1.2025"",""desc"":""servicii de investigatie""},{""pn"":""BLUE-MDR-C-12"",""score"":59,""on"":[""contract#"",""data final (49d)""],""ref"":""Act aditional nr. 1 din 21.3.2025 la con"",""desc"":""servicii de MDR""}]","[{""service"":""Avans SERVICII CONFORM ANEXA 2 | Avans SERVICII CONFORM ANEX"",""partNumber"":""RED-PEN-B-I-B-50"",""score"":96,""on"":[""contract#"",""amount~avans"",""data final (19d)""]},{""service"":""SERVICII CONFORM ANEXA 2 | SERVICII CONFORM ANEXA 2 | ERVICI"",""partNumber"":""RED-PEN-B-I-B-50"",""score"":96,""on"":[""contract#"",""amount~avans"",""data final (19d)""]}]"
accounting:BT.BIT 841,BT.BIT 841,MILLENIUM PRO DESIGN SRL,exact,2025-03-14,RON,storno,7125,-35456.13,SCORED,HIGH,BLUE-IR-5,Nr. 325/15.1.2025,avans,2025,BSS,servicii de investigatie,Stornare fact.804/23.01.2025 Avans SERVICII CONFORM ANEXA 1 Stornare fact.804/23.01.2025 Avans SERVICII CONFORM ANEXA 1 SERVICII DE SECURITATE INFORMATICA DE TI,3,"org exact; score=97 margin=31 on [contract#, amount~avans, data final (21d)]; 1 distinct part# near top; storno","[{""pn"":""BLUE-IR-5"",""score"":97,""on"":[""contract#"",""amount~avans"",""data final (21d)""],""ref"":""Nr. 325/15.1.2025"",""desc"":""servicii de investigatie""},{""pn"":""RED-PEN-B-I-B-50"",""score"":66,""on"":[""contract#"",""data final (21d)""],""ref"":""Nr. 325/15.1.2025"",""desc"":""servicii de pentest""},{""pn"":""BLUE-MDR-C-12"",""score"":59,""on"":[""contract#"",""data final (47d)""],""ref"":""Act aditional nr. 1 din 21.3.2025 la con"",""desc"":""servicii de MDR""}]",
accounting:BT.BIT 842,BT.BIT 842,MILLENIUM PRO DESIGN SRL,exact,2025-03-14,RON,,14250,84397.48,SCORED,HIGH,BLUE-IR-5,Nr. 325/15.1.2025,total,2025,BSS,servicii de investigatie,SERVICII CONFORM ANEXA 1 SERVICII CONFORM ANEXA 1 SERVICII DE SECURITATE INFORMATICA DE TIP INVESTIGATIE la CONTRACT-CADRU DE PRESTARI SERVICII Nr. 325/15.1.202,3,"org exact; score=98 margin=32 on [contract#, amount~total, data final (21d)]; 1 distinct part# near top","[{""pn"":""BLUE-IR-5"",""score"":98,""on"":[""contract#"",""amount~total"",""data final (21d)""],""ref"":""Nr. 325/15.1.2025"",""desc"":""servicii de investigatie""},{""pn"":""RED-PEN-B-I-B-50"",""score"":66,""on"":[""contract#"",""data final (21d)""],""ref"":""Nr. 325/15.1.2025"",""desc"":""servicii de pentest""},{""pn"":""BLUE-MDR-C-12"",""score"":59,""on"":[""contract#"",""data final (47d)""],""ref"":""Act aditional nr. 1 din 21.3.2025 la con"",""desc"":""servicii de MDR""}]",
accounting:BT.BIT 843,BT.BIT 843,MILLENIUM PRO DESIGN SRL,exact,2025-03-14,RON,storno,4400,-21895.72,SCORED,HIGH,RED-PEN-B-I-B-50,Nr. 325/15.1.2025,avans,2025,BSS,servicii de pentest,Stornare factura 805/23.01.2025 SERVICII CONFORM ANEXA 2 Stornare factura 805/23.01.2025 SERVICII CONFORM ANEXA 2 SERVICII PUNCTUALE DE SECURITATE INFORMATICA l,3,"org exact; score=96 margin=30 on [contract#, amount~avans, data final (21d)]; 1 distinct part# near top; storno","[{""pn"":""RED-PEN-B-I-B-50"",""score"":96,""on"":[""contract#"",""amount~avans"",""data final (21d)""],""ref"":""Nr. 325/15.1.2025"",""desc"":""servicii de pentest""},{""pn"":""BLUE-IR-5"",""score"":66,""on"":[""contract#"",""data final (21d)""],""ref"":""Nr. 325/15.1.2025"",""desc"":""servicii de investigatie""},{""pn"":""BLUE-MDR-C-12"",""score"":59,""on"":[""contract#"",""data final (47d)""],""ref"":""Act aditional nr. 1 din 21.3.2025 la con"",""desc"":""servicii de MDR""}]",
accounting:BT.BIT 844,BT.BIT 844,MILLENIUM PRO DESIGN SRL,exact,2025-03-14,RON,,8800,52119.14,SCORED,HIGH,RED-PEN-B-I-B-50,Nr. 325/15.1.2025,final,2025,BSS,servicii de pentest,SERVICII CONFORM ANEXA 2 SERVICII CONFORM ANEXA 2 SERVICII PUNCTUALE DE SECURITATE INFORMATICA la Contract Nr. 325/15.1.2025 Factura finala( 8.800 Euro+TVA la c,3,"org exact; score=96 margin=30 on [contract#, amount~final, data final (21d)]; 1 distinct part# near top","[{""pn"":""RED-PEN-B-I-B-50"",""score"":96,""on"":[""contract#"",""amount~final"",""data final (21d)""],""ref"":""Nr. 325/15.1.2025"",""desc"":""servicii de pentest""},{""pn"":""BLUE-IR-5"",""score"":66,""on"":[""contract#"",""data final (21d)""],""ref"":""Nr. 325/15.1.2025"",""desc"":""servicii de investigatie""},{""pn"":""BLUE-MDR-C-12"",""score"":59,""on"":[""contract#"",""data final (47d)""],""ref"":""Act aditional nr. 1 din 21.3.2025 la con"",""desc"":""servicii de MDR""}]",
accounting:BT.BIT 845,BT.BIT 845,QUEHENBERGER LOGISTICS ROU SRL,exact,2025-03-14,RON,storno,3300,-13801.76,DETERMINISTIC,HIGH,RED-PEN-B-E-B-11,327/4.2.2025,,2025,BSS,servicii de pentest,Servicii punctuale de securitate informatica Servicii punctuale de securitate informatica la contractul Nr. 327/4.2.2025. Conform Anexa 1 Stornare factura 824/1,1,org exact; unique part# via contract 327/824; storno,"[{""pn"":""RED-PEN-B-E-B-11"",""score"":100,""on"":[""contract#""],""ref"":""327/4.2.2025"",""desc"":""servicii de pentest""}]",
accounting:BT.BIT 846,BT.BIT 846,QUEHENBERGER LOGISTICS ROU SRL,exact,2025-03-14,RON,,6600,39089.36,DETERMINISTIC,HIGH,RED-PEN-B-E-B-11,327/4.2.2025,,2025,BSS,servicii de pentest,Servicii punctuale de securitate informatica Servicii punctuale de securitate informatica la contractul Nr. 327/4.2.2025. Factura finala conform Anexa 1 ( 6.600,1,org exact; unique part# via contract 327,"[{""pn"":""RED-PEN-B-E-B-11"",""score"":100,""on"":[""contract#""],""ref"":""327/4.2.2025"",""desc"":""servicii de pentest""}]",
accounting:BT.BIT 847,BT.BIT 847,LATITUDE BUSINESS APPLICATION S.R.L.,exact,2025-03-17,RON,storno,1560,-7764.74,SCORED,HIGH,RED-PEN-B-E-B-6,326/27.1.2025,avans,2025,BSS,servicii de pentest,SERVICII PUNCTUALE DE SECURITATE INFORMATICA SERVICII PUNCTUALE DE SECURITATE INFORMATICA la contractul NR. 326/27.1.2025 conform ANEXA 1( 1.560 euro+TVA la cur,2,"org exact; score=96 margin=42 on [contract#, amount~avans, data avans (13d)]; 1 distinct part# near top; storno","[{""pn"":""RED-PEN-B-E-B-6"",""score"":96,""on"":[""contract#"",""amount~avans"",""data avans (13d)""],""ref"":""326/27.1.2025"",""desc"":""servicii de pentest""},{""pn"":""RED-PEN-B-E-B-7"",""score"":54,""on"":[""contract#"",""data avans (351d)""],""ref"":""326/27.1.2025"",""desc"":""servicii de pentest""}]",
accounting:BT.BIT 848,BT.BIT 848,LATITUDE BUSINESS APPLICATION S.R.L.,exact,2025-03-17,RON,,1560,23097.33,SCORED,HIGH,RED-PEN-B-E-B-6,326/27.1.2025,avans,2025,BSS,servicii de pentest,SERVICII PUNCTUALE DE SECURITATE INFORMATICA SERVICII PUNCTUALE DE SECURITATE INFORMATICA NR. 326/27.1.2025 ANEXA NR 1 . Factura finala adica 1.560 euro+2.340 e,2,"org exact; score=96 margin=30 on [contract#, amount~avans, data avans (13d)]; 1 distinct part# near top","[{""pn"":""RED-PEN-B-E-B-6"",""score"":96,""on"":[""contract#"",""amount~avans"",""data avans (13d)""],""ref"":""326/27.1.2025"",""desc"":""servicii de pentest""},{""pn"":""RED-PEN-B-E-B-7"",""score"":66,""on"":[""contract#"",""amount~total"",""data avans (351d)""],""ref"":""326/27.1.2025"",""desc"":""servicii de pentest""}]",
accounting:BT.BIT 849,BT.BIT 849,DONA. LOGISTICA S.A.,exact,2025-04-02,RON,,1673.7,9912.7,DETERMINISTIC,HIGH,BLUE-MDR-C-725,296/6.8.2024,,2024,BSS,servicii de MDR,"SERVICII CONFORM CONTRACT-CADRU DE SERVICII CONFORM CONTRACT-CADRU DE PRESTARI SERVICII NR. 296 / 06.08.2024 (1.673,70 euro+TVA la cursul BNR)",2,org exact; unique part# via contract 296,"[{""pn"":""BLUE-MDR-C-725"",""score"":100,""on"":[""contract#""],""ref"":""296/6.8.2024"",""desc"":""servicii de MDR""},{""pn"":""BLUE-MDR-C-725"",""score"":100,""on"":[""contract#""],""ref"":""ACT ADITIONAL NR. 2 DIN 3.9.2025 la cont"",""desc"":""servicii de MDR""}]",
accounting:BT.BIT 850,BT.BIT 850,DONA. LOGISTICA S.A.,exact,2025-04-02,RON,,1673.7,9912.7,DETERMINISTIC,HIGH,BLUE-MDR-C-725,296/6.8.2024,,2024,BSS,servicii de MDR,"SERVICII CONFORM CONTRACT-CADRU DE SERVICII CONFORM CONTRACT-CADRU DE PRESTARI SERVICII NR. 296 / 06.08.2024 (1.673,70 euro+TVA ls cursul BNR)",2,org exact; unique part# via contract 296,"[{""pn"":""BLUE-MDR-C-725"",""score"":100,""on"":[""contract#""],""ref"":""296/6.8.2024"",""desc"":""servicii de MDR""},{""pn"":""BLUE-MDR-C-725"",""score"":100,""on"":[""contract#""],""ref"":""ACT ADITIONAL NR. 2 DIN 3.9.2025 la cont"",""desc"":""servicii de MDR""}]",
accounting:BT.BIT 851,BT.BIT 851,DONA. CARGO S.R.L.,exact,2025-04-02,RON,,478.2,2832.2,SCORED,LOW,RED-NIS-C-PEN-300,264/04.05.2023,,2023,BSS,servicii de audit + pentest nis,"SERVICII CONFORM CONTRACT NR. 296 / 06.08.2024 SERVICII CONFORM CONTRACT NR. 296 / 06.08.2024 478,20 euro+TVA la cursul BNR)",2,org exact; score=2 margin=0 on []; 2 distinct part# near top,"[{""pn"":""RED-NIS-C-PEN-300"",""score"":2,""on"":[],""ref"":""264/04.05.2023"",""desc"":""servicii de audit + pentest nis""},{""pn"":""RED-NIS-C-AUDIT-300"",""score"":2,""on"":[],""ref"":""264/04.05.2023"",""desc"":""servicii de audit + pentest nis""}]",
accounting:BT.BIT 852,BT.BIT 852,DONA MARKETING GRUP SRL,none,2025-04-02,RON,,717.3,4248.3,UNRESOLVED,NONE,,,,,,,"SERVICII CONFORM CONTRACT NR. 296 / 06.08.2024 SERVICII CONFORM CONTRACT NR. 296 / 06.08.2024 717,30 euro+TVA la cursul BNR",0,org not found in tracker,[],
accounting:BT.BIT 853,BT.BIT 853,SANVERO HEALTHCARE S.R.L.,none,2025-04-02,RON,,239.1,1416.1,UNRESOLVED,NONE,,,,,,,"SERVICII CONTRACT-CADRU DE PRESTARI SERVICII SERVICII CONTRACT-CADRU DE PRESTARI SERVICII NR. 296 / 06.08.2024( 239,10 euro+TVA la cursul BNR)",0,org not found in tracker,[],
accounting:BT.BIT 854,BT.BIT 854,SILKWEB S.A.,exact,2025-04-02,RON,,625,3701.65,DETERMINISTIC,HIGH,RED-PEN-S-G-1,195/29.06.2021,,2021,BSS,pentest web app greybox,SERVICII ACT ADITIONAL NR. 7 DIN 25.3.2025 SERVICII ACT ADITIONAL NR. 7 DIN 25.3.2025 Contract Nr. 195/29.06.2021 (625 euro + tva la cursul BNR),1,org exact; unique part# via contract 195,"[{""pn"":""RED-PEN-S-G-1"",""score"":100,""on"":[""contract#""],""ref"":""195/29.06.2021"",""desc"":""pentest web app greybox""}]",
accounting:BT.BIT 855,BT.BIT 855,SILKWEB S.A.,exact,2025-04-02,RON,,1350,7995.55,DETERMINISTIC,HIGH,RED-PEN-S-G-1,195/29.06.2021,,2021,BSS,pentest web app greybox,SERVICII ACT ADITIONAL NR. 8 DIN 25.03.2025 SERVICII ACT ADITIONAL NR. 8 DIN 25.03.2025 CONTRACT DE PRESTARI SERVICII Nr. 195/29.06.2021( 1350 euro + tva la cur,1,org exact; unique part# via contract 195,"[{""pn"":""RED-PEN-S-G-1"",""score"":100,""on"":[""contract#""],""ref"":""195/29.06.2021"",""desc"":""pentest web app greybox""}]",
accounting:BT.BIT 856,BT.BIT 856,UNITED MEDIA SERVICES SRL,exact,2025-04-02,RON,,350,2072.92,DETERMINISTIC,HIGH,RED-PEN-B-I-BP-50,177/08.12.2020,,2020,BSS,SERVICII DE SECURITATE INFORMATICA,SERVICII ACT ADITIONAL NR. 1 DIN 03.11.2021 CONTRACT SERVICII ACT ADITIONAL NR. 1 DIN 03.11.2021 CONTRACT DE PRESTARI SERVICII Nr. 177/08.12.2020 (350 Euro+TVA ,1,org exact; unique part# via contract 177,"[{""pn"":""RED-PEN-B-I-BP-50"",""score"":100,""on"":[""contract#""],""ref"":""177/08.12.2020"",""desc"":""SERVICII DE SECURITATE INFORMATICA""}]",
accounting:BT.BIT 857,BT.BIT 857,KEYSIGHT TECHNOLOGIES RO SRL,exact,2025-04-02,RON,,7800,46196.51,SCORED,MEDIUM,KS-MM-RD-2,NO. 5 OF 04.10.2023,final,2023,BSS,RECURRENT INFORMATION SECURITY SERVICES,Penetration testing services Purchase Order Number9068003039 Penetration testing services Purchase Order Number9068003039 7800 euro + tva la cursul BNR,25,"org exact; score=35 margin=25 on [amount~final, data final (212d)]; 1 distinct part# near top","[{""pn"":""KS-MM-RD-2"",""score"":35,""on"":[""amount~final"",""data final (212d)""],""ref"":""NO. 5 OF 04.10.2023"",""desc"":""RECURRENT INFORMATION SECURITY SERVICES""},{""pn"":""KS-MM-RD-2"",""score"":10,""on"":[""data final (90d)""],""ref"":""NO. 5 OF 04.10.2023"",""desc"":""RECURRENT INFORMATION SECURITY SERVICES""},{""pn"":""KS-MM-RD-2"",""score"":10,""on"":[""data final (59d)""],""ref"":""NO. 5 OF 04.10.2023"",""desc"":""RECURRENT INFORMATION SECURITY SERVICES""}]",
accounting:BT.BIT 858,BT.BIT 858,ORANGE ROMANIA SA,exact,2025-04-02,RON,,1875,11104.94,SCORED,MEDIUM,ORO-TEM-SUPPORT-50-12,PO 00025528,final,2023,BSS,tem support,Servicii suport TEM L2/L3 Servicii suport TEM L2/L3 PO00049528( 1875 euro + tva la cursul BNR),63,org exact; score=32 margin=15 on [amount~final]; 1 distinct part# near top,"[{""pn"":""ORO-TEM-SUPPORT-50-12"",""score"":32,""on"":[""amount~final""],""ref"":""PO 00025528"",""desc"":""tem support""},{""pn"":""RED-PEN-B-I-B-15"",""score"":17,""on"":[""data final (28d)""],""ref"":""30.04.2025"",""desc"":""servicii de pentest""},{""pn"":""BLUE-IR-OC-6"",""score"":15,""on"":[""amount~avans"",""data final (276d)""],""ref"":""09.05.2024"",""desc"":""IR incident response services retainer""}]",
accounting:BT.BIT 859,BT.BIT 859,SELGROS CASH & CARRY SRL,exact,2025-04-02,RON,,250,1480.66,SCORED,HIGH,BLUE-IR-OC-5,234/15.11.2022,final,2022,BSS,SERVICII RECURENTE DE SECURITATE INFORMATICA - On-call Incident Response,ANEXA 2 – SERVICII RECURENTE DE SECURITATE INFORMATICA ANEXA 2 – SERVICII RECURENTE DE SECURITATE INFORMATICA On-call Incident Response ACT ADITIONAL NR. 1 din ,25,"org exact; score=88 margin=32 on [contract#, amount~final, desc~0.32]; 1 distinct part# near top","[{""pn"":""BLUE-IR-OC-5"",""score"":88,""on"":[""contract#"",""amount~final"",""desc~0.32""],""ref"":""234/15.11.2022"",""desc"":""SERVICII RECURENTE DE SECURITATE INFORMATICA - On-call Incid""},{""pn"":""RED-AUDIT-A-20"",""score"":56,""on"":[""contract#"",""data est. close (294d)""],""ref"":""234/15.11.2022"",""desc"":""SERVICII DE SECURITATE INFORMATICA""},{""pn"":""RED-PEN-B-I-BP-200"",""score"":56,""on"":[""contract#"",""data avans (341d)""],""ref"":""234/15.11.2022"",""desc"":""SERVICII DE SECURITATE INFORMATICA""}]",
accounting:BT.BIT 860,BT.BIT 860,SELGROS CASH & CARRY SRL,exact,2025-04-02,RON,,500,2961.32,SCORED,HIGH,CONSULTANCY-MISC-10,234/15.11.2022,final,2022,BSS,SERVICII RECURENTE DE SECURITATE INFORMATICA - Consultancy Services,ANEXA 3 – SERVICII RECURENTE DE SECURITATE INFORMATICA ANEXA 3 – SERVICII RECURENTE DE SECURITATE INFORMATICA Consultancy Services ACT ADITIONAL NR. 1 din 6.11.,25,"org exact; score=87 margin=31 on [contract#, amount~final, desc~0.29]; 1 distinct part# near top","[{""pn"":""CONSULTANCY-MISC-10"",""score"":87,""on"":[""contract#"",""amount~final"",""desc~0.29""],""ref"":""234/15.11.2022"",""desc"":""SERVICII RECURENTE DE SECURITATE INFORMATICA - Consultancy S""},{""pn"":""RED-AUDIT-A-20"",""score"":56,""on"":[""contract#"",""data est. close (294d)""],""ref"":""234/15.11.2022"",""desc"":""SERVICII DE SECURITATE INFORMATICA""},{""pn"":""RED-PEN-B-I-BP-200"",""score"":56,""on"":[""contract#"",""data avans (341d)""],""ref"":""234/15.11.2022"",""desc"":""SERVICII DE SECURITATE INFORMATICA""}]",
accounting:BT.BIT 861,BT.BIT 861,"SCA ""ZAMFIRESCU RACOTI VASILE AND PARTNERS """,none,2025-04-02,RON,,1150,6811.02,UNRESOLVED,NONE,,,,,,,"ANEXA 1 – SERVICII RECURENTE DE SECURITATE ANEXA 1 – SERVICII RECURENTE DE SECURITATE INFORMATICA Contract Nr. 284/29.01.2024, (1.150 EURO + TVA la cursul BNR)",0,org not found in tracker,[],
accounting:BT.BIT 862,BT.BIT 862,NESTLERS & PARTNERS SRL,exact,2025-04-02,RON,,500,2961.32,SCORED,HIGH,BLUE-MDR-C-5,Nr. 273/02.10.2023,final,2024,BSS,servicii de MDR,SERVICII CONTRACT 273/02.10.2023 SERVICII CONTRACT 273/02.10.2023 ACT ADITIONAL NR. 1 DIN 19.03.2024 (500 euro+TVA la cursul BNR),3,"org exact; score=85 margin=0 on [contract#, amount~final, data final (358d)]; 1 distinct part# near top","[{""pn"":""BLUE-MDR-C-5"",""score"":85,""on"":[""contract#"",""amount~final"",""data final (358d)""],""ref"":""Nr. 273/02.10.2023"",""desc"":""servicii de MDR""},{""pn"":""BLUE-MDR-C-5"",""score"":85,""on"":[""contract#"",""amount~final"",""data final (323d)""],""ref"":""Nr. 273/02.10.2023"",""desc"":""servicii de MDR""},{""pn"":""RED-PEN-B-E-B-5"",""score"":52,""on"":[""contract#""],""ref"":""273/02.10.2023"",""desc"":""servicii de pentest""}]",
accounting:BT.BIT 863,BT.BIT 863,PRIMONET RO SRL,exact,2025-04-11,RON,,1200,7107.44,DETERMINISTIC,HIGH,BLUE-MDR-C-5,332/3.3.2025,,2025,BSS,servicii de MDR,Costuri de instalare conform Anexa 1 Costuri de instalare conform Anexa 1 Servicii recurente de securitate informatica la Contractul nr. 332/3.3.2025( 1.200 eur,2,org exact; unique part# via contract 332,"[{""pn"":""BLUE-MDR-C-5"",""score"":100,""on"":[""contract#""],""ref"":""332/3.3.2025"",""desc"":""servicii de MDR""},{""pn"":""BLUE-MDR-C-5"",""score"":100,""on"":[""contract#""],""ref"":""332/3.3.2025"",""desc"":""servicii de MDR""}]",
accounting:BT.BIT 864,BT.BIT 864,ORANGE ROMANIA SA,exact,2025-04-13,RON,storno,1875,-9331.88,SCORED,MEDIUM,ORO-TEM-SUPPORT-50-12,PO 00025528,final,2023,BSS,tem support,Servicii suport TEM L2/L3 Servicii suport TEM L2/L3 PO00049528( 1875 euro + tva la cursul BNR) Stornare factura 858/02.04.2025 care are PO gresit Storneaza fact,63,org exact; score=31 margin=15 on [amount~final]; 1 distinct part# near top; storno,"[{""pn"":""ORO-TEM-SUPPORT-50-12"",""score"":31,""on"":[""amount~final""],""ref"":""PO 00025528"",""desc"":""tem support""},{""pn"":""RED-PEN-B-I-B-15"",""score"":16,""on"":[""data final (17d)""],""ref"":""30.04.2025"",""desc"":""servicii de pentest""},{""pn"":""BLUE-IR-OC-6"",""score"":15,""on"":[""amount~avans"",""data final (287d)""],""ref"":""09.05.2024"",""desc"":""IR incident response services retainer""}]",
accounting:BT.BIT 865,BT.BIT 865,ORANGE ROMANIA SA,exact,2025-04-13,RON,,1875,11105.83,SCORED,MEDIUM,ORO-TEM-SUPPORT-50-12,PO 00025528,final,2023,BSS,tem support,Servicii suport TEM L2/L3 Servicii suport TEM L2/L3 PO 00112619( 1.875 euro+TVA la cursul BNR),63,org exact; score=32 margin=15 on [amount~final]; 1 distinct part# near top,"[{""pn"":""ORO-TEM-SUPPORT-50-12"",""score"":32,""on"":[""amount~final""],""ref"":""PO 00025528"",""desc"":""tem support""},{""pn"":""RED-PEN-B-I-B-15"",""score"":17,""on"":[""data final (17d)""],""ref"":""30.04.2025"",""desc"":""servicii de pentest""},{""pn"":""BLUE-IR-OC-6"",""score"":15,""on"":[""amount~avans"",""data final (287d)""],""ref"":""09.05.2024"",""desc"":""IR incident response services retainer""}]",
accounting:BT.BIT 866,BT.BIT 866,KEYSIGHT TECHNOLOGIES RO SRL,exact,2025-04-13,RON,final,4200,24877.05,SCORED,LOW,KS-MM-RD-2,NO. 5 OF 04.10.2023,,2023,BSS,RECURRENT INFORMATION SECURITY SERVICES,Penetration testing services Purchase Order Number9068003039 Penetration testing services Purchase Order Number9068003039 4.200 euro+TVA la cursul BNR diferenta,25,org exact; score=9 margin=0 on [data final (101d)]; 2 distinct part# near top; final,"[{""pn"":""KS-MM-RD-2"",""score"":9,""on"":[""data final (101d)""],""ref"":""NO. 5 OF 04.10.2023"",""desc"":""RECURRENT INFORMATION SECURITY SERVICES""},{""pn"":""KS-MM-RD-2"",""score"":9,""on"":[""data final (70d)""],""ref"":""NO. 5 OF 04.10.2023"",""desc"":""RECURRENT INFORMATION SECURITY SERVICES""},{""pn"":""KS-MM-RD-2"",""score"":9,""on"":[""data final (59d)""],""ref"":""NO. 5 OF 04.10.2023"",""desc"":""RECURRENT INFORMATION SECURITY SERVICES""}]",
accounting:BT.BIT 867,BT.BIT 867,PRO TV SRL,exact,2025-04-16,RON,,3600,21323.18,DETERMINISTIC,HIGH,CONSULTANCY-MISC-8,COMANDA FERMA 011/01.04.2025,,2025,BSS,servicii de investigare,COMANDA FERMA 011/01.04.2025 COMANDA FERMA 011/01.04.2025 CONTRACT-CADRU DE PRESTARI SERVICII NR. 315/24.10.2024 ( 3.600 euro+TVA la cursul BNR),1,org exact; unique part# via contract 315/011,"[{""pn"":""CONSULTANCY-MISC-8"",""score"":100,""on"":[""contract#""],""ref"":""COMANDA FERMA 011/01.04.2025"",""desc"":""servicii de investigare""}]",
accounting:BT.BIT 868,BT.BIT 868,FLASHNET S.A.,exact,2025-04-28,RON,,4900,29023.22,SCORED,MEDIUM,RED-NIS-C-PEN-10,NR. 312/8.10.2024,total,2024,BSS,servicii de pentest nis,"SERVICII CONFORM CONTRACT PENTRU PRESTAREA DE SERVICII SERVICII CONFORM CONTRACT PENTRU PRESTAREA DE SERVICII DE TESTE DE PENETRARE \_NR. 317/30.10.2024, PRIMA ",4,"org exact; score=46 margin=7 on [amount~total, data final (0d)]; 1 distinct part# near top","[{""pn"":""RED-NIS-C-PEN-10"",""score"":46,""on"":[""amount~total"",""data final (0d)""],""ref"":""NR. 312/8.10.2024"",""desc"":""servicii de pentest nis""},{""pn"":""RED-NIS-C-PEN-10"",""score"":39,""on"":[""amount~final"",""data final (80d)""],""ref"":""NR. 312/8.10.2024"",""desc"":""servicii de pentest nis""},{""pn"":""RED-NIS-C-PEN-10"",""score"":16,""on"":[""amount~final"",""data avans (146d)""],""ref"":""NR. 312/8.10.2024"",""desc"":""servicii de pentest nis""}]",
accounting:BT.BIT 869,BT.BIT 869,ELECTRO-ALFA INTERNATIONAL SRL,exact,2025-04-28,RON,avans,7800,46200.23,SCORED,HIGH,RED-PEN-RED-ST-30,339/8.4.2025,avans,2025,BSS,servicii de redteam,Avans 40% din valoarea totala conform ANEXA 1 Avans 40% din valoarea totala conform ANEXA 1 SERVICII PUNCTUALE DE SECURITATE INFORMATICA la Contractul cu nr. 33,3,"org exact; score=102 margin=48 on [contract#, amount~avans, data avans (0d)]; 1 distinct part# near top; avans","[{""pn"":""RED-PEN-RED-ST-30"",""score"":102,""on"":[""contract#"",""amount~avans"",""data avans (0d)""],""ref"":""339/8.4.2025"",""desc"":""servicii de redteam""},{""pn"":""RED-PEN-B-I-B-8"",""score"":54,""on"":[""contract#"",""data avans (322d)""],""ref"":""339/8.4.2025"",""desc"":""servicii de pentest""},{""pn"":""PHISH-P-L-YY-F-<400>-<12>"",""score"":3,""on"":[""data final (226d)""],""ref"":""Comanda 1 21.11.2025"",""desc"":""Phish Enterprise - Training 3 luni (500 angajati)""}]",
accounting:BT.BIT 870,BT.BIT 870,COMTIM ROMANIA S.R.L.,exact,2025-04-30,RON,,6580,38974.04,DETERMINISTIC,HIGH,RED-PEN-B-E-B-10,330/26.2.2025,,2025,BSS,servicii de pentest,Servicii conform Anexa 1 Servicii conform Anexa 1 Servicii punctuale de securitate informatica la Contractul Nr. 330/26.2.2025( 6.580 euro+TVA la cursul BNR),1,org exact; unique part# via contract 330,"[{""pn"":""RED-PEN-B-E-B-10"",""score"":100,""on"":[""contract#""],""ref"":""330/26.2.2025"",""desc"":""servicii de pentest""}]",
accounting:BT.BIT 871,BT.BIT 871,SELGROS CASH & CARRY SRL,exact,2025-04-30,RON,,405,15525.94,SCORED,MEDIUM,RED-AUDIT-A-20,234/15.11.2022,,2022,BSS,SERVICII DE SECURITATE INFORMATICA,Initierea proiectului conform Act aditional nr. 3 din Initierea proiectului conform Act aditional nr. 3 din 11.3.2025 la Contractul de prestari servicii Nr. 234,22,"org exact; score=54 margin=3 on [contract#, data est. close (322d)]; 5 distinct part# near top","[{""pn"":""RED-AUDIT-A-20"",""score"":54,""on"":[""contract#"",""data est. close (322d)""],""ref"":""234/15.11.2022"",""desc"":""SERVICII DE SECURITATE INFORMATICA""},{""pn"":""RED-PEN-B-I-BP-200"",""score"":51,""on"":[""contract#""],""ref"":""234/15.11.2022"",""desc"":""SERVICII DE SECURITATE INFORMATICA""},{""pn"":""BLUE-IR-OC-5"",""score"":51,""on"":[""contract#""],""ref"":""234/15.11.2022"",""desc"":""SERVICII RECURENTE DE SECURITATE INFORMATICA - On-call Incid""}]","[{""service"":""Initierea proiectului conform Act aditional nr. 3 din | Init"",""partNumber"":""RED-AUDIT-A-20"",""score"":54,""on"":[""contract#"",""data est. close (322d)""]},{""service"":""Configurare eramba conform Act aditional nr. 3 din | Configu"",""partNumber"":""RED-AUDIT-A-20"",""score"":54,""on"":[""contract#"",""data est. close (322d)""]}]"
accounting:BT.BIT 872,BT.BIT 872,GRAFTEX PRODCOM SRL,exact,2025-04-30,RON,,1100,6515.42,DETERMINISTIC,HIGH,BLUE-MDR-C-6,Contract cadru de prestari servicii nr. 334 din 31.3.2025,,2025,BSS,servicii de MDR,Servicii recurente de securitate informatica Servicii recurente de securitate informatica conform Anexa 1 la Contractul de prestari servicii nr. 334 din 31.3.20,1,org exact; unique part# via contract 334,"[{""pn"":""BLUE-MDR-C-6"",""score"":100,""on"":[""contract#""],""ref"":""Contract cadru de prestari servicii nr. "",""desc"":""servicii de MDR""}]",
accounting:BT.BIT 873,BT.BIT 873,ART & CRAFT DESIGN SRL,exact,2025-04-30,RON,,400,2369.24,DETERMINISTIC,HIGH,BLUE-MDR-C-6,Contract cadru de prestari servicii nr. 335 din 31.3.2025,,2025,BSS,servicii de MDR,Servicii recurente de securitate informatica Servicii recurente de securitate informatica conform Anexa 1 la Contractul de prestari servicii nr. 335 din 31.3.20,1,org exact; unique part# via contract 335,"[{""pn"":""BLUE-MDR-C-6"",""score"":100,""on"":[""contract#""],""ref"":""Contract cadru de prestari servicii nr. "",""desc"":""servicii de MDR""}]",
accounting:BT.BIT 874,BT.BIT 874,MILLENIUM PRO DESIGN SRL,exact,2025-04-30,RON,,1800,10661.59,SCORED,HIGH,BLUE-MDR-C-12,Act aditional nr. 1 din 21.3.2025 la contractul Nr. 325/15.1.2025,final,2025,BSS,servicii de MDR,Servicii recurente de securitate informatica Servicii recurente de securitate informatica conform Act Aditional nr. 1 din 21.3.2025 la contractul de prestari se,3,"org exact; score=96 margin=37 on [contract#, amount~final, data final (0d)]; 1 distinct part# near top","[{""pn"":""BLUE-MDR-C-12"",""score"":96,""on"":[""contract#"",""amount~final"",""data final (0d)""],""ref"":""Act aditional nr. 1 din 21.3.2025 la con"",""desc"":""servicii de MDR""},{""pn"":""BLUE-IR-5"",""score"":59,""on"":[""contract#"",""data avans (97d)""],""ref"":""Nr. 325/15.1.2025"",""desc"":""servicii de investigatie""},{""pn"":""RED-PEN-B-I-B-50"",""score"":59,""on"":[""contract#"",""data avans (97d)""],""ref"":""Nr. 325/15.1.2025"",""desc"":""servicii de pentest""}]",
accounting:BT.BIT 875,BT.BIT 875,ORANGE ROMANIA SA,exact,2025-04-30,RON,,33900,200793.29,SCORED,LOW,CYBEREDU-RUN-EX-1,PO00094270,final,2024,CYE,UNbreakable Romania competition software support services,Pentest extern MyAccount B2B / B2C + Forensics workstation Pentest extern MyAccount B2B / B2C + Forensics workstation Bon de comanda nr. PO00114865 (33.900 euro,40,"org exact; score=33 margin=11 on [amount~final, data final (130d)]; 1 distinct part# near top","[{""pn"":""CYBEREDU-RUN-EX-1"",""score"":33,""on"":[""amount~final"",""data final (130d)""],""ref"":""PO00094270"",""desc"":""UNbreakable Romania competition\nsoftware support services""},{""pn"":""ORO-TEM-DEV-300"",""score"":22,""on"":[""amount~final""],""ref"":""PO 00010666"",""desc"":""dezv si suport""},{""pn"":""RED-PEN-B-I-B-15"",""score"":16,""on"":[""data final (0d)""],""ref"":""30.04.2025"",""desc"":""servicii de pentest""}]",
accounting:BT.BIT 876,BT.BIT 876,JAXABLE SRL,exact,2025-05-05,RON,avans,6900,40868.61,SCORED,MEDIUM,RED-PEN-B-E-B-17,30.4.2025,final,2025,BSS,servicii de pentest,"SERVICII PUNCTUALE DE SECURITATE INFORMATICA SERVICII PUNCTUALE DE SECURITATE INFORMATICA LA CONTRACTUL NR. 340 DIN 30.4.2025, Avans 40% din valoarea totala con",2,"org exact; score=46 margin=1 on [amount~final, data avans (0d)]; 1 distinct part# near top; avans","[{""pn"":""RED-PEN-B-E-B-17"",""score"":46,""on"":[""amount~final"",""data avans (0d)""],""ref"":""30.4.2025"",""desc"":""servicii de pentest""},{""pn"":""RED-PEN-B-E-B-17"",""score"":45,""on"":[""amount~avans"",""data avans (56d)""],""ref"":""30.4.2025"",""desc"":""servicii de pentest""}]",
accounting:BT.BIT 877,BT.BIT 877,CARREFOUR ROMANIA SA,exact,2025-05-12,RON,,1572.25,8044.4,SCORED,LOW,RED-PEN-B-E-B-3,08.05.2025,,2025,BSS,servicii de pentest,"Servicii conform Comanda-consolidata Servicii conform Comanda-consolidata 9990023672-2025-4-8-11-22, audit securitate ecarrefour.ro",11,org exact; score=17 margin=0 on [data final (0d)]; 2 distinct part# near top,"[{""pn"":""RED-PEN-B-E-B-3"",""score"":17,""on"":[""data final (0d)""],""ref"":""08.05.2025"",""desc"":""servicii de pentest""},{""pn"":""RED-PEN-B-E-B-10"",""score"":17,""on"":[""data est. close (29d)""],""ref"":""3.6.2025"",""desc"":""servicii de pentest""},{""pn"":""RED-PEN-B-I-B-20"",""score"":5,""on"":[""data final (314d)""],""ref"":""26.4.2024"",""desc"":""servicii de pentest""}]",
accounting:BT.BIT 878,BT.BIT 878,DONA. LOGISTICA S.A.,exact,2025-05-13,RON,,1673.7,10156.29,DETERMINISTIC,HIGH,BLUE-MDR-C-725,296/6.8.2024,,2024,BSS,servicii de MDR,"SERVICII CONFORM CONTRACT-CADRU DE SERVICII CONFORM CONTRACT-CADRU DE PRESTARI SERVICII NR. 296 / 06.08.2024 (1.673,70 euro+TVA la cursul BNR)",2,org exact; unique part# via contract 296,"[{""pn"":""BLUE-MDR-C-725"",""score"":100,""on"":[""contract#""],""ref"":""296/6.8.2024"",""desc"":""servicii de MDR""},{""pn"":""BLUE-MDR-C-725"",""score"":100,""on"":[""contract#""],""ref"":""ACT ADITIONAL NR. 2 DIN 3.9.2025 la cont"",""desc"":""servicii de MDR""}]",
accounting:BT.BIT 879,BT.BIT 879,DONA. LOGISTICA S.A.,exact,2025-05-13,RON,,1673.7,10156.29,DETERMINISTIC,HIGH,BLUE-MDR-C-725,296/6.8.2024,,2024,BSS,servicii de MDR,"SERVICII CONFORM CONTRACT-CADRU DE SERVICII CONFORM CONTRACT-CADRU DE PRESTARI SERVICII NR. 296 / 06.08.2024 (1.673,70 euro+TVA la cursul BNR)",2,org exact; unique part# via contract 296,"[{""pn"":""BLUE-MDR-C-725"",""score"":100,""on"":[""contract#""],""ref"":""296/6.8.2024"",""desc"":""servicii de MDR""},{""pn"":""BLUE-MDR-C-725"",""score"":100,""on"":[""contract#""],""ref"":""ACT ADITIONAL NR. 2 DIN 3.9.2025 la cont"",""desc"":""servicii de MDR""}]",
accounting:BT.BIT 880,BT.BIT 880,DONA. CARGO S.R.L.,exact,2025-05-13,RON,,478.2,2901.8,SCORED,LOW,RED-NIS-C-PEN-300,264/04.05.2023,,2023,BSS,servicii de audit + pentest nis,"SERVICII CONFORM CONTRACT NR. 296 / 06.08.2024 SERVICII CONFORM CONTRACT NR. 296 / 06.08.2024 478,20 euro+TVA la cursul BNR)",2,org exact; score=2 margin=0 on []; 2 distinct part# near top,"[{""pn"":""RED-NIS-C-PEN-300"",""score"":2,""on"":[],""ref"":""264/04.05.2023"",""desc"":""servicii de audit + pentest nis""},{""pn"":""RED-NIS-C-AUDIT-300"",""score"":2,""on"":[],""ref"":""264/04.05.2023"",""desc"":""servicii de audit + pentest nis""}]",
accounting:BT.BIT 881,BT.BIT 881,DONA MARKETING GRUP SRL,none,2025-05-13,RON,,717.3,4352.7,UNRESOLVED,NONE,,,,,,,"SERVICII CONFORM CONTRACT NR. 296 / 06.08.2024 SERVICII CONFORM CONTRACT NR. 296 / 06.08.2024 717,30 euro+TVA la cursul BNR",0,org not found in tracker,[],
accounting:BT.BIT 882,BT.BIT 882,SANVERO HEALTHCARE S.R.L.,none,2025-05-13,RON,,239.1,1450.9,UNRESOLVED,NONE,,,,,,,"SERVICII CONTRACT-CADRU DE PRESTARI SERVICII SERVICII CONTRACT-CADRU DE PRESTARI SERVICII NR. 296 / 06.08.2024( 239,10 euro+TVA la cursul BNR)",0,org not found in tracker,[],
accounting:BT.BIT 883,BT.BIT 883,SILKWEB S.A.,exact,2025-05-13,RON,,625,3792.6,DETERMINISTIC,HIGH,RED-PEN-S-G-1,195/29.06.2021,,2021,BSS,pentest web app greybox,SERVICII ACT ADITIONAL NR. 7 DIN 25.3.2025 SERVICII ACT ADITIONAL NR. 7 DIN 25.3.2025 Contract Nr. 195/29.06.2021 (625 euro + tva la cursul BNR),1,org exact; unique part# via contract 195,"[{""pn"":""RED-PEN-S-G-1"",""score"":100,""on"":[""contract#""],""ref"":""195/29.06.2021"",""desc"":""pentest web app greybox""}]",
accounting:BT.BIT 884,BT.BIT 884,SILKWEB S.A.,exact,2025-05-13,RON,,1350,8192.03,DETERMINISTIC,HIGH,RED-PEN-S-G-1,195/29.06.2021,,2021,BSS,pentest web app greybox,SERVICII ACT ADITIONAL NR. 8 DIN 25.03.2025 SERVICII ACT ADITIONAL NR. 8 DIN 25.03.2025 CONTRACT DE PRESTARI SERVICII Nr. 195/29.06.2021( 1350 euro + tva la cur,1,org exact; unique part# via contract 195,"[{""pn"":""RED-PEN-S-G-1"",""score"":100,""on"":[""contract#""],""ref"":""195/29.06.2021"",""desc"":""pentest web app greybox""}]",
accounting:BT.BIT 885,BT.BIT 885,UNITED MEDIA SERVICES SRL,exact,2025-05-13,RON,,350,2123.86,DETERMINISTIC,HIGH,RED-PEN-B-I-BP-50,177/08.12.2020,,2020,BSS,SERVICII DE SECURITATE INFORMATICA,SERVICII ACT ADITIONAL NR. 1 DIN 03.11.2021 CONTRACT SERVICII ACT ADITIONAL NR. 1 DIN 03.11.2021 CONTRACT DE PRESTARI SERVICII Nr. 177/08.12.2020 (350 Euro+TVA ,1,org exact; unique part# via contract 177,"[{""pn"":""RED-PEN-B-I-BP-50"",""score"":100,""on"":[""contract#""],""ref"":""177/08.12.2020"",""desc"":""SERVICII DE SECURITATE INFORMATICA""}]",
accounting:BT.BIT 886,BT.BIT 886,KEYSIGHT TECHNOLOGIES RO SRL,exact,2025-05-13,RON,,12600,76458.9,SCORED,LOW,KS-MM-RD-2,NO. 5 OF 04.10.2023,total,2023,BSS,RECURRENT INFORMATION SECURITY SERVICES,Penetration testing services for May 2025 Penetration testing services for May 2025 Purchase Order Number 9068003039 ( 12600 euro + tva la cursul BNR),26,"org exact; score=39 margin=8 on [amount~total, data final (100d)]; 1 distinct part# near top","[{""pn"":""KS-MM-RD-2"",""score"":39,""on"":[""amount~total"",""data final (100d)""],""ref"":""NO. 5 OF 04.10.2023"",""desc"":""RECURRENT INFORMATION SECURITY SERVICES""},{""pn"":""KS-MM-RD-2"",""score"":31,""on"":[""amount~final""],""ref"":""236Bis/25.04.2019"",""desc"":""RECURRENT INFORMATION SECURITY SERVICES""},{""pn"":""KS-MM-RD-2"",""score"":26,""on"":[""amount~total"",""data final (131d)""],""ref"":""NO. 5 OF 04.10.2023"",""desc"":""RECURRENT INFORMATION SECURITY SERVICES""}]",
accounting:BT.BIT 887,BT.BIT 887,ORANGE ROMANIA SA,exact,2025-05-13,RON,,1875,11377.82,SCORED,MEDIUM,ORO-TEM-SUPPORT-50-12,PO 00025528,final,2023,BSS,tem support,Servicii suport TEM L2/L3 Data de livrare: 31-04-2025 Servicii suport TEM L2/L3 Data de livrare: 31-04-2025 PO00112619 ( 1875 euro + tva la cursul BNR),64,org exact; score=32 margin=15 on [amount~final]; 1 distinct part# near top,"[{""pn"":""ORO-TEM-SUPPORT-50-12"",""score"":32,""on"":[""amount~final""],""ref"":""PO 00025528"",""desc"":""tem support""},{""pn"":""CONSULTANCY-MISC-32"",""score"":17,""on"":[""data final (17d)""],""ref"":""27.05.2025"",""desc"":""servicii de consultanta""},{""pn"":""CONSULTANCY-MISC-8"",""score"":17,""on"":[""data final (21d)""],""ref"":""27.05.2025"",""desc"":""servicii de consultanta""}]",
accounting:BT.BIT 888,BT.BIT 888,SELGROS CASH & CARRY SRL,exact,2025-05-13,RON,,250,1517.05,SCORED,HIGH,BLUE-IR-OC-5,234/15.11.2022,final,2022,BSS,SERVICII RECURENTE DE SECURITATE INFORMATICA - On-call Incident Response,ANEXA 2 – SERVICII RECURENTE DE SECURITATE ANEXA 2 – SERVICII RECURENTE DE SECURITATE INFORMATICA On-call Incident Response ACT ADITIONAL NR. 1 din 6.11.2023 CO,25,"org exact; score=88 margin=32 on [contract#, amount~final, desc~0.32]; 1 distinct part# near top","[{""pn"":""BLUE-IR-OC-5"",""score"":88,""on"":[""contract#"",""amount~final"",""desc~0.32""],""ref"":""234/15.11.2022"",""desc"":""SERVICII RECURENTE DE SECURITATE INFORMATICA - On-call Incid""},{""pn"":""RED-AUDIT-A-20"",""score"":56,""on"":[""contract#"",""data est. close (335d)""],""ref"":""234/15.11.2022"",""desc"":""SERVICII DE SECURITATE INFORMATICA""},{""pn"":""CONSULTANCY-MISC-10"",""score"":54,""on"":[""contract#"",""desc~0.17""],""ref"":""234/15.11.2022"",""desc"":""SERVICII RECURENTE DE SECURITATE INFORMATICA - Consultancy S""}]",
accounting:BT.BIT 889,BT.BIT 889,SELGROS CASH & CARRY SRL,exact,2025-05-13,RON,,500,3034.08,SCORED,HIGH,CONSULTANCY-MISC-10,234/15.11.2022,final,2022,BSS,SERVICII RECURENTE DE SECURITATE INFORMATICA - Consultancy Services,ANEXA 3 – SERVICII RECURENTE DE SECURITATE ANEXA 3 – SERVICII RECURENTE DE SECURITATE INFORMATICA Consultancy Services ACT ADITIONAL NR. 1 din 6.11.2023 CONTRAC,25,"org exact; score=87 margin=31 on [contract#, amount~final, desc~0.29]; 1 distinct part# near top","[{""pn"":""CONSULTANCY-MISC-10"",""score"":87,""on"":[""contract#"",""amount~final"",""desc~0.29""],""ref"":""234/15.11.2022"",""desc"":""SERVICII RECURENTE DE SECURITATE INFORMATICA - Consultancy S""},{""pn"":""RED-AUDIT-A-20"",""score"":56,""on"":[""contract#"",""data est. close (335d)""],""ref"":""234/15.11.2022"",""desc"":""SERVICII DE SECURITATE INFORMATICA""},{""pn"":""BLUE-IR-OC-5"",""score"":54,""on"":[""contract#"",""desc~0.17""],""ref"":""234/15.11.2022"",""desc"":""SERVICII RECURENTE DE SECURITATE INFORMATICA - On-call Incid""}]",
accounting:BT.BIT 890,BT.BIT 890,"SCA ""ZAMFIRESCU RACOTI VASILE AND PARTNERS """,none,2025-05-13,RON,,1150,6978.4,UNRESOLVED,NONE,,,,,,,"ANEXA 1 – SERVICII RECURENTE DE SECURITATE ANEXA 1 – SERVICII RECURENTE DE SECURITATE INFORMATICA Contract Nr. 284/29.01.2024, (1.150 EURO + TVA la curs BNR)",0,org not found in tracker,[],
accounting:BT.BIT 891,BT.BIT 891,NESTLERS & PARTNERS SRL,exact,2025-05-13,RON,,500,3034.08,SCORED,HIGH,BLUE-MDR-C-5,Nr. 273/02.10.2023,final,2024,BSS,servicii de MDR,SERVICII CONTRACT 273/02.10.2023 SERVICII CONTRACT 273/02.10.2023 ACT ADITIONAL NR. 1 DIN 19.03.2024 (500 euro+TVA la cursul BNR),3,"org exact; score=85 margin=3 on [contract#, amount~final, data final (364d)]; 1 distinct part# near top","[{""pn"":""BLUE-MDR-C-5"",""score"":85,""on"":[""contract#"",""amount~final"",""data final (364d)""],""ref"":""Nr. 273/02.10.2023"",""desc"":""servicii de MDR""},{""pn"":""BLUE-MDR-C-5"",""score"":82,""on"":[""contract#"",""amount~final""],""ref"":""Nr. 273/02.10.2023"",""desc"":""servicii de MDR""},{""pn"":""RED-PEN-B-E-B-5"",""score"":52,""on"":[""contract#""],""ref"":""273/02.10.2023"",""desc"":""servicii de pentest""}]",
accounting:BT.BIT 892,BT.BIT 892,MILLENIUM PRO DESIGN SRL,exact,2025-05-16,RON,,1800,10931.05,SCORED,HIGH,BLUE-MDR-C-12,Act aditional nr. 1 din 21.3.2025 la contractul Nr. 325/15.1.2025,final,2025,BSS,servicii de MDR,Servicii recurente de securitate informatica Servicii recurente de securitate informatica conform Act Aditional nr. 1 din 21.3.2025 la contractul de prestari se,3,"org exact; score=96 margin=37 on [contract#, amount~final, data final (16d)]; 1 distinct part# near top","[{""pn"":""BLUE-MDR-C-12"",""score"":96,""on"":[""contract#"",""amount~final"",""data final (16d)""],""ref"":""Act aditional nr. 1 din 21.3.2025 la con"",""desc"":""servicii de MDR""},{""pn"":""BLUE-IR-5"",""score"":59,""on"":[""contract#"",""data avans (113d)""],""ref"":""Nr. 325/15.1.2025"",""desc"":""servicii de investigatie""},{""pn"":""RED-PEN-B-I-B-50"",""score"":59,""on"":[""contract#"",""data avans (113d)""],""ref"":""Nr. 325/15.1.2025"",""desc"":""servicii de pentest""}]",
accounting:BT.BIT 893,BT.BIT 893,GRAFTEX PRODCOM SRL,exact,2025-05-16,RON,,1100,6680.09,DETERMINISTIC,HIGH,BLUE-MDR-C-6,Contract cadru de prestari servicii nr. 334 din 31.3.2025,,2025,BSS,servicii de MDR,Servicii recurente de securitate informatica conform Servicii recurente de securitate informatica conform Anexa 1 la Contractul de prestari servicii nr. 334 din,1,org exact; unique part# via contract 334,"[{""pn"":""BLUE-MDR-C-6"",""score"":100,""on"":[""contract#""],""ref"":""Contract cadru de prestari servicii nr. "",""desc"":""servicii de MDR""}]",
accounting:BT.BIT 894,BT.BIT 894,ART & CRAFT DESIGN SRL,exact,2025-05-16,RON,,400,2429.12,DETERMINISTIC,HIGH,BLUE-MDR-C-6,Contract cadru de prestari servicii nr. 335 din 31.3.2025,,2025,BSS,servicii de MDR,Servicii recurente de securitate informatica conform Servicii recurente de securitate informatica conform Anexa 1 la Contractul de prestari servicii nr. 335 din,1,org exact; unique part# via contract 335,"[{""pn"":""BLUE-MDR-C-6"",""score"":100,""on"":[""contract#""],""ref"":""Contract cadru de prestari servicii nr. "",""desc"":""servicii de MDR""}]",
accounting:BT.BIT 895,BT.BIT 895,PRIMONET RO SRL,exact,2025-05-16,RON,,500,3036.4,DETERMINISTIC,HIGH,BLUE-MDR-C-5,332/3.3.2025,,2025,BSS,servicii de MDR,Servicii recurente de securitate informatica Servicii recurente de securitate informatica la Contractul nr. 332/3.3.2025( 500 euro+TVA la cursul BNR),2,org exact; unique part# via contract 332,"[{""pn"":""BLUE-MDR-C-5"",""score"":100,""on"":[""contract#""],""ref"":""332/3.3.2025"",""desc"":""servicii de MDR""},{""pn"":""BLUE-MDR-C-5"",""score"":100,""on"":[""contract#""],""ref"":""332/3.3.2025"",""desc"":""servicii de MDR""}]",
accounting:BT.BIT 896,BT.BIT 896,ORANGE ROMANIA SA,exact,2025-05-27,RON,,4500,195717.83,SCORED,MEDIUM,CONSULTANCY-MISC-32,27.05.2025,final,2025,BSS,servicii de consultanta,Consultanta exclusiva pe zona de politici pentru Consultanta exclusiva pe zona de politici pentru pregatirea alinierii cu cerintele Directivei NIS 2( in limita ,50,"org exact; score=46 margin=16 on [amount~final, data final (3d)]; 1 distinct part# near top","[{""pn"":""CONSULTANCY-MISC-32"",""score"":46,""on"":[""amount~final"",""data final (3d)""],""ref"":""27.05.2025"",""desc"":""servicii de consultanta""},{""pn"":""ORO-TEM-DEV-100"",""score"":30,""on"":[""amount~final""],""ref"":""PO 40407868"",""desc"":""multiple services""},{""pn"":""ORO-TEM-DEV-300"",""score"":30,""on"":[""amount~final""],""ref"":""PO 00010666"",""desc"":""dezv si suport""}]","[{""service"":""Consultanta exclusiva pe zona de politici pentru | Consultan"",""partNumber"":""CONSULTANCY-MISC-32"",""score"":46,""on"":[""amount~final"",""data final (3d)""]},{""service"":""24/7 Incident Notification Hotline, Incident Response | 24/7"",""partNumber"":""PHISH-P-L-YY-A-15000"",""score"":26,""on"":[""amount~final"",""data final (235d)""]}]"
accounting:BT.BIT 897,BT.BIT 897,SELGROS CASH & CARRY SRL,exact,2025-05-30,RON,,4353.75,26250.39,SCORED,MEDIUM,RED-AUDIT-A-20,234/15.11.2022,,2022,BSS,SERVICII DE SECURITATE INFORMATICA,Evaluare Initiala (Gap Analysis) Evaluare Initiala (Gap Analysis) conform Act aditional nr. 3 din 11.3.2025 la Contractul de prestari servicii Nr. 234/15.11.202,22,"org exact; score=54 margin=3 on [contract#, data est. close (352d)]; 5 distinct part# near top","[{""pn"":""RED-AUDIT-A-20"",""score"":54,""on"":[""contract#"",""data est. close (352d)""],""ref"":""234/15.11.2022"",""desc"":""SERVICII DE SECURITATE INFORMATICA""},{""pn"":""RED-PEN-B-I-BP-200"",""score"":51,""on"":[""contract#""],""ref"":""234/15.11.2022"",""desc"":""SERVICII DE SECURITATE INFORMATICA""},{""pn"":""BLUE-IR-OC-5"",""score"":51,""on"":[""contract#""],""ref"":""234/15.11.2022"",""desc"":""SERVICII RECURENTE DE SECURITATE INFORMATICA - On-call Incid""}]",
accounting:BT.BIT 898,BT.BIT 898,ORANGE ROMANIA SA,exact,2025-06-03,RON,storno,4500,-164468.76,SCORED,MEDIUM,CONSULTANCY-MISC-32,27.05.2025,final,2025,BSS,servicii de consultanta,Consultanta exclusiva pe zona de politici pentru Consultanta exclusiva pe zona de politici pentru pregatirea alinierii cu cerintele Directivei NIS 2( in limita ,46,"org exact; score=46 margin=16 on [amount~final, data final (4d)]; 1 distinct part# near top; storno","[{""pn"":""CONSULTANCY-MISC-32"",""score"":46,""on"":[""amount~final"",""data final (4d)""],""ref"":""27.05.2025"",""desc"":""servicii de consultanta""},{""pn"":""ORO-TEM-DEV-100"",""score"":30,""on"":[""amount~final""],""ref"":""PO 40407868"",""desc"":""multiple services""},{""pn"":""CONSULTANCY-MISC-40"",""score"":16,""on"":[""data final (15d)""],""ref"":""13.06.2025"",""desc"":""servicii de consultanta""}]","[{""service"":""Consultanta exclusiva pe zona de politici pentru | Consultan"",""partNumber"":""CONSULTANCY-MISC-32"",""score"":46,""on"":[""amount~final"",""data final (4d)""]},{""service"":""24/7 Incident Notification Hotline, Incident Response | 24/7"",""partNumber"":""PHISH-P-L-YY-A-15000"",""score"":26,""on"":[""amount~final"",""data final (242d)""]}]"
accounting:BT.BIT 899,BT.BIT 899,ORANGE ROMANIA SA,exact,2025-06-03,RON,,4500,41121.47,SCORED,MEDIUM,CONSULTANCY-MISC-32,27.05.2025,final,2025,BSS,servicii de consultanta,Consultanta exclusiva pe zona de politici pentru Consultanta exclusiva pe zona de politici pentru pregatirea alinierii cu cerintele Directivei NIS 2( in limita ,51,"org exact; score=46 margin=16 on [amount~final, data final (4d)]; 1 distinct part# near top","[{""pn"":""CONSULTANCY-MISC-32"",""score"":46,""on"":[""amount~final"",""data final (4d)""],""ref"":""27.05.2025"",""desc"":""servicii de consultanta""},{""pn"":""ORO-TEM-DEV-100"",""score"":30,""on"":[""amount~final""],""ref"":""PO 40407868"",""desc"":""multiple services""},{""pn"":""CONSULTANCY-MISC-40"",""score"":28,""on"":[""amount~final"",""data final (15d)""],""ref"":""13.06.2025"",""desc"":""servicii de consultanta""}]","[{""service"":""Consultanta exclusiva pe zona de politici pentru | Consultan"",""partNumber"":""CONSULTANCY-MISC-32"",""score"":46,""on"":[""amount~final"",""data final (4d)""]},{""service"":""24/7 Incident Notification Hotline, Incident Response | 24/7"",""partNumber"":""BLUE-IR-OC-6"",""score"":17,""on"":[""amount~total"",""data final (338d)""]}]"
accounting:BT.BIT 900,BT.BIT 900,CARREFOUR ROMANIA SA,exact,2025-06-16,RON,,5.26,26477.5,SCORED,LOW,RED-PEN-B-E-B-10,3.6.2025,,2025,BSS,servicii de pentest,Servicii conform comanda 9990024433 Servicii conform comanda 9990024433 Penetration Testing Services for Mobile Application (iOS) Penetration Testing Services f,10,org exact; score=17 margin=7 on [data final (0d)]; 3 distinct part# near top,"[{""pn"":""RED-PEN-B-E-B-10"",""score"":17,""on"":[""data final (0d)""],""ref"":""3.6.2025"",""desc"":""servicii de pentest""},{""pn"":""RED-PEN-B-E-B-3"",""score"":10,""on"":[""data final (35d)""],""ref"":""08.05.2025"",""desc"":""servicii de pentest""},{""pn"":""RED-PEN-B-E-B-12"",""score"":10,""on"":[""data final (114d)""],""ref"":""07.10.2025"",""desc"":""servicii de pentest""}]",
accounting:BT.BIT 901,BT.BIT 901,ELECTRO-ALFA INTERNATIONAL SRL,exact,2025-06-16,RON,storno,7800,70567.33,SCORED,HIGH,RED-PEN-RED-ST-30,339/8.4.2025,avans,2025,BSS,servicii de redteam,Stornare Avans 40% din valoarea totala conform ANEXA 1 Stornare Avans 40% din valoarea totala conform ANEXA 1 SERVICII PUNCTUALE DE SECURITATE INFORMATICA la Co,3,"org exact; score=96 margin=42 on [contract#, amount~avans, data final (0d)]; 1 distinct part# near top; storno","[{""pn"":""RED-PEN-RED-ST-30"",""score"":96,""on"":[""contract#"",""amount~avans"",""data final (0d)""],""ref"":""339/8.4.2025"",""desc"":""servicii de redteam""},{""pn"":""RED-PEN-B-I-B-8"",""score"":54,""on"":[""contract#"",""data avans (273d)""],""ref"":""339/8.4.2025"",""desc"":""servicii de pentest""},{""pn"":""PHISH-P-L-YY-F-<400>-<12>"",""score"":4,""on"":[""data final (177d)""],""ref"":""Comanda 1 21.11.2025"",""desc"":""Phish Enterprise - Training 3 luni (500 angajati)""}]","[{""service"":""Stornare Avans 40% din valoarea totala conform ANEXA 1 | Sto"",""partNumber"":""RED-PEN-RED-ST-30"",""score"":96,""on"":[""contract#"",""amount~avans"",""data final (0d)""]},{""service"":""SERVICII PUNCTUALE DE SECURITATE INFORMATICA la Contractul |"",""partNumber"":""RED-PEN-RED-ST-30"",""score"":96,""on"":[""contract#"",""amount~avans"",""data final (0d)""]}]"
accounting:BT.BIT 902,BT.BIT 902,MYCONNECTOR PLATFORM S.R.L.,exact,2025-06-16,RON,,6000,35928.48,DETERMINISTIC,HIGH,BLUE-IR-10,CONTRACT-CADRU DE PRESTARI SERVICII NR. 343/14.5.2025,,2025,BSS,servicii de investigatie,Servicii conform ANEXA 1 Servicii conform ANEXA 1 SERVICII DE SECURITATE INFORMATICA DE TIP INVESTIGATIE LA CONTRACT NR. 343/14.5.2025( 6.000 euro+TVA la cursul,1,org exact; unique part# via contract 343,"[{""pn"":""BLUE-IR-10"",""score"":100,""on"":[""contract#""],""ref"":""CONTRACT-CADRU DE PRESTARI SERVICII NR. "",""desc"":""servicii de investigatie""}]",
accounting:BT.BIT 903,BT.BIT 903,DONA. LOGISTICA S.A.,exact,2025-06-16,RON,,1673.7,10022.25,DETERMINISTIC,HIGH,BLUE-MDR-C-725,296/6.8.2024,,2024,BSS,servicii de MDR,"SERVICII CONFORM CONTRACT-CADRU DE SERVICII CONFORM CONTRACT-CADRU DE PRESTARI SERVICII NR. 296 / 06.08.2024 (1.673,70 euro+TVA la cursul BNR)",2,org exact; unique part# via contract 296,"[{""pn"":""BLUE-MDR-C-725"",""score"":100,""on"":[""contract#""],""ref"":""296/6.8.2024"",""desc"":""servicii de MDR""},{""pn"":""BLUE-MDR-C-725"",""score"":100,""on"":[""contract#""],""ref"":""ACT ADITIONAL NR. 2 DIN 3.9.2025 la cont"",""desc"":""servicii de MDR""}]",
accounting:BT.BIT 904,BT.BIT 904,DONA. LOGISTICA S.A.,exact,2025-06-16,RON,,1673.7,10022.25,DETERMINISTIC,HIGH,BLUE-MDR-C-725,296/6.8.2024,,2024,BSS,servicii de MDR,"SERVICII CONFORM CONTRACT-CADRU DE SERVICII CONFORM CONTRACT-CADRU DE PRESTARI SERVICII NR. 296 / 06.08.2024 (1.673,70 euro+TVA la cursul BNR)",2,org exact; unique part# via contract 296,"[{""pn"":""BLUE-MDR-C-725"",""score"":100,""on"":[""contract#""],""ref"":""296/6.8.2024"",""desc"":""servicii de MDR""},{""pn"":""BLUE-MDR-C-725"",""score"":100,""on"":[""contract#""],""ref"":""ACT ADITIONAL NR. 2 DIN 3.9.2025 la cont"",""desc"":""servicii de MDR""}]",
accounting:BT.BIT 905,BT.BIT 905,DONA. CARGO S.R.L.,exact,2025-06-16,RON,,478.2,2863.5,SCORED,LOW,RED-NIS-C-PEN-300,264/04.05.2023,,2023,BSS,servicii de audit + pentest nis,"SERVICII CONFORM CONTRACT NR. 296 / 06.08.2024 SERVICII CONFORM CONTRACT NR. 296 / 06.08.2024 478,20 euro+TVA la cursul BNR)",2,org exact; score=2 margin=0 on []; 2 distinct part# near top,"[{""pn"":""RED-NIS-C-PEN-300"",""score"":2,""on"":[],""ref"":""264/04.05.2023"",""desc"":""servicii de audit + pentest nis""},{""pn"":""RED-NIS-C-AUDIT-300"",""score"":2,""on"":[],""ref"":""264/04.05.2023"",""desc"":""servicii de audit + pentest nis""}]",
accounting:BT.BIT 906,BT.BIT 906,DONA MARKETING GRUP SRL,none,2025-06-16,RON,,717.3,4295.25,UNRESOLVED,NONE,,,,,,,"SERVICII CONFORM CONTRACT NR. 296 / 06.08.2024 SERVICII CONFORM CONTRACT NR. 296 / 06.08.2024 717,30 euro+TVA la cursul BNR",0,org not found in tracker,[],
accounting:BT.BIT 907,BT.BIT 907,SANVERO HEALTHCARE S.R.L.,none,2025-06-16,RON,,239.1,1431.75,UNRESOLVED,NONE,,,,,,,"SERVICII CONTRACT-CADRU DE PRESTARI SERVICII SERVICII CONTRACT-CADRU DE PRESTARI SERVICII NR. 296 / 06.08.2024( 239,10 euro+TVA la cursul BNR)",0,org not found in tracker,[],
accounting:BT.BIT 908,BT.BIT 908,SILKWEB S.A.,exact,2025-06-16,RON,,625,3742.55,DETERMINISTIC,HIGH,RED-PEN-S-G-1,195/29.06.2021,,2021,BSS,pentest web app greybox,SERVICII ACT ADITIONAL NR. 7 DIN 25.3.2025 SERVICII ACT ADITIONAL NR. 7 DIN 25.3.2025 Contract Nr. 195/29.06.2021 (625 euro + tva la cursul BNR),1,org exact; unique part# via contract 195,"[{""pn"":""RED-PEN-S-G-1"",""score"":100,""on"":[""contract#""],""ref"":""195/29.06.2021"",""desc"":""pentest web app greybox""}]",
accounting:BT.BIT 909,BT.BIT 909,SILKWEB S.A.,exact,2025-06-16,RON,,1350,8083.91,DETERMINISTIC,HIGH,RED-PEN-S-G-1,195/29.06.2021,,2021,BSS,pentest web app greybox,SERVICII ACT ADITIONAL NR. 8 DIN 25.03.2025 SERVICII ACT ADITIONAL NR. 8 DIN 25.03.2025 CONTRACT DE PRESTARI SERVICII Nr. 195/29.06.2021( 1350 euro + tva la cur,1,org exact; unique part# via contract 195,"[{""pn"":""RED-PEN-S-G-1"",""score"":100,""on"":[""contract#""],""ref"":""195/29.06.2021"",""desc"":""pentest web app greybox""}]",
accounting:BT.BIT 910,BT.BIT 910,UNITED MEDIA SERVICES SRL,exact,2025-06-16,RON,,350,2095.83,DETERMINISTIC,HIGH,RED-PEN-B-I-BP-50,177/08.12.2020,,2020,BSS,SERVICII DE SECURITATE INFORMATICA,SERVICII ACT ADITIONAL NR. 1 DIN 03.11.2021 CONTRACT SERVICII ACT ADITIONAL NR. 1 DIN 03.11.2021 CONTRACT DE PRESTARI SERVICII Nr. 177/08.12.2020 (350 Euro+TVA ,1,org exact; unique part# via contract 177,"[{""pn"":""RED-PEN-B-I-BP-50"",""score"":100,""on"":[""contract#""],""ref"":""177/08.12.2020"",""desc"":""SERVICII DE SECURITATE INFORMATICA""}]",
accounting:BT.BIT 911,BT.BIT 911,ORANGE ROMANIA SA,exact,2025-06-16,RON,,1875,11227.65,SCORED,MEDIUM,ORO-TEM-SUPPORT-50-12,PO 00025528,final,2023,BSS,tem support,Servicii suport TEM L2/L3 Servicii suport TEM L2/L3 PO00049528( 1875 euro + tva la cursul BNR),65,org exact; score=32 margin=15 on [amount~final]; 1 distinct part# near top,"[{""pn"":""ORO-TEM-SUPPORT-50-12"",""score"":32,""on"":[""amount~final""],""ref"":""PO 00025528"",""desc"":""tem support""},{""pn"":""CONSULTANCY-MISC-40"",""score"":17,""on"":[""data final (2d)""],""ref"":""13.06.2025"",""desc"":""servicii de consultanta""},{""pn"":""RED-PEN-B-E-B-25"",""score"":17,""on"":[""data final (2d)""],""ref"":""13.06.2025"",""desc"":""servicii de pentest""}]",
accounting:BT.BIT 912,BT.BIT 912,SELGROS CASH & CARRY SRL,exact,2025-06-16,RON,,250,1497.02,SCORED,HIGH,BLUE-IR-OC-5,234/15.11.2022,final,2022,BSS,SERVICII RECURENTE DE SECURITATE INFORMATICA - On-call Incident Response,ANEXA 2 – SERVICII RECURENTE DE SECURITATE ANEXA 2 – SERVICII RECURENTE DE SECURITATE INFORMATICA On-call Incident Response ACT ADITIONAL NR. 1 din 6.11.2023 CO,25,"org exact; score=88 margin=34 on [contract#, amount~final, desc~0.32]; 1 distinct part# near top","[{""pn"":""BLUE-IR-OC-5"",""score"":88,""on"":[""contract#"",""amount~final"",""desc~0.32""],""ref"":""234/15.11.2022"",""desc"":""SERVICII RECURENTE DE SECURITATE INFORMATICA - On-call Incid""},{""pn"":""CONSULTANCY-MISC-10"",""score"":54,""on"":[""contract#"",""desc~0.17""],""ref"":""234/15.11.2022"",""desc"":""SERVICII RECURENTE DE SECURITATE INFORMATICA - Consultancy S""},{""pn"":""RED-AUDIT-A-20"",""score"":53,""on"":[""contract#""],""ref"":""234/15.11.2022"",""desc"":""SERVICII DE SECURITATE INFORMATICA""}]",
accounting:BT.BIT 913,BT.BIT 913,SELGROS CASH & CARRY SRL,exact,2025-06-16,RON,,500,2994.04,SCORED,HIGH,CONSULTANCY-MISC-10,234/15.11.2022,final,2022,BSS,SERVICII RECURENTE DE SECURITATE INFORMATICA - Consultancy Services,ANEXA 3 – SERVICII RECURENTE DE SECURITATE ANEXA 3 – SERVICII RECURENTE DE SECURITATE INFORMATICA Consultancy Services ACT ADITIONAL NR. 1 din 6.11.2023 CONTRAC,25,"org exact; score=87 margin=33 on [contract#, amount~final, desc~0.29]; 1 distinct part# near top","[{""pn"":""CONSULTANCY-MISC-10"",""score"":87,""on"":[""contract#"",""amount~final"",""desc~0.29""],""ref"":""234/15.11.2022"",""desc"":""SERVICII RECURENTE DE SECURITATE INFORMATICA - Consultancy S""},{""pn"":""BLUE-IR-OC-5"",""score"":54,""on"":[""contract#"",""desc~0.17""],""ref"":""234/15.11.2022"",""desc"":""SERVICII RECURENTE DE SECURITATE INFORMATICA - On-call Incid""},{""pn"":""RED-AUDIT-A-20"",""score"":53,""on"":[""contract#""],""ref"":""234/15.11.2022"",""desc"":""SERVICII DE SECURITATE INFORMATICA""}]",
accounting:BT.BIT 914,BT.BIT 914,"SCA ""ZAMFIRESCU RACOTI VASILE AND PARTNERS """,none,2025-06-16,RON,,1150,6886.29,UNRESOLVED,NONE,,,,,,,"ANEXA 1 – SERVICII RECURENTE DE SECURITATE ANEXA 1 – SERVICII RECURENTE DE SECURITATE INFORMATICA Contract Nr. 284/29.01.2024, (1.150 EURO + TVA la cursul BNR)",0,org not found in tracker,[],
accounting:BT.BIT 915,BT.BIT 915,NESTLERS & PARTNERS SRL,exact,2025-06-16,RON,,500,2994.04,SCORED,HIGH,BLUE-MDR-C-5,Nr. 273/02.10.2023,final,2024,BSS,servicii de MDR,SERVICII CONTRACT 273/02.10.2023 SERVICII CONTRACT 273/02.10.2023 ACT ADITIONAL NR. 1 DIN 19.03.2024 (500 euro+TVA la cursul BNR),3,"org exact; score=82 margin=0 on [contract#, amount~final]; 1 distinct part# near top","[{""pn"":""BLUE-MDR-C-5"",""score"":82,""on"":[""contract#"",""amount~final""],""ref"":""Nr. 273/02.10.2023"",""desc"":""servicii de MDR""},{""pn"":""BLUE-MDR-C-5"",""score"":82,""on"":[""contract#"",""amount~final""],""ref"":""Nr. 273/02.10.2023"",""desc"":""servicii de MDR""},{""pn"":""RED-PEN-B-E-B-5"",""score"":52,""on"":[""contract#""],""ref"":""273/02.10.2023"",""desc"":""servicii de pentest""}]",
accounting:BT.BIT 916,BT.BIT 916,MILLENIUM PRO DESIGN SRL,exact,2025-06-16,RON,,1800,10778.54,SCORED,HIGH,BLUE-MDR-C-12,Act aditional nr. 1 din 21.3.2025 la contractul Nr. 325/15.1.2025,final,2025,BSS,servicii de MDR,Servicii recurente de securitate informatica Servicii recurente de securitate informatica conform Act Aditional nr. 1 din 21.3.2025 la contractul de prestari se,3,"org exact; score=89 margin=30 on [contract#, amount~final, data final (47d)]; 1 distinct part# near top","[{""pn"":""BLUE-MDR-C-12"",""score"":89,""on"":[""contract#"",""amount~final"",""data final (47d)""],""ref"":""Act aditional nr. 1 din 21.3.2025 la con"",""desc"":""servicii de MDR""},{""pn"":""BLUE-IR-5"",""score"":59,""on"":[""contract#"",""data final (115d)""],""ref"":""Nr. 325/15.1.2025"",""desc"":""servicii de investigatie""},{""pn"":""RED-PEN-B-I-B-50"",""score"":59,""on"":[""contract#"",""data final (115d)""],""ref"":""Nr. 325/15.1.2025"",""desc"":""servicii de pentest""}]",
accounting:BT.BIT 917,BT.BIT 917,GRAFTEX PRODCOM SRL,exact,2025-06-16,RON,,1100,6586.89,DETERMINISTIC,HIGH,BLUE-MDR-C-6,Contract cadru de prestari servicii nr. 334 din 31.3.2025,,2025,BSS,servicii de MDR,Servicii recurente de securitate informatica conform Servicii recurente de securitate informatica conform Anexa 1 la Contractul de prestari servicii nr. 334 din,1,org exact; unique part# via contract 334,"[{""pn"":""BLUE-MDR-C-6"",""score"":100,""on"":[""contract#""],""ref"":""Contract cadru de prestari servicii nr. "",""desc"":""servicii de MDR""}]",
accounting:BT.BIT 918,BT.BIT 918,ART & CRAFT DESIGN SRL,exact,2025-06-16,RON,,400,2395.23,DETERMINISTIC,HIGH,BLUE-MDR-C-6,Contract cadru de prestari servicii nr. 335 din 31.3.2025,,2025,BSS,servicii de MDR,Servicii recurente de securitate informatica conform Servicii recurente de securitate informatica conform Anexa 1 la Contractul de prestari servicii nr. 335 din,1,org exact; unique part# via contract 335,"[{""pn"":""BLUE-MDR-C-6"",""score"":100,""on"":[""contract#""],""ref"":""Contract cadru de prestari servicii nr. "",""desc"":""servicii de MDR""}]",
accounting:BT.BIT 919,BT.BIT 919,PRIMONET RO SRL,exact,2025-06-16,RON,,500,2994.04,DETERMINISTIC,HIGH,BLUE-MDR-C-5,332/3.3.2025,,2025,BSS,servicii de MDR,Servicii recurente de securitate informatica Servicii recurente de securitate informatica la Contractul nr. 332/3.3.2025( 500 euro+TVA la cursul BNR),2,org exact; unique part# via contract 332,"[{""pn"":""BLUE-MDR-C-5"",""score"":100,""on"":[""contract#""],""ref"":""332/3.3.2025"",""desc"":""servicii de MDR""},{""pn"":""BLUE-MDR-C-5"",""score"":100,""on"":[""contract#""],""ref"":""332/3.3.2025"",""desc"":""servicii de MDR""}]",
accounting:BT.BIT 920,BT.BIT 920,KEYSIGHT TECHNOLOGIES RO SRL,exact,2025-06-16,RON,,2700,16167.82,SCORED,MEDIUM,KS-MM-RD-2,NO. 5 OF 04.10.2023,final,2023,BSS,RECURRENT INFORMATION SECURITY SERVICES,Penetration testing services for June 2025 Penetration testing services for June 2025 Purchase Order Number 9068003039( 2.700 euro+TVA la cursul BNR),25,"org exact; score=46 margin=30 on [amount~final, data final (5d)]; 1 distinct part# near top","[{""pn"":""KS-MM-RD-2"",""score"":46,""on"":[""amount~final"",""data final (5d)""],""ref"":""NO. 5 OF 04.10.2023"",""desc"":""RECURRENT INFORMATION SECURITY SERVICES""},{""pn"":""KS-MM-RD-2"",""score"":16,""on"":[""data final (23d)""],""ref"":""NO. 5 OF 04.10.2023"",""desc"":""RECURRENT INFORMATION SECURITY SERVICES""},{""pn"":""KS-MM-RD-2"",""score"":9,""on"":[""data final (49d)""],""ref"":""NO. 5 OF 04.10.2023"",""desc"":""RECURRENT INFORMATION SECURITY SERVICES""}]",
accounting:BT.BIT 921,BT.BIT 921,ORANGE ROMANIA SA,exact,2025-06-18,RON,,23900,142953,SCORED,LOW,PHISH-P-L-YY-A-15000,Anexa 4 PO00062656,final,2024,BSS,licenta anuala phish,Servicii de pre audit informatic pentru identificarea Servicii de pre audit informatic pentru identificarea si evaluarea vulnerabilitatilor si riscurilor inform,53,"org exact; score=33 margin=3 on [amount~final, data final (257d)]; 2 distinct part# near top","[{""pn"":""PHISH-P-L-YY-A-15000"",""score"":33,""on"":[""amount~final"",""data final (257d)""],""ref"":""Anexa 4 PO00062656"",""desc"":""licenta anuala phish""},{""pn"":""ORO-TEM-DEV-200"",""score"":30,""on"":[""amount~final""],""ref"":""PO 40352671"",""desc"":""dezv""},{""pn"":""PHISH-P-L-YY-A-15000"",""score"":22,""on"":[""amount~final""],""ref"":""PO 40451579"",""desc"":""licente tem 2021""}]",
accounting:BT.BIT 922,BT.BIT 922,SELGROS CASH & CARRY SRL,exact,2025-06-27,RON,,5500,33194.28,SCORED,MEDIUM,RED-AUDIT-A-20,234/15.11.2022,,2022,BSS,SERVICII DE SECURITATE INFORMATICA,"SERVICII DE SECURITATE INFORMATICA SERVICII DE SECURITATE INFORMATICA Penetration testing, conform ONTRACT DE PRESTARI SERVICII Nr. 234/15.11.2022, ANEXA 1( 11 ",25,org exact; score=53 margin=0 on [contract#]; 5 distinct part# near top,"[{""pn"":""RED-AUDIT-A-20"",""score"":53,""on"":[""contract#""],""ref"":""234/15.11.2022"",""desc"":""SERVICII DE SECURITATE INFORMATICA""},{""pn"":""RED-PEN-B-I-BP-200"",""score"":53,""on"":[""contract#""],""ref"":""234/15.11.2022"",""desc"":""SERVICII DE SECURITATE INFORMATICA""},{""pn"":""BLUE-IR-OC-5"",""score"":53,""on"":[""contract#""],""ref"":""234/15.11.2022"",""desc"":""SERVICII RECURENTE DE SECURITATE INFORMATICA - On-call Incid""}]",
accounting:BT.BIT 923,BT.BIT 923,SELGROS CASH & CARRY SRL,exact,2025-06-27,RON,,1316.25,7944.01,SCORED,MEDIUM,RED-AUDIT-A-20,234/15.11.2022,,2022,BSS,SERVICII DE SECURITATE INFORMATICA,Planificarea SMSI Etapa 1 Planificarea SMSI Etapa 1 Clasificare Active conform Act aditional nr. 3 din 11.3.2025 la Contractul de prestari servicii Nr. 234/15.1,22,org exact; score=51 margin=0 on [contract#]; 5 distinct part# near top,"[{""pn"":""RED-AUDIT-A-20"",""score"":51,""on"":[""contract#""],""ref"":""234/15.11.2022"",""desc"":""SERVICII DE SECURITATE INFORMATICA""},{""pn"":""RED-PEN-B-I-BP-200"",""score"":51,""on"":[""contract#""],""ref"":""234/15.11.2022"",""desc"":""SERVICII DE SECURITATE INFORMATICA""},{""pn"":""BLUE-IR-OC-5"",""score"":51,""on"":[""contract#""],""ref"":""234/15.11.2022"",""desc"":""SERVICII RECURENTE DE SECURITATE INFORMATICA - On-call Incid""}]",
accounting:BT.BIT 924,BT.BIT 924,M247 EUROPE SRL,exact,2025-06-27,RON,,2490,15027.95,SCORED,HIGH,CONSULTANCY-MISC-5,NO. 342/12.5.2025,final,2025,BSS,servicii de consultanta,"Servicii Faza 1 Servicii Faza 1 Conform Anexa 1 la Contractul 342/12.5.2025 ( 2,490 Euro + TVA la cursul BNR)",3,"org exact; score=97 margin=37 on [contract#, amount~final, data final (0d)]; 1 distinct part# near top","[{""pn"":""CONSULTANCY-MISC-5"",""score"":97,""on"":[""contract#"",""amount~final"",""data final (0d)""],""ref"":""NO. 342/12.5.2025"",""desc"":""servicii de consultanta""},{""pn"":""CONSULTANCY-MISC-7"",""score"":60,""on"":[""contract#"",""data final (34d)""],""ref"":""NO. 342/12.5.2025"",""desc"":""servicii de consultanta""},{""pn"":""RED-PEN-B-E-B-15"",""score"":60,""on"":[""contract#"",""data final (34d)""],""ref"":""NO. 342/12.5.2025"",""desc"":""servicii de pentest""}]",
accounting:BT.BIT 925,BT.BIT 925,JAXABLE SRL,exact,2025-06-30,RON,final,10350,62543.19,SCORED,MEDIUM,RED-PEN-B-E-B-17,30.4.2025,final,2025,BSS,servicii de pentest,"SERVICII PUNCTUALE DE SECURITATE INFORMATICA SERVICII PUNCTUALE DE SECURITATE INFORMATICA LA CONTRACTUL NR. 340 DIN 30.4.2025 diferenta de 60%, adica 10,350 EUR",2,"org exact; score=52 margin=43 on [amount~final, data avans (0d)]; 1 distinct part# near top; final","[{""pn"":""RED-PEN-B-E-B-17"",""score"":52,""on"":[""amount~final"",""data avans (0d)""],""ref"":""30.4.2025"",""desc"":""servicii de pentest""},{""pn"":""RED-PEN-B-E-B-17"",""score"":9,""on"":[""data avans (56d)""],""ref"":""30.4.2025"",""desc"":""servicii de pentest""}]",
accounting:BT.BIT 926,BT.BIT 926,ORANGE ROMANIA SA,exact,2025-07-01,RON,,125000,755307.88,SCORED,MEDIUM,CYBEREDU-OP-U-3,PO00124670,final,2025,BSS,CyberEDU - Iasi 36 de luni (UAIC),"Licenta Cyberedu - 3 ani, UNIVERSITATEA ""AL.I. CUZA"" IASI Licenta Cyberedu - 3 ani, UNIVERSITATEA ""AL.I. CUZA"" IASI Bon de comanda nr. PO00124670 ( 125.000 euro",40,"org exact; score=48 margin=33 on [amount~final, data final (1d)]; 1 distinct part# near top","[{""pn"":""CYBEREDU-OP-U-3"",""score"":48,""on"":[""amount~final"",""data final (1d)""],""ref"":""PO00124670"",""desc"":""CyberEDU - Iasi 36 de luni (UAIC)""},{""pn"":""CONSULTANCY-MISC-40"",""score"":15,""on"":[""data final (13d)""],""ref"":""13.06.2025"",""desc"":""servicii de consultanta""},{""pn"":""RED-PEN-B-E-B-25"",""score"":15,""on"":[""data final (13d)""],""ref"":""13.06.2025"",""desc"":""servicii de pentest""}]",
accounting:BT.BIT 927,BT.BIT 927,DONA. LOGISTICA S.A.,exact,2025-07-02,RON,,1673.7,10112.27,DETERMINISTIC,HIGH,BLUE-MDR-C-725,296/6.8.2024,,2024,BSS,servicii de MDR,"SERVICII CONFORM CONTRACT-CADRU DE SERVICII CONFORM CONTRACT-CADRU DE PRESTARI SERVICII NR. 296 / 06.08.2024 (1.673,70 euro+TVA la cursul BNR)",2,org exact; unique part# via contract 296,"[{""pn"":""BLUE-MDR-C-725"",""score"":100,""on"":[""contract#""],""ref"":""296/6.8.2024"",""desc"":""servicii de MDR""},{""pn"":""BLUE-MDR-C-725"",""score"":100,""on"":[""contract#""],""ref"":""ACT ADITIONAL NR. 2 DIN 3.9.2025 la cont"",""desc"":""servicii de MDR""}]",
accounting:BT.BIT 928,BT.BIT 928,DONA. LOGISTICA S.A.,exact,2025-07-02,RON,,1673.7,10112.27,DETERMINISTIC,HIGH,BLUE-MDR-C-725,296/6.8.2024,,2024,BSS,servicii de MDR,"SERVICII CONFORM CONTRACT-CADRU DE SERVICII CONFORM CONTRACT-CADRU DE PRESTARI SERVICII NR. 296 / 06.08.2024 (1.673,70 euro+TVA la cursul BNR)",2,org exact; unique part# via contract 296,"[{""pn"":""BLUE-MDR-C-725"",""score"":100,""on"":[""contract#""],""ref"":""296/6.8.2024"",""desc"":""servicii de MDR""},{""pn"":""BLUE-MDR-C-725"",""score"":100,""on"":[""contract#""],""ref"":""ACT ADITIONAL NR. 2 DIN 3.9.2025 la cont"",""desc"":""servicii de MDR""}]",
accounting:BT.BIT 929,BT.BIT 929,DONA. CARGO S.R.L.,exact,2025-07-02,RON,,478.2,2889.22,SCORED,LOW,RED-NIS-C-PEN-300,264/04.05.2023,,2023,BSS,servicii de audit + pentest nis,"SERVICII CONFORM CONTRACT NR. 296 / 06.08.2024 SERVICII CONFORM CONTRACT NR. 296 / 06.08.2024 478,20 euro+TVA la cursul BNR)",2,org exact; score=2 margin=0 on []; 2 distinct part# near top,"[{""pn"":""RED-NIS-C-PEN-300"",""score"":2,""on"":[],""ref"":""264/04.05.2023"",""desc"":""servicii de audit + pentest nis""},{""pn"":""RED-NIS-C-AUDIT-300"",""score"":2,""on"":[],""ref"":""264/04.05.2023"",""desc"":""servicii de audit + pentest nis""}]",
accounting:BT.BIT 930,BT.BIT 930,DONA MARKETING GRUP SRL,none,2025-07-02,RON,,717.3,4333.84,UNRESOLVED,NONE,,,,,,,"SERVICII CONFORM CONTRACT NR. 296 / 06.08.2024 SERVICII CONFORM CONTRACT NR. 296 / 06.08.2024 717,30 euro+TVA la cursul BNR",0,org not found in tracker,[],
accounting:BT.BIT 931,BT.BIT 931,SANVERO HEALTHCARE S.R.L.,none,2025-07-02,RON,,239.1,1444.61,UNRESOLVED,NONE,,,,,,,"SERVICII CONTRACT-CADRU DE PRESTARI SERVICII SERVICII CONTRACT-CADRU DE PRESTARI SERVICII NR. 296 / 06.08.2024( 239,10 euro+TVA la cursul BNR)",0,org not found in tracker,[],
accounting:BT.BIT 932,BT.BIT 932,SILKWEB S.A.,exact,2025-07-02,RON,,625,3776.17,DETERMINISTIC,HIGH,RED-PEN-S-G-1,195/29.06.2021,,2021,BSS,pentest web app greybox,SERVICII ACT ADITIONAL NR. 7 DIN 25.3.2025 SERVICII ACT ADITIONAL NR. 7 DIN 25.3.2025 Contract Nr. 195/29.06.2021 (625 euro + tva la cursul BNR),1,org exact; unique part# via contract 195,"[{""pn"":""RED-PEN-S-G-1"",""score"":100,""on"":[""contract#""],""ref"":""195/29.06.2021"",""desc"":""pentest web app greybox""}]",
accounting:BT.BIT 933,BT.BIT 933,SILKWEB S.A.,exact,2025-07-02,RON,,1350,8156.52,DETERMINISTIC,HIGH,RED-PEN-S-G-1,195/29.06.2021,,2021,BSS,pentest web app greybox,SERVICII ACT ADITIONAL NR. 8 DIN 25.03.2025 SERVICII ACT ADITIONAL NR. 8 DIN 25.03.2025 CONTRACT DE PRESTARI SERVICII Nr. 195/29.06.2021( 1350 euro + tva la cur,1,org exact; unique part# via contract 195,"[{""pn"":""RED-PEN-S-G-1"",""score"":100,""on"":[""contract#""],""ref"":""195/29.06.2021"",""desc"":""pentest web app greybox""}]",
accounting:BT.BIT 934,BT.BIT 934,UNITED MEDIA SERVICES SRL,exact,2025-07-02,RON,,350,2114.65,DETERMINISTIC,HIGH,RED-PEN-B-I-BP-50,177/08.12.2020,,2020,BSS,SERVICII DE SECURITATE INFORMATICA,SERVICII ACT ADITIONAL NR. 1 DIN 03.11.2021 CONTRACT SERVICII ACT ADITIONAL NR. 1 DIN 03.11.2021 CONTRACT DE PRESTARI SERVICII Nr. 177/08.12.2020 (350 Euro+TVA ,1,org exact; unique part# via contract 177,"[{""pn"":""RED-PEN-B-I-BP-50"",""score"":100,""on"":[""contract#""],""ref"":""177/08.12.2020"",""desc"":""SERVICII DE SECURITATE INFORMATICA""}]",
accounting:BT.BIT 935,BT.BIT 935,KEYSIGHT TECHNOLOGIES RO SRL,exact,2025-07-02,RON,,6900,41688.89,SCORED,MEDIUM,KS-MM-RD-2,NO. 5 OF 04.10.2023,final,2023,BSS,RECURRENT INFORMATION SECURITY SERVICES,Penetration testing services for Iulie 2025 Penetration testing services for Iulie 2025 Purchase Order Number 9068003039( 6900 euro + tva la cursul BNR),25,"org exact; score=46 margin=0 on [amount~final, data final (7d)]; 1 distinct part# near top","[{""pn"":""KS-MM-RD-2"",""score"":46,""on"":[""amount~final"",""data final (7d)""],""ref"":""NO. 5 OF 04.10.2023"",""desc"":""RECURRENT INFORMATION SECURITY SERVICES""},{""pn"":""KS-MM-RD-2"",""score"":46,""on"":[""amount~total"",""data est. close (31d)""],""ref"":""NO. 5 OF 04.10.2023"",""desc"":""RECURRENT INFORMATION SECURITY SERVICES""},{""pn"":""KS-MM-RD-2"",""score"":16,""on"":[""amount~final"",""data final (303d)""],""ref"":""NO. 5 OF 04.10.2023"",""desc"":""RECURRENT INFORMATION SECURITY SERVICES""}]",
accounting:BT.BIT 936,BT.BIT 936,ORANGE ROMANIA SA,exact,2025-07-02,RON,,1875,11328.5,SCORED,MEDIUM,ORO-TEM-SUPPORT-50-12,PO 00025528,final,2023,BSS,tem support,Servicii suport TEM Servicii suport TEM PO00112619 ( 1875 euro + tva la cursul BNR),61,org exact; score=32 margin=15 on [amount~final]; 1 distinct part# near top,"[{""pn"":""ORO-TEM-SUPPORT-50-12"",""score"":32,""on"":[""amount~final""],""ref"":""PO 00025528"",""desc"":""tem support""},{""pn"":""CONSULTANCY-MISC-40"",""score"":17,""on"":[""data final (14d)""],""ref"":""13.06.2025"",""desc"":""servicii de consultanta""},{""pn"":""RED-PEN-B-E-B-25"",""score"":17,""on"":[""data final (14d)""],""ref"":""13.06.2025"",""desc"":""servicii de pentest""}]",
accounting:BT.BIT 937,BT.BIT 937,SELGROS CASH & CARRY SRL,exact,2025-07-02,RON,,250,1510.47,SCORED,HIGH,BLUE-IR-OC-5,234/15.11.2022,final,2022,BSS,SERVICII RECURENTE DE SECURITATE INFORMATICA - On-call Incident Response,ANEXA 2 – SERVICII RECURENTE DE SECURITATE ANEXA 2 – SERVICII RECURENTE DE SECURITATE INFORMATICA On-call Incident Response ACT ADITIONAL NR. 1 din 6.11.2023 CO,25,"org exact; score=88 margin=34 on [contract#, amount~final, desc~0.32]; 1 distinct part# near top","[{""pn"":""BLUE-IR-OC-5"",""score"":88,""on"":[""contract#"",""amount~final"",""desc~0.32""],""ref"":""234/15.11.2022"",""desc"":""SERVICII RECURENTE DE SECURITATE INFORMATICA - On-call Incid""},{""pn"":""CONSULTANCY-MISC-10"",""score"":54,""on"":[""contract#"",""desc~0.17""],""ref"":""234/15.11.2022"",""desc"":""SERVICII RECURENTE DE SECURITATE INFORMATICA - Consultancy S""},{""pn"":""RED-AUDIT-A-20"",""score"":53,""on"":[""contract#""],""ref"":""234/15.11.2022"",""desc"":""SERVICII DE SECURITATE INFORMATICA""}]",
accounting:BT.BIT 938,BT.BIT 938,SELGROS CASH & CARRY SRL,exact,2025-07-02,RON,,500,3020.93,SCORED,HIGH,CONSULTANCY-MISC-10,234/15.11.2022,final,2022,BSS,SERVICII RECURENTE DE SECURITATE INFORMATICA - Consultancy Services,ANEXA 3 – SERVICII RECURENTE DE SECURITATE ANEXA 3 – SERVICII RECURENTE DE SECURITATE INFORMATICA Consultancy Services ACT ADITIONAL NR. 1 din 6.11.2023 CONTRAC,25,"org exact; score=87 margin=33 on [contract#, amount~final, desc~0.29]; 1 distinct part# near top","[{""pn"":""CONSULTANCY-MISC-10"",""score"":87,""on"":[""contract#"",""amount~final"",""desc~0.29""],""ref"":""234/15.11.2022"",""desc"":""SERVICII RECURENTE DE SECURITATE INFORMATICA - Consultancy S""},{""pn"":""BLUE-IR-OC-5"",""score"":54,""on"":[""contract#"",""desc~0.17""],""ref"":""234/15.11.2022"",""desc"":""SERVICII RECURENTE DE SECURITATE INFORMATICA - On-call Incid""},{""pn"":""RED-AUDIT-A-20"",""score"":53,""on"":[""contract#""],""ref"":""234/15.11.2022"",""desc"":""SERVICII DE SECURITATE INFORMATICA""}]",
accounting:BT.BIT 939,BT.BIT 939,"SCA ""ZAMFIRESCU RACOTI VASILE AND PARTNERS """,none,2025-07-02,RON,,1150,6948.15,UNRESOLVED,NONE,,,,,,,"ANEXA 1 – SERVICII RECURENTE DE SECURITATE ANEXA 1 – SERVICII RECURENTE DE SECURITATE INFORMATICA Contract Nr. 284/29.01.2024, (1.150 EURO + TVA la cursul BNR)",0,org not found in tracker,[],
accounting:BT.BIT 940,BT.BIT 940,NESTLERS & PARTNERS SRL,exact,2025-07-02,RON,,500,3020.93,SCORED,HIGH,BLUE-MDR-C-5,Nr. 273/02.10.2023,final,2024,BSS,servicii de MDR,SERVICII CONTRACT 273/02.10.2023 SERVICII CONTRACT 273/02.10.2023 ACT ADITIONAL NR. 1 DIN 19.03.2024 (500 euro+TVA la cursul BNR),3,"org exact; score=82 margin=0 on [contract#, amount~final]; 1 distinct part# near top","[{""pn"":""BLUE-MDR-C-5"",""score"":82,""on"":[""contract#"",""amount~final""],""ref"":""Nr. 273/02.10.2023"",""desc"":""servicii de MDR""},{""pn"":""BLUE-MDR-C-5"",""score"":82,""on"":[""contract#"",""amount~final""],""ref"":""Nr. 273/02.10.2023"",""desc"":""servicii de MDR""},{""pn"":""RED-PEN-B-E-B-5"",""score"":52,""on"":[""contract#""],""ref"":""273/02.10.2023"",""desc"":""servicii de pentest""}]",
accounting:BT.BIT 941,BT.BIT 941,MILLENIUM PRO DESIGN SRL,exact,2025-07-02,RON,,1800,10875.36,SCORED,HIGH,BLUE-MDR-C-12,Act aditional nr. 1 din 21.3.2025 la contractul Nr. 325/15.1.2025,final,2025,BSS,servicii de MDR,Servicii recurente de securitate informatica Servicii recurente de securitate informatica conform Act Aditional nr. 1 din 21.3.2025 la contractul de prestari se,3,"org exact; score=89 margin=35 on [contract#, amount~final, data final (63d)]; 1 distinct part# near top","[{""pn"":""BLUE-MDR-C-12"",""score"":89,""on"":[""contract#"",""amount~final"",""data final (63d)""],""ref"":""Act aditional nr. 1 din 21.3.2025 la con"",""desc"":""servicii de MDR""},{""pn"":""BLUE-IR-5"",""score"":54,""on"":[""contract#"",""data avans (160d)""],""ref"":""Nr. 325/15.1.2025"",""desc"":""servicii de investigatie""},{""pn"":""RED-PEN-B-I-B-50"",""score"":54,""on"":[""contract#"",""data avans (160d)""],""ref"":""Nr. 325/15.1.2025"",""desc"":""servicii de pentest""}]",
accounting:BT.BIT 942,BT.BIT 942,GRAFTEX PRODCOM SRL,exact,2025-07-02,RON,,1309,6646.05,SCORED,LOW,BLUE-MDR-C-6,Contract cadru de prestari servicii nr. 334 din 31.3.2025,,2025,BSS,servicii de MDR,Servicii recurente de securitate informatica conform Servicii recurente de securitate informatica conform,1,org exact; score=12 margin=12 on [data final (63d)]; 1 distinct part# near top,"[{""pn"":""BLUE-MDR-C-6"",""score"":12,""on"":[""data final (63d)""],""ref"":""Contract cadru de prestari servicii nr. "",""desc"":""servicii de MDR""}]",
accounting:BT.BIT 943,BT.BIT 943,ART & CRAFT DESIGN SRL,exact,2025-07-02,RON,,400,2416.75,DETERMINISTIC,HIGH,BLUE-MDR-C-6,Contract cadru de prestari servicii nr. 335 din 31.3.2025,,2025,BSS,servicii de MDR,Servicii recurente de securitate informatica conform Servicii recurente de securitate informatica conform Anexa 1 la Contractul de prestari servicii nr. 335 din,1,org exact; unique part# via contract 335,"[{""pn"":""BLUE-MDR-C-6"",""score"":100,""on"":[""contract#""],""ref"":""Contract cadru de prestari servicii nr. "",""desc"":""servicii de MDR""}]",
accounting:BT.BIT 944,BT.BIT 944,PRIMONET RO SRL,exact,2025-07-02,RON,,500,3020.93,DETERMINISTIC,HIGH,BLUE-MDR-C-5,332/3.3.2025,,2025,BSS,servicii de MDR,Servicii recurente de securitate informatica Servicii recurente de securitate informatica la Contractul nr. 332/3.3.2025( 500 euro+TVA la cursul BNR),2,org exact; unique part# via contract 332,"[{""pn"":""BLUE-MDR-C-5"",""score"":100,""on"":[""contract#""],""ref"":""332/3.3.2025"",""desc"":""servicii de MDR""},{""pn"":""BLUE-MDR-C-5"",""score"":100,""on"":[""contract#""],""ref"":""332/3.3.2025"",""desc"":""servicii de MDR""}]",
accounting:BT.BIT 945,BT.BIT 945,ORANGE ROMANIA SA,exact,2025-07-02,RON,,2333,14095.68,SCORED,LOW,CONSULTANCY-MISC-40,13.06.2025,,2025,BSS,servicii de consultanta,"Conform: PO PO00120051 24/7 Incident Notification Hotline, Conform: PO PO00120051 24/7 Incident Notification Hotline, Incident Response Readiness Assessment, Tr",47,org exact; score=17 margin=0 on [data final (14d)]; 13 distinct part# near top,"[{""pn"":""CONSULTANCY-MISC-40"",""score"":17,""on"":[""data final (14d)""],""ref"":""13.06.2025"",""desc"":""servicii de consultanta""},{""pn"":""BLUE-IR-OC-6"",""score"":17,""on"":[""data final (8d)""],""ref"":""13.06.2025"",""desc"":""IR incident response services retainer""},{""pn"":""BLUE-IR-OC-6"",""score"":17,""on"":[""data final (29d)""],""ref"":""27.05.2025"",""desc"":""IR incident response services retainer""}]",
accounting:BT.BIT 946,BT.BIT 946,ELIT SRL,exact,2025-07-07,RON,,9170,55216.24,SCORED,MEDIUM,RED-PEN-B-E-B-16,331/26.2.2025 (1215),final,2025,BSS,servicii de pentest,"Servicii punctuale de securitate informatica Servicii punctuale de securitate informatica conform Anexa 1 la Contractul nr. 1215/23.06.2025 ( 9,170 EURO + TVA l",1,"org exact; score=46 margin=46 on [amount~final, data final (0d)]; 1 distinct part# near top","[{""pn"":""RED-PEN-B-E-B-16"",""score"":46,""on"":[""amount~final"",""data final (0d)""],""ref"":""331/26.2.2025 (1215)"",""desc"":""servicii de pentest""}]",
accounting:BT.BIT 947,BT.BIT 947,FLASHNET S.A.,exact,2025-07-17,RON,,4900,29576,SCORED,MEDIUM,RED-NIS-C-PEN-10,NR. 312/8.10.2024,final,2024,BSS,servicii de pentest nis,"SERVICII CONFORM CONTRACT PENTRU PRESTAREA DE SERVICII SERVICII CONFORM CONTRACT PENTRU PRESTAREA DE SERVICII DE TESTE DE PENETRARE \\_NR. 317/30.10.2024, ETAPA",4,"org exact; score=46 margin=7 on [amount~final, data final (0d)]; 1 distinct part# near top","[{""pn"":""RED-NIS-C-PEN-10"",""score"":46,""on"":[""amount~final"",""data final (0d)""],""ref"":""NR. 312/8.10.2024"",""desc"":""servicii de pentest nis""},{""pn"":""RED-NIS-C-PEN-10"",""score"":39,""on"":[""amount~total"",""data final (80d)""],""ref"":""NR. 312/8.10.2024"",""desc"":""servicii de pentest nis""},{""pn"":""RED-NIS-C-PEN-10"",""score"":16,""on"":[""amount~final"",""data avans (226d)""],""ref"":""NR. 312/8.10.2024"",""desc"":""servicii de pentest nis""}]",
accounting:BT.BIT 948,BT.BIT 948,ORANGE ROMANIA SA,exact,2025-07-21,RON,,1500,9056.38,SCORED,LOW,ORO-TEM-SUPPORT-50-12,PO 00025528,final,2023,BSS,tem support,"Servicii Incident Response Advance, UP ROMANIA Servicii Incident Response Advance, UP ROMANIA PO00124685 ( 1.500 euro+TVA la cursul BNR)",39,org exact; score=22 margin=3 on [amount~final]; 4 distinct part# near top,"[{""pn"":""ORO-TEM-SUPPORT-50-12"",""score"":22,""on"":[""amount~final""],""ref"":""PO 00025528"",""desc"":""tem support""},{""pn"":""BLUE-IR-OC-6"",""score"":19,""on"":[""data final (11d)""],""ref"":""13.06.2025"",""desc"":""IR incident response services retainer""},{""pn"":""BLUE-IR-OC-6"",""score"":16,""on"":[""amount~avans""],""ref"":""09.05.2024"",""desc"":""IR incident response services retainer""}]",
accounting:BT.BIT 949,BT.BIT 949,VALORIS CENTER SRL,exact,2025-07-23,RON,,2500,15084.74,DETERMINISTIC,HIGH,RED-VA-I-S-25,188/20.04.2021,,2021,BSS,VA,SERVICII CONFORM ACT ADITIONAL NR. 4 SERVICII CONFORM ACT ADITIONAL NR. 4 DIN 21.07.2025 LA CONTRACTUL 188/20.04.2021(2.500 euro+TVA la cursul BNR),1,org exact; unique part# via contract 188,"[{""pn"":""RED-VA-I-S-25"",""score"":100,""on"":[""contract#""],""ref"":""188/20.04.2021"",""desc"":""VA""}]",
accounting:BT.BIT 950,BT.BIT 950,UNITED MEDIA SERVICES SRL,exact,2025-07-23,RON,,4550,27454.23,SCORED,HIGH,RED-VA-I-S-100,CONTRACT-CADRU DE PRESTARI SERVICII NR. 346/7.7.2025,final,2025,BSS,VA,Servicii conform ANEXA 1 – SERVICII PUNCTUALE DE SECURITATE Servicii conform ANEXA 1 – SERVICII PUNCTUALE DE SECURITATE INFORMATICA LA CONTRACTUL CU NR 346/7.7.,6,"org exact; score=95 margin=18 on [contract#, amount~final, data final (0d)]; 1 distinct part# near top","[{""pn"":""RED-VA-I-S-100"",""score"":95,""on"":[""contract#"",""amount~final"",""data final (0d)""],""ref"":""CONTRACT-CADRU DE PRESTARI SERVICII NR. "",""desc"":""VA""},{""pn"":""PHISH-T-FM-FM-100-12"",""score"":77,""on"":[""contract#"",""amount~final"",""data final (0d)""],""ref"":""CONTRACT-CADRU DE PRESTARI SERVICII NR. "",""desc"":""Phish Enterprise - Training anual si 1 campanie phish trimes""},{""pn"":""BLUE-MDR-C-119"",""score"":66,""on"":[""contract#"",""data final (12d)""],""ref"":""CONTRACT-CADRU DE PRESTARI SERVICII NR. "",""desc"":""Servicii de monitorizare MDR""}]",
accounting:BT.BIT 951,BT.BIT 951,UNITED MEDIA SERVICES SRL,exact,2025-07-23,RON,,6000,36203.37,SCORED,HIGH,PHISH-T-FM-FM-100-12,CONTRACT-CADRU DE PRESTARI SERVICII NR. 346/7.7.2025,final,2025,BSS,Phish Enterprise - Training anual si 1 campanie phish trimestriala (template existent),Servicii PHISH ENTERPRISE conform FORMULAR DE COMANDA Nr. 1 Servicii PHISH ENTERPRISE conform FORMULAR DE COMANDA Nr. 1 Anexa la Contract Nr. 346/7.7.2025CONTRA,6,"org exact; score=97 margin=31 on [contract#, amount~final, data final (0d)]; 1 distinct part# near top","[{""pn"":""PHISH-T-FM-FM-100-12"",""score"":97,""on"":[""contract#"",""amount~final"",""data final (0d)""],""ref"":""CONTRACT-CADRU DE PRESTARI SERVICII NR. "",""desc"":""Phish Enterprise - Training anual si 1 campanie phish trimes""},{""pn"":""BLUE-MDR-C-119"",""score"":66,""on"":[""contract#"",""data final (12d)""],""ref"":""CONTRACT-CADRU DE PRESTARI SERVICII NR. "",""desc"":""Servicii de monitorizare MDR""},{""pn"":""RED-VA-I-S-100"",""score"":65,""on"":[""contract#"",""data final (0d)""],""ref"":""CONTRACT-CADRU DE PRESTARI SERVICII NR. "",""desc"":""VA""}]",
accounting:BT.BIT 952,BT.BIT 952,M247 EUROPE SRL,exact,2025-07-31,RON,,3735,22565.49,SCORED,HIGH,CONSULTANCY-MISC-7,NO. 342/12.5.2025,final,2025,BSS,servicii de consultanta,"Servicii Faza 2 Conform Anexa 1 la Contractul 342/12.5.2025 Servicii Faza 2 Conform Anexa 1 la Contractul 342/12.5.2025 3,735 EURO + TVA la cursul BNR",3,"org exact; score=97 margin=30 on [contract#, amount~final, data final (0d)]; 1 distinct part# near top","[{""pn"":""CONSULTANCY-MISC-7"",""score"":97,""on"":[""contract#"",""amount~final"",""data final (0d)""],""ref"":""NO. 342/12.5.2025"",""desc"":""servicii de consultanta""},{""pn"":""RED-PEN-B-E-B-15"",""score"":67,""on"":[""contract#"",""data final (0d)""],""ref"":""NO. 342/12.5.2025"",""desc"":""servicii de pentest""},{""pn"":""CONSULTANCY-MISC-5"",""score"":60,""on"":[""contract#"",""data final (34d)""],""ref"":""NO. 342/12.5.2025"",""desc"":""servicii de consultanta""}]",
accounting:BT.BIT 953,BT.BIT 953,M247 EUROPE SRL,exact,2025-07-31,RON,,7175,43348.7,SCORED,HIGH,RED-PEN-B-E-B-15,NO. 342/12.5.2025,final,2025,BSS,servicii de pentest,"Servicii Conform Anexa 1 Servicii Conform Anexa 1 (50% din serviciile de penetration testing) la Contractul 342/12.5.2025 ( 7,175 EURO + TVA la cursul BNR)",3,"org exact; score=96 margin=30 on [contract#, amount~final, data final (0d)]; 1 distinct part# near top","[{""pn"":""RED-PEN-B-E-B-15"",""score"":96,""on"":[""contract#"",""amount~final"",""data final (0d)""],""ref"":""NO. 342/12.5.2025"",""desc"":""servicii de pentest""},{""pn"":""CONSULTANCY-MISC-7"",""score"":66,""on"":[""contract#"",""data final (0d)""],""ref"":""NO. 342/12.5.2025"",""desc"":""servicii de consultanta""},{""pn"":""CONSULTANCY-MISC-5"",""score"":59,""on"":[""contract#"",""data final (34d)""],""ref"":""NO. 342/12.5.2025"",""desc"":""servicii de consultanta""}]",
accounting:BT.BIT 954,BT.BIT 954,SELGROS CASH & CARRY SRL,exact,2025-07-31,RON,,2531.25,15292.88,SCORED,MEDIUM,RED-AUDIT-A-20,234/15.11.2022,,2022,BSS,SERVICII DE SECURITATE INFORMATICA,Planificarea SMSI Etapa 2 Planificarea SMSI Etapa 2 Analiza riscurilor conform Act aditional nr. 3 din 11.3.2025 la Contractul de prestari servicii Nr. 234/15.1,22,org exact; score=51 margin=0 on [contract#]; 5 distinct part# near top,"[{""pn"":""RED-AUDIT-A-20"",""score"":51,""on"":[""contract#""],""ref"":""234/15.11.2022"",""desc"":""SERVICII DE SECURITATE INFORMATICA""},{""pn"":""RED-PEN-B-I-BP-200"",""score"":51,""on"":[""contract#""],""ref"":""234/15.11.2022"",""desc"":""SERVICII DE SECURITATE INFORMATICA""},{""pn"":""BLUE-IR-OC-5"",""score"":51,""on"":[""contract#""],""ref"":""234/15.11.2022"",""desc"":""SERVICII RECURENTE DE SECURITATE INFORMATICA - On-call Incid""}]",
accounting:BT.BIT 955,BT.BIT 955,DONA. LOGISTICA S.A.,exact,2025-08-04,RON,,1673.7,10281.82,DETERMINISTIC,HIGH,BLUE-MDR-C-725,296/6.8.2024,,2024,BSS,servicii de MDR,"SERVICII CONFORM CONTRACT-CADRU DE SERVICII CONFORM CONTRACT-CADRU DE PRESTARI SERVICII NR. 296 / 06.08.2024 (1.673,70 euro+TVA la cursul BNR)",2,org exact; unique part# via contract 296,"[{""pn"":""BLUE-MDR-C-725"",""score"":100,""on"":[""contract#""],""ref"":""296/6.8.2024"",""desc"":""servicii de MDR""},{""pn"":""BLUE-MDR-C-725"",""score"":100,""on"":[""contract#""],""ref"":""ACT ADITIONAL NR. 2 DIN 3.9.2025 la cont"",""desc"":""servicii de MDR""}]",
accounting:BT.BIT 956,BT.BIT 956,DONA. LOGISTICA S.A.,exact,2025-08-04,RON,,1673.7,10281.82,DETERMINISTIC,HIGH,BLUE-MDR-C-725,296/6.8.2024,,2024,BSS,servicii de MDR,"SERVICII CONFORM CONTRACT-CADRU DE SERVICII CONFORM CONTRACT-CADRU DE PRESTARI SERVICII NR. 296 / 06.08.2024 (1.673,70 euro+TVA la cursul BNR)",2,org exact; unique part# via contract 296,"[{""pn"":""BLUE-MDR-C-725"",""score"":100,""on"":[""contract#""],""ref"":""296/6.8.2024"",""desc"":""servicii de MDR""},{""pn"":""BLUE-MDR-C-725"",""score"":100,""on"":[""contract#""],""ref"":""ACT ADITIONAL NR. 2 DIN 3.9.2025 la cont"",""desc"":""servicii de MDR""}]",
accounting:BT.BIT 957,BT.BIT 957,DONA. CARGO S.R.L.,exact,2025-08-04,RON,,478.2,2937.66,SCORED,LOW,RED-NIS-C-PEN-300,264/04.05.2023,,2023,BSS,servicii de audit + pentest nis,"SERVICII CONFORM CONTRACT NR. 296 / 06.08.2024 SERVICII CONFORM CONTRACT NR. 296 / 06.08.2024 478,20 euro+TVA la cursul BNR)",2,org exact; score=2 margin=0 on []; 2 distinct part# near top,"[{""pn"":""RED-NIS-C-PEN-300"",""score"":2,""on"":[],""ref"":""264/04.05.2023"",""desc"":""servicii de audit + pentest nis""},{""pn"":""RED-NIS-C-AUDIT-300"",""score"":2,""on"":[],""ref"":""264/04.05.2023"",""desc"":""servicii de audit + pentest nis""}]",
accounting:BT.BIT 958,BT.BIT 958,DONA MARKETING GRUP SRL,none,2025-08-04,RON,,717.3,4406.49,UNRESOLVED,NONE,,,,,,,"SERVICII CONFORM CONTRACT NR. 296 / 06.08.2024 SERVICII CONFORM CONTRACT NR. 296 / 06.08.2024 717,30 euro+TVA la cursul BNR",0,org not found in tracker,[],
accounting:BT.BIT 959,BT.BIT 959,SANVERO HEALTHCARE S.R.L.,none,2025-08-04,RON,,239.1,1468.83,UNRESOLVED,NONE,,,,,,,"SERVICII CONTRACT-CADRU DE PRESTARI SERVICII SERVICII CONTRACT-CADRU DE PRESTARI SERVICII NR. 296 / 06.08.2024( 239,10 euro+TVA la cursul BNR)",0,org not found in tracker,[],
accounting:BT.BIT 960,BT.BIT 960,SILKWEB S.A.,exact,2025-08-04,RON,,625,3839.49,DETERMINISTIC,HIGH,RED-PEN-S-G-1,195/29.06.2021,,2021,BSS,pentest web app greybox,SERVICII ACT ADITIONAL NR. 7 DIN 25.3.2025 SERVICII ACT ADITIONAL NR. 7 DIN 25.3.2025 Contract Nr. 195/29.06.2021 (625 euro + tva la cursul BNR),1,org exact; unique part# via contract 195,"[{""pn"":""RED-PEN-S-G-1"",""score"":100,""on"":[""contract#""],""ref"":""195/29.06.2021"",""desc"":""pentest web app greybox""}]",
accounting:BT.BIT 961,BT.BIT 961,SILKWEB S.A.,exact,2025-08-04,RON,,1350,8293.28,DETERMINISTIC,HIGH,RED-PEN-S-G-1,195/29.06.2021,,2021,BSS,pentest web app greybox,SERVICII ACT ADITIONAL NR. 8 DIN 25.03.2025 SERVICII ACT ADITIONAL NR. 8 DIN 25.03.2025 CONTRACT DE PRESTARI SERVICII Nr. 195/29.06.2021( 1350 euro + tva la cur,1,org exact; unique part# via contract 195,"[{""pn"":""RED-PEN-S-G-1"",""score"":100,""on"":[""contract#""],""ref"":""195/29.06.2021"",""desc"":""pentest web app greybox""}]",
accounting:BT.BIT 962,BT.BIT 962,UNITED MEDIA SERVICES SRL,exact,2025-08-04,RON,,1250,7678.96,SCORED,HIGH,BLUE-MDR-C-119,CONTRACT-CADRU DE PRESTARI SERVICII NR. 346/7.7.2025,final,2025,BSS,Servicii de monitorizare MDR,SERVICII CONTRACT DE PRESTARI SERVICII NR. 346/7.7.2025 SERVICII CONTRACT DE PRESTARI SERVICII NR. 346/7.7.2025 1.250 euro+TVA la cursul BNR),6,"org exact; score=97 margin=32 on [contract#, amount~final, data final (0d)]; 1 distinct part# near top","[{""pn"":""BLUE-MDR-C-119"",""score"":97,""on"":[""contract#"",""amount~final"",""data final (0d)""],""ref"":""CONTRACT-CADRU DE PRESTARI SERVICII NR. "",""desc"":""Servicii de monitorizare MDR""},{""pn"":""RED-VA-I-S-100"",""score"":65,""on"":[""contract#"",""data final (12d)""],""ref"":""CONTRACT-CADRU DE PRESTARI SERVICII NR. "",""desc"":""VA""},{""pn"":""PHISH-T-FM-FM-100-12"",""score"":65,""on"":[""contract#"",""data final (12d)""],""ref"":""CONTRACT-CADRU DE PRESTARI SERVICII NR. "",""desc"":""Phish Enterprise - Training anual si 1 campanie phish trimes""}]",
accounting:BT.BIT 963,BT.BIT 963,KEYSIGHT TECHNOLOGIES RO SRL,exact,2025-08-04,RON,,6000,36859.02,SCORED,MEDIUM,KS-MM-RD-2,NO. 5 OF 04.10.2023,final,2023,BSS,RECURRENT INFORMATION SECURITY SERVICES,Penetration testing services for August 2025 Penetration testing services for August 2025 Purchase Order Number 9068003039 ( 6.000 euro+TVA la cursul BNR),25,"org exact; score=46 margin=30 on [amount~final, data final (0d)]; 1 distinct part# near top","[{""pn"":""KS-MM-RD-2"",""score"":46,""on"":[""amount~final"",""data final (0d)""],""ref"":""NO. 5 OF 04.10.2023"",""desc"":""RECURRENT INFORMATION SECURITY SERVICES""},{""pn"":""KS-MM-RD-2"",""score"":16,""on"":[""data final (26d)""],""ref"":""NO. 5 OF 04.10.2023"",""desc"":""RECURRENT INFORMATION SECURITY SERVICES""},{""pn"":""KS-MM-RD-2"",""score"":9,""on"":[""data final (54d)""],""ref"":""NO. 5 OF 04.10.2023"",""desc"":""RECURRENT INFORMATION SECURITY SERVICES""}]",
accounting:BT.BIT 964,BT.BIT 964,ORANGE ROMANIA SA,exact,2025-08-04,RON,,1875,11518.45,SCORED,MEDIUM,ORO-TEM-SUPPORT-50-12,PO 00025528,final,2023,BSS,tem support,Servicii suport TEM L2/L3 Data de livrare: 31-07-2025 Servicii suport TEM L2/L3 Data de livrare: 31-07-2025 PO00112619 ( 1.875 euro+TVA la cursul BNR),63,org exact; score=32 margin=17 on [amount~final]; 1 distinct part# near top,"[{""pn"":""ORO-TEM-SUPPORT-50-12"",""score"":32,""on"":[""amount~final""],""ref"":""PO 00025528"",""desc"":""tem support""},{""pn"":""CYBEREDU-OP-U-3"",""score"":15,""on"":[""data est. close (30d)""],""ref"":""PO00124670"",""desc"":""CyberEDU - Iasi 36 de luni (UAIC)""},{""pn"":""BLUE-IR-OC-6"",""score"":15,""on"":[""data final (25d)""],""ref"":""13.06.2025"",""desc"":""IR incident response services retainer""}]",
accounting:BT.BIT 965,BT.BIT 965,SELGROS CASH & CARRY SRL,exact,2025-08-04,RON,,250,1535.79,SCORED,HIGH,BLUE-IR-OC-5,234/15.11.2022,final,2022,BSS,SERVICII RECURENTE DE SECURITATE INFORMATICA - On-call Incident Response,ANEXA 2 – SERVICII RECURENTE DE SECURITATE ANEXA 2 – SERVICII RECURENTE DE SECURITATE INFORMATICA On-call Incident Response ACT ADITIONAL NR. 1 din 6.11.2023 CO,25,"org exact; score=88 margin=34 on [contract#, amount~final, desc~0.32]; 1 distinct part# near top","[{""pn"":""BLUE-IR-OC-5"",""score"":88,""on"":[""contract#"",""amount~final"",""desc~0.32""],""ref"":""234/15.11.2022"",""desc"":""SERVICII RECURENTE DE SECURITATE INFORMATICA - On-call Incid""},{""pn"":""CONSULTANCY-MISC-10"",""score"":54,""on"":[""contract#"",""desc~0.17""],""ref"":""234/15.11.2022"",""desc"":""SERVICII RECURENTE DE SECURITATE INFORMATICA - Consultancy S""},{""pn"":""RED-AUDIT-A-20"",""score"":53,""on"":[""contract#""],""ref"":""234/15.11.2022"",""desc"":""SERVICII DE SECURITATE INFORMATICA""}]",
accounting:BT.BIT 966,BT.BIT 966,SELGROS CASH & CARRY SRL,exact,2025-08-04,RON,,500,3071.59,SCORED,HIGH,CONSULTANCY-MISC-10,234/15.11.2022,final,2022,BSS,SERVICII RECURENTE DE SECURITATE INFORMATICA - Consultancy Services,ANEXA 3 – SERVICII RECURENTE DE SECURITATE ANEXA 3 – SERVICII RECURENTE DE SECURITATE INFORMATICA Consultancy Services ACT ADITIONAL NR. 1 din 6.11.2023 CONTRAC,25,"org exact; score=87 margin=33 on [contract#, amount~final, desc~0.29]; 1 distinct part# near top","[{""pn"":""CONSULTANCY-MISC-10"",""score"":87,""on"":[""contract#"",""amount~final"",""desc~0.29""],""ref"":""234/15.11.2022"",""desc"":""SERVICII RECURENTE DE SECURITATE INFORMATICA - Consultancy S""},{""pn"":""BLUE-IR-OC-5"",""score"":54,""on"":[""contract#"",""desc~0.17""],""ref"":""234/15.11.2022"",""desc"":""SERVICII RECURENTE DE SECURITATE INFORMATICA - On-call Incid""},{""pn"":""RED-AUDIT-A-20"",""score"":53,""on"":[""contract#""],""ref"":""234/15.11.2022"",""desc"":""SERVICII DE SECURITATE INFORMATICA""}]",
accounting:BT.BIT 967,BT.BIT 967,"SCA ""ZAMFIRESCU RACOTI VASILE AND PARTNERS """,none,2025-08-04,RON,,1150,7064.65,UNRESOLVED,NONE,,,,,,,"ANEXA 1 – SERVICII RECURENTE DE SECURITATE ANEXA 1 – SERVICII RECURENTE DE SECURITATE INFORMATICA Contract Nr. 284/29.01.2024, (1.150 EURO + TVA la cursul BNR)",0,org not found in tracker,[],
accounting:BT.BIT 968,BT.BIT 968,NESTLERS & PARTNERS SRL,exact,2025-08-04,RON,,500,3071.59,SCORED,HIGH,BLUE-MDR-C-5,Nr. 273/02.10.2023,final,2024,BSS,servicii de MDR,SERVICII CONTRACT 273/02.10.2023 SERVICII CONTRACT 273/02.10.2023 ACT ADITIONAL NR. 1 DIN 19.03.2024 (500 euro+TVA la cursul BNR),3,"org exact; score=82 margin=0 on [contract#, amount~final]; 1 distinct part# near top","[{""pn"":""BLUE-MDR-C-5"",""score"":82,""on"":[""contract#"",""amount~final""],""ref"":""Nr. 273/02.10.2023"",""desc"":""servicii de MDR""},{""pn"":""BLUE-MDR-C-5"",""score"":82,""on"":[""contract#"",""amount~final""],""ref"":""Nr. 273/02.10.2023"",""desc"":""servicii de MDR""},{""pn"":""RED-PEN-B-E-B-5"",""score"":52,""on"":[""contract#""],""ref"":""273/02.10.2023"",""desc"":""servicii de pentest""}]",
accounting:BT.BIT 969,BT.BIT 969,MILLENIUM PRO DESIGN SRL,exact,2025-08-04,RON,,1800,11057.71,SCORED,HIGH,BLUE-MDR-C-12,Act aditional nr. 1 din 21.3.2025 la contractul Nr. 325/15.1.2025,final,2025,BSS,servicii de MDR,Servicii recurente de securitate informatica Servicii recurente de securitate informatica conform Act Aditional nr. 1 din 21.3.2025 la contractul de prestari se,3,"org exact; score=89 margin=35 on [contract#, amount~final, data final (96d)]; 1 distinct part# near top","[{""pn"":""BLUE-MDR-C-12"",""score"":89,""on"":[""contract#"",""amount~final"",""data final (96d)""],""ref"":""Act aditional nr. 1 din 21.3.2025 la con"",""desc"":""servicii de MDR""},{""pn"":""BLUE-IR-5"",""score"":54,""on"":[""contract#"",""data avans (193d)""],""ref"":""Nr. 325/15.1.2025"",""desc"":""servicii de investigatie""},{""pn"":""RED-PEN-B-I-B-50"",""score"":54,""on"":[""contract#"",""data avans (193d)""],""ref"":""Nr. 325/15.1.2025"",""desc"":""servicii de pentest""}]",
accounting:BT.BIT 970,BT.BIT 970,GRAFTEX PRODCOM SRL,exact,2025-08-04,RON,,1100,6757.49,DETERMINISTIC,HIGH,BLUE-MDR-C-6,Contract cadru de prestari servicii nr. 334 din 31.3.2025,,2025,BSS,servicii de MDR,Servicii recurente de securitate informatica conform Servicii recurente de securitate informatica conform Anexa 1 la Contractul de prestari servicii nr. 334 din,1,org exact; unique part# via contract 334,"[{""pn"":""BLUE-MDR-C-6"",""score"":100,""on"":[""contract#""],""ref"":""Contract cadru de prestari servicii nr. "",""desc"":""servicii de MDR""}]",
accounting:BT.BIT 971,BT.BIT 971,ART & CRAFT DESIGN SRL,exact,2025-08-04,RON,,400,2457.27,DETERMINISTIC,HIGH,BLUE-MDR-C-6,Contract cadru de prestari servicii nr. 335 din 31.3.2025,,2025,BSS,servicii de MDR,Servicii recurente de securitate informatica conform Servicii recurente de securitate informatica conform Anexa 1 la Contractul de prestari servicii nr. 335 din,1,org exact; unique part# via contract 335,"[{""pn"":""BLUE-MDR-C-6"",""score"":100,""on"":[""contract#""],""ref"":""Contract cadru de prestari servicii nr. "",""desc"":""servicii de MDR""}]",
accounting:BT.BIT 972,BT.BIT 972,PRIMONET RO SRL,exact,2025-08-04,RON,,500,3071.59,DETERMINISTIC,HIGH,BLUE-MDR-C-5,332/3.3.2025,,2025,BSS,servicii de MDR,Servicii recurente de securitate informatica Servicii recurente de securitate informatica la Contractul nr. 332/3.3.2025( 500 euro+TVA la cursul BNR),2,org exact; unique part# via contract 332,"[{""pn"":""BLUE-MDR-C-5"",""score"":100,""on"":[""contract#""],""ref"":""332/3.3.2025"",""desc"":""servicii de MDR""},{""pn"":""BLUE-MDR-C-5"",""score"":100,""on"":[""contract#""],""ref"":""332/3.3.2025"",""desc"":""servicii de MDR""}]",
accounting:BT.BIT 973,BT.BIT 973,ORANGE ROMANIA SA,exact,2025-08-04,RON,,2333,14332.01,SCORED,LOW,BLUE-IR-OC-6,13.06.2025,,2025,BSS,IR incident response services retainer,"Conform: PO PO00120051 24/7 Incident Notification Hotline, Conform: PO PO00120051 24/7 Incident Notification Hotline, Incident Response Readiness Assessment, Tr",47,org exact; score=17 margin=2 on [data final (25d)]; 13 distinct part# near top,"[{""pn"":""BLUE-IR-OC-6"",""score"":17,""on"":[""data final (25d)""],""ref"":""13.06.2025"",""desc"":""IR incident response services retainer""},{""pn"":""CYBEREDU-OP-U-3"",""score"":15,""on"":[""data est. close (30d)""],""ref"":""PO00124670"",""desc"":""CyberEDU - Iasi 36 de luni (UAIC)""},{""pn"":""BLUE-IR-OC-6"",""score"":14,""on"":[""amount~total""],""ref"":""09.05.2024"",""desc"":""IR incident response services retainer""}]",
accounting:BT.BIT 974,BT.BIT 974,ORANGE ROMANIA SA,exact,2025-08-04,RON,,1500,9214.76,SCORED,LOW,BLUE-IR-OC-6,13.06.2025,,2025,BSS,IR incident response services retainer,"Conform PO00124685, Servicii Incident Response Advance, Conform PO00124685, Servicii Incident Response Advance, UP ROMANIA ( 1.500 euro+TVA la cursul BNR)",38,org exact; score=18 margin=3 on [data final (25d)]; 12 distinct part# near top,"[{""pn"":""BLUE-IR-OC-6"",""score"":18,""on"":[""data final (25d)""],""ref"":""13.06.2025"",""desc"":""IR incident response services retainer""},{""pn"":""CYBEREDU-OP-U-3"",""score"":15,""on"":[""data est. close (30d)""],""ref"":""PO00124670"",""desc"":""CyberEDU - Iasi 36 de luni (UAIC)""},{""pn"":""BLUE-IR-5"",""score"":12,""on"":[""data final (96d)"",""desc~0.15""],""ref"":""30.04.2025"",""desc"":""incident response""}]",
accounting:BT.BIT 975,BT.BIT 975,PRO TV SRL,exact,2025-08-12,RON,,13915,70515.65,SCORED,LOW,CONSULTANCY-MISC-23,COMANDA FERMA /22.7.2025,,2025,BSS,servicii de investigare,Servicii conform COMANDA FERMA 021/22.07.2025 Servicii conform COMANDA FERMA 021/22.07.2025 la CONTRACT-CADRU DE PRESTARI SERVICII NR. 315/24.10.2024,8,org exact; score=17 margin=7 on [data final (0d)]; 4 distinct part# near top,"[{""pn"":""CONSULTANCY-MISC-23"",""score"":17,""on"":[""data final (0d)""],""ref"":""COMANDA FERMA /22.7.2025"",""desc"":""servicii de investigare""},{""pn"":""CONSULTANCY-MISC-8"",""score"":10,""on"":[""data final (118d)""],""ref"":""COMANDA FERMA 011/01.04.2025"",""desc"":""servicii de investigare""},{""pn"":""CONSULTANCY-MISC-6"",""score"":10,""on"":[""data final (79d)""],""ref"":""COMANDA FERMA CC_FIT 201PO0102881 /22.10"",""desc"":""servicii de investigare""}]",
accounting:BT.BIT 976,BT.BIT 976,M247 EUROPE SRL,exact,2025-08-29,RON,,2450,15266.97,SCORED,HIGH,CONSULTANCY-MISC-5,NO. 342/12.5.2025,final,2025,BSS,servicii de consultanta,Servicii Faza 3 Servicii Faza 3 Conform Anexa 1 la Contractul 342/12.5.2025( 2.450 euro+TVA la cursul BNR),3,"org exact; score=82 margin=15 on [contract#, amount~final, data final (63d)]; 1 distinct part# near top","[{""pn"":""CONSULTANCY-MISC-5"",""score"":82,""on"":[""contract#"",""amount~final"",""data final (63d)""],""ref"":""NO. 342/12.5.2025"",""desc"":""servicii de consultanta""},{""pn"":""CONSULTANCY-MISC-7"",""score"":67,""on"":[""contract#"",""data final (29d)""],""ref"":""NO. 342/12.5.2025"",""desc"":""servicii de consultanta""},{""pn"":""RED-PEN-B-E-B-15"",""score"":67,""on"":[""contract#"",""data final (29d)""],""ref"":""NO. 342/12.5.2025"",""desc"":""servicii de pentest""}]",
accounting:BT.BIT 977,BT.BIT 977,DECO CENTER SRL,none,2025-08-29,RON,,425,2605.81,UNRESOLVED,NONE,,,,,,,Servicii de instalare conform ANEXA 1 Servicii de instalare conform ANEXA 1 – SERVICII RECURENTE DE SECURITATE – SERVICII RECURENTE DE SECURITATE( 425 euro+TVA ,0,org not found in tracker,[],
accounting:BT.BIT 978,BT.BIT 978,LAMAJOLE S.R.L.,none,2025-08-29,RON,,425,2605.81,UNRESOLVED,NONE,,,,,,,Servicii de instalare conform ANEXA 1 Servicii de instalare conform ANEXA 1 – SERVICII RECURENTE DE SECURITATE INFORMATICA Contract NR. 1022/13.08.2025 / NR. 35,0,org not found in tracker,[],
accounting:BT.BIT 979,BT.BIT 979,MENDOLA PRO SRL,none,2025-08-29,RON,,425,2605.81,UNRESOLVED,NONE,,,,,,,Servicii de instalare conform ANEXA 1 Servicii de instalare conform ANEXA 1 – SERVICII RECURENTE DE SECURITATE INFORMATICA la contractul cu NR. 1223/13.08.2025 ,0,org not found in tracker,[],
accounting:BT.BIT 980,BT.BIT 980,ROSECO SRL,none,2025-08-29,RON,,425,2605.81,UNRESOLVED,NONE,,,,,,,Servicii de instalare conform **ANEXA 1 Servicii de instalare conform **ANEXA 1 – SERVICII RECURENTE DE SECURITATE INFORMATICA la contractul** **Nr. 133/13.08.2,0,org not found in tracker,[],
accounting:BT.R.BIT 4,BT.R.BIT 4,DONA. LOGISTICA S.A.,exact,2025-09-02,RON,,1673.7,10272.71,DETERMINISTIC,HIGH,BLUE-MDR-C-725,296/6.8.2024,,2024,BSS,servicii de MDR,SERVICII CONFORM CONTRACT NR. 296 / 06.08.2024 SERVICII CONFORM CONTRACT NR. 296 / 06.08.2024 1673.7 EUR+TVA la cursul BNR 5.0725,2,org exact; unique part# via contract 296,"[{""pn"":""BLUE-MDR-C-725"",""score"":100,""on"":[""contract#""],""ref"":""296/6.8.2024"",""desc"":""servicii de MDR""},{""pn"":""BLUE-MDR-C-725"",""score"":100,""on"":[""contract#""],""ref"":""ACT ADITIONAL NR. 2 DIN 3.9.2025 la cont"",""desc"":""servicii de MDR""}]",
accounting:BT.R.BIT 5,BT.R.BIT 5,DONA. LOGISTICA S.A.,exact,2025-09-02,RON,,1673.7,10272.71,DETERMINISTIC,HIGH,BLUE-MDR-C-725,296/6.8.2024,,2024,BSS,servicii de MDR,SERVICII CONFORM CONTRACT NR. 296 / 06.08.2024 SERVICII CONFORM CONTRACT NR. 296 / 06.08.2024 1673.7 EUR+TVA la cursul BNR 5.0725,2,org exact; unique part# via contract 296,"[{""pn"":""BLUE-MDR-C-725"",""score"":100,""on"":[""contract#""],""ref"":""296/6.8.2024"",""desc"":""servicii de MDR""},{""pn"":""BLUE-MDR-C-725"",""score"":100,""on"":[""contract#""],""ref"":""ACT ADITIONAL NR. 2 DIN 3.9.2025 la cont"",""desc"":""servicii de MDR""}]",
accounting:BT.R.BIT 6,BT.R.BIT 6,DONA MARKETING GRUP SRL,none,2025-09-02,RON,,717.3,4402.59,UNRESOLVED,NONE,,,,,,,SERVICII CONFORM CONTRACT NR. 296 / 06.08.2024 SERVICII CONFORM CONTRACT NR. 296 / 06.08.2024 717.3 EUR+TVA la cursul BNR 5.0725,0,org not found in tracker,[],
accounting:BT.R.BIT 7,BT.R.BIT 7,DONA. CARGO S.R.L.,exact,2025-09-02,RON,,478.2,2935.06,SCORED,LOW,RED-NIS-C-AUDIT-300,264/04.05.2023,,2023,BSS,servicii de audit + pentest nis,SERVICII CONFORM CONTRACT NR. 296 / 06.08.2024 SERVICII CONFORM CONTRACT NR. 296 / 06.08.2024 478.2 EUR+TVA la cursul BNR 5.0725,2,org exact; score=2 margin=1 on []; 2 distinct part# near top,"[{""pn"":""RED-NIS-C-AUDIT-300"",""score"":2,""on"":[],""ref"":""264/04.05.2023"",""desc"":""servicii de audit + pentest nis""},{""pn"":""RED-NIS-C-PEN-300"",""score"":1,""on"":[],""ref"":""264/04.05.2023"",""desc"":""servicii de audit + pentest nis""}]",
accounting:BT.R.BIT 8,BT.R.BIT 8,SANVERO HEALTHCARE S.R.L.,none,2025-09-02,RON,,239.1,1467.53,UNRESOLVED,NONE,,,,,,,"SERVICII CONTRACT-CADRU DE PRESTARI SERVICII SERVICII CONTRACT-CADRU DE PRESTARI SERVICII Ctr. NR. 296 / 06.08.2024, 239.10 EUR+TVA la cursul BNR 5.0725",0,org not found in tracker,[],
accounting:BT.R.BIT 9,BT.R.BIT 9,SILKWEB S.A.,exact,2025-09-02,RON,,625,3836.08,DETERMINISTIC,HIGH,RED-PEN-S-G-1,195/29.06.2021,,2021,BSS,pentest web app greybox,"SERVICII ACT ADITIONAL NR. 7 DIN 25.3.2025 SERVICII ACT ADITIONAL NR. 7 DIN 25.3.2025 CONTRACT DE PRESTARI SERVICII Nr. 195/29.06.2021, 625 EUR+TVA la cursul BN",1,org exact; unique part# via contract 195,"[{""pn"":""RED-PEN-S-G-1"",""score"":100,""on"":[""contract#""],""ref"":""195/29.06.2021"",""desc"":""pentest web app greybox""}]",
accounting:BT.R.BIT 10,BT.R.BIT 10,SILKWEB S.A.,exact,2025-09-02,RON,,1350,8285.93,DETERMINISTIC,HIGH,RED-PEN-S-G-1,195/29.06.2021,,2021,BSS,pentest web app greybox,"SERVICII ACT ADITIONAL NR. 8 DIN 25.03.2025 SERVICII ACT ADITIONAL NR. 8 DIN 25.03.2025 CONTRACT DE PRESTARI SERVICII Nr. 195/29.06.2021, 1350 EUR+TVA la cursul",1,org exact; unique part# via contract 195,"[{""pn"":""RED-PEN-S-G-1"",""score"":100,""on"":[""contract#""],""ref"":""195/29.06.2021"",""desc"":""pentest web app greybox""}]",
accounting:BT.R.BIT 11,BT.R.BIT 11,UNITED MEDIA SERVICES SRL,exact,2025-09-02,RON,,1250,7672.15,SCORED,HIGH,BLUE-MDR-C-119,CONTRACT-CADRU DE PRESTARI SERVICII NR. 346/7.7.2025,final,2025,BSS,Servicii de monitorizare MDR,SERVICII CONTRACT DE PRESTARI SERVICII NR. 346/7.7.2025 SERVICII CONTRACT DE PRESTARI SERVICII NR. 346/7.7.2025 1250 EUR+TVA la cursul BNR 5.0725,6,"org exact; score=97 margin=39 on [contract#, amount~final, data final (29d)]; 1 distinct part# near top","[{""pn"":""BLUE-MDR-C-119"",""score"":97,""on"":[""contract#"",""amount~final"",""data final (29d)""],""ref"":""CONTRACT-CADRU DE PRESTARI SERVICII NR. "",""desc"":""Servicii de monitorizare MDR""},{""pn"":""RED-VA-I-S-100"",""score"":58,""on"":[""contract#"",""data final (41d)""],""ref"":""CONTRACT-CADRU DE PRESTARI SERVICII NR. "",""desc"":""VA""},{""pn"":""PHISH-T-FM-FM-100-12"",""score"":58,""on"":[""contract#"",""data final (41d)""],""ref"":""CONTRACT-CADRU DE PRESTARI SERVICII NR. "",""desc"":""Phish Enterprise - Training anual si 1 campanie phish trimes""}]",
accounting:BT.R.BIT 12,BT.R.BIT 12,KEYSIGHT TECHNOLOGIES RO SRL,exact,2025-09-02,RON,,6000,36826.35,SCORED,MEDIUM,KS-MM-RD-2,NO. 5 OF 04.10.2023,final,2023,BSS,RECURRENT INFORMATION SECURITY SERVICES,"PENETRATION TESTING SERVICES FOR AUGUST 2025 PENETRATION TESTING SERVICES FOR AUGUST 2025 Purchase Order Number 9068003039, 6000 EUR+TVA la cursul BNR 5.0725",25,"org exact; score=46 margin=25 on [amount~final, data final (29d)]; 1 distinct part# near top","[{""pn"":""KS-MM-RD-2"",""score"":46,""on"":[""amount~final"",""data final (29d)""],""ref"":""NO. 5 OF 04.10.2023"",""desc"":""RECURRENT INFORMATION SECURITY SERVICES""},{""pn"":""KS-MM-RD-2"",""score"":21,""on"":[""amount~final"",""data final (55d)""],""ref"":""NO. 5 OF 04.10.2023"",""desc"":""RECURRENT INFORMATION SECURITY SERVICES""},{""pn"":""KS-MM-RD-2"",""score"":16,""on"":[""amount~final"",""data final (365d)""],""ref"":""NO. 5 OF 04.10.2023"",""desc"":""RECURRENT INFORMATION SECURITY SERVICES""}]",
accounting:BT.R.BIT 13,BT.R.BIT 13,ORANGE ROMANIA SA,exact,2025-09-02,RON,,1875,11508.24,SCORED,MEDIUM,ORO-TEM-SUPPORT-50-12,PO 00025528,final,2023,BSS,tem support,"SERVICII SUPORT TEM L2/L3 DATA DE LIVRARE: 31-07-2025 SERVICII SUPORT TEM L2/L3 DATA DE LIVRARE: 31-07-2025 PO00112619, 1875 EUR+TVA la cursul BNR 5.0725",63,org exact; score=32 margin=19 on [amount~final]; 1 distinct part# near top,"[{""pn"":""ORO-TEM-SUPPORT-50-12"",""score"":32,""on"":[""amount~final""],""ref"":""PO 00025528"",""desc"":""tem support""},{""pn"":""ORO-TEM-DEV-50"",""score"":13,""on"":[""amount~final""],""ref"":""PO 40407868"",""desc"":""multiple services""},{""pn"":""BLUE-IR-OC-6"",""score"":12,""on"":[""amount~avans""],""ref"":""09.05.2024"",""desc"":""IR incident response services retainer""}]",
accounting:BT.R.BIT 14,BT.R.BIT 14,ORANGE ROMANIA SA,exact,2025-09-02,RON,,2822.93,14319.31,SCORED,LOW,ORO-TEM-DEV-50,PO 40298463,final,2016,BSS,Adaugare/imbunatatire functionalitati pentru platforma BIS Threat Map,"SERVICII CONFORM: PO PO00120051 24/7 SERVICII CONFORM: PO PO00120051 24/7 Incident Notification Hotline, Incident Response Readiness Assessment, Training cu Phi",47,org exact; score=13 margin=1 on [amount~final]; 22 distinct part# near top,"[{""pn"":""ORO-TEM-DEV-50"",""score"":13,""on"":[""amount~final""],""ref"":""PO 40298463"",""desc"":""Adaugare/imbunatatire\nfunctionalitati pentru\nplatforma BIS T""},{""pn"":""ORO-TEM-DEV-50"",""score"":12,""on"":[""amount~final""],""ref"":""PO 40361678"",""desc"":""dezvoltari tem""},{""pn"":""BLUE-IR-OC-6"",""score"":10,""on"":[""data final (54d)""],""ref"":""13.06.2025"",""desc"":""IR incident response services retainer""}]",
accounting:BT.R.BIT 15,BT.R.BIT 15,ORANGE ROMANIA SA,exact,2025-09-02,RON,,1500,9206.59,SCORED,LOW,ORO-TEM-SUPPORT-50-12,PO 00025528,final,2023,BSS,tem support,"SERVICII CONFORM PO00124685 SERVICII CONFORM PO00124685 Servicii Incident Response Advance, UP ROMANIA, 1500 EUR+TVA la cursul BNR 5.0725",38,org exact; score=22 margin=7 on [amount~final]; 2 distinct part# near top,"[{""pn"":""ORO-TEM-SUPPORT-50-12"",""score"":22,""on"":[""amount~final""],""ref"":""PO 00025528"",""desc"":""tem support""},{""pn"":""BLUE-IR-OC-6"",""score"":15,""on"":[""amount~avans""],""ref"":""09.05.2024"",""desc"":""IR incident response services retainer""},{""pn"":""BLUE-IR-OC-6"",""score"":11,""on"":[""data final (54d)""],""ref"":""13.06.2025"",""desc"":""IR incident response services retainer""}]",
accounting:BT.R.BIT 16,BT.R.BIT 16,SELGROS CASH & CARRY SRL,exact,2025-09-02,RON,,250,1534.43,SCORED,HIGH,BLUE-IR-OC-5,234/15.11.2022,final,2022,BSS,SERVICII RECURENTE DE SECURITATE INFORMATICA - On-call Incident Response,ANEXA 2 - SERVICII RECURENTE DE SECURITATE ANEXA 2 - SERVICII RECURENTE DE SECURITATE INFORMATICA On-call Incident Response ACT ADITIONAL NR. 1 din 6.11.2023 CO,25,"org exact; score=88 margin=34 on [contract#, amount~final, desc~0.30]; 1 distinct part# near top","[{""pn"":""BLUE-IR-OC-5"",""score"":88,""on"":[""contract#"",""amount~final"",""desc~0.30""],""ref"":""234/15.11.2022"",""desc"":""SERVICII RECURENTE DE SECURITATE INFORMATICA - On-call Incid""},{""pn"":""CONSULTANCY-MISC-10"",""score"":54,""on"":[""contract#"",""desc~0.16""],""ref"":""234/15.11.2022"",""desc"":""SERVICII RECURENTE DE SECURITATE INFORMATICA - Consultancy S""},{""pn"":""RED-AUDIT-A-20"",""score"":53,""on"":[""contract#""],""ref"":""234/15.11.2022"",""desc"":""SERVICII DE SECURITATE INFORMATICA""}]",
accounting:BT.R.BIT 17,BT.R.BIT 17,SELGROS CASH & CARRY SRL,exact,2025-09-02,RON,,500,3068.86,SCORED,HIGH,CONSULTANCY-MISC-10,234/15.11.2022,final,2022,BSS,SERVICII RECURENTE DE SECURITATE INFORMATICA - Consultancy Services,ANEXA 3 - SERVICII RECURENTE DE SECURITATE ANEXA 3 - SERVICII RECURENTE DE SECURITATE INFORMATICA Consultancy Services ACT ADITIONAL NR. 1 din 6.11.2023 CONTRAC,24,"org exact; score=87 margin=33 on [contract#, amount~final, desc~0.27]; 1 distinct part# near top","[{""pn"":""CONSULTANCY-MISC-10"",""score"":87,""on"":[""contract#"",""amount~final"",""desc~0.27""],""ref"":""234/15.11.2022"",""desc"":""SERVICII RECURENTE DE SECURITATE INFORMATICA - Consultancy S""},{""pn"":""BLUE-IR-OC-5"",""score"":54,""on"":[""contract#"",""desc~0.16""],""ref"":""234/15.11.2022"",""desc"":""SERVICII RECURENTE DE SECURITATE INFORMATICA - On-call Incid""},{""pn"":""RED-AUDIT-A-20"",""score"":53,""on"":[""contract#""],""ref"":""234/15.11.2022"",""desc"":""SERVICII DE SECURITATE INFORMATICA""}]",
accounting:BT.R.BIT 18,BT.R.BIT 18,"SCA ""ZAMFIRESCU RACOTI VASILE AND PARTNERS """,none,2025-09-02,RON,,1150,7058.39,UNRESOLVED,NONE,,,,,,,"SERVICII CONTRACT NR. 284/29.01.2024 SERVICII CONTRACT NR. 284/29.01.2024 ANEXA 1 - SERVICII RECURENTE DE SECURITATE, 1150 EUR+TVA la cursul BNR 5.0725",0,org not found in tracker,[],
accounting:BT.R.BIT 19,BT.R.BIT 19,NESTLERS & PARTNERS SRL,exact,2025-09-02,RON,,500,3068.86,SCORED,HIGH,BLUE-MDR-C-5,Nr. 273/02.10.2023,final,2024,BSS,servicii de MDR,"SERVICII CONTRACT 273/02.10.2023 SERVICII CONTRACT 273/02.10.2023 ACT ADITIONAL NR. 1 DIN 19.03.2024, 500 EUR+TVA la cursul BNR 5.0725",3,"org exact; score=82 margin=0 on [contract#, amount~final]; 1 distinct part# near top","[{""pn"":""BLUE-MDR-C-5"",""score"":82,""on"":[""contract#"",""amount~final""],""ref"":""Nr. 273/02.10.2023"",""desc"":""servicii de MDR""},{""pn"":""BLUE-MDR-C-5"",""score"":82,""on"":[""contract#"",""amount~final""],""ref"":""Nr. 273/02.10.2023"",""desc"":""servicii de MDR""},{""pn"":""RED-PEN-B-E-B-5"",""score"":51,""on"":[""contract#""],""ref"":""273/02.10.2023"",""desc"":""servicii de pentest""}]",
accounting:BT.R.BIT 20,BT.R.BIT 20,MILLENIUM PRO DESIGN SRL,exact,2025-09-02,RON,,1800,11047.9,SCORED,HIGH,BLUE-MDR-C-12,Act aditional nr. 1 din 21.3.2025 la contractul Nr. 325/15.1.2025,final,2025,BSS,servicii de MDR,SERVICII RECURENTE DE SECURITATE INFORMATICA SERVICII RECURENTE DE SECURITATE INFORMATICA Conform Anexa 1 la Contractul de prestari servicii nr. 325 din 31.3.20,3,"org exact; score=84 margin=30 on [contract#, amount~final, data final (125d)]; 1 distinct part# near top","[{""pn"":""BLUE-MDR-C-12"",""score"":84,""on"":[""contract#"",""amount~final"",""data final (125d)""],""ref"":""Act aditional nr. 1 din 21.3.2025 la con"",""desc"":""servicii de MDR""},{""pn"":""BLUE-IR-5"",""score"":54,""on"":[""contract#"",""data avans (222d)""],""ref"":""Nr. 325/15.1.2025"",""desc"":""servicii de investigatie""},{""pn"":""RED-PEN-B-I-B-50"",""score"":54,""on"":[""contract#"",""data avans (222d)""],""ref"":""Nr. 325/15.1.2025"",""desc"":""servicii de pentest""}]",
accounting:BT.R.BIT 21,BT.R.BIT 21,GRAFTEX PRODCOM SRL,exact,2025-09-02,RON,,1100,6751.5,DETERMINISTIC,HIGH,BLUE-MDR-C-6,Contract cadru de prestari servicii nr. 334 din 31.3.2025,,2025,BSS,servicii de MDR,SERVICII RECURENTE DE SECURITATE INFORMATICA SERVICII RECURENTE DE SECURITATE INFORMATICA Conform Anexa 1 la Contractul de prestari servicii nr. 334 din 31.3.20,1,org exact; unique part# via contract 334,"[{""pn"":""BLUE-MDR-C-6"",""score"":100,""on"":[""contract#""],""ref"":""Contract cadru de prestari servicii nr. "",""desc"":""servicii de MDR""}]",
accounting:BT.R.BIT 22,BT.R.BIT 22,ART & CRAFT DESIGN SRL,exact,2025-09-02,RON,,400,2455.09,DETERMINISTIC,HIGH,BLUE-MDR-C-6,Contract cadru de prestari servicii nr. 335 din 31.3.2025,,2025,BSS,servicii de MDR,SERVICII RECURENTE DE SECURITATE INFORMATICA SERVICII RECURENTE DE SECURITATE INFORMATICA Conform Anexa 1 la Contractul de prestari servicii nr. 335 din 31.3.20,1,org exact; unique part# via contract 335,"[{""pn"":""BLUE-MDR-C-6"",""score"":100,""on"":[""contract#""],""ref"":""Contract cadru de prestari servicii nr. "",""desc"":""servicii de MDR""}]",
accounting:BT.R.BIT 23,BT.R.BIT 23,PRIMONET RO SRL,exact,2025-09-02,RON,,500,3068.86,DETERMINISTIC,HIGH,BLUE-MDR-C-5,332/3.3.2025,,2025,BSS,servicii de MDR,"SERVICII RECURENTE DE SECURITATE INFORMATICA SERVICII RECURENTE DE SECURITATE INFORMATICA Conform Contractul nr. 332/3.3.2025, 500 EUR+TVA la cursul BNR 5.0725",2,org exact; unique part# via contract 332,"[{""pn"":""BLUE-MDR-C-5"",""score"":100,""on"":[""contract#""],""ref"":""332/3.3.2025"",""desc"":""servicii de MDR""},{""pn"":""BLUE-MDR-C-5"",""score"":100,""on"":[""contract#""],""ref"":""332/3.3.2025"",""desc"":""servicii de MDR""}]",
accounting:BT.R.BIT 24,BT.R.BIT 24,DECO CENTER SRL,none,2025-09-02,RON,,344.25,2112.91,UNRESOLVED,NONE,,,,,,,SERVICII RECURENTE CONFORM ANEXA 1 SERVICII RECURENTE CONFORM ANEXA 1 SERVICII RECURENTE DE SECURITATE INFORMATICA la contractul NR. 880/13.08.2025 / NR. 353/13,0,org not found in tracker,[],
accounting:BT.R.BIT 25,BT.R.BIT 25,LAMAJOLE S.R.L.,none,2025-09-02,RON,,344.25,2112.91,UNRESOLVED,NONE,,,,,,,SERVICII RECURENTE CONFORM ANEXA 1 SERVICII RECURENTE CONFORM ANEXA 1 SERVICII RECURENTE DE SECURITATE INFORMATICA la contractul NR. 1022/13.08.2025 / NR. 1022/,0,org not found in tracker,[],
accounting:BT.R.BIT 26,BT.R.BIT 26,MENDOLA PRO SRL,none,2025-09-02,RON,,344.25,2112.91,UNRESOLVED,NONE,,,,,,,SERVICII RECURENTE CONFORM ANEXA 1 SERVICII RECURENTE CONFORM ANEXA 1 SERVICII RECURENTE DE SECURITATE INFORMATICA la contractul NR. 1223/13.08.2025 / NR. 352/1,0,org not found in tracker,[],
accounting:BT.R.BIT 27,BT.R.BIT 27,ROSECO SRL,none,2025-09-02,RON,,344.25,2112.91,UNRESOLVED,NONE,,,,,,,SERVICII RECURENTE CONFORM ANEXA 1 SERVICII RECURENTE CONFORM ANEXA 1 SERVICII RECURENTE DE SECURITATE INFORMATICA la contractul NR. 133/13.8.2025 / Nr. 355/13.,0,org not found in tracker,[],
accounting:BT. BIT 981,BT. BIT 981,CUSTIFY SRL,exact,2025-09-10,RON,avans,3291.2,16698.56,SCORED,HIGH,RED-PEN-S-WB-1,223/17.05.2022,final,2024,BSS,pentest web app,Avans conform Act aditional nr. 3 din 7.07.2025 Avans conform Act aditional nr. 3 din 7.07.2025 la contractul 223/17.05.2022,4,"org exact; score=83 margin=18 on [contract#, amount~final, data final (365d)]; 1 distinct part# near top; avans","[{""pn"":""RED-PEN-S-WB-1"",""score"":83,""on"":[""contract#"",""amount~final"",""data final (365d)""],""ref"":""223/17.05.2022"",""desc"":""pentest web app""},{""pn"":""RED-PEN-B-E-B-14"",""score"":65,""on"":[""contract#"",""data avans (0d)""],""ref"":""223/17.05.2022"",""desc"":""pentest web app""},{""pn"":""RED-PEN-S-WB-1"",""score"":62,""on"":[""contract#"",""amount~final""],""ref"":""223/17.05.2022"",""desc"":""pentest web app""}]",
accounting:BT. BIT 982,BT. BIT 982,"COMPANIA NATIONALA DE INVESTITII ""C.N.I."" SA",fuzzy~1.00,2025-09-11,RON,avans,10893.41,55265.54,SCORED,MEDIUM,RED-PEN-B-I-B-20,CONTRACT-CADRU DE PRESTĂRI SERVICII Nr. 356/14.8.2025,,2025,BSS,servicii de pentest,"Servicii conform Anexa 1 Servicii conform Anexa 1 - Servicii punctuale de securitate informatica NR. CNI SA -704/26.08.2025, NR. 356/14.08.2025 - avans 40% din ",1,"org fuzzy~1.00; score=66 margin=66 on [contract#, data avans (0d)]; 1 distinct part# near top; avans","[{""pn"":""RED-PEN-B-I-B-20"",""score"":66,""on"":[""contract#"",""data avans (0d)""],""ref"":""CONTRACT-CADRU DE PRESTĂRI SERVICII Nr. "",""desc"":""servicii de pentest""}]",
accounting:BT. BIT 983,BT. BIT 983,INGKA INVESTMENTS RENEWABLE ENERGY ROMANIA S.R.L.,exact,2025-09-11,RON,,5900,93615.08,SCORED,HIGH,CONSULTANCY-MISC-5,FRAMEWORK SERVICE AGREEMENT NO. 357/25.08.2025,avans,2025,BSS,servicii de consultanta,Prima etapa: Asistenta pentru autoevaluarea maturitatii Prima etapa: Asistenta pentru autoevaluarea maturitatii gestionarii riscurilor de securitate cibernetica,4,"org exact; score=97 margin=19 on [contract#, amount~avans, data avans (0d)]; 1 distinct part# near top","[{""pn"":""CONSULTANCY-MISC-5"",""score"":97,""on"":[""contract#"",""amount~avans"",""data avans (0d)""],""ref"":""FRAMEWORK SERVICE AGREEMENT NO. 357/25.0"",""desc"":""servicii de consultanta""},{""pn"":""RED-PEN-B-I-B-8"",""score"":78,""on"":[""contract#"",""amount~avans"",""data avans (0d)""],""ref"":""FRAMEWORK SERVICE AGREEMENT NO. 357/25.0"",""desc"":""servicii de pentest""},{""pn"":""CONSULTANCY-MISC-3"",""score"":67,""on"":[""contract#"",""data avans (0d)""],""ref"":""FRAMEWORK SERVICE AGREEMENT NO. 357/25.0"",""desc"":""servicii de consultanta""}]","[{""service"":""Prima etapa: Asistenta pentru autoevaluarea maturitatii | Pr"",""partNumber"":""CONSULTANCY-MISC-5"",""score"":95,""on"":[""contract#"",""amount~avans"",""data avans (0d)""]},{""service"":""Prima etapa: Asistenta pentru înregistrare | Prima etapa: As"",""partNumber"":""CONSULTANCY-MISC-3"",""score"":95,""on"":[""contract#"",""amount~avans"",""data avans (0d)""]},{""service"":""A doua etapa: Servicii de consultanta în domeniul | A doua e"",""partNumber"":""CONSULTANCY-MISC-5"",""score"":18,""on"":[""data avans (0d)""]}]"
accounting:BT. BIT 984,BT. BIT 984,CERTSIGN SA,exact,2025-09-16,RON,,11082,67893.56,DETERMINISTIC,HIGH,CYBEREDU-RUN-EX-1,NR.45/B77A/20166C,,2020,BSS,CTF Infrastructure provision and support for ECSC participant countries,Order 1 to the Contract nr.45/B77A/25075.02 dated 27.05.2025 Order 1 to the Contract nr.45/B77A/25075.02 dated 27.05.2025 11.082 euro+TVA la cursul BNR,1,org exact; unique part# via contract 45,"[{""pn"":""CYBEREDU-RUN-EX-1"",""score"":100,""on"":[""contract#""],""ref"":""NR.45/B77A/20166C"",""desc"":""CTF Infrastructure provision and support for ECSC participan""}]",
accounting:BT. BIT 985,BT. BIT 985,"COMPANIA NATIONALA DE INVESTITII ""C.N.I."" SA",fuzzy~1.00,2025-09-22,RON,storno,16344.63,82898.31,SCORED,MEDIUM,RED-PEN-B-I-B-20,CONTRACT-CADRU DE PRESTĂRI SERVICII Nr. 356/14.8.2025,,2025,BSS,servicii de pentest,"Servicii conform Anexa 1 Servicii conform Anexa 1 - Servicii punctuale de securitate informatica NR. CNI SA -704/26.08.2025, NR. 356/14.08.2025 - Sornare avans ",1,"org fuzzy~1.00; score=66 margin=66 on [contract#, data avans (11d)]; 1 distinct part# near top; storno","[{""pn"":""RED-PEN-B-I-B-20"",""score"":66,""on"":[""contract#"",""data avans (11d)""],""ref"":""CONTRACT-CADRU DE PRESTĂRI SERVICII Nr. "",""desc"":""servicii de pentest""}]","[{""service"":""Servicii conform Anexa 1 | Servicii conform Anexa 1 | - Serv"",""partNumber"":""RED-PEN-B-I-B-20"",""score"":66,""on"":[""contract#"",""data avans (11d)""]},{""service"":""Servicii conform Anexa 1 | Servicii conform Anexa 1 | - Serv"",""partNumber"":""RED-PEN-B-I-B-20"",""score"":88,""on"":[""contract#"",""amount~total"",""data avans (11d)""]}]"
accounting:BT. BIT 986,BT. BIT 986,DIGITIZE TECH S.R.L.,exact,2025-09-29,RON,,2979,15125,SCORED,LOW,BLUE-MDR-C-10,Contract de furnizare servicii DT25090101/1.9.2025,,2025,BSS,servicii de MDR,"Servicii de monitorizare SOC, conform anexe 1 Servicii de monitorizare SOC, conform anexe 1",2,org exact; score=19 margin=0 on [data final (0d)]; 2 distinct part# near top,"[{""pn"":""BLUE-MDR-C-10"",""score"":19,""on"":[""data final (0d)""],""ref"":""Contract de furnizare servicii DT2509010"",""desc"":""servicii de MDR""},{""pn"":""RED-VA-I-B-100"",""score"":19,""on"":[""data final (0d)""],""ref"":""Contract de furnizare servicii DT2509010"",""desc"":""servicii de VA""}]",
accounting:BT. BIT 987,BT. BIT 987,DIGITIZE TECH S.R.L.,exact,2025-09-29,RON,storno,-2461.99,-12500,SCORED,LOW,BLUE-MDR-C-10,Contract de furnizare servicii DT25090101/1.9.2025,,2025,BSS,servicii de MDR,"Servicii de monitorizare SOC, conform anexe 1 Servicii de monitorizare SOC, conform anexe 1 Storneaza factura BT. BIT 986 din 29.09.2025",2,org exact; score=17 margin=0 on [data final (0d)]; 2 distinct part# near top; storno,"[{""pn"":""BLUE-MDR-C-10"",""score"":17,""on"":[""data final (0d)""],""ref"":""Contract de furnizare servicii DT2509010"",""desc"":""servicii de MDR""},{""pn"":""RED-VA-I-B-100"",""score"":17,""on"":[""data final (0d)""],""ref"":""Contract de furnizare servicii DT2509010"",""desc"":""servicii de VA""}]",
accounting:BT. BIT 988,BT. BIT 988,DIGITIZE TECH S.R.L.,exact,2025-09-29,RON,,2979,15125,SCORED,LOW,BLUE-MDR-C-10,Contract de furnizare servicii DT25090101/1.9.2025,,2025,BSS,servicii de MDR,"Servicii de monitorizare SOC, conform anexe 1 Servicii de monitorizare SOC, conform anexe 1 la Contractul nr. DT25090101/1.09.2025",2,org exact; score=18 margin=0 on [data final (0d)]; 2 distinct part# near top,"[{""pn"":""BLUE-MDR-C-10"",""score"":18,""on"":[""data final (0d)""],""ref"":""Contract de furnizare servicii DT2509010"",""desc"":""servicii de MDR""},{""pn"":""RED-VA-I-B-100"",""score"":18,""on"":[""data final (0d)""],""ref"":""Contract de furnizare servicii DT2509010"",""desc"":""servicii de VA""}]",
accounting:BT. BIT 989,BT. BIT 989,SELGROS CASH & CARRY SRL,exact,2025-09-30,RON,,2900,17819.75,SCORED,MEDIUM,RED-AUDIT-A-20,234/15.11.2022,,2022,BSS,SERVICII DE SECURITATE INFORMATICA,Servicii de Business Impact Analysis (BIA) Servicii de Business Impact Analysis (BIA) conform Act aditional nr. 3 din 11.3.2025 la Contractul de prestari servic,21,org exact; score=51 margin=0 on [contract#]; 5 distinct part# near top,"[{""pn"":""RED-AUDIT-A-20"",""score"":51,""on"":[""contract#""],""ref"":""234/15.11.2022"",""desc"":""SERVICII DE SECURITATE INFORMATICA""},{""pn"":""RED-PEN-B-I-BP-200"",""score"":51,""on"":[""contract#""],""ref"":""234/15.11.2022"",""desc"":""SERVICII DE SECURITATE INFORMATICA""},{""pn"":""BLUE-IR-OC-5"",""score"":51,""on"":[""contract#""],""ref"":""234/15.11.2022"",""desc"":""SERVICII RECURENTE DE SECURITATE INFORMATICA - On-call Incid""}]",
accounting:BT. BIT 990,BT. BIT 990,CUSTIFY SRL,exact,2025-09-30,RON,storno,2720,25047.84,SCORED,HIGH,RED-PEN-B-E-B-14,223/17.05.2022,avans,2025,BSS,pentest web app,Avans conform Act aditional nr. 3 din 7.07.2025 Avans conform Act aditional nr. 3 din 7.07.2025 la contractul 223/17.05.2022 Stornare factura 981/10.09.2025 in ,5,"org exact; score=95 margin=23 on [contract#, amount~avans, data avans (20d)]; 1 distinct part# near top; storno","[{""pn"":""RED-PEN-B-E-B-14"",""score"":95,""on"":[""contract#"",""amount~avans"",""data avans (20d)""],""ref"":""223/17.05.2022"",""desc"":""pentest web app""},{""pn"":""RED-PEN-S-WB-1"",""score"":72,""on"":[""contract#"",""amount~final""],""ref"":""223/17.05.2022"",""desc"":""pentest web app""},{""pn"":""RED-PEN-S-WB-1"",""score"":72,""on"":[""contract#"",""amount~total""],""ref"":""223/17.05.2022"",""desc"":""pentest web app""}]","[{""service"":""Avans conform Act aditional nr. 3 din 7.07.2025 | Avans conf"",""partNumber"":""RED-PEN-B-E-B-14"",""score"":95,""on"":[""contract#"",""amount~avans"",""data avans (20d)""]},{""service"":""Valoare finala conform Act Aditional nr. 3 | Valoare finala "",""partNumber"":""RED-PEN-B-E-B-14"",""score"":95,""on"":[""contract#"",""amount~total"",""data avans (20d)""]}]"
accounting:BT. BIT 991,BT. BIT 991,ORANGE ROMANIA SA,exact,2025-10-07,RON,,637758.41,3245297.44,SCORED,LOW,CYBEREDU-OP-U-7,CONTRACT DE SUBCONTRACTARE NR. 25/B2B/21675/32311 din 21 august 2025,,2025,BSS,sts cyberedu,"Licenta cyberedu,SERVICIUL DE TEL.SPECIALE Licenta cyberedu,SERVICIUL DE TEL.SPECIALE Nr Notificare O1247889; Nr PO PO00143965; Nr Receptie 1013038 | Servicii d",44,org exact; score=17 margin=0 on [data final (1d)]; 8 distinct part# near top,"[{""pn"":""CYBEREDU-OP-U-7"",""score"":17,""on"":[""data final (1d)""],""ref"":""CONTRACT DE SUBCONTRACTARE NR. 25/B2B/21"",""desc"":""sts cyberedu""},{""pn"":""RED-PEN-B-E-B-9"",""score"":17,""on"":[""data final (6d)""],""ref"":""04.09.2025"",""desc"":""servicii de pentest""},{""pn"":""ORO-TEM-DEV-100"",""score"":16,""on"":[""data final (8d)""],""ref"":"""",""desc"":""Gestionarea modificărilor și solicitările de\nservicii noi""}]","[{""service"":""Licenta cyberedu,SERVICIUL DE TEL.SPECIALE | Licenta cybered"",""partNumber"":""CYBEREDU-OP-U-5"",""score"":24,""on"":[""amount~final""]},{""service"":""Servicii de implementare, SERVICIUL DE TEL. SPECIALE | Servi"",""partNumber"":""CYBEREDU-OP-U-3"",""score"":30,""on"":[""amount~final"",""data final (97d)""]}]"
accounting:BT.R.BIT 957,BT.R.BIT 957,DONA. LOGISTICA S.A.,exact,2025-10-08,RON,storno,134.05,-683.16,DETERMINISTIC,HIGH,BLUE-MDR-C-725,296/6.8.2024,,2024,BSS,servicii de MDR,"SERVICII CONFORM CONTRACT NR. 296 / 06.08.2024 SERVICII CONFORM CONTRACT NR. 296 / 06.08.2024 stornare 134,05 EUR+TVA la cursul BNR Storneaza factura BT.R.BIT 5",2,org exact; unique part# via contract 296; storno,"[{""pn"":""BLUE-MDR-C-725"",""score"":100,""on"":[""contract#""],""ref"":""296/6.8.2024"",""desc"":""servicii de MDR""},{""pn"":""BLUE-MDR-C-725"",""score"":100,""on"":[""contract#""],""ref"":""ACT ADITIONAL NR. 2 DIN 3.9.2025 la cont"",""desc"":""servicii de MDR""}]",
accounting:BT.R.BIT 958,BT.R.BIT 958,DONA. CARGO S.R.L.,exact,2025-10-08,RON,storno,19.15,-97.59,SCORED,LOW,RED-NIS-C-PEN-300,264/04.05.2023,,2023,BSS,servicii de audit + pentest nis,"SERVICII CONFORM CONTRACT NR. 296 / 06.08.2024 SERVICII CONFORM CONTRACT NR. 296 / 06.08.2024 stornare 19,15 EUR+TVA la cursul BNR Storneaza factura BT.R.BIT 7 ",2,org exact; score=1 margin=0 on []; 2 distinct part# near top; storno,"[{""pn"":""RED-NIS-C-PEN-300"",""score"":1,""on"":[],""ref"":""264/04.05.2023"",""desc"":""servicii de audit + pentest nis""},{""pn"":""RED-NIS-C-AUDIT-300"",""score"":1,""on"":[],""ref"":""264/04.05.2023"",""desc"":""servicii de audit + pentest nis""}]",
accounting:BT.R.BIT 959,BT.R.BIT 959,DONA MARKETING GRUP SRL,none,2025-10-08,RON,storno,28.73,-146.42,UNRESOLVED,NONE,,,,,,,"SERVICII CONFORM CONTRACT NR. 296 / 06.08.2024 SERVICII CONFORM CONTRACT NR. 296 / 06.08.2024 stornare 28,73 EUR+TVA la cursul BNR Storneaza factura BT.R.BIT 6 ",0,org not found in tracker,[],
accounting:BT.R.BIT 960,BT.R.BIT 960,SANVERO HEALTHCARE S.R.L.,none,2025-10-08,RON,storno,9.58,-48.82,UNRESOLVED,NONE,,,,,,,"SERVICII CONTRACT-CADRU DE PRESTARI SERVICII SERVICII CONTRACT-CADRU DE PRESTARI SERVICII stornare 9,58 euro +TVA la cursul BNR Storneaza factura BT.R.BIT 8 din",0,org not found in tracker,[],
accounting:BT.R.BIT 972,BT.R.BIT 972,PRO TV SRL,exact,2025-11-24,RON,,3640,22414.43,SCORED,MEDIUM,RED-PEN-B-E-B-7,Comanda ferma CC_FIT 201PO0103125,final,2025,BSS,servicii de pentest,"Servicii conform comanda Servicii conform comanda CC\_FIT 201PO0103125 la Contract nr. 3895 / Data 28.10.2025( 3,640 EURO + TVA la cursul BNR)",8,"org exact; score=46 margin=8 on [amount~final, data final (0d)]; 2 distinct part# near top","[{""pn"":""RED-PEN-B-E-B-7"",""score"":46,""on"":[""amount~final"",""data final (0d)""],""ref"":""Comanda ferma CC_FIT 201PO0103125"",""desc"":""servicii de pentest""},{""pn"":""CONSULTANCY-MISC-6"",""score"":38,""on"":[""amount~final"",""data final (25d)""],""ref"":""COMANDA FERMA CC_FIT 201PO0102881 /22.10"",""desc"":""servicii de investigare""},{""pn"":""CONSULTANCY-MISC-8"",""score"":26,""on"":[""amount~final"",""data final (349d)""],""ref"":""COMANDA FERMA 053/08.11.2024"",""desc"":""servicii de investigare""}]",
accounting:BT.R.BIT 58,BT.R.BIT 58,S.I.E.P.C.O.F.A.R. SA,none,2025-11-26,RON,,1539.65,9480.69,UNRESOLVED,NONE,,,,,,,"SERVICII CONFORM CONTRACT NR. 296 / 06.08.2024 SERVICII CONFORM CONTRACT NR. 296 / 06.08.2024 ACT ADITIONAL NR. 2 DIN 3.9.2025 , 1539.65 EUR+TVA la cursul BNR 5",0,org not found in tracker,[],
accounting:BT.R.BIT 59,BT.R.BIT 59,S.I.E.P.C.O.F.A.R. SA,none,2025-11-26,RON,,1539.65,9480.69,UNRESOLVED,NONE,,,,,,,"SERVICII CONFORM CONTRACT NR. 296 / 06.08.2024 SERVICII CONFORM CONTRACT NR. 296 / 06.08.2024 ACT ADITIONAL NR. 2 DIN 3.9.2025 , 1539.65 EUR+TVA la cursul BNR 5",0,org not found in tracker,[],
accounting:BT.R.BIT 60,BT.R.BIT 60,DONA MARKETING GRUP SRL,none,2025-11-26,RON,,659.85,4063.16,UNRESOLVED,NONE,,,,,,,"SERVICII CONFORM CONTRACT NR. 296 / 06.08.2024 SERVICII CONFORM CONTRACT NR. 296 / 06.08.2024 ACT ADITIONAL NR. 2 DIN 3.9.2025 , 659.85 EUR+TVA la cursul BNR 5.",0,org not found in tracker,[],
accounting:BT.R.BIT 61,BT.R.BIT 61,DONA. CARGO S.R.L.,exact,2025-11-26,RON,,439.9,2708.77,SCORED,LOW,RED-NIS-C-PEN-300,264/04.05.2023,,2023,BSS,servicii de audit + pentest nis,"SERVICII CONFORM CONTRACT NR. 296 / 06.08.2024 SERVICII CONFORM CONTRACT NR. 296 / 06.08.2024 ACT ADITIONAL NR. 2 DIN 3.9.2025 , 439.90 EUR+TVA la cursul BNR 5.",2,org exact; score=1 margin=0 on []; 2 distinct part# near top,"[{""pn"":""RED-NIS-C-PEN-300"",""score"":1,""on"":[],""ref"":""264/04.05.2023"",""desc"":""servicii de audit + pentest nis""},{""pn"":""RED-NIS-C-AUDIT-300"",""score"":1,""on"":[],""ref"":""264/04.05.2023"",""desc"":""servicii de audit + pentest nis""}]",
accounting:BT.R.BIT 62,BT.R.BIT 62,SANVERO HEALTHCARE S.R.L.,none,2025-11-26,RON,,219.95,1354.39,UNRESOLVED,NONE,,,,,,,"SERVICII CONTRACT-CADRU DE PRESTARI SERVICII SERVICII CONTRACT-CADRU DE PRESTARI SERVICII Ctr. NR. 296 / 06.08.2024, 219.95 EUR+TVA la cursul BNR 5.089",0,org not found in tracker,[],
accounting:BT.R.BIT 63,BT.R.BIT 63,SILKWEB S.A.,exact,2025-11-26,RON,,625,3848.56,DETERMINISTIC,HIGH,RED-PEN-S-G-1,195/29.06.2021,,2021,BSS,pentest web app greybox,"SERVICII ACT ADITIONAL NR. 7 DIN 25.3.2025 SERVICII ACT ADITIONAL NR. 7 DIN 25.3.2025 CONTRACT DE PRESTARI SERVICII Nr. 195/29.06.2021, 625 EUR+TVA la cursul BN",1,org exact; unique part# via contract 195,"[{""pn"":""RED-PEN-S-G-1"",""score"":100,""on"":[""contract#""],""ref"":""195/29.06.2021"",""desc"":""pentest web app greybox""}]",
accounting:BT.R.BIT 64,BT.R.BIT 64,SILKWEB S.A.,exact,2025-11-26,RON,,1350,8312.88,DETERMINISTIC,HIGH,RED-PEN-S-G-1,195/29.06.2021,,2021,BSS,pentest web app greybox,"SERVICII ACT ADITIONAL NR. 8 DIN 25.03.2025 SERVICII ACT ADITIONAL NR. 8 DIN 25.03.2025 CONTRACT DE PRESTARI SERVICII Nr. 195/29.06.2021, 1350 EUR+TVA la cursul",1,org exact; unique part# via contract 195,"[{""pn"":""RED-PEN-S-G-1"",""score"":100,""on"":[""contract#""],""ref"":""195/29.06.2021"",""desc"":""pentest web app greybox""}]",
accounting:BT.R.BIT 65,BT.R.BIT 65,UNITED MEDIA SERVICES SRL,exact,2025-11-26,RON,,1250,7697.11,SCORED,HIGH,BLUE-MDR-C-119,CONTRACT-CADRU DE PRESTARI SERVICII NR. 346/7.7.2025,final,2025,BSS,Servicii de monitorizare MDR,SERVICII CONTRACT DE PRESTARI SERVICII NR. 346/7.7.2025 SERVICII CONTRACT DE PRESTARI SERVICII NR. 346/7.7.2025 1250 EUR+TVA la cursul BNR 5.089,6,"org exact; score=90 margin=37 on [contract#, amount~final, data final (114d)]; 1 distinct part# near top","[{""pn"":""BLUE-MDR-C-119"",""score"":90,""on"":[""contract#"",""amount~final"",""data final (114d)""],""ref"":""CONTRACT-CADRU DE PRESTARI SERVICII NR. "",""desc"":""Servicii de monitorizare MDR""},{""pn"":""RED-VA-I-S-100"",""score"":53,""on"":[""contract#"",""data final (126d)""],""ref"":""CONTRACT-CADRU DE PRESTARI SERVICII NR. "",""desc"":""VA""},{""pn"":""PHISH-T-FM-FM-100-12"",""score"":53,""on"":[""contract#"",""data final (126d)""],""ref"":""CONTRACT-CADRU DE PRESTARI SERVICII NR. "",""desc"":""Phish Enterprise - Training anual si 1 campanie phish trimes""}]",
accounting:BT.R.BIT 66,BT.R.BIT 66,KEYSIGHT TECHNOLOGIES RO SRL,exact,2025-11-26,RON,,6000,36946.14,SCORED,MEDIUM,KS-MM-RD-2,NO. 5 OF 04.10.2023,final,2023,BSS,RECURRENT INFORMATION SECURITY SERVICES,"PENETRATION TESTING SERVICES FOR NOV 2025 PENETRATION TESTING SERVICES FOR NOV 2025 Purchase Order Number 9068003039, 6000 EUR+TVA la cursul BNR 5.089",25,"org exact; score=39 margin=35 on [amount~final, data final (114d)]; 1 distinct part# near top","[{""pn"":""KS-MM-RD-2"",""score"":39,""on"":[""amount~final"",""data final (114d)""],""ref"":""NO. 5 OF 04.10.2023"",""desc"":""RECURRENT INFORMATION SECURITY SERVICES""},{""pn"":""KS-MM-RD-2"",""score"":4,""on"":[""data final (328d)""],""ref"":""NO. 5 OF 04.10.2023"",""desc"":""RECURRENT INFORMATION SECURITY SERVICES""},{""pn"":""KS-MM-RD-2"",""score"":4,""on"":[""data final (297d)""],""ref"":""NO. 5 OF 04.10.2023"",""desc"":""RECURRENT INFORMATION SECURITY SERVICES""}]",
accounting:BT.R.BIT 67,BT.R.BIT 67,ORANGE ROMANIA SA,exact,2025-11-26,RON,,1875,11545.67,SCORED,MEDIUM,ORO-TEM-SUPPORT-50-12,PO 00025528,final,2023,BSS,tem support,"SERVICII SUPORT TEM L2/L3 DATA DE LIVRARE: 31-10-2025 SERVICII SUPORT TEM L2/L3 DATA DE LIVRARE: 31-10-2025 PO00112619 OPA_70420, 1875 EUR+TVA la cursul BNR 5.0",62,org exact; score=31 margin=19 on [amount~final]; 1 distinct part# near top,"[{""pn"":""ORO-TEM-SUPPORT-50-12"",""score"":31,""on"":[""amount~final""],""ref"":""PO 00025528"",""desc"":""tem support""},{""pn"":""BLUE-IR-OC-6"",""score"":12,""on"":[""amount~avans""],""ref"":""09.05.2024"",""desc"":""IR incident response services retainer""},{""pn"":""ORO-TEM-DEV-100"",""score"":10,""on"":[""data final (42d)""],""ref"":"""",""desc"":""Gestionarea modificărilor și solicitările de\nservicii noi""}]",
accounting:BT.R.BIT 68,BT.R.BIT 68,ORANGE ROMANIA SA,exact,2025-11-26,RON,,,14365.89,SCORED,LOW,PHISH-P-L-YY-F-<410>-<12>,18.02.2026,,2026,BSS,Phish Enterprise Fully-Managed Monthly License,"SERVICII CONFORM: PO PO00120051 24/7 SERVICII CONFORM: PO PO00120051 24/7 11013421 Incident Notification Hotline, Incident Response Readiness Assessment, Traini",44,org exact; score=10 margin=1 on [data final (105d)]; 30 distinct part# near top,"[{""pn"":""PHISH-P-L-YY-F-<410>-<12>"",""score"":10,""on"":[""data final (105d)""],""ref"":""18.02.2026"",""desc"":""Phish Enterprise Fully-Managed Monthly License""},{""pn"":""ORO-TEM-DEV-100"",""score"":9,""on"":[""data final (42d)""],""ref"":"""",""desc"":""Gestionarea modificărilor și solicitările de\nservicii noi""},{""pn"":""RED-PEN-B-E-B-9"",""score"":9,""on"":[""data final (44d)""],""ref"":""04.09.2025"",""desc"":""servicii de pentest""}]",
accounting:BT.R.BIT 69,BT.R.BIT 69,ORANGE ROMANIA SA,exact,2025-11-26,RON,,1500,9236.54,SCORED,LOW,ORO-TEM-DEV-100,,,2025,BSS,Gestionarea modificărilor și solicitările de servicii noi,"SERVICII CONFORM PO00124685 SERVICII CONFORM PO00124685 11013422 Servicii Incident Response Advance, UP ROMANIA, 1500 EUR+TVA la cursul BNR 5.089",33,org exact; score=9 margin=0 on [data final (42d)]; 25 distinct part# near top,"[{""pn"":""ORO-TEM-DEV-100"",""score"":9,""on"":[""data final (42d)""],""ref"":"""",""desc"":""Gestionarea modificărilor și solicitările de\nservicii noi""},{""pn"":""RED-PEN-B-E-B-9"",""score"":9,""on"":[""data final (44d)""],""ref"":""04.09.2025"",""desc"":""servicii de pentest""},{""pn"":""ORO-TEM-L-10000"",""score"":8,""on"":[""data final (42d)""],""ref"":"""",""desc"":""licenta anuala fendly""}]",
accounting:BT.R.BIT 70,BT.R.BIT 70,SELGROS CASH & CARRY SRL,exact,2025-11-26,RON,,250,1539.42,SCORED,HIGH,BLUE-IR-OC-5,234/15.11.2022,final,2022,BSS,SERVICII RECURENTE DE SECURITATE INFORMATICA - On-call Incident Response,ANEXA 2 - SERVICII RECURENTE DE SECURITATE ANEXA 2 - SERVICII RECURENTE DE SECURITATE INFORMATICA On-call Incident Response ACT ADITIONAL NR. 1 din 6.11.2023 CO,25,"org exact; score=88 margin=34 on [contract#, amount~final, desc~0.30]; 1 distinct part# near top","[{""pn"":""BLUE-IR-OC-5"",""score"":88,""on"":[""contract#"",""amount~final"",""desc~0.30""],""ref"":""234/15.11.2022"",""desc"":""SERVICII RECURENTE DE SECURITATE INFORMATICA - On-call Incid""},{""pn"":""CONSULTANCY-MISC-10"",""score"":54,""on"":[""contract#"",""desc~0.16""],""ref"":""234/15.11.2022"",""desc"":""SERVICII RECURENTE DE SECURITATE INFORMATICA - Consultancy S""},{""pn"":""RED-AUDIT-A-20"",""score"":53,""on"":[""contract#""],""ref"":""234/15.11.2022"",""desc"":""SERVICII DE SECURITATE INFORMATICA""}]",
accounting:BT.R.BIT 71,BT.R.BIT 71,SELGROS CASH & CARRY SRL,exact,2025-11-26,RON,,500,3078.85,SCORED,HIGH,CONSULTANCY-MISC-10,234/15.11.2022,final,2022,BSS,SERVICII RECURENTE DE SECURITATE INFORMATICA - Consultancy Services,ANEXA 3 - SERVICII RECURENTE DE SECURITATE ANEXA 3 - SERVICII RECURENTE DE SECURITATE INFORMATICA Consultancy Services ACT ADITIONAL NR. 1 din 6.11.2023 CONTRAC,24,"org exact; score=87 margin=33 on [contract#, amount~final, desc~0.27]; 1 distinct part# near top","[{""pn"":""CONSULTANCY-MISC-10"",""score"":87,""on"":[""contract#"",""amount~final"",""desc~0.27""],""ref"":""234/15.11.2022"",""desc"":""SERVICII RECURENTE DE SECURITATE INFORMATICA - Consultancy S""},{""pn"":""BLUE-IR-OC-5"",""score"":54,""on"":[""contract#"",""desc~0.16""],""ref"":""234/15.11.2022"",""desc"":""SERVICII RECURENTE DE SECURITATE INFORMATICA - On-call Incid""},{""pn"":""RED-AUDIT-A-20"",""score"":53,""on"":[""contract#""],""ref"":""234/15.11.2022"",""desc"":""SERVICII DE SECURITATE INFORMATICA""}]",
accounting:BT.R.BIT 72,BT.R.BIT 72,"SCA ""ZAMFIRESCU RACOTI VASILE AND PARTNERS """,none,2025-11-26,RON,,1150,7081.34,UNRESOLVED,NONE,,,,,,,"SERVICII CONTRACT NR. 284/29.01.2024 SERVICII CONTRACT NR. 284/29.01.2024 ANEXA 1 - SERVICII RECURENTE DE SECURITATE, 1150 EUR+TVA la cursul BNR 5.089",0,org not found in tracker,[],
accounting:BT.R.BIT 73,BT.R.BIT 73,NESTLERS & PARTNERS SRL,exact,2025-11-26,RON,,500,3078.85,SCORED,HIGH,BLUE-MDR-C-5,Nr. 273/02.10.2023,final,2024,BSS,servicii de MDR,"SERVICII CONTRACT 273/02.10.2023 SERVICII CONTRACT 273/02.10.2023 ACT ADITIONAL NR. 1 DIN 19.03.2024, 500 EUR+TVA la cursul BNR 5.089",3,"org exact; score=82 margin=0 on [contract#, amount~final]; 1 distinct part# near top","[{""pn"":""BLUE-MDR-C-5"",""score"":82,""on"":[""contract#"",""amount~final""],""ref"":""Nr. 273/02.10.2023"",""desc"":""servicii de MDR""},{""pn"":""BLUE-MDR-C-5"",""score"":82,""on"":[""contract#"",""amount~final""],""ref"":""Nr. 273/02.10.2023"",""desc"":""servicii de MDR""},{""pn"":""RED-PEN-B-E-B-5"",""score"":51,""on"":[""contract#""],""ref"":""273/02.10.2023"",""desc"":""servicii de pentest""}]",
accounting:BT.R.BIT 74,BT.R.BIT 74,MILLENIUM PRO DESIGN SRL,exact,2025-11-26,RON,,1800,11083.84,SCORED,HIGH,BLUE-MDR-C-12,Act aditional nr. 1 din 21.3.2025 la contractul Nr. 325/15.1.2025,final,2025,BSS,servicii de MDR,SERVICII RECURENTE DE SECURITATE INFORMATICA SERVICII RECURENTE DE SECURITATE INFORMATICA Conform Anexa 1 la Contractul de prestari servicii nr. 325 din 31.3.20,3,"org exact; score=84 margin=30 on [contract#, amount~final, data final (210d)]; 1 distinct part# near top","[{""pn"":""BLUE-MDR-C-12"",""score"":84,""on"":[""contract#"",""amount~final"",""data final (210d)""],""ref"":""Act aditional nr. 1 din 21.3.2025 la con"",""desc"":""servicii de MDR""},{""pn"":""BLUE-IR-5"",""score"":54,""on"":[""contract#"",""data avans (307d)""],""ref"":""Nr. 325/15.1.2025"",""desc"":""servicii de investigatie""},{""pn"":""RED-PEN-B-I-B-50"",""score"":54,""on"":[""contract#"",""data avans (307d)""],""ref"":""Nr. 325/15.1.2025"",""desc"":""servicii de pentest""}]",
accounting:BT.R.BIT 75,BT.R.BIT 75,GRAFTEX PRODCOM SRL,exact,2025-11-26,RON,,1100,6773.46,DETERMINISTIC,HIGH,BLUE-MDR-C-6,Contract cadru de prestari servicii nr. 334 din 31.3.2025,,2025,BSS,servicii de MDR,SERVICII RECURENTE DE SECURITATE INFORMATICA SERVICII RECURENTE DE SECURITATE INFORMATICA Conform Anexa 1 la Contractul de prestari servicii nr. 334 din 31.3.20,1,org exact; unique part# via contract 334,"[{""pn"":""BLUE-MDR-C-6"",""score"":100,""on"":[""contract#""],""ref"":""Contract cadru de prestari servicii nr. "",""desc"":""servicii de MDR""}]",
accounting:BT.R.BIT 76,BT.R.BIT 76,ART & CRAFT DESIGN SRL,exact,2025-11-26,RON,,400,2463.08,DETERMINISTIC,HIGH,BLUE-MDR-C-6,Contract cadru de prestari servicii nr. 335 din 31.3.2025,,2025,BSS,servicii de MDR,SERVICII RECURENTE DE SECURITATE INFORMATICA SERVICII RECURENTE DE SECURITATE INFORMATICA Conform Anexa 1 la Contractul de prestari servicii nr. 335 din 31.3.20,1,org exact; unique part# via contract 335,"[{""pn"":""BLUE-MDR-C-6"",""score"":100,""on"":[""contract#""],""ref"":""Contract cadru de prestari servicii nr. "",""desc"":""servicii de MDR""}]",
accounting:BT.R.BIT 77,BT.R.BIT 77,PRIMONET RO SRL,exact,2025-11-26,RON,,500,3078.85,DETERMINISTIC,HIGH,BLUE-MDR-C-5,332/3.3.2025,,2025,BSS,servicii de MDR,"SERVICII RECURENTE DE SECURITATE INFORMATICA SERVICII RECURENTE DE SECURITATE INFORMATICA Conform Contractul nr. 332/3.3.2025, 500 EUR+TVA la cursul BNR 5.089",2,org exact; unique part# via contract 332,"[{""pn"":""BLUE-MDR-C-5"",""score"":100,""on"":[""contract#""],""ref"":""332/3.3.2025"",""desc"":""servicii de MDR""},{""pn"":""BLUE-MDR-C-5"",""score"":100,""on"":[""contract#""],""ref"":""332/3.3.2025"",""desc"":""servicii de MDR""}]",
accounting:BT.R.BIT 961,BT.R.BIT 961,CARREFOUR ROMANIA SA,exact,2025-10-08,RON,,6388.8,32529.22,SCORED,LOW,BLUE-IR-20,21.5.2024,final,2024,BSS,incident response,"Servicii conform Comanda de aprovizionare: Servicii conform Comanda de aprovizionare: 2110111307, Vulnerability Scanning, Vulnerability Assessment",11,org exact; score=22 margin=5 on [amount~final]; 3 distinct part# near top,"[{""pn"":""BLUE-IR-20"",""score"":22,""on"":[""amount~final""],""ref"":""21.5.2024"",""desc"":""incident response""},{""pn"":""RED-PEN-B-E-B-12"",""score"":17,""on"":[""data final (0d)""],""ref"":""07.10.2025"",""desc"":""servicii de pentest""},{""pn"":""RED-PEN-B-I-B-20"",""score"":14,""on"":[""amount~final""],""ref"":""26.4.2024"",""desc"":""servicii de pentest""}]",
accounting:BT.R.BIT 962,BT.R.BIT 962,ORANGE ROMANIA SA,exact,2025-10-13,RON,,5400,33275.7,SCORED,MEDIUM,RED-PEN-B-E-B-9,04.09.2025,final,2025,BSS,servicii de pentest,"Penetration Testing Services, SMART DIESEL SRL Penetration Testing Services, SMART DIESEL SRL Nr Notificare O1247918, PO00139760, Nr Receptie 11013109( 5.400 eu",38,"org exact; score=45 margin=12 on [amount~final, data final (0d)]; 1 distinct part# near top","[{""pn"":""RED-PEN-B-E-B-9"",""score"":45,""on"":[""amount~final"",""data final (0d)""],""ref"":""04.09.2025"",""desc"":""servicii de pentest""},{""pn"":""RED-PEN-B-I-B-20"",""score"":33,""on"":[""amount~final"",""data final (290d)""],""ref"":""28.11.2024"",""desc"":""servicii de pentest""},{""pn"":""PHISH-P-L-YY-F-<410>-<12>"",""score"":33,""on"":[""amount~final"",""data final (149d)""],""ref"":""18.02.2026"",""desc"":""Phish Enterprise Fully-Managed Monthly License""}]",
accounting:BT.R.BIT 963,BT.R.BIT 963,ORANGE ROMANIA SA,exact,2025-10-15,RON,,37000,227785.28,SCORED,MEDIUM,ORO-TEM-DEV-100,,final,2025,BSS,Gestionarea modificărilor și solicitările de servicii noi,"Gestionarea modificarilor si solicitarile de servicii noi Gestionarea modificarilor si solicitarile de servicii noi Nr Notificare C1248145, Nr PO PO00146286, Nr",33,"org exact; score=51 margin=15 on [amount~final, data final (0d), desc~0.25]; 1 distinct part# near top","[{""pn"":""ORO-TEM-DEV-100"",""score"":51,""on"":[""amount~final"",""data final (0d)"",""desc~0.25""],""ref"":"""",""desc"":""Gestionarea modificărilor și solicitările de\nservicii noi""},{""pn"":""ORO-TEM-DEV-494"",""score"":36,""on"":[""amount~final"",""desc~0.25""],""ref"":""PO00062653"",""desc"":""Gestionarea modificărilor și\nsolicitările de servicii noi""},{""pn"":""CYBEREDU-SM-Y-25-36"",""score"":33,""on"":[""amount~final"",""data final (163d)""],""ref"":""PO00174870"",""desc"":""CyberEDU - Iasi 36 de luni (TU Iasi)""}]",
accounting:BT.R.BIT 964,BT.R.BIT 964,ORANGE ROMANIA SA,exact,2025-10-15,RON,,3200,197003.5,SCORED,LOW,ORO-TEM-DEV-100,,final,2025,BSS,Gestionarea modificărilor și solicitările de servicii noi,"BSS Fendly IP/Domain Reputation Scanner BSS Fendly IP/Domain Reputation Scanner Nr Notificare C1248144, PO00146285, Nr Receptie OPA_70107 ( 3.200 euro+TVA la cu",39,"org exact; score=38 margin=8 on [amount~final, data final (0d)]; 3 distinct part# near top","[{""pn"":""ORO-TEM-DEV-100"",""score"":38,""on"":[""amount~final"",""data final (0d)""],""ref"":"""",""desc"":""Gestionarea modificărilor și solicitările de\nservicii noi""},{""pn"":""ORO-TEM-DEV-50"",""score"":30,""on"":[""amount~final""],""ref"":""PO 40361678"",""desc"":""dezvoltari tem""},{""pn"":""ORO-TEM-DEV-300"",""score"":30,""on"":[""amount~final""],""ref"":""PO 00010666"",""desc"":""dezv si suport""}]","[{""service"":""BSS Fendly IP/Domain Reputation Scanner | BSS Fendly IP/Doma"",""partNumber"":""ORO-TEM-DEV-50"",""score"":30,""on"":[""amount~final""]},{""service"":""BSS Fendly RBL Scanner | BSS Fendly RBL Scanner | Nr Notific"",""partNumber"":""ORO-TEM-DEV-50"",""score"":30,""on"":[""amount~final""]},{""service"":""BSS Fendly SSL Vulnerability Scanner | BSS Fendly SSL Vulner"",""partNumber"":""ORO-TEM-DEV-50"",""score"":30,""on"":[""amount~final""]},{""service"":""Fendly Discovery Scanner | Fendly Discovery Scanner | Nr Not"",""partNumber"":""ORO-TEM-DEV-79"",""score"":30,""on"":[""amount~final""]},{""service"":""Fendly Network Pro Scanner | Fendly Network Pro Scanner | Nr"",""partNumber"":""CONSULTANCY-MISC-40"",""score"":20,""on"":[""amount~final"",""data final (119d)""]},{""service"":""Fendly Web Pro Scanner | Fendly Web Pro Scanner | Nr Notific"",""partNumber"":""CONSULTANCY-MISC-40"",""score"":20,""on"":[""amount~final"",""data final (119d)""]}]"
accounting:BT.R.BIT 965,BT.R.BIT 965,NET BRINEL SA,exact,2025-10-15,RON,,5250,32320.89,DETERMINISTIC,HIGH,PHISH-T-MM-FM-<500>-<3>,CONTRACT DE PRESTĂRI SERVICII Nr. de inregistrare 344/16.6.2025,,2025,BSS,Phish Enterprise - Training 3 luni (500 angajati),Servicii de training conform cu ACT ADITIONAL NR. 1 Servicii de training conform cu ACT ADITIONAL NR. 1 DIN 16.06.2025 LA CONTRACTUL DE PRESTARI SERVICII Nr. 34,1,org exact; unique part# via contract 344,"[{""pn"":""PHISH-T-MM-FM-<500>-<3>"",""score"":100,""on"":[""contract#""],""ref"":""CONTRACT DE PRESTĂRI SERVICII Nr. de inr"",""desc"":""Phish Enterprise - Training 3 luni (500 angajati)""}]",
accounting:BT.R.BIT _31,BT.R.BIT _31,S.I.E.P.C.O.F.A.R. SA,none,2025-10-20,RON,,1539.65,9480.5,UNRESOLVED,NONE,,,,,,,"SERVICII CONFORM CONTRACT NR. 296 / 06.08.2024 SERVICII CONFORM CONTRACT NR. 296 / 06.08.2024 ACT ADITIONAL NR. 2 DIN 3.9.2025 , 1539.65 EUR+TVA la cursul BNR 5",0,org not found in tracker,[],
accounting:BT.R.BIT _32,BT.R.BIT _32,S.I.E.P.C.O.F.A.R. SA,none,2025-10-20,RON,,1539.65,9480.5,UNRESOLVED,NONE,,,,,,,"SERVICII CONFORM CONTRACT NR. 296 / 06.08.2024 SERVICII CONFORM CONTRACT NR. 296 / 06.08.2024 ACT ADITIONAL NR. 2 DIN 3.9.2025 , 1539.65 EUR+TVA la cursul BNR 5",0,org not found in tracker,[],
accounting:BT.R.BIT 33,BT.R.BIT 33,DONA MARKETING GRUP SRL,none,2025-10-20,RON,,659.85,4063.07,UNRESOLVED,NONE,,,,,,,"SERVICII CONFORM CONTRACT NR. 296 / 06.08.2024 SERVICII CONFORM CONTRACT NR. 296 / 06.08.2024 ACT ADITIONAL NR. 2 DIN 3.9.2025 , 659.85 EUR+TVA la cursul BNR 5.",0,org not found in tracker,[],
accounting:BT.R.BIT 34,BT.R.BIT 34,DONA. CARGO S.R.L.,exact,2025-10-20,RON,,439.9,2708.72,SCORED,LOW,RED-NIS-C-PEN-300,264/04.05.2023,,2023,BSS,servicii de audit + pentest nis,"SERVICII CONFORM CONTRACT NR. 296 / 06.08.2024 SERVICII CONFORM CONTRACT NR. 296 / 06.08.2024 ACT ADITIONAL NR. 2 DIN 3.9.2025 , 439.90 EUR+TVA la cursul BNR 5.",2,org exact; score=1 margin=0 on []; 2 distinct part# near top,"[{""pn"":""RED-NIS-C-PEN-300"",""score"":1,""on"":[],""ref"":""264/04.05.2023"",""desc"":""servicii de audit + pentest nis""},{""pn"":""RED-NIS-C-AUDIT-300"",""score"":1,""on"":[],""ref"":""264/04.05.2023"",""desc"":""servicii de audit + pentest nis""}]",
accounting:BT.R.BIT 35,BT.R.BIT 35,SANVERO HEALTHCARE S.R.L.,none,2025-10-20,RON,,219.95,1354.35,UNRESOLVED,NONE,,,,,,,"SERVICII CONTRACT-CADRU DE PRESTARI SERVICII SERVICII CONTRACT-CADRU DE PRESTARI SERVICII Ctr. NR. 296 / 06.08.2024, 219.95 EUR+TVA la cursul BNR 5.0889",0,org not found in tracker,[],
accounting:BT.R.BIT 36,BT.R.BIT 36,SILKWEB S.A.,exact,2025-10-20,RON,,625,3848.48,DETERMINISTIC,HIGH,RED-PEN-S-G-1,195/29.06.2021,,2021,BSS,pentest web app greybox,"SERVICII ACT ADITIONAL NR. 7 DIN 25.3.2025 SERVICII ACT ADITIONAL NR. 7 DIN 25.3.2025 CONTRACT DE PRESTARI SERVICII Nr. 195/29.06.2021, 625 EUR+TVA la cursul BN",1,org exact; unique part# via contract 195,"[{""pn"":""RED-PEN-S-G-1"",""score"":100,""on"":[""contract#""],""ref"":""195/29.06.2021"",""desc"":""pentest web app greybox""}]",
accounting:BT.R.BIT 37,BT.R.BIT 37,SILKWEB S.A.,exact,2025-10-20,RON,,1350,8312.71,DETERMINISTIC,HIGH,RED-PEN-S-G-1,195/29.06.2021,,2021,BSS,pentest web app greybox,"SERVICII ACT ADITIONAL NR. 8 DIN 25.03.2025 SERVICII ACT ADITIONAL NR. 8 DIN 25.03.2025 CONTRACT DE PRESTARI SERVICII Nr. 195/29.06.2021, 1350 EUR+TVA la cursul",1,org exact; unique part# via contract 195,"[{""pn"":""RED-PEN-S-G-1"",""score"":100,""on"":[""contract#""],""ref"":""195/29.06.2021"",""desc"":""pentest web app greybox""}]",
accounting:BT.R.BIT 38,BT.R.BIT 38,UNITED MEDIA SERVICES SRL,exact,2025-10-20,RON,,1250,7696.96,SCORED,HIGH,BLUE-MDR-C-119,CONTRACT-CADRU DE PRESTARI SERVICII NR. 346/7.7.2025,final,2025,BSS,Servicii de monitorizare MDR,SERVICII CONTRACT DE PRESTARI SERVICII NR. 346/7.7.2025 SERVICII CONTRACT DE PRESTARI SERVICII NR. 346/7.7.2025 1250 EUR+TVA la cursul BNR 5.0889,6,"org exact; score=90 margin=32 on [contract#, amount~final, data final (77d)]; 1 distinct part# near top","[{""pn"":""BLUE-MDR-C-119"",""score"":90,""on"":[""contract#"",""amount~final"",""data final (77d)""],""ref"":""CONTRACT-CADRU DE PRESTARI SERVICII NR. "",""desc"":""Servicii de monitorizare MDR""},{""pn"":""RED-VA-I-S-100"",""score"":58,""on"":[""contract#"",""data final (89d)""],""ref"":""CONTRACT-CADRU DE PRESTARI SERVICII NR. "",""desc"":""VA""},{""pn"":""PHISH-T-FM-FM-100-12"",""score"":58,""on"":[""contract#"",""data final (89d)""],""ref"":""CONTRACT-CADRU DE PRESTARI SERVICII NR. "",""desc"":""Phish Enterprise - Training anual si 1 campanie phish trimes""}]",
accounting:BT.R.BIT 39,BT.R.BIT 39,KEYSIGHT TECHNOLOGIES RO SRL,exact,2025-10-20,RON,,6900,42487.23,SCORED,LOW,KS-MM-RD-2,NO. 5 OF 04.10.2023,final,2023,BSS,RECURRENT INFORMATION SECURITY SERVICES,"PENETRATION TESTING SERVICES FOR OCT 2025 PENETRATION TESTING SERVICES FOR OCT 2025 Purchase Order Number 9068003039, 6900 EUR+TVA la cursul BNR 5.0889",25,"org exact; score=39 margin=0 on [amount~final, data final (103d)]; 1 distinct part# near top","[{""pn"":""KS-MM-RD-2"",""score"":39,""on"":[""amount~final"",""data final (103d)""],""ref"":""NO. 5 OF 04.10.2023"",""desc"":""RECURRENT INFORMATION SECURITY SERVICES""},{""pn"":""KS-MM-RD-2"",""score"":39,""on"":[""amount~total"",""data final (77d)""],""ref"":""NO. 5 OF 04.10.2023"",""desc"":""RECURRENT INFORMATION SECURITY SERVICES""},{""pn"":""KS-MM-RD-2"",""score"":13,""on"":[""amount~final""],""ref"":""NO. 5 OF 04.10.2023"",""desc"":""RECURRENT INFORMATION SECURITY SERVICES""}]",
accounting:BT.R.BIT 40,BT.R.BIT 40,ORANGE ROMANIA SA,exact,2025-10-20,RON,,1875,11545.44,SCORED,LOW,ORO-TEM-SUPPORT-50-12,PO 00025528,final,2023,BSS,tem support,"SERVICII SUPORT TEM L2/L3 DATA DE LIVRARE: 31-07-2025 SERVICII SUPORT TEM L2/L3 DATA DE LIVRARE: 31-07-2025 PO00112619, 1875 EUR+TVA la cursul BNR 5.0889",62,org exact; score=32 margin=14 on [amount~final]; 1 distinct part# near top,"[{""pn"":""ORO-TEM-SUPPORT-50-12"",""score"":32,""on"":[""amount~final""],""ref"":""PO 00025528"",""desc"":""tem support""},{""pn"":""ORO-TEM-DEV-100"",""score"":18,""on"":[""data final (5d)""],""ref"":"""",""desc"":""Gestionarea modificărilor și solicitările de\nservicii noi""},{""pn"":""RED-PEN-B-E-B-9"",""score"":17,""on"":[""data final (7d)""],""ref"":""04.09.2025"",""desc"":""servicii de pentest""}]",
accounting:BT.R.BIT 41,BT.R.BIT 41,ORANGE ROMANIA SA,exact,2025-10-20,RON,,,14365.6,SCORED,LOW,ORO-TEM-DEV-100,,,2025,BSS,Gestionarea modificărilor și solicitările de servicii noi,"SERVICII CONFORM: PO PO00120051 24/7 SERVICII CONFORM: PO PO00120051 24/7 O1247910 Incident Notification Hotline, Incident Response Readiness Assessment, Traini",44,org exact; score=16 margin=0 on [data final (5d)]; 8 distinct part# near top,"[{""pn"":""ORO-TEM-DEV-100"",""score"":16,""on"":[""data final (5d)""],""ref"":"""",""desc"":""Gestionarea modificărilor și solicitările de\nservicii noi""},{""pn"":""RED-PEN-B-E-B-9"",""score"":16,""on"":[""data final (7d)""],""ref"":""04.09.2025"",""desc"":""servicii de pentest""},{""pn"":""ORO-TEM-L-10000"",""score"":15,""on"":[""data final (5d)""],""ref"":"""",""desc"":""licenta anuala fendly""}]",
accounting:BT.R.BIT 42,BT.R.BIT 42,ORANGE ROMANIA SA,exact,2025-10-20,RON,,1500,9236.35,SCORED,LOW,ORO-TEM-DEV-100,,,2025,BSS,Gestionarea modificărilor și solicitările de servicii noi,"SERVICII CONFORM PO00124685 SERVICII CONFORM PO00124685 O1247912 Servicii Incident Response Advance, UP ROMANIA, 1500 EUR+TVA la cursul BNR 5.0889",34,org exact; score=16 margin=0 on [data final (5d)]; 7 distinct part# near top,"[{""pn"":""ORO-TEM-DEV-100"",""score"":16,""on"":[""data final (5d)""],""ref"":"""",""desc"":""Gestionarea modificărilor și solicitările de\nservicii noi""},{""pn"":""RED-PEN-B-E-B-9"",""score"":16,""on"":[""data final (7d)""],""ref"":""04.09.2025"",""desc"":""servicii de pentest""},{""pn"":""ORO-TEM-L-10000"",""score"":15,""on"":[""data final (5d)""],""ref"":"""",""desc"":""licenta anuala fendly""}]",
accounting:BT.R.BIT 43,BT.R.BIT 43,SELGROS CASH & CARRY SRL,exact,2025-10-20,RON,,250,1539.39,SCORED,HIGH,BLUE-IR-OC-5,234/15.11.2022,final,2022,BSS,SERVICII RECURENTE DE SECURITATE INFORMATICA - On-call Incident Response,ANEXA 2 - SERVICII RECURENTE DE SECURITATE ANEXA 2 - SERVICII RECURENTE DE SECURITATE INFORMATICA On-call Incident Response ACT ADITIONAL NR. 1 din 6.11.2023 CO,25,"org exact; score=88 margin=34 on [contract#, amount~final, desc~0.30]; 1 distinct part# near top","[{""pn"":""BLUE-IR-OC-5"",""score"":88,""on"":[""contract#"",""amount~final"",""desc~0.30""],""ref"":""234/15.11.2022"",""desc"":""SERVICII RECURENTE DE SECURITATE INFORMATICA - On-call Incid""},{""pn"":""CONSULTANCY-MISC-10"",""score"":54,""on"":[""contract#"",""desc~0.16""],""ref"":""234/15.11.2022"",""desc"":""SERVICII RECURENTE DE SECURITATE INFORMATICA - Consultancy S""},{""pn"":""RED-AUDIT-A-20"",""score"":53,""on"":[""contract#""],""ref"":""234/15.11.2022"",""desc"":""SERVICII DE SECURITATE INFORMATICA""}]",
accounting:BT.R.BIT 44,BT.R.BIT 44,SELGROS CASH & CARRY SRL,exact,2025-10-20,RON,,500,3078.78,SCORED,HIGH,CONSULTANCY-MISC-10,234/15.11.2022,final,2022,BSS,SERVICII RECURENTE DE SECURITATE INFORMATICA - Consultancy Services,ANEXA 3 - SERVICII RECURENTE DE SECURITATE ANEXA 3 - SERVICII RECURENTE DE SECURITATE INFORMATICA Consultancy Services ACT ADITIONAL NR. 1 din 6.11.2023 CONTRAC,24,"org exact; score=87 margin=33 on [contract#, amount~final, desc~0.27]; 1 distinct part# near top","[{""pn"":""CONSULTANCY-MISC-10"",""score"":87,""on"":[""contract#"",""amount~final"",""desc~0.27""],""ref"":""234/15.11.2022"",""desc"":""SERVICII RECURENTE DE SECURITATE INFORMATICA - Consultancy S""},{""pn"":""BLUE-IR-OC-5"",""score"":54,""on"":[""contract#"",""desc~0.16""],""ref"":""234/15.11.2022"",""desc"":""SERVICII RECURENTE DE SECURITATE INFORMATICA - On-call Incid""},{""pn"":""RED-AUDIT-A-20"",""score"":53,""on"":[""contract#""],""ref"":""234/15.11.2022"",""desc"":""SERVICII DE SECURITATE INFORMATICA""}]",
accounting:BT.R.BIT 45,BT.R.BIT 45,"SCA ""ZAMFIRESCU RACOTI VASILE AND PARTNERS """,none,2025-10-20,RON,,1150,7081.2,UNRESOLVED,NONE,,,,,,,"SERVICII CONTRACT NR. 284/29.01.2024 SERVICII CONTRACT NR. 284/29.01.2024 ANEXA 1 - SERVICII RECURENTE DE SECURITATE, 1150 EUR+TVA la cursul BNR 5.0889",0,org not found in tracker,[],
accounting:BT.R.BIT 46,BT.R.BIT 46,NESTLERS & PARTNERS SRL,exact,2025-10-20,RON,,500,3078.78,SCORED,HIGH,BLUE-MDR-C-5,Nr. 273/02.10.2023,final,2024,BSS,servicii de MDR,"SERVICII CONTRACT 273/02.10.2023 SERVICII CONTRACT 273/02.10.2023 ACT ADITIONAL NR. 1 DIN 19.03.2024, 500 EUR+TVA la cursul BNR 5.0889",3,"org exact; score=82 margin=0 on [contract#, amount~final]; 1 distinct part# near top","[{""pn"":""BLUE-MDR-C-5"",""score"":82,""on"":[""contract#"",""amount~final""],""ref"":""Nr. 273/02.10.2023"",""desc"":""servicii de MDR""},{""pn"":""BLUE-MDR-C-5"",""score"":82,""on"":[""contract#"",""amount~final""],""ref"":""Nr. 273/02.10.2023"",""desc"":""servicii de MDR""},{""pn"":""RED-PEN-B-E-B-5"",""score"":51,""on"":[""contract#""],""ref"":""273/02.10.2023"",""desc"":""servicii de pentest""}]",
accounting:BT.R.BIT 47,BT.R.BIT 47,MILLENIUM PRO DESIGN SRL,exact,2025-10-20,RON,,1800,11083.62,SCORED,HIGH,BLUE-MDR-C-12,Act aditional nr. 1 din 21.3.2025 la contractul Nr. 325/15.1.2025,final,2025,BSS,servicii de MDR,SERVICII RECURENTE DE SECURITATE INFORMATICA SERVICII RECURENTE DE SECURITATE INFORMATICA Conform Anexa 1 la Contractul de prestari servicii nr. 325 din 31.3.20,3,"org exact; score=84 margin=30 on [contract#, amount~final, data final (173d)]; 1 distinct part# near top","[{""pn"":""BLUE-MDR-C-12"",""score"":84,""on"":[""contract#"",""amount~final"",""data final (173d)""],""ref"":""Act aditional nr. 1 din 21.3.2025 la con"",""desc"":""servicii de MDR""},{""pn"":""BLUE-IR-5"",""score"":54,""on"":[""contract#"",""data avans (270d)""],""ref"":""Nr. 325/15.1.2025"",""desc"":""servicii de investigatie""},{""pn"":""RED-PEN-B-I-B-50"",""score"":54,""on"":[""contract#"",""data avans (270d)""],""ref"":""Nr. 325/15.1.2025"",""desc"":""servicii de pentest""}]",
accounting:BT.R.BIT 48,BT.R.BIT 48,GRAFTEX PRODCOM SRL,exact,2025-10-20,RON,,1100,6773.33,DETERMINISTIC,HIGH,BLUE-MDR-C-6,Contract cadru de prestari servicii nr. 334 din 31.3.2025,,2025,BSS,servicii de MDR,SERVICII RECURENTE DE SECURITATE INFORMATICA SERVICII RECURENTE DE SECURITATE INFORMATICA Conform Anexa 1 la Contractul de prestari servicii nr. 334 din 31.3.20,1,org exact; unique part# via contract 334,"[{""pn"":""BLUE-MDR-C-6"",""score"":100,""on"":[""contract#""],""ref"":""Contract cadru de prestari servicii nr. "",""desc"":""servicii de MDR""}]",
accounting:BT.R.BIT 49,BT.R.BIT 49,ART & CRAFT DESIGN SRL,exact,2025-10-20,RON,,400,2463.03,DETERMINISTIC,HIGH,BLUE-MDR-C-6,Contract cadru de prestari servicii nr. 335 din 31.3.2025,,2025,BSS,servicii de MDR,SERVICII RECURENTE DE SECURITATE INFORMATICA SERVICII RECURENTE DE SECURITATE INFORMATICA Conform Anexa 1 la Contractul de prestari servicii nr. 335 din 31.3.20,1,org exact; unique part# via contract 335,"[{""pn"":""BLUE-MDR-C-6"",""score"":100,""on"":[""contract#""],""ref"":""Contract cadru de prestari servicii nr. "",""desc"":""servicii de MDR""}]",
accounting:BT.R.BIT 50,BT.R.BIT 50,PRIMONET RO SRL,exact,2025-10-20,RON,,500,3078.78,DETERMINISTIC,HIGH,BLUE-MDR-C-5,332/3.3.2025,,2025,BSS,servicii de MDR,"SERVICII RECURENTE DE SECURITATE INFORMATICA SERVICII RECURENTE DE SECURITATE INFORMATICA Conform Contractul nr. 332/3.3.2025, 500 EUR+TVA la cursul BNR 5.0889",2,org exact; unique part# via contract 332,"[{""pn"":""BLUE-MDR-C-5"",""score"":100,""on"":[""contract#""],""ref"":""332/3.3.2025"",""desc"":""servicii de MDR""},{""pn"":""BLUE-MDR-C-5"",""score"":100,""on"":[""contract#""],""ref"":""332/3.3.2025"",""desc"":""servicii de MDR""}]",
accounting:BT.R.BIT 51,BT.R.BIT 51,DECO CENTER SRL,none,2025-10-20,RON,,344.25,2119.74,UNRESOLVED,NONE,,,,,,,SERVICII RECURENTE CONFORM ANEXA 1 SERVICII RECURENTE CONFORM ANEXA 1 SERVICII RECURENTE DE SECURITATE INFORMATICA la contractul NR. 880/13.08.2025 / NR. 353/13,0,org not found in tracker,[],
accounting:BT.R.BIT 52,BT.R.BIT 52,LAMAJOLE S.R.L.,none,2025-10-20,RON,,344.25,2119.74,UNRESOLVED,NONE,,,,,,,SERVICII RECURENTE CONFORM ANEXA 1 SERVICII RECURENTE CONFORM ANEXA 1 SERVICII RECURENTE DE SECURITATE INFORMATICA la contractul NR. 1022/13.08.2025 / NR. 1022/,0,org not found in tracker,[],
accounting:BT.R.BIT 53,BT.R.BIT 53,MENDOLA PRO SRL,none,2025-10-20,RON,,344.25,2119.74,UNRESOLVED,NONE,,,,,,,SERVICII RECURENTE CONFORM ANEXA 1 SERVICII RECURENTE CONFORM ANEXA 1 SERVICII RECURENTE DE SECURITATE INFORMATICA la contractul NR. 1223/13.08.2025 / NR. 352/1,0,org not found in tracker,[],
accounting:BT.R.BIT 54,BT.R.BIT 54,ROSECO SRL,none,2025-10-20,RON,,344.25,2119.74,UNRESOLVED,NONE,,,,,,,SERVICII RECURENTE CONFORM ANEXA 1 SERVICII RECURENTE CONFORM ANEXA 1 SERVICII RECURENTE DE SECURITATE INFORMATICA la contractul NR. 133/13.8.2025 / Nr. 355/13.,0,org not found in tracker,[],
accounting:BT.R.BIT S31,BT.R.BIT S31,S.I.E.P.C.O.F.A.R. SA,none,2025-10-20,RON,storno,1539.65,-7835.12,UNRESOLVED,NONE,,,,,,,"SERVICII CONFORM CONTRACT NR. 296 / 06.08.2024 SERVICII CONFORM CONTRACT NR. 296 / 06.08.2024 ACT ADITIONAL NR. 2 DIN 3.9.2025 , 1539.65 EUR+TVA la cursul BNR 5",0,org not found in tracker,[],
accounting:BT.R.BIT S32,BT.R.BIT S32,S.I.E.P.C.O.F.A.R. SA,none,2025-10-20,RON,storno,1539.65,-7835.12,UNRESOLVED,NONE,,,,,,,"SERVICII CONFORM CONTRACT NR. 296 / 06.08.2024 SERVICII CONFORM CONTRACT NR. 296 / 06.08.2024 ACT ADITIONAL NR. 2 DIN 3.9.2025 , 1539.65 EUR+TVA la cursul BNR 5",0,org not found in tracker,[],
accounting:BT.R.BIT 31,BT.R.BIT 31,DONA. LOGISTICA S.A.,exact,2025-10-20,RON,,1539.65,9480.5,DETERMINISTIC,HIGH,BLUE-MDR-C-725,296/6.8.2024,,2024,BSS,servicii de MDR,"SERVICII CONFORM CONTRACT NR. 296 / 06.08.2024 SERVICII CONFORM CONTRACT NR. 296 / 06.08.2024 ACT ADITIONAL NR. 2 DIN 3.9.2025 , 1539.65 EUR+TVA la cursul BNR 5",2,org exact; unique part# via contract 296,"[{""pn"":""BLUE-MDR-C-725"",""score"":100,""on"":[""contract#""],""ref"":""296/6.8.2024"",""desc"":""servicii de MDR""},{""pn"":""BLUE-MDR-C-725"",""score"":100,""on"":[""contract#""],""ref"":""ACT ADITIONAL NR. 2 DIN 3.9.2025 la cont"",""desc"":""servicii de MDR""}]",
accounting:BT.R.BIT 32,BT.R.BIT 32,DONA. LOGISTICA S.A.,exact,2025-10-20,RON,,1539.65,9480.5,DETERMINISTIC,HIGH,BLUE-MDR-C-725,296/6.8.2024,,2024,BSS,servicii de MDR,"SERVICII CONFORM CONTRACT NR. 296 / 06.08.2024 SERVICII CONFORM CONTRACT NR. 296 / 06.08.2024 ACT ADITIONAL NR. 2 DIN 3.9.2025 , 1539.65 EUR+TVA la cursul BNR 5",2,org exact; unique part# via contract 296,"[{""pn"":""BLUE-MDR-C-725"",""score"":100,""on"":[""contract#""],""ref"":""296/6.8.2024"",""desc"":""servicii de MDR""},{""pn"":""BLUE-MDR-C-725"",""score"":100,""on"":[""contract#""],""ref"":""ACT ADITIONAL NR. 2 DIN 3.9.2025 la cont"",""desc"":""servicii de MDR""}]",
accounting:BT.R.BIT 966,BT.R.BIT 966,FLASHNET S.A.,exact,2025-10-20,RON,,4900,30172.09,SCORED,LOW,RED-NIS-C-PEN-10,NR. 312/8.10.2024,final,2024,BSS,servicii de pentest nis,SERVICII CONFORM CONTRACT NR. 317/30.10.2024 SERVICII CONFORM CONTRACT NR. 317/30.10.2024 ULTIMA ETAPA LA 90 DE ZILE CALENDARISTICE( 4.900 euro+TVA la cursul BN,4,"org exact; score=39 margin=5 on [amount~final, data final (95d)]; 1 distinct part# near top","[{""pn"":""RED-NIS-C-PEN-10"",""score"":39,""on"":[""amount~final"",""data final (95d)""],""ref"":""NR. 312/8.10.2024"",""desc"":""servicii de pentest nis""},{""pn"":""RED-NIS-C-PEN-10"",""score"":34,""on"":[""amount~total"",""data final (175d)""],""ref"":""NR. 312/8.10.2024"",""desc"":""servicii de pentest nis""},{""pn"":""RED-NIS-C-PEN-10"",""score"":16,""on"":[""amount~final"",""data avans (321d)""],""ref"":""NR. 312/8.10.2024"",""desc"":""servicii de pentest nis""}]",
accounting:BT.R.BIT 967,BT.R.BIT 967,ZIPPER SERVICES SRL,exact,2025-10-23,RON,,26660.9,135520,SCORED,LOW,RED-NIS-C-PEN-10,"Act aditional nr. 1, din 14.10.2025 la contractul cu NR. 318/25.11.2024",,2025,BSS,servicii de pentest nis,Platforma de constienizare in materie de securitate Platforma de constienizare in materie de securitate cibernetica (Security Awareness) conform CONTRACT DE PRE,4,org exact; score=16 margin=1 on [data final (4d)]; 2 distinct part# near top,"[{""pn"":""RED-NIS-C-PEN-10"",""score"":16,""on"":[""data final (4d)""],""ref"":""Act aditional nr. 1, din 14.10.2025 la c"",""desc"":""servicii de pentest nis""},{""pn"":""PHISH-P-L-YY-F-<110>-<36>"",""score"":15,""on"":[""data final (0d)""],""ref"":""Contract de prestari servicii nr. BSS365"",""desc"":""Phish Enterprise - Training 3 luni (500 angajati)""},{""pn"":""RED-NIS-C-PEN-10"",""score"":4,""on"":[""data avans (304d)""],""ref"":""NR. 318/25.11.2024"",""desc"":""servicii de pentest nis""}]","[{""service"":""Platforma de constienizare in materie de securitate | Platfo"",""partNumber"":""RED-NIS-C-PEN-10"",""score"":16,""on"":[""data final (4d)""]},{""service"":""Platforma de constienizare in materie de securitate | Platfo"",""partNumber"":""RED-GDPR-10"",""score"":22,""on"":[""amount~final""]},{""service"":""Platforma de constienizare in materie de securitate | Platfo"",""partNumber"":""RED-NIS-C-PEN-10"",""score"":16,""on"":[""amount~avans"",""data avans (304d)""]}]"
accounting:BT.R.BIT 968,BT.R.BIT 968,ZIPPER SERVICES SRL,exact,2025-10-27,RON,,6000,36906.21,SCORED,MEDIUM,RED-NIS-C-PEN-10,"Act aditional nr. 1, din 14.10.2025 la contractul cu NR. 318/25.11.2024",final,2025,BSS,servicii de pentest nis,"Servicii conform Act aditional nr. 1, din 14.10.2025 Servicii conform Act aditional nr. 1, din 14.10.2025 la CONTRACT NR. 351/11.8.2025, ANEXA 2 – Testarea ?i e",5,"org exact; score=46 margin=12 on [amount~final, data final (0d)]; 1 distinct part# near top","[{""pn"":""RED-NIS-C-PEN-10"",""score"":46,""on"":[""amount~final"",""data final (0d)""],""ref"":""Act aditional nr. 1, din 14.10.2025 la c"",""desc"":""servicii de pentest nis""},{""pn"":""RED-NIS-C-PEN-10"",""score"":34,""on"":[""amount~total"",""data avans (308d)""],""ref"":""NR. 318/25.11.2024"",""desc"":""servicii de pentest nis""},{""pn"":""PHISH-P-L-YY-F-<110>-<36>"",""score"":15,""on"":[""data final (4d)""],""ref"":""Contract de prestari servicii nr. BSS365"",""desc"":""Phish Enterprise - Training 3 luni (500 angajati)""}]",
accounting:BT.R.BIT 969,BT.R.BIT 969,WHITE IMAGE LOYALTY SRL,exact,2025-10-28,RON,avans,2950,18150.19,DETERMINISTIC,HIGH,RED-PEN-B-E-B-10,CONTRACT-CADRU DE PRESTARI SERVICII NR. 367/14.10.2025,,2025,BSS,servicii de pentest,SERVICII PUNCTUALE DE SECURITATE INFORMATICA SERVICII PUNCTUALE DE SECURITATE INFORMATICA la CONTRACTUL NR. 367/14.10.2025 -Avans 50% conform ANEXA 1 ( 2.950 eu,1,org exact; unique part# via contract 367; avans,"[{""pn"":""RED-PEN-B-E-B-10"",""score"":100,""on"":[""contract#""],""ref"":""CONTRACT-CADRU DE PRESTARI SERVICII NR. "",""desc"":""servicii de pentest""}]",
accounting:BT.R.BIT 970,BT.R.BIT 970,PRO TV SRL,exact,2025-10-30,RON,storno,3600,22141.11,SCORED,MEDIUM,CONSULTANCY-MISC-6,COMANDA FERMA CC_FIT 201PO0102881 /22.10.2025,final,2025,BSS,servicii de investigare,Servicii conform COMANDA FERMA CC\_FIT 201PO0102881 Servicii conform COMANDA FERMA CC\_FIT 201PO0102881 la CONTRACT-CADRU DE PRESTARI SERVICII NR. 315/24.10.202,8,"org exact; score=46 margin=8 on [amount~final, data final (0d)]; 2 distinct part# near top; storno","[{""pn"":""CONSULTANCY-MISC-6"",""score"":46,""on"":[""amount~final"",""data final (0d)""],""ref"":""COMANDA FERMA CC_FIT 201PO0102881 /22.10"",""desc"":""servicii de investigare""},{""pn"":""RED-PEN-B-E-B-7"",""score"":38,""on"":[""amount~final"",""data final (25d)""],""ref"":""Comanda ferma CC_FIT 201PO0103125"",""desc"":""servicii de pentest""},{""pn"":""CONSULTANCY-MISC-8"",""score"":34,""on"":[""amount~final"",""data final (324d)""],""ref"":""COMANDA FERMA 053/08.11.2024"",""desc"":""servicii de investigare""}]","[{""service"":""Servicii conform COMANDA FERMA CC\\_FIT 201PO0102881 | Servic"",""partNumber"":""CONSULTANCY-MISC-6"",""score"":46,""on"":[""amount~final"",""data final (0d)""]},{""service"":""SERVICII PUNCTUALE DE SECURITATE INFORMATICA | SERVICII PUNC"",""partNumber"":""CONSULTANCY-MISC-5"",""score"":26,""on"":[""amount~final"",""data final (152d)""]},{""service"":""SERVICII PUNCTUALE DE SECURITATE INFORMATICA | SERVICII PUNC"",""partNumber"":""CONSULTANCY-MISC-6"",""score"":16,""on"":[""data final (0d)""]}]"
accounting:BT.BIT_ 971,BT.BIT_ 971,M247 EUROPE SRL,exact,2025-10-31,RON,,3735,22983.61,SCORED,HIGH,CONSULTANCY-MISC-7,NO. 342/12.5.2025,final,2025,BSS,servicii de consultanta,"Servicii Faza 4 Conform Anexa 1 la Contractul 342/12.5.2025 Servicii Faza 4 Conform Anexa 1 la Contractul 342/12.5.2025 3,735 EURO + TVA la cursul BNR",3,"org exact; score=90 margin=30 on [contract#, amount~final, data final (92d)]; 1 distinct part# near top","[{""pn"":""CONSULTANCY-MISC-7"",""score"":90,""on"":[""contract#"",""amount~final"",""data final (92d)""],""ref"":""NO. 342/12.5.2025"",""desc"":""servicii de consultanta""},{""pn"":""RED-PEN-B-E-B-15"",""score"":60,""on"":[""contract#"",""data final (92d)""],""ref"":""NO. 342/12.5.2025"",""desc"":""servicii de pentest""},{""pn"":""CONSULTANCY-MISC-5"",""score"":55,""on"":[""contract#"",""data final (126d)""],""ref"":""NO. 342/12.5.2025"",""desc"":""servicii de consultanta""}]",
accounting:BT.BIT_ 972,BT.BIT_ 972,ZIPPER SERVICES SRL,exact,2025-11-04,RON,storno,6000,-30501,SCORED,MEDIUM,RED-NIS-C-PEN-10,"Act aditional nr. 1, din 14.10.2025 la contractul cu NR. 318/25.11.2024",final,2025,BSS,servicii de pentest nis,"Servicii conform Act aditional nr. 1, din 14.10.2025 Servicii conform Act aditional nr. 1, din 14.10.2025 la CONTRACT NR. 351/11.8.2025, ANEXA 2 – Testarea ?i e",5,"org exact; score=46 margin=12 on [amount~final, data final (8d)]; 1 distinct part# near top; storno","[{""pn"":""RED-NIS-C-PEN-10"",""score"":46,""on"":[""amount~final"",""data final (8d)""],""ref"":""Act aditional nr. 1, din 14.10.2025 la c"",""desc"":""servicii de pentest nis""},{""pn"":""RED-NIS-C-PEN-10"",""score"":34,""on"":[""amount~total"",""data avans (316d)""],""ref"":""NR. 318/25.11.2024"",""desc"":""servicii de pentest nis""},{""pn"":""PHISH-P-L-YY-F-<110>-<36>"",""score"":15,""on"":[""data final (12d)""],""ref"":""Contract de prestari servicii nr. BSS365"",""desc"":""Phish Enterprise - Training 3 luni (500 angajati)""}]",
accounting:BT.BIT_ 973,BT.BIT_ 973,ZIPPER SERVICES SRL,exact,2025-11-04,RON,,6000,36906.21,SCORED,HIGH,RED-NIS-C-PEN-10,"Act aditional nr. 1, din 14.10.2025 la contractul cu NR. 318/25.11.2024",final,2025,BSS,servicii de pentest nis,"Servicii conform Act aditional nr. 1, din 14.10.2025 Servicii conform Act aditional nr. 1, din 14.10.2025 la CONTRACT NR.NR. 318/25.11.2024, ANEXA 2 – Testarea ",5,"org exact; score=96 margin=12 on [contract#, amount~final, data final (8d)]; 1 distinct part# near top","[{""pn"":""RED-NIS-C-PEN-10"",""score"":96,""on"":[""contract#"",""amount~final"",""data final (8d)""],""ref"":""Act aditional nr. 1, din 14.10.2025 la c"",""desc"":""servicii de pentest nis""},{""pn"":""RED-NIS-C-PEN-10"",""score"":84,""on"":[""contract#"",""amount~total"",""data avans (316d)""],""ref"":""NR. 318/25.11.2024"",""desc"":""servicii de pentest nis""},{""pn"":""RED-PEN-S-WB-1"",""score"":60,""on"":[""contract#"",""data final (265d)"",""desc~0.27""],""ref"":""CONTRACT DE PRESTARI SERVICII NR. 318/25"",""desc"":""Testarea și evaluarea securității, de\ncatre personal special""}]",
accounting:BT.R.BIT 971,BT.R.BIT 971,APAVITAL SA,exact,2025-11-19,RON,,7259.67,36921.94,SCORED,LOW,RED-NIS-C-PEN-100,NR. 286/21.02.2024,avans,2024,BSS,servicii de audit + pentest nis,Servicii de testare a gradului de constientizare in domeniul Servicii de testare a gradului de constientizare in domeniul securit. infor. conf. cerinte NIS2- 4c,3,org exact; score=23 margin=8 on [amount~avans]; 2 distinct part# near top,"[{""pn"":""RED-NIS-C-PEN-100"",""score"":23,""on"":[""amount~avans""],""ref"":""NR. 286/21.02.2024"",""desc"":""servicii de audit + pentest nis""},{""pn"":""PHISH-P-L-YY-F-<400>-<12>"",""score"":15,""on"":[""data final (0d)""],""ref"":""Comanda nr. 1 din 4.11.2025"",""desc"":""Phish Enterprise Fully-Managed Monthly License""},{""pn"":""RED-NIS-C-AUDIT-100"",""score"":1,""on"":[],""ref"":""NR. 286/21.02.2024"",""desc"":""servicii de audit + pentest nis""}]",
accounting:BT.R.BIT 78,BT.R.BIT 78,DECO CENTER SRL,none,2025-11-26,RON,,344.25,2119.79,UNRESOLVED,NONE,,,,,,,SERVICII RECURENTE CONFORM ANEXA 1 SERVICII RECURENTE CONFORM ANEXA 1 SERVICII RECURENTE DE SECURITATE INFORMATICA la contractul NR. 880/13.08.2025 / NR. 353/13,0,org not found in tracker,[],
accounting:BT.R.BIT 79,BT.R.BIT 79,LAMAJOLE S.R.L.,none,2025-11-26,RON,,344.25,2119.79,UNRESOLVED,NONE,,,,,,,SERVICII RECURENTE CONFORM ANEXA 1 SERVICII RECURENTE CONFORM ANEXA 1 SERVICII RECURENTE DE SECURITATE INFORMATICA la contractul NR. 1022/13.08.2025 / NR. 1022/,0,org not found in tracker,[],
accounting:BT.R.BIT 80,BT.R.BIT 80,MENDOLA PRO SRL,none,2025-11-26,RON,,344.25,2119.79,UNRESOLVED,NONE,,,,,,,SERVICII RECURENTE CONFORM ANEXA 1 SERVICII RECURENTE CONFORM ANEXA 1 SERVICII RECURENTE DE SECURITATE INFORMATICA la contractul NR. 1223/13.08.2025 / NR. 352/1,0,org not found in tracker,[],
accounting:BT.R.BIT 81,BT.R.BIT 81,ROSECO SRL,none,2025-11-26,RON,,344.25,2119.79,UNRESOLVED,NONE,,,,,,,SERVICII RECURENTE CONFORM ANEXA 1 SERVICII RECURENTE CONFORM ANEXA 1 SERVICII RECURENTE DE SECURITATE INFORMATICA la contractul NR. 133/13.8.2025 / Nr. 355/13.,0,org not found in tracker,[],
accounting:BT.R.BIT 82,BT.R.BIT 82,DIGITIZE TECH S.R.L.,exact,2025-11-26,RON,,,15125,SCORED,LOW,BLUE-MDR-C-10,Contract de furnizare servicii DT25090101/1.9.2025,,2025,BSS,servicii de MDR,"SERVICII RECURENTE CONFORM ANEXA 1 SERVICII RECURENTE CONFORM ANEXA 1 Servicii de monitorizare SOC, conform anexe 1 la Contractul nr. DT25090101/1.09.2025",2,org exact; score=10 margin=0 on [data final (58d)]; 2 distinct part# near top,"[{""pn"":""BLUE-MDR-C-10"",""score"":10,""on"":[""data final (58d)""],""ref"":""Contract de furnizare servicii DT2509010"",""desc"":""servicii de MDR""},{""pn"":""RED-VA-I-B-100"",""score"":10,""on"":[""data final (58d)""],""ref"":""Contract de furnizare servicii DT2509010"",""desc"":""servicii de VA""}]",
accounting:BT.R.BIT 83,BT.R.BIT 83,S.I.E.P.C.O.F.A.R. SA,none,2025-11-26,RON,storno,1539.65,-7835.28,UNRESOLVED,NONE,,,,,,,"SERVICII CONFORM CONTRACT NR. 296 / 06.08.2024 SERVICII CONFORM CONTRACT NR. 296 / 06.08.2024 ACT ADITIONAL NR. 2 DIN 3.9.2025 , 1539.65 EUR+TVA la cursul BNR 5",0,org not found in tracker,[],
accounting:BT.R.BIT 84,BT.R.BIT 84,S.I.E.P.C.O.F.A.R. SA,none,2025-11-26,RON,storno,1539.65,-7835.28,UNRESOLVED,NONE,,,,,,,"SERVICII CONFORM CONTRACT NR. 296 / 06.08.2024 SERVICII CONFORM CONTRACT NR. 296 / 06.08.2024 ACT ADITIONAL NR. 2 DIN 3.9.2025 , 1539.65 EUR+TVA la cursul BNR 5",0,org not found in tracker,[],
accounting:BT.R.BIT 85,BT.R.BIT 85,DONA. LOGISTICA S.A.,exact,2025-11-26,RON,,1539.65,9480.69,DETERMINISTIC,HIGH,BLUE-MDR-C-725,296/6.8.2024,,2024,BSS,servicii de MDR,"SERVICII CONFORM CONTRACT NR. 296 / 06.08.2024 SERVICII CONFORM CONTRACT NR. 296 / 06.08.2024 ACT ADITIONAL NR. 2 DIN 3.9.2025 , 1539.65 EUR+TVA la cursul BNR 5",2,org exact; unique part# via contract 296,"[{""pn"":""BLUE-MDR-C-725"",""score"":100,""on"":[""contract#""],""ref"":""296/6.8.2024"",""desc"":""servicii de MDR""},{""pn"":""BLUE-MDR-C-725"",""score"":100,""on"":[""contract#""],""ref"":""ACT ADITIONAL NR. 2 DIN 3.9.2025 la cont"",""desc"":""servicii de MDR""}]",
accounting:BT.R.BIT 86,BT.R.BIT 86,DONA. LOGISTICA S.A.,exact,2025-11-26,RON,,1539.65,9480.69,DETERMINISTIC,HIGH,BLUE-MDR-C-725,296/6.8.2024,,2024,BSS,servicii de MDR,"SERVICII CONFORM CONTRACT NR. 296 / 06.08.2024 SERVICII CONFORM CONTRACT NR. 296 / 06.08.2024 ACT ADITIONAL NR. 2 DIN 3.9.2025 , 1539.65 EUR+TVA la cursul BNR 5",2,org exact; unique part# via contract 296,"[{""pn"":""BLUE-MDR-C-725"",""score"":100,""on"":[""contract#""],""ref"":""296/6.8.2024"",""desc"":""servicii de MDR""},{""pn"":""BLUE-MDR-C-725"",""score"":100,""on"":[""contract#""],""ref"":""ACT ADITIONAL NR. 2 DIN 3.9.2025 la cont"",""desc"":""servicii de MDR""}]",
accounting:BT.BIT 1000,BT.BIT 1000,SELGROS CASH & CARRY SRL,exact,2025-11-28,RON,,2733.75,16837.22,SCORED,MEDIUM,RED-AUDIT-A-20,234/15.11.2022,,2022,BSS,SERVICII DE SECURITATE INFORMATICA,Servicii de Etapa 3 : Servicii de Etapa 3 : Definire masuri control conform Act aditional nr. 3 din 11.3.2025 la Contractul de prestari servicii Nr. 234/15.11.2,21,org exact; score=51 margin=0 on [contract#]; 5 distinct part# near top,"[{""pn"":""RED-AUDIT-A-20"",""score"":51,""on"":[""contract#""],""ref"":""234/15.11.2022"",""desc"":""SERVICII DE SECURITATE INFORMATICA""},{""pn"":""RED-PEN-B-I-BP-200"",""score"":51,""on"":[""contract#""],""ref"":""234/15.11.2022"",""desc"":""SERVICII DE SECURITATE INFORMATICA""},{""pn"":""BLUE-IR-OC-5"",""score"":51,""on"":[""contract#""],""ref"":""234/15.11.2022"",""desc"":""SERVICII RECURENTE DE SECURITATE INFORMATICA - On-call Incid""}]",
accounting:BT.BIT 1001,BT.BIT 1001,SELGROS CASH & CARRY SRL,exact,2025-11-28,RON,,33415,20580.37,SCORED,MEDIUM,RED-AUDIT-A-20,234/15.11.2022,,2022,BSS,SERVICII DE SECURITATE INFORMATICA,50% din Servicii de revizuire si implementare a politicilor 50% din Servicii de revizuire si implementare a politicilor ?i masurilor: Etapa 1 : Revizuirea docum,21,org exact; score=51 margin=0 on [contract#]; 4 distinct part# near top,"[{""pn"":""RED-AUDIT-A-20"",""score"":51,""on"":[""contract#""],""ref"":""234/15.11.2022"",""desc"":""SERVICII DE SECURITATE INFORMATICA""},{""pn"":""RED-PEN-B-I-BP-200"",""score"":51,""on"":[""contract#""],""ref"":""234/15.11.2022"",""desc"":""SERVICII DE SECURITATE INFORMATICA""},{""pn"":""BLUE-IR-OC-5"",""score"":51,""on"":[""contract#""],""ref"":""234/15.11.2022"",""desc"":""SERVICII RECURENTE DE SECURITATE INFORMATICA - On-call Incid""}]",
accounting:BT.BIT 1002,BT.BIT 1002,ORANGE ROMANIA SA,exact,2025-12-03,RON,,5400,33253.49,SCORED,LOW,PHISH-P-L-YY-F-<410>-<12>,18.02.2026,final,2026,BSS,Phish Enterprise Fully-Managed Monthly License,"Penetration Testing Services, SMART MANAGEMENT INVEST SRL Penetration Testing Services, SMART MANAGEMENT INVEST SRL Nr Notificare O1250433, Nr PO PO00152834, Nr",37,"org exact; score=38 margin=0 on [amount~final, data final (98d)]; 4 distinct part# near top","[{""pn"":""PHISH-P-L-YY-F-<410>-<12>"",""score"":38,""on"":[""amount~final"",""data final (98d)""],""ref"":""18.02.2026"",""desc"":""Phish Enterprise Fully-Managed Monthly License""},{""pn"":""RED-PEN-B-E-B-9"",""score"":38,""on"":[""amount~final"",""data final (51d)""],""ref"":""04.09.2025"",""desc"":""servicii de pentest""},{""pn"":""RED-PEN-B-I-B-20"",""score"":33,""on"":[""amount~final"",""data final (341d)""],""ref"":""28.11.2024"",""desc"":""servicii de pentest""}]",
accounting:BT.BIT 1003,BT.BIT 1003,PRO TV SRL,exact,2025-12-04,RON,,1800,11088.2,SCORED,MEDIUM,CONSULTANCY-MISC-23,Comanda CC_FIT 201PO0103808,final,2025,BSS,servicii de investigare,Servicii conform comanda CC\_FIT 201PO0103808 Servicii conform comanda CC\_FIT 201PO0103808 din 18.11.2025 la Contract nr. 315 din 24.10.2024( 1.800 euro+TVA la,8,"org exact; score=46 margin=30 on [amount~final, data final (0d)]; 1 distinct part# near top","[{""pn"":""CONSULTANCY-MISC-23"",""score"":46,""on"":[""amount~final"",""data final (0d)""],""ref"":""Comanda CC_FIT 201PO0103808"",""desc"":""servicii de investigare""},{""pn"":""RED-PEN-B-E-B-7"",""score"":16,""on"":[""data final (10d)""],""ref"":""Comanda ferma CC_FIT 201PO0103125"",""desc"":""servicii de pentest""},{""pn"":""CONSULTANCY-MISC-23"",""score"":9,""on"":[""data final (114d)""],""ref"":""COMANDA FERMA /22.7.2025"",""desc"":""servicii de investigare""}]",
accounting:BT.BIT 1004,BT.BIT 1004,ELECTRO-ALFA INTERNATIONAL SRL,exact,2025-12-10,RON,,6050,30792.69,SCORED,MEDIUM,RED-PEN-B-I-B-8,339/8.4.2025,,2026,BSS,servicii de pentest,Servicii conform Comanda Nr. 1 Servicii conform Comanda Nr. 1 la Contract NR. 339/8.4.2025 1 x PHISH ENTERPRISE administrat complet 1 x Instruire de constientiz,3,"org exact; score=59 margin=5 on [contract#, data avans (96d)]; 2 distinct part# near top","[{""pn"":""RED-PEN-B-I-B-8"",""score"":59,""on"":[""contract#"",""data avans (96d)""],""ref"":""339/8.4.2025"",""desc"":""servicii de pentest""},{""pn"":""RED-PEN-RED-ST-30"",""score"":54,""on"":[""contract#"",""data avans (226d)""],""ref"":""339/8.4.2025"",""desc"":""servicii de redteam""},{""pn"":""PHISH-P-L-YY-F-<400>-<12>"",""score"":17,""on"":[""data final (0d)""],""ref"":""Comanda 1 21.11.2025"",""desc"":""Phish Enterprise - Training 3 luni (500 angajati)""}]",
accounting:BT.BIT 1005,BT.BIT 1005,ELECTRO-ALFA INTERNATIONAL SRL,exact,2025-12-10,RON,storno,-5000,-25448.5,SCORED,MEDIUM,RED-PEN-B-I-B-8,339/8.4.2025,,2026,BSS,servicii de pentest,Servicii conform Comanda Nr. 1 Servicii conform Comanda Nr. 1 la Contract NR. 339/8.4.2025 1 x PHISH ENTERPRISE administrat complet 1 x Instruire de constientiz,3,"org exact; score=59 margin=5 on [contract#, data avans (96d)]; 2 distinct part# near top; storno","[{""pn"":""RED-PEN-B-I-B-8"",""score"":59,""on"":[""contract#"",""data avans (96d)""],""ref"":""339/8.4.2025"",""desc"":""servicii de pentest""},{""pn"":""RED-PEN-RED-ST-30"",""score"":54,""on"":[""contract#"",""data avans (226d)""],""ref"":""339/8.4.2025"",""desc"":""servicii de redteam""},{""pn"":""PHISH-P-L-YY-F-<400>-<12>"",""score"":16,""on"":[""data final (0d)""],""ref"":""Comanda 1 21.11.2025"",""desc"":""Phish Enterprise - Training 3 luni (500 angajati)""}]",
accounting:BT.BIT 1006,BT.BIT 1006,ELECTRO-ALFA INTERNATIONAL S.A.,exact,2025-12-10,RON,,5000,30792.69,SCORED,HIGH,RED-PEN-B-I-B-8,339/8.4.2025,total,2026,BSS,servicii de pentest,Servicii conform Comanda Nr. 1 Servicii conform Comanda Nr. 1 la Contract NR. 339/8.4.2025 1 x PHISH ENTERPRISE administrat complet 1 x Instruire de con?tientiz,3,"org exact; score=81 margin=27 on [contract#, amount~total, data avans (96d)]; 1 distinct part# near top","[{""pn"":""RED-PEN-B-I-B-8"",""score"":81,""on"":[""contract#"",""amount~total"",""data avans (96d)""],""ref"":""339/8.4.2025"",""desc"":""servicii de pentest""},{""pn"":""RED-PEN-RED-ST-30"",""score"":54,""on"":[""contract#"",""data avans (226d)""],""ref"":""339/8.4.2025"",""desc"":""servicii de redteam""},{""pn"":""PHISH-P-L-YY-F-<400>-<12>"",""score"":47,""on"":[""amount~final"",""data final (0d)""],""ref"":""Comanda 1 21.11.2025"",""desc"":""Phish Enterprise - Training 3 luni (500 angajati)""}]",
accounting:BT.BIT 1007,BT.BIT 1007,FARMEC SA,exact,2025-12-23,RON,,7900,48637.15,SCORED,MEDIUM,CONSULTANCY-MISC-30,contract cadru cu diverse servicii de securitate 283/22.01.2024,final,2025,BSS,servicii de consultanta,"Servicii conform Act Aditional nr. 2 din 22.12.2025 Servicii conform Act Aditional nr. 2 din 22.12.2025 la Contractul de prestari servicii nr. 280/16.1.2024( 7,",4,"org exact; score=46 margin=45 on [amount~final, data final (0d)]; 1 distinct part# near top","[{""pn"":""CONSULTANCY-MISC-30"",""score"":46,""on"":[""amount~final"",""data final (0d)""],""ref"":""contract cadru cu diverse servicii de se"",""desc"":""servicii de consultanta""},{""pn"":""RED-PEN-B-E-B-5"",""score"":1,""on"":[],""ref"":""contract cadru cu diverse servicii de se"",""desc"":""servicii de pentest""},{""pn"":""CONSULTANCY-MISC-8"",""score"":1,""on"":[],""ref"":""contract cadru cu diverse servicii de se"",""desc"":""servicii de darkweb monitoring""}]",
accounting:BT.BIT 1008,BT.BIT 1008,CERTSIGN SA,exact,2025-12-23,RON,,9318,57367.21,SCORED,LOW,RED-PEN-M-G-1,nr 2,final,2022,BSS,pentest mobila,SERVICII CONFORM ctr 45/B77A/25075.02C din 27.05.2025 SERVICII CONFORM ctr 45/B77A/25075.02C din 27.05.2025 si a comenzii nr 2 din 23.10.2025( 9318 euro + tva l,13,org exact; score=30 margin=10 on [amount~final]; 2 distinct part# near top,"[{""pn"":""RED-PEN-M-G-1"",""score"":30,""on"":[""amount~final""],""ref"":""nr 2"",""desc"":""pentest mobila""},{""pn"":""CONSULTANCY-MISC-20"",""score"":20,""on"":[""amount~final"",""data avans (98d)""],""ref"":"""",""desc"":""""},{""pn"":""RED-PEN-B-I-BP-150"",""score"":12,""on"":[""amount~total""],""ref"":""1/20.01.2021"",""desc"":""pentest intern/extern""}]",
accounting:BT.BIT 1009,BT.BIT 1009,INFOMED FLUIDS SRL,exact,2025-12-23,RON,avans,3900,24010.74,DETERMINISTIC,HIGH,RED-AUDIT-A-30,NR. 369/5.11.2025,,2025,BSS,servicii de consultanta,Avans 40% din valoarea totala conform ANEXA 1 Avans 40% din valoarea totala conform ANEXA 1 – SERVICII PUNCTUALE DE SECURITATE INFORMATICA LA CONTRACTUL NR. 369,2,org exact; unique part# via contract 369; avans,"[{""pn"":""RED-AUDIT-A-30"",""score"":100,""on"":[""contract#""],""ref"":""NR. 369/5.11.2025"",""desc"":""servicii de consultanta""},{""pn"":""RED-AUDIT-A-30"",""score"":100,""on"":[""contract#""],""ref"":""NR. 369/5.11.2025"",""desc"":""servicii de consultanta""}]",
accounting:BT.R.BIT_ 86,BT.R.BIT_ 86,DONA. LOGISTICA S.A.,exact,2025-12-23,RON,,1539.65,9479.01,DETERMINISTIC,HIGH,BLUE-MDR-C-725,296/6.8.2024,,2024,BSS,servicii de MDR,"SERVICII CONFORM CONTRACT NR. 296 / 06.08.2024 SERVICII CONFORM CONTRACT NR. 296 / 06.08.2024 ACT ADITIONAL NR. 2 DIN 3.9.2025 , 1539.65 EUR+TVA la cursul BNR 5",2,org exact; unique part# via contract 296,"[{""pn"":""BLUE-MDR-C-725"",""score"":100,""on"":[""contract#""],""ref"":""296/6.8.2024"",""desc"":""servicii de MDR""},{""pn"":""BLUE-MDR-C-725"",""score"":100,""on"":[""contract#""],""ref"":""ACT ADITIONAL NR. 2 DIN 3.9.2025 la cont"",""desc"":""servicii de MDR""}]",
accounting:BT.R.BIT 87,BT.R.BIT 87,DONA. LOGISTICA S.A.,exact,2025-12-23,RON,,1539.65,9479.01,DETERMINISTIC,HIGH,BLUE-MDR-C-725,296/6.8.2024,,2024,BSS,servicii de MDR,"SERVICII CONFORM CONTRACT NR. 296 / 06.08.2024 SERVICII CONFORM CONTRACT NR. 296 / 06.08.2024 ACT ADITIONAL NR. 2 DIN 3.9.2025 , 1539.65 EUR+TVA la cursul BNR 5",2,org exact; unique part# via contract 296,"[{""pn"":""BLUE-MDR-C-725"",""score"":100,""on"":[""contract#""],""ref"":""296/6.8.2024"",""desc"":""servicii de MDR""},{""pn"":""BLUE-MDR-C-725"",""score"":100,""on"":[""contract#""],""ref"":""ACT ADITIONAL NR. 2 DIN 3.9.2025 la cont"",""desc"":""servicii de MDR""}]",
accounting:BT.R.BIT 88,BT.R.BIT 88,DONA MARKETING GRUP SRL,none,2025-12-23,RON,,659.85,4062.43,UNRESOLVED,NONE,,,,,,,"SERVICII CONFORM CONTRACT NR. 296 / 06.08.2024 SERVICII CONFORM CONTRACT NR. 296 / 06.08.2024 ACT ADITIONAL NR. 2 DIN 3.9.2025 , 659.85 EUR+TVA la cursul BNR 5.",0,org not found in tracker,[],
accounting:BT.R.BIT 89,BT.R.BIT 89,DONA. CARGO S.R.L.,exact,2025-12-23,RON,,439.9,2708.29,SCORED,LOW,RED-NIS-C-PEN-300,264/04.05.2023,,2023,BSS,servicii de audit + pentest nis,"SERVICII CONFORM CONTRACT NR. 296 / 06.08.2024 SERVICII CONFORM CONTRACT NR. 296 / 06.08.2024 ACT ADITIONAL NR. 2 DIN 3.9.2025 , 439.90 EUR+TVA la cursul BNR 5.",2,org exact; score=1 margin=0 on []; 2 distinct part# near top,"[{""pn"":""RED-NIS-C-PEN-300"",""score"":1,""on"":[],""ref"":""264/04.05.2023"",""desc"":""servicii de audit + pentest nis""},{""pn"":""RED-NIS-C-AUDIT-300"",""score"":1,""on"":[],""ref"":""264/04.05.2023"",""desc"":""servicii de audit + pentest nis""}]",
accounting:BT.R.BIT 90,BT.R.BIT 90,SANVERO HEALTHCARE S.R.L.,none,2025-12-23,RON,,219.95,1354.15,UNRESOLVED,NONE,,,,,,,"SERVICII CONTRACT-CADRU DE PRESTARI SERVICII SERVICII CONTRACT-CADRU DE PRESTARI SERVICII Ctr. NR. 296 / 06.08.2024, 219.95 EUR+TVA la cursul BNR 5.0881",0,org not found in tracker,[],
accounting:BT.R.BIT 91,BT.R.BIT 91,SILKWEB S.A.,exact,2025-12-23,RON,,625,3847.87,DETERMINISTIC,HIGH,RED-PEN-S-G-1,195/29.06.2021,,2021,BSS,pentest web app greybox,"SERVICII ACT ADITIONAL NR. 7 DIN 25.3.2025 SERVICII ACT ADITIONAL NR. 7 DIN 25.3.2025 CONTRACT DE PRESTARI SERVICII Nr. 195/29.06.2021, 625 EUR+TVA la cursul BN",1,org exact; unique part# via contract 195,"[{""pn"":""RED-PEN-S-G-1"",""score"":100,""on"":[""contract#""],""ref"":""195/29.06.2021"",""desc"":""pentest web app greybox""}]",
accounting:BT.R.BIT 92,BT.R.BIT 92,SILKWEB S.A.,exact,2025-12-23,RON,,1350,8311.41,DETERMINISTIC,HIGH,RED-PEN-S-G-1,195/29.06.2021,,2021,BSS,pentest web app greybox,"SERVICII ACT ADITIONAL NR. 8 DIN 25.03.2025 SERVICII ACT ADITIONAL NR. 8 DIN 25.03.2025 CONTRACT DE PRESTARI SERVICII Nr. 195/29.06.2021, 1350 EUR+TVA la cursul",1,org exact; unique part# via contract 195,"[{""pn"":""RED-PEN-S-G-1"",""score"":100,""on"":[""contract#""],""ref"":""195/29.06.2021"",""desc"":""pentest web app greybox""}]",
accounting:BT.R.BIT 93,BT.R.BIT 93,UNITED MEDIA SERVICES SRL,exact,2025-12-23,RON,,1250,7695.75,SCORED,HIGH,BLUE-MDR-C-119,CONTRACT-CADRU DE PRESTARI SERVICII NR. 346/7.7.2025,final,2025,BSS,Servicii de monitorizare MDR,SERVICII CONTRACT DE PRESTARI SERVICII NR. 346/7.7.2025 SERVICII CONTRACT DE PRESTARI SERVICII NR. 346/7.7.2025 1250 EUR+TVA la cursul BNR 5.0881,6,"org exact; score=85 margin=32 on [contract#, amount~final, data final (141d)]; 1 distinct part# near top","[{""pn"":""BLUE-MDR-C-119"",""score"":85,""on"":[""contract#"",""amount~final"",""data final (141d)""],""ref"":""CONTRACT-CADRU DE PRESTARI SERVICII NR. "",""desc"":""Servicii de monitorizare MDR""},{""pn"":""RED-VA-I-S-100"",""score"":53,""on"":[""contract#"",""data final (153d)""],""ref"":""CONTRACT-CADRU DE PRESTARI SERVICII NR. "",""desc"":""VA""},{""pn"":""PHISH-T-FM-FM-100-12"",""score"":53,""on"":[""contract#"",""data final (153d)""],""ref"":""CONTRACT-CADRU DE PRESTARI SERVICII NR. "",""desc"":""Phish Enterprise - Training anual si 1 campanie phish trimes""}]",
accounting:BT.R.BIT 94,BT.R.BIT 94,KEYSIGHT TECHNOLOGIES RO SRL,exact,2025-12-23,RON,,6000,36939.61,SCORED,MEDIUM,KS-MM-RD-2,NO. 5 OF 04.10.2023,final,2023,BSS,RECURRENT INFORMATION SECURITY SERVICES,"PENETRATION TESTING SERVICES FOR DEC 2025 PENETRATION TESTING SERVICES FOR DEC 2025 Purchase Order Number 9068003039, 6000 EUR+TVA la cursul BNR 5.0881",25,"org exact; score=34 margin=30 on [amount~final, data final (141d)]; 1 distinct part# near top","[{""pn"":""KS-MM-RD-2"",""score"":34,""on"":[""amount~final"",""data final (141d)""],""ref"":""NO. 5 OF 04.10.2023"",""desc"":""RECURRENT INFORMATION SECURITY SERVICES""},{""pn"":""KS-MM-RD-2"",""score"":4,""on"":[""data final (355d)""],""ref"":""NO. 5 OF 04.10.2023"",""desc"":""RECURRENT INFORMATION SECURITY SERVICES""},{""pn"":""KS-MM-RD-2"",""score"":4,""on"":[""data final (324d)""],""ref"":""NO. 5 OF 04.10.2023"",""desc"":""RECURRENT INFORMATION SECURITY SERVICES""}]",
accounting:BT.R.BIT 95,BT.R.BIT 95,ORANGE ROMANIA SA,exact,2025-12-23,RON,,,14363.35,SCORED,LOW,PHISH-P-L-YY-F-<410>-<12>,18.02.2026,,2026,BSS,Phish Enterprise Fully-Managed Monthly License,"SERVICII CONFORM: PO PO00120051 24/7 SERVICII CONFORM: PO PO00120051 24/7 O1250396 Incident Notification Hotline, Incident Response Readiness Assessment, Traini",42,org exact; score=10 margin=1 on [data final (78d)]; 30 distinct part# near top,"[{""pn"":""PHISH-P-L-YY-F-<410>-<12>"",""score"":10,""on"":[""data final (78d)""],""ref"":""18.02.2026"",""desc"":""Phish Enterprise Fully-Managed Monthly License""},{""pn"":""ORO-TEM-DEV-100"",""score"":9,""on"":[""data final (69d)""],""ref"":"""",""desc"":""Gestionarea modificărilor și solicitările de\nservicii noi""},{""pn"":""RED-PEN-B-E-B-9"",""score"":9,""on"":[""data final (71d)""],""ref"":""04.09.2025"",""desc"":""servicii de pentest""}]",
accounting:BT.R.BIT 96,BT.R.BIT 96,ORANGE ROMANIA SA,exact,2025-12-23,RON,,1500,9234.9,SCORED,LOW,ORO-TEM-DEV-100,,,2025,BSS,Gestionarea modificărilor și solicitările de servicii noi,"SERVICII CONFORM PO00124685 SERVICII CONFORM PO00124685 O1250399 Servicii Incident Response Advance, UP ROMANIA, 1500 EUR+TVA la cursul BNR 5.0881",32,org exact; score=9 margin=0 on [data final (69d)]; 25 distinct part# near top,"[{""pn"":""ORO-TEM-DEV-100"",""score"":9,""on"":[""data final (69d)""],""ref"":"""",""desc"":""Gestionarea modificărilor și solicitările de\nservicii noi""},{""pn"":""RED-PEN-B-E-B-9"",""score"":9,""on"":[""data final (71d)""],""ref"":""04.09.2025"",""desc"":""servicii de pentest""},{""pn"":""ORO-TEM-L-10000"",""score"":8,""on"":[""data final (69d)""],""ref"":"""",""desc"":""licenta anuala fendly""}]",
accounting:BT.R.BIT 97,BT.R.BIT 97,SELGROS CASH & CARRY SRL,exact,2025-12-23,RON,,250,1539.15,SCORED,HIGH,BLUE-IR-OC-5,234/15.11.2022,final,2022,BSS,SERVICII RECURENTE DE SECURITATE INFORMATICA - On-call Incident Response,ANEXA 2 - SERVICII RECURENTE DE SECURITATE ANEXA 2 - SERVICII RECURENTE DE SECURITATE INFORMATICA On-call Incident Response ACT ADITIONAL NR. 1 din 6.11.2023 CO,25,"org exact; score=88 margin=34 on [contract#, amount~final, desc~0.30]; 1 distinct part# near top","[{""pn"":""BLUE-IR-OC-5"",""score"":88,""on"":[""contract#"",""amount~final"",""desc~0.30""],""ref"":""234/15.11.2022"",""desc"":""SERVICII RECURENTE DE SECURITATE INFORMATICA - On-call Incid""},{""pn"":""CONSULTANCY-MISC-10"",""score"":54,""on"":[""contract#"",""desc~0.16""],""ref"":""234/15.11.2022"",""desc"":""SERVICII RECURENTE DE SECURITATE INFORMATICA - Consultancy S""},{""pn"":""RED-AUDIT-A-20"",""score"":53,""on"":[""contract#""],""ref"":""234/15.11.2022"",""desc"":""SERVICII DE SECURITATE INFORMATICA""}]",
accounting:BT.R.BIT 98,BT.R.BIT 98,SELGROS CASH & CARRY SRL,exact,2025-12-23,RON,,500,3078.3,SCORED,HIGH,CONSULTANCY-MISC-10,234/15.11.2022,final,2022,BSS,SERVICII RECURENTE DE SECURITATE INFORMATICA - Consultancy Services,ANEXA 3 - SERVICII RECURENTE DE SECURITATE ANEXA 3 - SERVICII RECURENTE DE SECURITATE INFORMATICA Consultancy Services ACT ADITIONAL NR. 1 din 6.11.2023 CONTRAC,24,"org exact; score=87 margin=33 on [contract#, amount~final, desc~0.27]; 1 distinct part# near top","[{""pn"":""CONSULTANCY-MISC-10"",""score"":87,""on"":[""contract#"",""amount~final"",""desc~0.27""],""ref"":""234/15.11.2022"",""desc"":""SERVICII RECURENTE DE SECURITATE INFORMATICA - Consultancy S""},{""pn"":""BLUE-IR-OC-5"",""score"":54,""on"":[""contract#"",""desc~0.16""],""ref"":""234/15.11.2022"",""desc"":""SERVICII RECURENTE DE SECURITATE INFORMATICA - On-call Incid""},{""pn"":""RED-AUDIT-A-20"",""score"":53,""on"":[""contract#""],""ref"":""234/15.11.2022"",""desc"":""SERVICII DE SECURITATE INFORMATICA""}]",
accounting:BT.R.BIT 99,BT.R.BIT 99,"SCA ""ZAMFIRESCU RACOTI VASILE AND PARTNERS """,none,2025-12-23,RON,,1150,7080.09,UNRESOLVED,NONE,,,,,,,"SERVICII CONTRACT NR. 284/29.01.2024 SERVICII CONTRACT NR. 284/29.01.2024 ANEXA 1 - SERVICII RECURENTE DE SECURITATE, 1150 EUR+TVA la cursul BNR 5.0881",0,org not found in tracker,[],
accounting:BT.R.BIT 100,BT.R.BIT 100,NESTLERS & PARTNERS SRL,exact,2025-12-23,RON,,500,3078.3,SCORED,HIGH,BLUE-MDR-C-5,Nr. 273/02.10.2023,final,2024,BSS,servicii de MDR,"SERVICII CONTRACT 273/02.10.2023 SERVICII CONTRACT 273/02.10.2023 ACT ADITIONAL NR. 1 DIN 19.03.2024, 500 EUR+TVA la cursul BNR 5.0881",3,"org exact; score=82 margin=0 on [contract#, amount~final]; 1 distinct part# near top","[{""pn"":""BLUE-MDR-C-5"",""score"":82,""on"":[""contract#"",""amount~final""],""ref"":""Nr. 273/02.10.2023"",""desc"":""servicii de MDR""},{""pn"":""BLUE-MDR-C-5"",""score"":82,""on"":[""contract#"",""amount~final""],""ref"":""Nr. 273/02.10.2023"",""desc"":""servicii de MDR""},{""pn"":""RED-PEN-B-E-B-5"",""score"":51,""on"":[""contract#""],""ref"":""273/02.10.2023"",""desc"":""servicii de pentest""}]",
accounting:BT.R.BIT 101,BT.R.BIT 101,MILLENIUM PRO DESIGN SRL,exact,2025-12-23,RON,,1800,11081.88,SCORED,HIGH,BLUE-MDR-C-12,Act aditional nr. 1 din 21.3.2025 la contractul Nr. 325/15.1.2025,final,2025,BSS,servicii de MDR,SERVICII RECURENTE DE SECURITATE INFORMATICA SERVICII RECURENTE DE SECURITATE INFORMATICA Conform Anexa 1 la Contractul de prestari servicii nr. 325 din 31.3.20,3,"org exact; score=84 margin=30 on [contract#, amount~final, data final (237d)]; 1 distinct part# near top","[{""pn"":""BLUE-MDR-C-12"",""score"":84,""on"":[""contract#"",""amount~final"",""data final (237d)""],""ref"":""Act aditional nr. 1 din 21.3.2025 la con"",""desc"":""servicii de MDR""},{""pn"":""BLUE-IR-5"",""score"":54,""on"":[""contract#"",""data avans (334d)""],""ref"":""Nr. 325/15.1.2025"",""desc"":""servicii de investigatie""},{""pn"":""RED-PEN-B-I-B-50"",""score"":54,""on"":[""contract#"",""data avans (334d)""],""ref"":""Nr. 325/15.1.2025"",""desc"":""servicii de pentest""}]",
accounting:BT.R.BIT 102,BT.R.BIT 102,GRAFTEX PRODCOM SRL,exact,2025-12-23,RON,,1100,6772.26,DETERMINISTIC,HIGH,BLUE-MDR-C-6,Contract cadru de prestari servicii nr. 334 din 31.3.2025,,2025,BSS,servicii de MDR,SERVICII RECURENTE DE SECURITATE INFORMATICA SERVICII RECURENTE DE SECURITATE INFORMATICA Conform Anexa 1 la Contractul de prestari servicii nr. 334 din 31.3.20,1,org exact; unique part# via contract 334,"[{""pn"":""BLUE-MDR-C-6"",""score"":100,""on"":[""contract#""],""ref"":""Contract cadru de prestari servicii nr. "",""desc"":""servicii de MDR""}]",
accounting:BT.R.BIT 103,BT.R.BIT 103,ART & CRAFT DESIGN SRL,exact,2025-12-23,RON,,400,2462.64,DETERMINISTIC,HIGH,BLUE-MDR-C-6,Contract cadru de prestari servicii nr. 335 din 31.3.2025,,2025,BSS,servicii de MDR,SERVICII RECURENTE DE SECURITATE INFORMATICA SERVICII RECURENTE DE SECURITATE INFORMATICA Conform Anexa 1 la Contractul de prestari servicii nr. 335 din 31.3.20,1,org exact; unique part# via contract 335,"[{""pn"":""BLUE-MDR-C-6"",""score"":100,""on"":[""contract#""],""ref"":""Contract cadru de prestari servicii nr. "",""desc"":""servicii de MDR""}]",
accounting:BT.R.BIT 104,BT.R.BIT 104,PRIMONET RO SRL,exact,2025-12-23,RON,,500,3078.3,DETERMINISTIC,HIGH,BLUE-MDR-C-5,332/3.3.2025,,2025,BSS,servicii de MDR,"SERVICII RECURENTE DE SECURITATE INFORMATICA SERVICII RECURENTE DE SECURITATE INFORMATICA Conform Contractul nr. 332/3.3.2025, 500 EUR+TVA la cursul BNR 5.0881",2,org exact; unique part# via contract 332,"[{""pn"":""BLUE-MDR-C-5"",""score"":100,""on"":[""contract#""],""ref"":""332/3.3.2025"",""desc"":""servicii de MDR""},{""pn"":""BLUE-MDR-C-5"",""score"":100,""on"":[""contract#""],""ref"":""332/3.3.2025"",""desc"":""servicii de MDR""}]",
accounting:BT.R.BIT 105,BT.R.BIT 105,DECO CENTER SRL,none,2025-12-23,RON,,344.25,2119.41,UNRESOLVED,NONE,,,,,,,SERVICII RECURENTE CONFORM ANEXA 1 SERVICII RECURENTE CONFORM ANEXA 1 SERVICII RECURENTE DE SECURITATE INFORMATICA la contractul NR. 880/13.08.2025 / NR. 353/13,0,org not found in tracker,[],
accounting:BT.R.BIT 106,BT.R.BIT 106,LAMAJOLE S.R.L.,none,2025-12-23,RON,,344.25,2119.41,UNRESOLVED,NONE,,,,,,,SERVICII RECURENTE CONFORM ANEXA 1 SERVICII RECURENTE CONFORM ANEXA 1 SERVICII RECURENTE DE SECURITATE INFORMATICA la contractul NR. 1022/13.08.2025 / NR. 1022/,0,org not found in tracker,[],
accounting:BT.R.BIT 107,BT.R.BIT 107,MENDOLA PRO SRL,none,2025-12-23,RON,,344.25,2119.41,UNRESOLVED,NONE,,,,,,,SERVICII RECURENTE CONFORM ANEXA 1 SERVICII RECURENTE CONFORM ANEXA 1 SERVICII RECURENTE DE SECURITATE INFORMATICA la contractul NR. 1223/13.08.2025 / NR. 352/1,0,org not found in tracker,[],
accounting:BT.R.BIT 108,BT.R.BIT 108,ROSECO SRL,none,2025-12-23,RON,,344.25,2119.41,UNRESOLVED,NONE,,,,,,,SERVICII RECURENTE CONFORM ANEXA 1 SERVICII RECURENTE CONFORM ANEXA 1 SERVICII RECURENTE DE SECURITATE INFORMATICA la contractul NR. 133/13.8.2025 / Nr. 355/13.,0,org not found in tracker,[],
accounting:BT.R.BIT 109,BT.R.BIT 109,DIGITIZE TECH S.R.L.,exact,2025-12-23,RON,,,15125,SCORED,LOW,BLUE-MDR-C-10,Contract de furnizare servicii DT25090101/1.9.2025,,2025,BSS,servicii de MDR,"SERVICII RECURENTE CONFORM ANEXA 1 SERVICII RECURENTE CONFORM ANEXA 1 Servicii de monitorizare SOC, conform anexe 1 la Contractul nr. DT25090101/1.09.2025",2,org exact; score=10 margin=0 on [data final (85d)]; 2 distinct part# near top,"[{""pn"":""BLUE-MDR-C-10"",""score"":10,""on"":[""data final (85d)""],""ref"":""Contract de furnizare servicii DT2509010"",""desc"":""servicii de MDR""},{""pn"":""RED-VA-I-B-100"",""score"":10,""on"":[""data final (85d)""],""ref"":""Contract de furnizare servicii DT2509010"",""desc"":""servicii de VA""}]",
accounting:BT.BIT 1010,BT.BIT 1010,ORANGE ROMANIA SA,exact,2026-01-12,RON,,18750,246139.16,SCORED,LOW,BLUE-INTEGRATION,28.11.2024,final,2024,BSS,servicii de consultanta,"Backend Development and Integration Backend Development and Integration Nr Notificare C1252456, PO00160149, Nr Receptie OPA_74359, (18.750 euro+TVA la cursul BN",30,"org exact; score=26 margin=3 on [amount~final, data final (328d)]; 5 distinct part# near top","[{""pn"":""BLUE-INTEGRATION"",""score"":26,""on"":[""amount~final"",""data final (328d)""],""ref"":""28.11.2024"",""desc"":""servicii de consultanta""},{""pn"":""ORO-TEM-DEV-100"",""score"":23,""on"":[""amount~final""],""ref"":""PO00062657"",""desc"":""Software development\nservices for CR4\nimplementation""},{""pn"":""CYBEREDU-MISC"",""score"":22,""on"":[""amount~final""],""ref"":""PO 40407868"",""desc"":""multiple services""}]","[{""service"":""Backend Development and Integration | Backend Development an"",""partNumber"":""BLUE-INTEGRATION"",""score"":26,""on"":[""amount~final"",""data final (328d)""]},{""service"":""Deployment and Bug Tracking | Deployment and Bug Tracking | "",""partNumber"":""RED-PEN-B-I-B-50"",""score"":22,""on"":[""amount~final""]},{""service"":""Frontend Development and Integration | Frontend Development "",""partNumber"":""RED-PEN-B-E-B-25"",""score"":33,""on"":[""amount~final"",""data final (208d)""]}]"
accounting:BT.BIT 1011,BT.BIT 1011,ORANGE ROMANIA SA,exact,2026-01-20,RON,,11922.53,60710.71,SCORED,LOW,CYBEREDU-RUN-EX-1,,final,2024,CYE,,"Servicii profesionale, U.M. 0296 Bucuresti Servicii profesionale, U.M. 0296 Bucuresti Nr Notificare O1251991, PO00161296, Nr Receptie 11014204",34,org exact; score=30 margin=8 on [amount~final]; 4 distinct part# near top,"[{""pn"":""CYBEREDU-RUN-EX-1"",""score"":30,""on"":[""amount~final""],""ref"":"""",""desc"":""""},{""pn"":""RED-MISC-10"",""score"":22,""on"":[""amount~final""],""ref"":""PO 40448315"",""desc"":""teste de tip pentest stress test""},{""pn"":""ORO-TEM-DEV-100"",""score"":22,""on"":[""amount~final""],""ref"":""PO00032455"",""desc"":""extra dev tem""}]",
accounting:BT.R.BIT 113,BT.R.BIT 113,DONA. LOGISTICA S.A.,exact,2026-01-20,RON,,1539.65,9486.46,DETERMINISTIC,HIGH,BLUE-MDR-C-725,296/6.8.2024,,2024,BSS,servicii de MDR,"SERVICII CONFORM CONTRACT NR. 296 / 06.08.2024 SERVICII CONFORM CONTRACT NR. 296 / 06.08.2024 ACT ADITIONAL NR. 2 DIN 3.9.2025 , 1539.65 EUR+TVA la cursul BNR 5",2,org exact; unique part# via contract 296,"[{""pn"":""BLUE-MDR-C-725"",""score"":100,""on"":[""contract#""],""ref"":""296/6.8.2024"",""desc"":""servicii de MDR""},{""pn"":""BLUE-MDR-C-725"",""score"":100,""on"":[""contract#""],""ref"":""ACT ADITIONAL NR. 2 DIN 3.9.2025 la cont"",""desc"":""servicii de MDR""}]",
accounting:BT.R.BIT 114,BT.R.BIT 114,DONA. LOGISTICA S.A.,exact,2026-01-20,RON,,1539.65,9486.46,DETERMINISTIC,HIGH,BLUE-MDR-C-725,296/6.8.2024,,2024,BSS,servicii de MDR,"SERVICII CONFORM CONTRACT NR. 296 / 06.08.2024 SERVICII CONFORM CONTRACT NR. 296 / 06.08.2024 ACT ADITIONAL NR. 2 DIN 3.9.2025 , 1539.65 EUR+TVA la cursul BNR 5",2,org exact; unique part# via contract 296,"[{""pn"":""BLUE-MDR-C-725"",""score"":100,""on"":[""contract#""],""ref"":""296/6.8.2024"",""desc"":""servicii de MDR""},{""pn"":""BLUE-MDR-C-725"",""score"":100,""on"":[""contract#""],""ref"":""ACT ADITIONAL NR. 2 DIN 3.9.2025 la cont"",""desc"":""servicii de MDR""}]",
accounting:BT.R.BIT 115,BT.R.BIT 115,DONA MARKETING GRUP SRL,none,2026-01-20,RON,,659.85,4065.62,UNRESOLVED,NONE,,,,,,,"SERVICII CONFORM CONTRACT NR. 296 / 06.08.2024 SERVICII CONFORM CONTRACT NR. 296 / 06.08.2024 ACT ADITIONAL NR. 2 DIN 3.9.2025 , 659.85 EUR+TVA la cursul BNR 5.",0,org not found in tracker,[],
accounting:BT.R.BIT 116,BT.R.BIT 116,DONA. CARGO S.R.L.,exact,2026-01-20,RON,,439.9,2710.41,SCORED,LOW,RED-NIS-C-PEN-300,264/04.05.2023,,2023,BSS,servicii de audit + pentest nis,"SERVICII CONFORM CONTRACT NR. 296 / 06.08.2024 SERVICII CONFORM CONTRACT NR. 296 / 06.08.2024 ACT ADITIONAL NR. 2 DIN 3.9.2025 , 439.90 EUR+TVA la cursul BNR 5.",2,org exact; score=1 margin=0 on []; 2 distinct part# near top,"[{""pn"":""RED-NIS-C-PEN-300"",""score"":1,""on"":[],""ref"":""264/04.05.2023"",""desc"":""servicii de audit + pentest nis""},{""pn"":""RED-NIS-C-AUDIT-300"",""score"":1,""on"":[],""ref"":""264/04.05.2023"",""desc"":""servicii de audit + pentest nis""}]",
accounting:BT.R.BIT 117,BT.R.BIT 117,SANVERO HEALTHCARE S.R.L.,none,2026-01-20,RON,,219.95,1355.21,UNRESOLVED,NONE,,,,,,,"SERVICII CONTRACT-CADRU DE PRESTARI SERVICII SERVICII CONTRACT-CADRU DE PRESTARI SERVICII Ctr. NR. 296 / 06.08.2024, 219.95 EUR+TVA la cursul BNR 5.0921",0,org not found in tracker,[],
accounting:BT.R.BIT 118,BT.R.BIT 118,SILKWEB S.A.,exact,2026-01-20,RON,,625,3850.9,DETERMINISTIC,HIGH,RED-PEN-S-G-1,195/29.06.2021,,2021,BSS,pentest web app greybox,"SERVICII ACT ADITIONAL NR. 7 DIN 25.3.2025 SERVICII ACT ADITIONAL NR. 7 DIN 25.3.2025 CONTRACT DE PRESTARI SERVICII Nr. 195/29.06.2021, 625 EUR+TVA la cursul BN",1,org exact; unique part# via contract 195,"[{""pn"":""RED-PEN-S-G-1"",""score"":100,""on"":[""contract#""],""ref"":""195/29.06.2021"",""desc"":""pentest web app greybox""}]",
accounting:BT.R.BIT 119,BT.R.BIT 119,SILKWEB S.A.,exact,2026-01-20,RON,,1350,8317.95,DETERMINISTIC,HIGH,RED-PEN-S-G-1,195/29.06.2021,,2021,BSS,pentest web app greybox,"SERVICII ACT ADITIONAL NR. 8 DIN 25.03.2025 SERVICII ACT ADITIONAL NR. 8 DIN 25.03.2025 CONTRACT DE PRESTARI SERVICII Nr. 195/29.06.2021, 1350 EUR+TVA la cursul",1,org exact; unique part# via contract 195,"[{""pn"":""RED-PEN-S-G-1"",""score"":100,""on"":[""contract#""],""ref"":""195/29.06.2021"",""desc"":""pentest web app greybox""}]",
accounting:BT.R.BIT 120,BT.R.BIT 120,UNITED MEDIA SERVICES SRL,exact,2026-01-20,RON,,1250,7701.8,SCORED,HIGH,BLUE-MDR-C-119,CONTRACT-CADRU DE PRESTARI SERVICII NR. 346/7.7.2025,final,2025,BSS,Servicii de monitorizare MDR,SERVICII CONTRACT DE PRESTARI SERVICII NR. 346/7.7.2025 SERVICII CONTRACT DE PRESTARI SERVICII NR. 346/7.7.2025 1250 EUR+TVA la cursul BNR 5.0921,6,"org exact; score=85 margin=32 on [contract#, amount~final, data final (169d)]; 1 distinct part# near top","[{""pn"":""BLUE-MDR-C-119"",""score"":85,""on"":[""contract#"",""amount~final"",""data final (169d)""],""ref"":""CONTRACT-CADRU DE PRESTARI SERVICII NR. "",""desc"":""Servicii de monitorizare MDR""},{""pn"":""RED-VA-I-S-100"",""score"":53,""on"":[""contract#"",""data final (181d)""],""ref"":""CONTRACT-CADRU DE PRESTARI SERVICII NR. "",""desc"":""VA""},{""pn"":""PHISH-T-FM-FM-100-12"",""score"":53,""on"":[""contract#"",""data final (181d)""],""ref"":""CONTRACT-CADRU DE PRESTARI SERVICII NR. "",""desc"":""Phish Enterprise - Training anual si 1 campanie phish trimes""}]",
accounting:BT.R.BIT 121,BT.R.BIT 121,KEYSIGHT TECHNOLOGIES RO SRL,exact,2026-01-20,RON,,6000,36968.65,SCORED,MEDIUM,KS-MM-RD-2,NO. 5 OF 04.10.2023,final,2023,BSS,RECURRENT INFORMATION SECURITY SERVICES,"PENETRATION TESTING SERVICES FOR JAN 2026 PENETRATION TESTING SERVICES FOR JAN 2026 Purchase Order Number 9068003039, 6000 EUR+TVA la cursul BNR 5.0921",25,"org exact; score=34 margin=30 on [amount~final, data final (169d)]; 1 distinct part# near top","[{""pn"":""KS-MM-RD-2"",""score"":34,""on"":[""amount~final"",""data final (169d)""],""ref"":""NO. 5 OF 04.10.2023"",""desc"":""RECURRENT INFORMATION SECURITY SERVICES""},{""pn"":""KS-MM-RD-2"",""score"":4,""on"":[""data final (352d)""],""ref"":""NO. 5 OF 04.10.2023"",""desc"":""RECURRENT INFORMATION SECURITY SERVICES""},{""pn"":""KS-MM-RD-2"",""score"":4,""on"":[""data final (223d)""],""ref"":""NO. 5 OF 04.10.2023"",""desc"":""RECURRENT INFORMATION SECURITY SERVICES""}]",
accounting:BT.R.BIT 122,BT.R.BIT 122,ORANGE ROMANIA SA,exact,2026-01-20,RON,,,14374.64,SCORED,LOW,PHISH-P-L-YY-F-<410>-<12>,18.02.2026,,2026,BSS,Phish Enterprise Fully-Managed Monthly License,"SERVICII CONFORM: PO PO00120051 24/7 SERVICII CONFORM: PO PO00120051 24/7 O1252383 Incident Notification Hotline, Incident Response Readiness Assessment, Traini",41,org exact; score=10 margin=1 on [data final (50d)]; 29 distinct part# near top,"[{""pn"":""PHISH-P-L-YY-F-<410>-<12>"",""score"":10,""on"":[""data final (50d)""],""ref"":""18.02.2026"",""desc"":""Phish Enterprise Fully-Managed Monthly License""},{""pn"":""ORO-TEM-DEV-100"",""score"":9,""on"":[""data final (97d)""],""ref"":"""",""desc"":""Gestionarea modificărilor și solicitările de\nservicii noi""},{""pn"":""RED-PEN-B-E-B-9"",""score"":9,""on"":[""data final (99d)""],""ref"":""04.09.2025"",""desc"":""servicii de pentest""}]",
accounting:BT.R.BIT 123,BT.R.BIT 123,ORANGE ROMANIA SA,exact,2026-01-20,RON,,1500,9242.16,SCORED,LOW,ORO-TEM-DEV-100,,,2025,BSS,Gestionarea modificărilor și solicitările de servicii noi,"SERVICII CONFORM PO00124685 SERVICII CONFORM PO00124685 O1252385 Servicii Incident Response Advance, UP ROMANIA, 1500 EUR+TVA la cursul BNR 5.0921",31,org exact; score=9 margin=0 on [data final (97d)]; 25 distinct part# near top,"[{""pn"":""ORO-TEM-DEV-100"",""score"":9,""on"":[""data final (97d)""],""ref"":"""",""desc"":""Gestionarea modificărilor și solicitările de\nservicii noi""},{""pn"":""RED-PEN-B-E-B-9"",""score"":9,""on"":[""data final (99d)""],""ref"":""04.09.2025"",""desc"":""servicii de pentest""},{""pn"":""ORO-TEM-L-10000"",""score"":8,""on"":[""data final (97d)""],""ref"":"""",""desc"":""licenta anuala fendly""}]",
accounting:BT.R.BIT 124,BT.R.BIT 124,SELGROS CASH & CARRY SRL,exact,2026-01-20,RON,,250,1540.37,SCORED,HIGH,BLUE-IR-OC-5,234/15.11.2022,final,2022,BSS,SERVICII RECURENTE DE SECURITATE INFORMATICA - On-call Incident Response,ANEXA 2 - SERVICII RECURENTE DE SECURITATE ANEXA 2 - SERVICII RECURENTE DE SECURITATE INFORMATICA On-call Incident Response ACT ADITIONAL NR. 1 din 6.11.2023 CO,25,"org exact; score=88 margin=34 on [contract#, amount~final, desc~0.30]; 1 distinct part# near top","[{""pn"":""BLUE-IR-OC-5"",""score"":88,""on"":[""contract#"",""amount~final"",""desc~0.30""],""ref"":""234/15.11.2022"",""desc"":""SERVICII RECURENTE DE SECURITATE INFORMATICA - On-call Incid""},{""pn"":""CONSULTANCY-MISC-10"",""score"":54,""on"":[""contract#"",""desc~0.16""],""ref"":""234/15.11.2022"",""desc"":""SERVICII RECURENTE DE SECURITATE INFORMATICA - Consultancy S""},{""pn"":""RED-AUDIT-A-20"",""score"":53,""on"":[""contract#""],""ref"":""234/15.11.2022"",""desc"":""SERVICII DE SECURITATE INFORMATICA""}]",
accounting:BT.R.BIT 125,BT.R.BIT 125,SELGROS CASH & CARRY SRL,exact,2026-01-20,RON,,500,3080.72,SCORED,HIGH,CONSULTANCY-MISC-10,234/15.11.2022,final,2022,BSS,SERVICII RECURENTE DE SECURITATE INFORMATICA - Consultancy Services,ANEXA 3 - SERVICII RECURENTE DE SECURITATE ANEXA 3 - SERVICII RECURENTE DE SECURITATE INFORMATICA Consultancy Services ACT ADITIONAL NR. 1 din 6.11.2023 CONTRAC,24,"org exact; score=87 margin=33 on [contract#, amount~final, desc~0.27]; 1 distinct part# near top","[{""pn"":""CONSULTANCY-MISC-10"",""score"":87,""on"":[""contract#"",""amount~final"",""desc~0.27""],""ref"":""234/15.11.2022"",""desc"":""SERVICII RECURENTE DE SECURITATE INFORMATICA - Consultancy S""},{""pn"":""BLUE-IR-OC-5"",""score"":54,""on"":[""contract#"",""desc~0.16""],""ref"":""234/15.11.2022"",""desc"":""SERVICII RECURENTE DE SECURITATE INFORMATICA - On-call Incid""},{""pn"":""RED-AUDIT-A-20"",""score"":53,""on"":[""contract#""],""ref"":""234/15.11.2022"",""desc"":""SERVICII DE SECURITATE INFORMATICA""}]",
accounting:BT.R.BIT 126,BT.R.BIT 126,"SCA ""ZAMFIRESCU RACOTI VASILE AND PARTNERS """,none,2026-01-20,RON,,1150,7085.65,UNRESOLVED,NONE,,,,,,,"SERVICII CONTRACT NR. 284/29.01.2024 SERVICII CONTRACT NR. 284/29.01.2024 ANEXA 1 - SERVICII RECURENTE DE SECURITATE, 1150 EUR+TVA la cursul BNR 5.0921",0,org not found in tracker,[],
accounting:BT.R.BIT 127,BT.R.BIT 127,NESTLERS & PARTNERS SRL,exact,2026-01-20,RON,,500,3080.72,SCORED,HIGH,BLUE-MDR-C-5,Nr. 273/02.10.2023,final,2024,BSS,servicii de MDR,"SERVICII CONTRACT 273/02.10.2023 SERVICII CONTRACT 273/02.10.2023 ACT ADITIONAL NR. 1 DIN 19.03.2024, 500 EUR+TVA la cursul BNR 5.0921",3,"org exact; score=82 margin=0 on [contract#, amount~final]; 1 distinct part# near top","[{""pn"":""BLUE-MDR-C-5"",""score"":82,""on"":[""contract#"",""amount~final""],""ref"":""Nr. 273/02.10.2023"",""desc"":""servicii de MDR""},{""pn"":""BLUE-MDR-C-5"",""score"":82,""on"":[""contract#"",""amount~final""],""ref"":""Nr. 273/02.10.2023"",""desc"":""servicii de MDR""},{""pn"":""RED-PEN-B-E-B-5"",""score"":51,""on"":[""contract#""],""ref"":""273/02.10.2023"",""desc"":""servicii de pentest""}]",
accounting:BT.R.BIT 128,BT.R.BIT 128,MILLENIUM PRO DESIGN SRL,exact,2026-01-20,RON,,1800,11090.59,SCORED,HIGH,BLUE-MDR-C-12,Act aditional nr. 1 din 21.3.2025 la contractul Nr. 325/15.1.2025,final,2025,BSS,servicii de MDR,SERVICII RECURENTE DE SECURITATE INFORMATICA SERVICII RECURENTE DE SECURITATE INFORMATICA Conform Anexa 1 la Contractul de prestari servicii nr. 325 din 31.3.20,3,"org exact; score=84 margin=30 on [contract#, amount~final, data final (265d)]; 1 distinct part# near top","[{""pn"":""BLUE-MDR-C-12"",""score"":84,""on"":[""contract#"",""amount~final"",""data final (265d)""],""ref"":""Act aditional nr. 1 din 21.3.2025 la con"",""desc"":""servicii de MDR""},{""pn"":""BLUE-IR-5"",""score"":54,""on"":[""contract#"",""data avans (362d)""],""ref"":""Nr. 325/15.1.2025"",""desc"":""servicii de investigatie""},{""pn"":""RED-PEN-B-I-B-50"",""score"":54,""on"":[""contract#"",""data avans (362d)""],""ref"":""Nr. 325/15.1.2025"",""desc"":""servicii de pentest""}]",
accounting:BT.R.BIT 129,BT.R.BIT 129,GRAFTEX PRODCOM SRL,exact,2026-01-20,RON,,1100,6777.59,DETERMINISTIC,HIGH,BLUE-MDR-C-6,Contract cadru de prestari servicii nr. 334 din 31.3.2025,,2025,BSS,servicii de MDR,SERVICII RECURENTE DE SECURITATE INFORMATICA SERVICII RECURENTE DE SECURITATE INFORMATICA Conform Anexa 1 la Contractul de prestari servicii nr. 334 din 31.3.20,1,org exact; unique part# via contract 334,"[{""pn"":""BLUE-MDR-C-6"",""score"":100,""on"":[""contract#""],""ref"":""Contract cadru de prestari servicii nr. "",""desc"":""servicii de MDR""}]",
accounting:BT.R.BIT 130,BT.R.BIT 130,ART & CRAFT DESIGN SRL,exact,2026-01-20,RON,,400,2464.58,DETERMINISTIC,HIGH,BLUE-MDR-C-6,Contract cadru de prestari servicii nr. 335 din 31.3.2025,,2025,BSS,servicii de MDR,SERVICII RECURENTE DE SECURITATE INFORMATICA SERVICII RECURENTE DE SECURITATE INFORMATICA Conform Anexa 1 la Contractul de prestari servicii nr. 335 din 31.3.20,1,org exact; unique part# via contract 335,"[{""pn"":""BLUE-MDR-C-6"",""score"":100,""on"":[""contract#""],""ref"":""Contract cadru de prestari servicii nr. "",""desc"":""servicii de MDR""}]",
accounting:BT.R.BIT 131,BT.R.BIT 131,PRIMONET RO SRL,exact,2026-01-20,RON,,500,3080.72,DETERMINISTIC,HIGH,BLUE-MDR-C-5,332/3.3.2025,,2025,BSS,servicii de MDR,"SERVICII RECURENTE DE SECURITATE INFORMATICA SERVICII RECURENTE DE SECURITATE INFORMATICA Conform Contractul nr. 332/3.3.2025, 500 EUR+TVA la cursul BNR 5.0921",2,org exact; unique part# via contract 332,"[{""pn"":""BLUE-MDR-C-5"",""score"":100,""on"":[""contract#""],""ref"":""332/3.3.2025"",""desc"":""servicii de MDR""},{""pn"":""BLUE-MDR-C-5"",""score"":100,""on"":[""contract#""],""ref"":""332/3.3.2025"",""desc"":""servicii de MDR""}]",
accounting:BT.R.BIT 132,BT.R.BIT 132,DECO CENTER SRL,none,2026-01-20,RON,,344.25,2121.08,UNRESOLVED,NONE,,,,,,,SERVICII RECURENTE CONFORM ANEXA 1 SERVICII RECURENTE CONFORM ANEXA 1 SERVICII RECURENTE DE SECURITATE INFORMATICA la contractul NR. 880/13.08.2025 / NR. 353/13,0,org not found in tracker,[],
accounting:BT.R.BIT 133,BT.R.BIT 133,LAMAJOLE S.R.L.,none,2026-01-20,RON,,344.25,2121.08,UNRESOLVED,NONE,,,,,,,SERVICII RECURENTE CONFORM ANEXA 1 SERVICII RECURENTE CONFORM ANEXA 1 SERVICII RECURENTE DE SECURITATE INFORMATICA la contractul NR. 1022/13.08.2025 / NR. 1022/,0,org not found in tracker,[],
accounting:BT.R.BIT 134,BT.R.BIT 134,MENDOLA PRO SRL,none,2026-01-20,RON,,344.25,2121.08,UNRESOLVED,NONE,,,,,,,SERVICII RECURENTE CONFORM ANEXA 1 SERVICII RECURENTE CONFORM ANEXA 1 SERVICII RECURENTE DE SECURITATE INFORMATICA la contractul NR. 1223/13.08.2025 / NR. 352/1,0,org not found in tracker,[],
accounting:BT.R.BIT 135,BT.R.BIT 135,ROSECO SRL,none,2026-01-20,RON,,344.25,2121.08,UNRESOLVED,NONE,,,,,,,SERVICII RECURENTE CONFORM ANEXA 1 SERVICII RECURENTE CONFORM ANEXA 1 SERVICII RECURENTE DE SECURITATE INFORMATICA la contractul NR. 133/13.8.2025 / Nr. 355/13.,0,org not found in tracker,[],
accounting:BT.R.BIT 136,BT.R.BIT 136,DIGITIZE TECH S.R.L.,exact,2026-01-20,RON,,,15125,SCORED,LOW,BLUE-MDR-C-10,Contract de furnizare servicii DT25090101/1.9.2025,,2025,BSS,servicii de MDR,"SERVICII RECURENTE CONFORM ANEXA 1 SERVICII RECURENTE CONFORM ANEXA 1 Servicii de monitorizare SOC, conform anexe 1 la Contractul nr. DT25090101/1.09.2025",2,org exact; score=10 margin=0 on [data final (113d)]; 2 distinct part# near top,"[{""pn"":""BLUE-MDR-C-10"",""score"":10,""on"":[""data final (113d)""],""ref"":""Contract de furnizare servicii DT2509010"",""desc"":""servicii de MDR""},{""pn"":""RED-VA-I-B-100"",""score"":10,""on"":[""data final (113d)""],""ref"":""Contract de furnizare servicii DT2509010"",""desc"":""servicii de VA""}]",
accounting:BT.BIT 1012,BT.BIT 1012,ORANGE ROMANIA SA,exact,2026-01-21,RON,,1875,23109.04,SCORED,LOW,CONSULTANCY-MISC-32,27.05.2025,final,2025,BSS,servicii de consultanta,SERVICII SUPORT TEM L2/L3 DATA DE LIVRARE: 31-11-2025 SERVICII SUPORT TEM L2/L3 DATA DE LIVRARE: 31-11-2025 PO00112619( 1.875 euro+TVA la cursul BNR) | SERVICII,60,"org exact; score=35 margin=3 on [amount~final, data final (236d)]; 3 distinct part# near top","[{""pn"":""CONSULTANCY-MISC-32"",""score"":35,""on"":[""amount~final"",""data final (236d)""],""ref"":""27.05.2025"",""desc"":""servicii de consultanta""},{""pn"":""ORO-TEM-SUPPORT-50-12"",""score"":32,""on"":[""amount~final""],""ref"":""PO 00025528"",""desc"":""tem support""},{""pn"":""ORO-TEM-DEV-100"",""score"":31,""on"":[""amount~final""],""ref"":""PO 40407868"",""desc"":""multiple services""}]","[{""service"":""SERVICII SUPORT TEM L2/L3 DATA DE LIVRARE: 31-11-2025 | SERV"",""partNumber"":""ORO-TEM-SUPPORT-50-12"",""score"":32,""on"":[""amount~final""]},{""service"":""SERVICII SUPORT TEM L2/L3 DATA DE LIVRARE: 31-12-2025 | SERV"",""partNumber"":""ORO-TEM-SUPPORT-50-12"",""score"":32,""on"":[""amount~final""]}]"
accounting:BT.BIT 1013,BT.BIT 1013,MAIB IFN S.A.,exact,2026-01-26,RON,,8320,51285.34,DETERMINISTIC,HIGH,RED-PEN-B-E-B-13,CONTRACT-CADRU DE PRESTARI SERVICII NR. 362/22.9.2025,,2025,BSS,servicii de pentest,Servicii de penetration testing conform Anexa 1 Servicii de penetration testing conform Anexa 1 la CONTRACT-CADRU DE PRESTARI SERVICII NR. 362/22.9.2025( 8320 E,1,org exact; unique part# via contract 362,"[{""pn"":""RED-PEN-B-E-B-13"",""score"":100,""on"":[""contract#""],""ref"":""CONTRACT-CADRU DE PRESTARI SERVICII NR. "",""desc"":""servicii de pentest""}]",
accounting:BT.BIT 1014,BT.BIT 1014,CERTSIGN SA,exact,2026-01-26,RON,,15122.33,77037.68,SCORED,MEDIUM,,Nr. 178/19.01.2021 45/B77B/21013 C,,2021,BSS,-,"Servicii penetration testing si evaluarea vulnerabilitatlor Servicii penetration testing si evaluarea vulnerabilitatlor informatice cu metodologia din contract,",11,org exact; score=50 margin=35 on [contract#]; 0 distinct part# near top,"[{""pn"":"""",""score"":50,""on"":[""contract#""],""ref"":""Nr. 178/19.01.2021 45/B77B/21013 C"",""desc"":""-""},{""pn"":""CYBEREDU-MISC"",""score"":15,""on"":[""data final (4d)""],""ref"":"""",""desc"":""""},{""pn"":""CYBEREDU-MISC"",""score"":15,""on"":[""data final (4d)""],""ref"":"""",""desc"":""""}]",
accounting:BT.BIT 1015,BT.BIT 1015,CERTSIGN SA,exact,2026-01-26,RON,,1452,7396.92,SCORED,MEDIUM,,Nr. 178/19.01.2021 45/B77B/21013 C,,2021,BSS,-,"Servicii penetration testing si evaluarea vulnerabilitatlor Servicii penetration testing si evaluarea vulnerabilitatlor informatice cu metodologia din contract,",12,org exact; score=50 margin=28 on [contract#]; 0 distinct part# near top,"[{""pn"":"""",""score"":50,""on"":[""contract#""],""ref"":""Nr. 178/19.01.2021 45/B77B/21013 C"",""desc"":""-""},{""pn"":""RED-PEN-S-B-3"",""score"":22,""on"":[""amount~avans""],""ref"":""NR. 1 DIN 15.05.2020"",""desc"":""pentest 3 aplicatii""},{""pn"":""CYBEREDU-MISC"",""score"":15,""on"":[""data final (4d)""],""ref"":"""",""desc"":""""}]",
accounting:BT.BIT 1016,BT.BIT 1016,PLURIDIO SRL,exact,2026-01-26,RON,,1425,8783.85,SCORED,MEDIUM,BLUE-MDR-I,CONTRACT-CADRU DE PRESTARI SERVICII NR. 373/4.12.2025,avans,2026,BSS,servicii de mdr,Servicii de instalare conform ANEXA 1 Servicii de instalare conform ANEXA 1 – SERVICII RECURENTE DE SECURITATE INFORMATICA la Contractul NR. 373/4.12.2025( 1425,3,"org exact; score=96 margin=8 on [contract#, amount~avans, data avans (0d)]; 3 distinct part# near top","[{""pn"":""BLUE-MDR-I"",""score"":96,""on"":[""contract#"",""amount~avans"",""data avans (0d)""],""ref"":""CONTRACT-CADRU DE PRESTARI SERVICII NR. "",""desc"":""servicii de mdr""},{""pn"":""CONSULTANCY-MISC-20"",""score"":88,""on"":[""contract#"",""amount~avans"",""data avans (9d)""],""ref"":""CONTRACT-CADRU DE PRESTARI SERVICII NR. "",""desc"":""servicii de training""},{""pn"":""BLUE-MDR-C-65"",""score"":88,""on"":[""contract#"",""amount~final"",""data est. close (10d)""],""ref"":""CONTRACT-CADRU DE PRESTARI SERVICII NR. "",""desc"":""servicii de mdr""}]",
accounting:BT.BIT 1017,BT.BIT 1017,PLURIDIO SRL,exact,2026-01-26,RON,storno,1425,-7259.38,SCORED,MEDIUM,BLUE-MDR-I,CONTRACT-CADRU DE PRESTARI SERVICII NR. 373/4.12.2025,avans,2026,BSS,servicii de mdr,Servicii de instalare conform ANEXA 1 Servicii de instalare conform ANEXA 1 – SERVICII RECURENTE DE SECURITATE INFORMATICA la Contractul NR. 373/4.12.2025( 1425,3,"org exact; score=96 margin=8 on [contract#, amount~avans, data avans (0d)]; 3 distinct part# near top; storno","[{""pn"":""BLUE-MDR-I"",""score"":96,""on"":[""contract#"",""amount~avans"",""data avans (0d)""],""ref"":""CONTRACT-CADRU DE PRESTARI SERVICII NR. "",""desc"":""servicii de mdr""},{""pn"":""CONSULTANCY-MISC-20"",""score"":88,""on"":[""contract#"",""amount~avans"",""data avans (9d)""],""ref"":""CONTRACT-CADRU DE PRESTARI SERVICII NR. "",""desc"":""servicii de training""},{""pn"":""BLUE-MDR-C-65"",""score"":88,""on"":[""contract#"",""amount~final"",""data est. close (10d)""],""ref"":""CONTRACT-CADRU DE PRESTARI SERVICII NR. "",""desc"":""servicii de mdr""}]",
accounting:BT.BIT 1018,BT.BIT 1018,PLURIDIO SRL,exact,2026-01-26,RON,,1425,8783.85,SCORED,MEDIUM,BLUE-MDR-I,CONTRACT-CADRU DE PRESTARI SERVICII NR. 373/4.12.2025,avans,2026,BSS,servicii de mdr,Servicii de instalare conform ANEXA 1 Servicii de instalare conform ANEXA 1 – SERVICII RECURENTE DE SECURITATE INFORMATICA la Contractul NR. 373/4.12.2025( 1425,3,"org exact; score=96 margin=8 on [contract#, amount~avans, data avans (0d)]; 3 distinct part# near top","[{""pn"":""BLUE-MDR-I"",""score"":96,""on"":[""contract#"",""amount~avans"",""data avans (0d)""],""ref"":""CONTRACT-CADRU DE PRESTARI SERVICII NR. "",""desc"":""servicii de mdr""},{""pn"":""CONSULTANCY-MISC-20"",""score"":88,""on"":[""contract#"",""amount~avans"",""data avans (9d)""],""ref"":""CONTRACT-CADRU DE PRESTARI SERVICII NR. "",""desc"":""servicii de training""},{""pn"":""BLUE-MDR-C-65"",""score"":88,""on"":[""contract#"",""amount~final"",""data est. close (10d)""],""ref"":""CONTRACT-CADRU DE PRESTARI SERVICII NR. "",""desc"":""servicii de mdr""}]",
accounting:BT.BIT 1019,BT.BIT 1019,PLURIDIO SRL,exact,2026-01-27,RON,storno,1425,-7259.38,SCORED,MEDIUM,BLUE-MDR-I,CONTRACT-CADRU DE PRESTARI SERVICII NR. 373/4.12.2025,avans,2026,BSS,servicii de mdr,Servicii de instalare conform ANEXA 1 Servicii de instalare conform ANEXA 1 – SERVICII RECURENTE DE SECURITATE INFORMATICA la Contractul NR. 373/4.12.2025( 1425,3,"org exact; score=96 margin=8 on [contract#, amount~avans, data avans (1d)]; 3 distinct part# near top; storno","[{""pn"":""BLUE-MDR-I"",""score"":96,""on"":[""contract#"",""amount~avans"",""data avans (1d)""],""ref"":""CONTRACT-CADRU DE PRESTARI SERVICII NR. "",""desc"":""servicii de mdr""},{""pn"":""CONSULTANCY-MISC-20"",""score"":88,""on"":[""contract#"",""amount~avans"",""data avans (8d)""],""ref"":""CONTRACT-CADRU DE PRESTARI SERVICII NR. "",""desc"":""servicii de training""},{""pn"":""BLUE-MDR-C-65"",""score"":88,""on"":[""contract#"",""amount~final"",""data est. close (9d)""],""ref"":""CONTRACT-CADRU DE PRESTARI SERVICII NR. "",""desc"":""servicii de mdr""}]",
accounting:BT.BIT 1020,BT.BIT 1020,PLURIDIO SRL,exact,2026-01-27,RON,avans,1425,8786.78,SCORED,MEDIUM,BLUE-MDR-I,CONTRACT-CADRU DE PRESTARI SERVICII NR. 373/4.12.2025,avans,2026,BSS,servicii de mdr,Avans Servicii de instalare conform ANEXA 1 Avans Servicii de instalare conform ANEXA 1 – SERVICII RECURENTE DE SECURITATE INFORMATICA la Contractul NR. 373/4.1,3,"org exact; score=102 margin=8 on [contract#, amount~avans, data avans (1d)]; 2 distinct part# near top; avans","[{""pn"":""BLUE-MDR-I"",""score"":102,""on"":[""contract#"",""amount~avans"",""data avans (1d)""],""ref"":""CONTRACT-CADRU DE PRESTARI SERVICII NR. "",""desc"":""servicii de mdr""},{""pn"":""CONSULTANCY-MISC-20"",""score"":94,""on"":[""contract#"",""amount~avans"",""data avans (8d)""],""ref"":""CONTRACT-CADRU DE PRESTARI SERVICII NR. "",""desc"":""servicii de training""},{""pn"":""BLUE-MDR-C-65"",""score"":88,""on"":[""contract#"",""amount~final"",""data est. close (9d)""],""ref"":""CONTRACT-CADRU DE PRESTARI SERVICII NR. "",""desc"":""servicii de mdr""}]",
accounting:BT.BIT 1021,BT.BIT 1021,INSIGHTS ENTERPRISE SRL,exact,2026-01-29,RON,avans,6050,37305.27,SCORED,MEDIUM,RED-PEN-S-WB-1,ACT ADITIONAL NR. 3 DIN 28.1.2026,avans,2026,BSS,servicii de pentest,Avans conform Act Aditional nr. 3 din 28.1.2026 Avans conform Act Aditional nr. 3 din 28.1.2026 la CONTRACT DE PRESTARI SERVICII Nr. 1/2022 (6.050 euro+TVA la c,3,"org exact; score=52 margin=33 on [amount~avans, data avans (0d)]; 1 distinct part# near top; avans","[{""pn"":""RED-PEN-S-WB-1"",""score"":52,""on"":[""amount~avans"",""data avans (0d)""],""ref"":""ACT ADITIONAL NR. 3 DIN 28.1.2026"",""desc"":""servicii de pentest""},{""pn"":""RED-PEN-S-WB-1"",""score"":19,""on"":[""amount~avans""],""ref"":""ACT ADITIONAL NR. 2 DIN 3.12.2024"",""desc"":""servicii de pentest""},{""pn"":""RED-PEN-S-WB-1"",""score"":1,""on"":[],""ref"":""Nr. 1/2022"",""desc"":""servicii de pentest""}]",
accounting:BT.BIT 1022,BT.BIT 1022,CERTSIGN SA,exact,2026-01-30,RON,,21712,133871.79,DETERMINISTIC,HIGH,CYBEREDU-RUN-EX-1,NR.45/B77A/20166C,,2020,BSS,CTF Infrastructure provision and support for ECSC participant countries,SERVICII CONFORM CONTRACT nr. 45/B77A/25075.02C din SERVICII CONFORM CONTRACT nr. 45/B77A/25075.02C din 27.05.2025 si a comenzii nr 3 din 26.11.2025( 21712.00 e,1,org exact; unique part# via contract 45,"[{""pn"":""CYBEREDU-RUN-EX-1"",""score"":100,""on"":[""contract#""],""ref"":""NR.45/B77A/20166C"",""desc"":""CTF Infrastructure provision and support for ECSC participan""}]",
accounting:BT.BIT 1023,BT.BIT 1023,CERTSIGN SA,exact,2026-01-30,RON,,37872,233511.06,SCORED,LOW,BLUE-IR-30,,final,2026,BSS,,4 traininguri conform ctr 45/B77A/25075.02C din 27.05.2025 4 traininguri conform ctr 45/B77A/25075.02C din 27.05.2025 si a comenzii nr 2 din 23.10.2025( 37872 e,8,"org exact; score=27 margin=7 on [amount~final, data final (3d)]; 3 distinct part# near top","[{""pn"":""BLUE-IR-30"",""score"":27,""on"":[""amount~final"",""data final (3d)""],""ref"":"""",""desc"":""""},{""pn"":""CYBEREDU-MISC"",""score"":20,""on"":[""amount~final"",""data final (59d)""],""ref"":"""",""desc"":""""},{""pn"":""CONSULTANCY-MISC-80"",""score"":20,""on"":[""amount~final"",""data avans (60d)""],""ref"":"""",""desc"":""""}]",
accounting:BT.BIT 1024,BT.BIT 1024,CERTSIGN SA,exact,2026-02-02,RON,,49776,306932.8,DETERMINISTIC,HIGH,CYBEREDU-RUN-EX-1,NR.45/B77A/20166C,,2020,BSS,CTF Infrastructure provision and support for ECSC participant countries,"Comanda 5 - Incident Management Comanda 5 - Incident Management Contract nr. 45/B77A/25075.02( 49,776.00 euro + tva la cursul BNR)",1,org exact; unique part# via contract 45,"[{""pn"":""CYBEREDU-RUN-EX-1"",""score"":100,""on"":[""contract#""],""ref"":""NR.45/B77A/20166C"",""desc"":""CTF Infrastructure provision and support for ECSC participan""}]",
accounting:BT.BIT 1025,BT.BIT 1025,TOTEM COMMUNICATION SRL,exact,2026-02-04,RON,avans,2600,16028.87,DETERMINISTIC,HIGH,RED-PEN-B-E-B-8,CONTRACT-CADRU DE PRESTARI SERVICII Nr. 372/2.12.2025,,2026,BSS,servicii de pentest,Avans conform **ANEXA 1 Avans conform **ANEXA 1 – SERVICII PUNCTUALE DE SECURITATE INFORMATICA la Contract Nr. 372/2.12.2025**( 2.600 euro+TVA la cursul BNR),1,org exact; unique part# via contract 372; avans,"[{""pn"":""RED-PEN-B-E-B-8"",""score"":100,""on"":[""contract#""],""ref"":""CONTRACT-CADRU DE PRESTARI SERVICII Nr. "",""desc"":""servicii de pentest""}]",
accounting:BT.BIT 1026,BT.BIT 1026,PLURIDIO SRL,exact,2026-02-04,RON,avans,1500,9247.43,SCORED,HIGH,CONSULTANCY-MISC-20,CONTRACT-CADRU DE PRESTARI SERVICII NR. 373/4.12.2025,avans,2026,BSS,servicii de training,Avans conform ANEXA 2 Avans conform ANEXA 2 – SERVICII PUNCTUALE DE SECURITATE INFORMATICA la CONTRACT NR. 373/4.12.2025( 1.500 euro+TVA la cursul BNR),3,"org exact; score=102 margin=14 on [contract#, amount~avans, data avans (0d)]; 1 distinct part# near top; avans","[{""pn"":""CONSULTANCY-MISC-20"",""score"":102,""on"":[""contract#"",""amount~avans"",""data avans (0d)""],""ref"":""CONTRACT-CADRU DE PRESTARI SERVICII NR. "",""desc"":""servicii de training""},{""pn"":""BLUE-MDR-C-65"",""score"":88,""on"":[""contract#"",""amount~final"",""data est. close (1d)""],""ref"":""CONTRACT-CADRU DE PRESTARI SERVICII NR. "",""desc"":""servicii de mdr""},{""pn"":""BLUE-MDR-I"",""score"":84,""on"":[""contract#"",""amount~avans"",""data avans (9d)""],""ref"":""CONTRACT-CADRU DE PRESTARI SERVICII NR. "",""desc"":""servicii de mdr""}]",
accounting:BT.BIT 1027,BT.BIT 1027,TIMESAFE SRL,exact,2026-02-11,RON,,14000,86300.83,DETERMINISTIC,HIGH,RED-PEN-S-G-10,201/13.09.2021,,2021,BSS,pentest aplicatie,"Servicii conform ACT ADITIONAL NR. 4 Servicii conform ACT ADITIONAL NR. 4 DIN 03.02.2026 CONTRACT DE PRESTARI SERVICII Nr. 201/13.09.2021 ( 14,000 EURO + TVA la",1,org exact; unique part# via contract 201,"[{""pn"":""RED-PEN-S-G-10"",""score"":100,""on"":[""contract#""],""ref"":""201/13.09.2021"",""desc"":""pentest aplicatie""}]",
accounting:BT.BIT 1028,BT.BIT 1028,FLASHNET S.A.,exact,2026-02-11,RON,,4900,30205.29,SCORED,LOW,RED-NIS-C-PEN-10,NR. 312/8.10.2024,total,2024,BSS,servicii de pentest nis,"SERVICII CONFORM CONTRACT NR. 317/30.10.2024 SERVICII CONFORM CONTRACT NR. 317/30.10.2024 ETAPA LA 90 DE ZILE CALENDARISTICE( 4,900 EURO + TVA la cursul BNR)",4,"org exact; score=34 margin=0 on [amount~total, data final (289d)]; 1 distinct part# near top","[{""pn"":""RED-NIS-C-PEN-10"",""score"":34,""on"":[""amount~total"",""data final (289d)""],""ref"":""NR. 312/8.10.2024"",""desc"":""servicii de pentest nis""},{""pn"":""RED-NIS-C-PEN-10"",""score"":34,""on"":[""amount~final"",""data final (209d)""],""ref"":""NR. 312/8.10.2024"",""desc"":""servicii de pentest nis""},{""pn"":""RED-NIS-C-PEN-10"",""score"":13,""on"":[""amount~final""],""ref"":""NR. 312/8.10.2024"",""desc"":""servicii de pentest nis""}]",
accounting:BT.BIT 1029,BT.BIT 1029,TOTEM COMMUNICATION SRL,exact,2026-02-11,RON,storno,2600,16028.87,DETERMINISTIC,HIGH,RED-PEN-B-E-B-8,CONTRACT-CADRU DE PRESTARI SERVICII Nr. 372/2.12.2025,,2026,BSS,servicii de pentest,Stornare Avans conform **ANEXA 1 Stornare Avans conform **ANEXA 1 – SERVICII PUNCTUALE DE SECURITATE INFORMATICA la Contract Nr. 372/2.12.2025**( 2.600 euro+TVA,1,org exact; unique part# via contract 372/1025; storno,"[{""pn"":""RED-PEN-B-E-B-8"",""score"":100,""on"":[""contract#""],""ref"":""CONTRACT-CADRU DE PRESTARI SERVICII Nr. "",""desc"":""servicii de pentest""}]",
accounting:BT.R.BIT 140,BT.R.BIT 140,DONA. LOGISTICA S.A.,exact,2026-02-13,RON,,1539.65,9488.88,DETERMINISTIC,HIGH,BLUE-MDR-C-725,296/6.8.2024,,2024,BSS,servicii de MDR,"SERVICII CONFORM CONTRACT NR. 296 / 06.08.2024 SERVICII CONFORM CONTRACT NR. 296 / 06.08.2024 ACT ADITIONAL NR. 2 DIN 3.9.2025 , 1539.65 EUR+TVA la cursul BNR 5",2,org exact; unique part# via contract 296,"[{""pn"":""BLUE-MDR-C-725"",""score"":100,""on"":[""contract#""],""ref"":""296/6.8.2024"",""desc"":""servicii de MDR""},{""pn"":""BLUE-MDR-C-725"",""score"":100,""on"":[""contract#""],""ref"":""ACT ADITIONAL NR. 2 DIN 3.9.2025 la cont"",""desc"":""servicii de MDR""}]",
accounting:BT.R.BIT 141,BT.R.BIT 141,DONA. LOGISTICA S.A.,exact,2026-02-13,RON,,1539.65,9488.88,DETERMINISTIC,HIGH,BLUE-MDR-C-725,296/6.8.2024,,2024,BSS,servicii de MDR,"SERVICII CONFORM CONTRACT NR. 296 / 06.08.2024 SERVICII CONFORM CONTRACT NR. 296 / 06.08.2024 ACT ADITIONAL NR. 2 DIN 3.9.2025 , 1539.65 EUR+TVA la cursul BNR 5",2,org exact; unique part# via contract 296,"[{""pn"":""BLUE-MDR-C-725"",""score"":100,""on"":[""contract#""],""ref"":""296/6.8.2024"",""desc"":""servicii de MDR""},{""pn"":""BLUE-MDR-C-725"",""score"":100,""on"":[""contract#""],""ref"":""ACT ADITIONAL NR. 2 DIN 3.9.2025 la cont"",""desc"":""servicii de MDR""}]",
accounting:BT.R.BIT 142,BT.R.BIT 142,DONA MARKETING GRUP SRL,none,2026-02-13,RON,,659.85,4066.66,UNRESOLVED,NONE,,,,,,,"SERVICII CONFORM CONTRACT NR. 296 / 06.08.2024 SERVICII CONFORM CONTRACT NR. 296 / 06.08.2024 ACT ADITIONAL NR. 2 DIN 3.9.2025 , 659.85 EUR+TVA la cursul BNR 5.",0,org not found in tracker,[],
accounting:BT.R.BIT 143,BT.R.BIT 143,DONA. CARGO S.R.L.,exact,2026-02-13,RON,,439.9,2711.11,SCORED,LOW,RED-NIS-C-PEN-300,264/04.05.2023,,2023,BSS,servicii de audit + pentest nis,"SERVICII CONFORM CONTRACT NR. 296 / 06.08.2024 SERVICII CONFORM CONTRACT NR. 296 / 06.08.2024 ACT ADITIONAL NR. 2 DIN 3.9.2025 , 439.90 EUR+TVA la cursul BNR 5.",2,org exact; score=1 margin=0 on []; 2 distinct part# near top,"[{""pn"":""RED-NIS-C-PEN-300"",""score"":1,""on"":[],""ref"":""264/04.05.2023"",""desc"":""servicii de audit + pentest nis""},{""pn"":""RED-NIS-C-AUDIT-300"",""score"":1,""on"":[],""ref"":""264/04.05.2023"",""desc"":""servicii de audit + pentest nis""}]",
accounting:BT.R.BIT 144,BT.R.BIT 144,SANVERO HEALTHCARE S.R.L.,none,2026-02-13,RON,,219.95,1355.55,UNRESOLVED,NONE,,,,,,,"SERVICII CONTRACT-CADRU DE PRESTARI SERVICII SERVICII CONTRACT-CADRU DE PRESTARI SERVICII Ctr. NR. 296 / 06.08.2024, 219.95 EUR+TVA la cursul BNR 5.0934",0,org not found in tracker,[],
accounting:BT.R.BIT 145,BT.R.BIT 145,SILKWEB S.A.,exact,2026-02-13,RON,,625,3851.89,DETERMINISTIC,HIGH,RED-PEN-S-G-1,195/29.06.2021,,2021,BSS,pentest web app greybox,"SERVICII ACT ADITIONAL NR. 7 DIN 25.3.2025 SERVICII ACT ADITIONAL NR. 7 DIN 25.3.2025 CONTRACT DE PRESTARI SERVICII Nr. 195/29.06.2021, 625 EUR+TVA la cursul BN",1,org exact; unique part# via contract 195,"[{""pn"":""RED-PEN-S-G-1"",""score"":100,""on"":[""contract#""],""ref"":""195/29.06.2021"",""desc"":""pentest web app greybox""}]",
accounting:BT.R.BIT 146,BT.R.BIT 146,SILKWEB S.A.,exact,2026-02-13,RON,,1350,8320.07,DETERMINISTIC,HIGH,RED-PEN-S-G-1,195/29.06.2021,,2021,BSS,pentest web app greybox,"SERVICII ACT ADITIONAL NR. 8 DIN 25.03.2025 SERVICII ACT ADITIONAL NR. 8 DIN 25.03.2025 CONTRACT DE PRESTARI SERVICII Nr. 195/29.06.2021, 1350 EUR+TVA la cursul",1,org exact; unique part# via contract 195,"[{""pn"":""RED-PEN-S-G-1"",""score"":100,""on"":[""contract#""],""ref"":""195/29.06.2021"",""desc"":""pentest web app greybox""}]",
accounting:BT.R.BIT 147,BT.R.BIT 147,UNITED MEDIA SERVICES SRL,exact,2026-02-13,RON,,1250,7703.77,SCORED,HIGH,BLUE-MDR-C-119,CONTRACT-CADRU DE PRESTARI SERVICII NR. 346/7.7.2025,final,2025,BSS,Servicii de monitorizare MDR,SERVICII CONTRACT DE PRESTARI SERVICII NR. 346/7.7.2025 SERVICII CONTRACT DE PRESTARI SERVICII NR. 346/7.7.2025 1250 EUR+TVA la cursul BNR 5.0934,6,"org exact; score=85 margin=32 on [contract#, amount~final, data final (193d)]; 1 distinct part# near top","[{""pn"":""BLUE-MDR-C-119"",""score"":85,""on"":[""contract#"",""amount~final"",""data final (193d)""],""ref"":""CONTRACT-CADRU DE PRESTARI SERVICII NR. "",""desc"":""Servicii de monitorizare MDR""},{""pn"":""RED-VA-I-S-100"",""score"":53,""on"":[""contract#"",""data final (205d)""],""ref"":""CONTRACT-CADRU DE PRESTARI SERVICII NR. "",""desc"":""VA""},{""pn"":""PHISH-T-FM-FM-100-12"",""score"":53,""on"":[""contract#"",""data final (205d)""],""ref"":""CONTRACT-CADRU DE PRESTARI SERVICII NR. "",""desc"":""Phish Enterprise - Training anual si 1 campanie phish trimes""}]",
accounting:BT.R.BIT 148,BT.R.BIT 148,KEYSIGHT TECHNOLOGIES RO SRL,exact,2026-02-13,RON,,6000,36978.08,SCORED,MEDIUM,KS-MM-RD-2,NO. 5 OF 04.10.2023,final,2023,BSS,RECURRENT INFORMATION SECURITY SERVICES,"PENETRATION TESTING SERVICES FOR FEB 2026 PENETRATION TESTING SERVICES FOR FEB 2026 Purchase Order Number 9068003039, 6000 EUR+TVA la cursul BNR 5.0934",25,"org exact; score=34 margin=18 on [amount~final, data final (193d)]; 1 distinct part# near top","[{""pn"":""KS-MM-RD-2"",""score"":34,""on"":[""amount~final"",""data final (193d)""],""ref"":""NO. 5 OF 04.10.2023"",""desc"":""RECURRENT INFORMATION SECURITY SERVICES""},{""pn"":""KS-MM-RD-2"",""score"":16,""on"":[""amount~final"",""data final (219d)""],""ref"":""NO. 5 OF 04.10.2023"",""desc"":""RECURRENT INFORMATION SECURITY SERVICES""},{""pn"":""KS-MM-RD-2"",""score"":13,""on"":[""amount~final""],""ref"":""NO. 5 OF 04.10.2023"",""desc"":""RECURRENT INFORMATION SECURITY SERVICES""}]",
accounting:BT.R.BIT 149,BT.R.BIT 149,ORANGE ROMANIA SA,exact,2026-02-13,RON,,1875,11555.65,SCORED,MEDIUM,ORO-TEM-SUPPORT-50-12,PO 00025528,final,2023,BSS,tem support,"SERVICII SUPORT TEM L2/L3 DATA DE LIVRARE: 31-01-2026 SERVICII SUPORT TEM L2/L3 DATA DE LIVRARE: 31-01-2026 PO00112619 OPA_70420, 1875 EUR+TVA la cursul BNR 5.0",59,org exact; score=31 margin=16 on [amount~final]; 1 distinct part# near top,"[{""pn"":""ORO-TEM-SUPPORT-50-12"",""score"":31,""on"":[""amount~final""],""ref"":""PO 00025528"",""desc"":""tem support""},{""pn"":""PHISH-P-L-YY-F-<410>-<12>"",""score"":15,""on"":[""data final (26d)""],""ref"":""18.02.2026"",""desc"":""Phish Enterprise Fully-Managed Monthly License""},{""pn"":""ORO-TEM-DEV-50"",""score"":13,""on"":[""amount~final""],""ref"":""PO 40407868"",""desc"":""multiple services""}]",
accounting:BT.R.BIT 150,BT.R.BIT 150,ORANGE ROMANIA SA,exact,2026-02-13,RON,,2822.93,14378.31,SCORED,LOW,PHISH-P-L-YY-F-<410>-<12>,18.02.2026,,2026,BSS,Phish Enterprise Fully-Managed Monthly License,"SERVICII CONFORM: PO PO00120051 24/7 SERVICII CONFORM: PO PO00120051 24/7 O1253403 Incident Notification Hotline, Incident Response Readiness Assessment, Traini",42,org exact; score=17 margin=4 on [data final (26d)]; 6 distinct part# near top,"[{""pn"":""PHISH-P-L-YY-F-<410>-<12>"",""score"":17,""on"":[""data final (26d)""],""ref"":""18.02.2026"",""desc"":""Phish Enterprise Fully-Managed Monthly License""},{""pn"":""ORO-TEM-DEV-50"",""score"":13,""on"":[""amount~final""],""ref"":""PO 40298463"",""desc"":""Adaugare/imbunatatire\nfunctionalitati pentru\nplatforma BIS T""},{""pn"":""ORO-TEM-DEV-50"",""score"":12,""on"":[""amount~final""],""ref"":""PO 40361678"",""desc"":""dezvoltari tem""}]",
accounting:BT.R.BIT 151,BT.R.BIT 151,ORANGE ROMANIA SA,exact,2026-02-13,RON,,1500,9244.52,SCORED,LOW,ORO-TEM-SUPPORT-50-12,PO 00025528,final,2023,BSS,tem support,"SERVICII CONFORM PO00124685 SERVICII CONFORM PO00124685 O1253404 Servicii Incident Response Advance, UP ROMANIA, 1500 EUR+TVA la cursul BNR 5.0934",32,org exact; score=22 margin=7 on [amount~final]; 3 distinct part# near top,"[{""pn"":""ORO-TEM-SUPPORT-50-12"",""score"":22,""on"":[""amount~final""],""ref"":""PO 00025528"",""desc"":""tem support""},{""pn"":""BLUE-IR-OC-6"",""score"":15,""on"":[""amount~avans""],""ref"":""09.05.2024"",""desc"":""IR incident response services retainer""},{""pn"":""PHISH-P-L-YY-F-<410>-<12>"",""score"":15,""on"":[""data final (26d)""],""ref"":""18.02.2026"",""desc"":""Phish Enterprise Fully-Managed Monthly License""}]",
accounting:BT.R.BIT 152,BT.R.BIT 152,SELGROS CASH & CARRY SRL,exact,2026-02-13,RON,,250,1540.75,SCORED,HIGH,BLUE-IR-OC-5,234/15.11.2022,final,2022,BSS,SERVICII RECURENTE DE SECURITATE INFORMATICA - On-call Incident Response,ANEXA 2 - SERVICII RECURENTE DE SECURITATE ANEXA 2 - SERVICII RECURENTE DE SECURITATE INFORMATICA On-call Incident Response ACT ADITIONAL NR. 1 din 6.11.2023 CO,25,"org exact; score=88 margin=34 on [contract#, amount~final, desc~0.30]; 1 distinct part# near top","[{""pn"":""BLUE-IR-OC-5"",""score"":88,""on"":[""contract#"",""amount~final"",""desc~0.30""],""ref"":""234/15.11.2022"",""desc"":""SERVICII RECURENTE DE SECURITATE INFORMATICA - On-call Incid""},{""pn"":""CONSULTANCY-MISC-10"",""score"":54,""on"":[""contract#"",""desc~0.16""],""ref"":""234/15.11.2022"",""desc"":""SERVICII RECURENTE DE SECURITATE INFORMATICA - Consultancy S""},{""pn"":""RED-AUDIT-A-20"",""score"":53,""on"":[""contract#""],""ref"":""234/15.11.2022"",""desc"":""SERVICII DE SECURITATE INFORMATICA""}]",
accounting:BT.R.BIT 153,BT.R.BIT 153,SELGROS CASH & CARRY SRL,exact,2026-02-13,RON,,500,3081.51,SCORED,HIGH,CONSULTANCY-MISC-10,234/15.11.2022,final,2022,BSS,SERVICII RECURENTE DE SECURITATE INFORMATICA - Consultancy Services,ANEXA 3 - SERVICII RECURENTE DE SECURITATE ANEXA 3 - SERVICII RECURENTE DE SECURITATE INFORMATICA Consultancy Services ACT ADITIONAL NR. 1 din 6.11.2023 CONTRAC,24,"org exact; score=87 margin=33 on [contract#, amount~final, desc~0.27]; 1 distinct part# near top","[{""pn"":""CONSULTANCY-MISC-10"",""score"":87,""on"":[""contract#"",""amount~final"",""desc~0.27""],""ref"":""234/15.11.2022"",""desc"":""SERVICII RECURENTE DE SECURITATE INFORMATICA - Consultancy S""},{""pn"":""BLUE-IR-OC-5"",""score"":54,""on"":[""contract#"",""desc~0.16""],""ref"":""234/15.11.2022"",""desc"":""SERVICII RECURENTE DE SECURITATE INFORMATICA - On-call Incid""},{""pn"":""RED-AUDIT-A-20"",""score"":53,""on"":[""contract#""],""ref"":""234/15.11.2022"",""desc"":""SERVICII DE SECURITATE INFORMATICA""}]",
accounting:BT.R.BIT 154,BT.R.BIT 154,"SCA ""ZAMFIRESCU RACOTI VASILE AND PARTNERS """,none,2026-02-13,RON,,1150,7087.47,UNRESOLVED,NONE,,,,,,,"SERVICII CONTRACT NR. 284/29.01.2024 SERVICII CONTRACT NR. 284/29.01.2024 ANEXA 1 - SERVICII RECURENTE DE SECURITATE, 1150 EUR+TVA la cursul BNR 5.0934",0,org not found in tracker,[],
accounting:BT.R.BIT 155,BT.R.BIT 155,NESTLERS & PARTNERS SRL,exact,2026-02-13,RON,,500,3081.51,SCORED,HIGH,BLUE-MDR-C-5,Nr. 273/02.10.2023,final,2024,BSS,servicii de MDR,"SERVICII CONTRACT 273/02.10.2023 SERVICII CONTRACT 273/02.10.2023 ACT ADITIONAL NR. 1 DIN 19.03.2024, 500 EUR+TVA la cursul BNR 5.0934",3,"org exact; score=82 margin=0 on [contract#, amount~final]; 1 distinct part# near top","[{""pn"":""BLUE-MDR-C-5"",""score"":82,""on"":[""contract#"",""amount~final""],""ref"":""Nr. 273/02.10.2023"",""desc"":""servicii de MDR""},{""pn"":""BLUE-MDR-C-5"",""score"":82,""on"":[""contract#"",""amount~final""],""ref"":""Nr. 273/02.10.2023"",""desc"":""servicii de MDR""},{""pn"":""RED-PEN-B-E-B-5"",""score"":51,""on"":[""contract#""],""ref"":""273/02.10.2023"",""desc"":""servicii de pentest""}]",
accounting:BT.R.BIT 156,BT.R.BIT 156,MILLENIUM PRO DESIGN SRL,exact,2026-02-13,RON,,1800,11093.43,SCORED,HIGH,BLUE-MDR-C-12,Act aditional nr. 1 din 21.3.2025 la contractul Nr. 325/15.1.2025,final,2025,BSS,servicii de MDR,SERVICII RECURENTE DE SECURITATE INFORMATICA SERVICII RECURENTE DE SECURITATE INFORMATICA Conform Anexa 1 la Contractul de prestari servicii nr. 325 din 31.3.20,3,"org exact; score=84 margin=30 on [contract#, amount~final, data final (289d)]; 1 distinct part# near top","[{""pn"":""BLUE-MDR-C-12"",""score"":84,""on"":[""contract#"",""amount~final"",""data final (289d)""],""ref"":""Act aditional nr. 1 din 21.3.2025 la con"",""desc"":""servicii de MDR""},{""pn"":""BLUE-IR-5"",""score"":54,""on"":[""contract#"",""data final (357d)""],""ref"":""Nr. 325/15.1.2025"",""desc"":""servicii de investigatie""},{""pn"":""RED-PEN-B-I-B-50"",""score"":54,""on"":[""contract#"",""data final (357d)""],""ref"":""Nr. 325/15.1.2025"",""desc"":""servicii de pentest""}]",
accounting:BT.R.BIT 157,BT.R.BIT 157,GRAFTEX PRODCOM SRL,exact,2026-02-13,RON,,1100,6779.32,DETERMINISTIC,HIGH,BLUE-MDR-C-6,Contract cadru de prestari servicii nr. 334 din 31.3.2025,,2025,BSS,servicii de MDR,SERVICII RECURENTE DE SECURITATE INFORMATICA SERVICII RECURENTE DE SECURITATE INFORMATICA Conform Anexa 1 la Contractul de prestari servicii nr. 334 din 31.3.20,1,org exact; unique part# via contract 334,"[{""pn"":""BLUE-MDR-C-6"",""score"":100,""on"":[""contract#""],""ref"":""Contract cadru de prestari servicii nr. "",""desc"":""servicii de MDR""}]",
accounting:BT.R.BIT 158,BT.R.BIT 158,ART & CRAFT DESIGN SRL,exact,2026-02-13,RON,,400,2465.21,DETERMINISTIC,HIGH,BLUE-MDR-C-6,Contract cadru de prestari servicii nr. 335 din 31.3.2025,,2025,BSS,servicii de MDR,SERVICII RECURENTE DE SECURITATE INFORMATICA SERVICII RECURENTE DE SECURITATE INFORMATICA Conform Anexa 1 la Contractul de prestari servicii nr. 335 din 31.3.20,1,org exact; unique part# via contract 335,"[{""pn"":""BLUE-MDR-C-6"",""score"":100,""on"":[""contract#""],""ref"":""Contract cadru de prestari servicii nr. "",""desc"":""servicii de MDR""}]",
accounting:BT.R.BIT 159,BT.R.BIT 159,PRIMONET RO SRL,exact,2026-02-13,RON,,500,3081.51,DETERMINISTIC,HIGH,BLUE-MDR-C-5,332/3.3.2025,,2025,BSS,servicii de MDR,"SERVICII RECURENTE DE SECURITATE INFORMATICA SERVICII RECURENTE DE SECURITATE INFORMATICA Conform Contractul nr. 332/3.3.2025, 500 EUR+TVA la cursul BNR 5.0934",2,org exact; unique part# via contract 332,"[{""pn"":""BLUE-MDR-C-5"",""score"":100,""on"":[""contract#""],""ref"":""332/3.3.2025"",""desc"":""servicii de MDR""},{""pn"":""BLUE-MDR-C-5"",""score"":100,""on"":[""contract#""],""ref"":""332/3.3.2025"",""desc"":""servicii de MDR""}]",
accounting:BT.R.BIT 160,BT.R.BIT 160,DECO CENTER SRL,none,2026-02-13,RON,,344.25,2121.61,UNRESOLVED,NONE,,,,,,,SERVICII RECURENTE CONFORM ANEXA 1 SERVICII RECURENTE CONFORM ANEXA 1 SERVICII RECURENTE DE SECURITATE INFORMATICA la contractul NR. 880/13.08.2025 / NR. 353/13,0,org not found in tracker,[],
accounting:BT.R.BIT 161,BT.R.BIT 161,LAMAJOLE S.R.L.,none,2026-02-13,RON,,344.25,2121.61,UNRESOLVED,NONE,,,,,,,SERVICII RECURENTE CONFORM ANEXA 1 SERVICII RECURENTE CONFORM ANEXA 1 SERVICII RECURENTE DE SECURITATE INFORMATICA la contractul NR. 1022/13.08.2025 / NR. 1022/,0,org not found in tracker,[],
accounting:BT.R.BIT 162,BT.R.BIT 162,MENDOLA PRO SRL,none,2026-02-13,RON,,344.25,2121.61,UNRESOLVED,NONE,,,,,,,SERVICII RECURENTE CONFORM ANEXA 1 SERVICII RECURENTE CONFORM ANEXA 1 SERVICII RECURENTE DE SECURITATE INFORMATICA la contractul NR. 1223/13.08.2025 / NR. 352/1,0,org not found in tracker,[],
accounting:BT.R.BIT 163,BT.R.BIT 163,ROSECO SRL,none,2026-02-13,RON,,344.25,2121.61,UNRESOLVED,NONE,,,,,,,SERVICII RECURENTE CONFORM ANEXA 1 SERVICII RECURENTE CONFORM ANEXA 1 SERVICII RECURENTE DE SECURITATE INFORMATICA la contractul NR. 133/13.8.2025 / Nr. 355/13.,0,org not found in tracker,[],
accounting:BT.R.BIT 164,BT.R.BIT 164,DIGITIZE TECH S.R.L.,exact,2026-02-13,RON,,2969.53,15125,SCORED,LOW,BLUE-MDR-C-10,Contract de furnizare servicii DT25090101/1.9.2025,,2025,BSS,servicii de MDR,"SERVICII RECURENTE CONFORM ANEXA 1 SERVICII RECURENTE CONFORM ANEXA 1 Servicii de monitorizare SOC, conform anexe 1 la Contractul nr. DT25090101/1.09.2025",2,org exact; score=5 margin=0 on [data final (137d)]; 2 distinct part# near top,"[{""pn"":""BLUE-MDR-C-10"",""score"":5,""on"":[""data final (137d)""],""ref"":""Contract de furnizare servicii DT2509010"",""desc"":""servicii de MDR""},{""pn"":""RED-VA-I-B-100"",""score"":5,""on"":[""data final (137d)""],""ref"":""Contract de furnizare servicii DT2509010"",""desc"":""servicii de VA""}]",
accounting:BT.BIT 1030,BT.BIT 1030,PLURIDIO SRL,exact,2026-02-16,RON,storno,1500,9244.88,SCORED,MEDIUM,CONSULTANCY-MISC-20,CONTRACT-CADRU DE PRESTARI SERVICII NR. 373/4.12.2025,avans,2026,BSS,servicii de training,Avans conform ANEXA 2 Avans conform ANEXA 2 – SERVICII PUNCTUALE DE SECURITATE INFORMATICA la CONTRACT NR. 373/4.12.2025( 1.500 euro+TVA la cursul BNR) stornare,3,"org exact; score=96 margin=8 on [contract#, amount~avans, data avans (12d)]; 2 distinct part# near top; storno","[{""pn"":""CONSULTANCY-MISC-20"",""score"":96,""on"":[""contract#"",""amount~avans"",""data avans (12d)""],""ref"":""CONTRACT-CADRU DE PRESTARI SERVICII NR. "",""desc"":""servicii de training""},{""pn"":""BLUE-MDR-C-65"",""score"":88,""on"":[""contract#"",""amount~final"",""data est. close (11d)""],""ref"":""CONTRACT-CADRU DE PRESTARI SERVICII NR. "",""desc"":""servicii de mdr""},{""pn"":""BLUE-MDR-I"",""score"":78,""on"":[""contract#"",""amount~avans"",""data avans (21d)""],""ref"":""CONTRACT-CADRU DE PRESTARI SERVICII NR. "",""desc"":""servicii de mdr""}]","[{""service"":""Avans conform ANEXA 2 | Avans conform ANEXA 2 | – SERVICII P"",""partNumber"":""CONSULTANCY-MISC-20"",""score"":96,""on"":[""contract#"",""amount~avans"",""data avans (12d)""]},{""service"":""Servicii conform ANEXA 2 | Servicii conform ANEXA 2 | – SERV"",""partNumber"":""CONSULTANCY-MISC-20"",""score"":97,""on"":[""contract#"",""amount~total"",""data avans (12d)""]}]"
accounting:BT.BIT 1031,BT.BIT 1031,PLURIDIO SRL,exact,2026-02-17,RON,,1463,9019.85,SCORED,MEDIUM,BLUE-MDR-C-65,CONTRACT-CADRU DE PRESTARI SERVICII NR. 373/4.12.2025,final,2026,BSS,servicii de mdr,"Servicii de tip SOC-as-a-Service / Managed Detection Servicii de tip SOC-as-a-Service / Managed Detection and Response (MDR) pachetul PREMIUM-MDR , conform ANEX",3,"org exact; score=97 margin=8 on [contract#, amount~final, data est. close (12d)]; 3 distinct part# near top","[{""pn"":""BLUE-MDR-C-65"",""score"":97,""on"":[""contract#"",""amount~final"",""data est. close (12d)""],""ref"":""CONTRACT-CADRU DE PRESTARI SERVICII NR. "",""desc"":""servicii de mdr""},{""pn"":""BLUE-MDR-I"",""score"":89,""on"":[""contract#"",""amount~avans"",""data avans (22d)""],""ref"":""CONTRACT-CADRU DE PRESTARI SERVICII NR. "",""desc"":""servicii de mdr""},{""pn"":""CONSULTANCY-MISC-20"",""score"":88,""on"":[""contract#"",""amount~avans"",""data avans (13d)""],""ref"":""CONTRACT-CADRU DE PRESTARI SERVICII NR. "",""desc"":""servicii de training""}]",
accounting:BT.BIT 1032,BT.BIT 1032,INSIGHTS ENTERPRISE SRL,exact,2026-02-20,RON,storno,6050,37299.41,SCORED,MEDIUM,RED-PEN-S-WB-1,ACT ADITIONAL NR. 3 DIN 28.1.2026,avans,2026,BSS,servicii de pentest,Stornare Avans conform Act Aditional nr. 3 din 28.1.2026 Stornare Avans conform Act Aditional nr. 3 din 28.1.2026 la CONTRACT DE PRESTARI SERVICII Nr. 1/2022 (6,3,"org exact; score=46 margin=33 on [amount~avans, data avans (22d)]; 1 distinct part# near top; storno","[{""pn"":""RED-PEN-S-WB-1"",""score"":46,""on"":[""amount~avans"",""data avans (22d)""],""ref"":""ACT ADITIONAL NR. 3 DIN 28.1.2026"",""desc"":""servicii de pentest""},{""pn"":""RED-PEN-S-WB-1"",""score"":13,""on"":[""amount~avans""],""ref"":""ACT ADITIONAL NR. 2 DIN 3.12.2024"",""desc"":""servicii de pentest""},{""pn"":""RED-PEN-S-WB-1"",""score"":1,""on"":[],""ref"":""Nr. 1/2022"",""desc"":""servicii de pentest""}]","[{""service"":""Stornare Avans conform Act Aditional nr. 3 din 28.1.2026 | S"",""partNumber"":""RED-PEN-S-WB-1"",""score"":46,""on"":[""amount~avans"",""data avans (22d)""]},{""service"":""Testare de tip blackbox penetration testing - | Testare de t"",""partNumber"":""RED-PEN-S-WB-1"",""score"":46,""on"":[""amount~total"",""data avans (22d)""]}]"
accounting:BT.BIT 1033,BT.BIT 1033,ROBITE SA,exact,2026-02-20,RON,avans,1500,9248.51,DETERMINISTIC,HIGH,RED-PEN-B-E-B-5,CONTRACT-CADRU DE PRESTĂRI SERVICII NR. 393/20.2.2026,,2026,BSS,servicii de pentest,"Avans conform ANEXA 1 Avans conform ANEXA 1 – SERVICII PUNCTUALE DE SECURITATE INFORMATICA LA CONTRACT NR. 393/20.2.2026( 1,500 EURO + TVA la cursul BNR)",1,org exact; unique part# via contract 393; avans,"[{""pn"":""RED-PEN-B-E-B-5"",""score"":100,""on"":[""contract#""],""ref"":""CONTRACT-CADRU DE PRESTĂRI SERVICII NR. "",""desc"":""servicii de pentest""}]",
accounting:BT.BIT 1034,BT.BIT 1034,INFOSYS ROMANIA S.R.L.,exact,2026-02-27,RON,,440,119365.14,DETERMINISTIC,HIGH,RED-PEN-B-E-B-44,FRAMEWORK SERVICE AGREEMENT NO. 375/12.12.2025,,2025,BSS,servicii de pentest,Servicii conform Anexa 1 la Contract de prestari servicii Servicii conform Anexa 1 la Contract de prestari servicii nr. 375 din 12.12.2025 -Expert Cybersecurity,2,org exact; unique part# via contract 375,"[{""pn"":""RED-PEN-B-E-B-44"",""score"":100,""on"":[""contract#""],""ref"":""FRAMEWORK SERVICE AGREEMENT NO. 375/12.1"",""desc"":""servicii de pentest""},{""pn"":""RED-PEN-B-E-B-44"",""score"":100,""on"":[""contract#""],""ref"":""FRAMEWORK SERVICE AGREEMENT NO. 375/12.1"",""desc"":""servicii de pentest""}]",
accounting:BT.BIT 1035,BT.BIT 1035,LATITUDE BUSINESS APPLICATION S.R.L.,exact,2026-03-04,RON,avans,2100,12954.27,SCORED,HIGH,RED-PEN-B-E-B-7,326/27.1.2025,avans,2026,BSS,servicii de pentest,"Avans conform ACT ADITIONAL NR. 1 DIN 12.02.2026 Avans conform ACT ADITIONAL NR. 1 DIN 12.02.2026 CONTRACT DE PRESTARI SERVICII NR. 326/27.1.2025( 2,100 Euro + ",2,"org exact; score=102 margin=48 on [contract#, amount~avans, data avans (1d)]; 1 distinct part# near top; avans","[{""pn"":""RED-PEN-B-E-B-7"",""score"":102,""on"":[""contract#"",""amount~avans"",""data avans (1d)""],""ref"":""326/27.1.2025"",""desc"":""servicii de pentest""},{""pn"":""RED-PEN-B-E-B-6"",""score"":54,""on"":[""contract#"",""data avans (365d)""],""ref"":""326/27.1.2025"",""desc"":""servicii de pentest""}]",
accounting:BT.BIT 1036,BT.BIT 1036,VOLTA X SOLAR SYSTEMS S.R.L.,exact,2026-03-04,RON,avans,1625,10024.14,DETERMINISTIC,HIGH,RED-PEN-B-E-B-5,CONTRACT-CADRU DE PRESTĂRI SERVICII Nr. 392/11.2.2026,,2026,BSS,servicii de pentest,"Avans conform ANEXA 1 Avans conform ANEXA 1 SERVICII PUNCTUALE DE SECURITATE INFORMATICA la Contractul cu Nr. 392/11.2.2026(1,625 EURO + TVA la cursul BNR)",1,org exact; unique part# via contract 392; avans,"[{""pn"":""RED-PEN-B-E-B-5"",""score"":100,""on"":[""contract#""],""ref"":""CONTRACT-CADRU DE PRESTĂRI SERVICII Nr. "",""desc"":""servicii de pentest""}]",
accounting:BT.BIT 1037,BT.BIT 1037,ROBITE SA,exact,2026-03-04,RON,storno,1500,9257.59,DETERMINISTIC,HIGH,RED-PEN-B-E-B-5,CONTRACT-CADRU DE PRESTĂRI SERVICII NR. 393/20.2.2026,,2026,BSS,servicii de pentest,"Stornare Avans conform ANEXA 1 Stornare Avans conform ANEXA 1 – SERVICII PUNCTUALE DE SECURITATE INFORMATICA LA CONTRACT NR. 393/20.2.2026( 1,500 EURO + TVA la ",1,org exact; unique part# via contract 393/1033; storno,"[{""pn"":""RED-PEN-B-E-B-5"",""score"":100,""on"":[""contract#""],""ref"":""CONTRACT-CADRU DE PRESTĂRI SERVICII NR. "",""desc"":""servicii de pentest""}]",
accounting:BT.BIT 1038,BT.BIT 1038,EDPR ROMANIA SRL,exact,2026-03-06,RON,,5900,36363.92,DETERMINISTIC,HIGH,CONSULTANCY-MISC-7,CONTRACT-CADRU DE PRESTARI SERVICII NR. 374/8.12.2025,,2025,BSS,servicii de consultanta,"Servicii conform ANEXA 1 Servicii conform ANEXA 1 – SERVICII PUNCTUALE DE SECURITATE INFORMATICA LA CONTRACT NR. 374/8.12.2025, Pre-Registration No. 0000144161(",1,org exact; unique part# via contract 374/000014,"[{""pn"":""CONSULTANCY-MISC-7"",""score"":100,""on"":[""contract#""],""ref"":""CONTRACT-CADRU DE PRESTARI SERVICII NR. "",""desc"":""servicii de consultanta""}]",
accounting:BT.BIT 1039,BT.BIT 1039,ORANGE ROMANIA SA,exact,2026-03-11,RON,,5400,66587.99,SCORED,MEDIUM,PHISH-P-L-YY-F-<410>-<12>,18.02.2026,final,2026,BSS,Phish Enterprise Fully-Managed Monthly License,"BitSentinel - platforma instruire securitate BitSentinel - platforma instruire securitate 1YR 410 useri, Transavia, Nr Notificare O1254295, PO00170797, Nr Recep",33,"org exact; score=46 margin=13 on [amount~final, data final (0d)]; 1 distinct part# near top","[{""pn"":""PHISH-P-L-YY-F-<410>-<12>"",""score"":46,""on"":[""amount~final"",""data final (0d)""],""ref"":""18.02.2026"",""desc"":""Phish Enterprise Fully-Managed Monthly License""},{""pn"":""RED-PEN-B-E-B-9"",""score"":33,""on"":[""amount~final"",""data final (149d)""],""ref"":""04.09.2025"",""desc"":""servicii de pentest""},{""pn"":""ORO-TEM-L-10000"",""score"":30,""on"":[""amount~final""],""ref"":""PO 40451579"",""desc"":""licente tem 2021""}]",
accounting:BT.BIT 1040,BT.BIT 1040,LATITUDE BUSINESS APPLICATION S.R.L.,exact,2026-03-17,RON,storno,2100,12938.01,SCORED,HIGH,RED-PEN-B-E-B-7,326/27.1.2025,avans,2026,BSS,servicii de pentest,"Avans conform ACT ADITIONAL NR. 1 DIN 12.02.2026 Avans conform ACT ADITIONAL NR. 1 DIN 12.02.2026 CONTRACT DE PRESTARI SERVICII NR. 326/27.1.2025( 2,100 Euro + ",2,"org exact; score=96 margin=42 on [contract#, amount~avans, data avans (14d)]; 1 distinct part# near top; storno","[{""pn"":""RED-PEN-B-E-B-7"",""score"":96,""on"":[""contract#"",""amount~avans"",""data avans (14d)""],""ref"":""326/27.1.2025"",""desc"":""servicii de pentest""},{""pn"":""RED-PEN-B-E-B-6"",""score"":54,""on"":[""contract#"",""data final (365d)""],""ref"":""326/27.1.2025"",""desc"":""servicii de pentest""}]","[{""service"":""Avans conform ACT ADITIONAL NR. 1 DIN 12.02.2026 | Avans con"",""partNumber"":""RED-PEN-B-E-B-7"",""score"":96,""on"":[""contract#"",""amount~avans"",""data avans (14d)""]},{""service"":""Servicii de penetration testing conform | Servicii de penetr"",""partNumber"":""RED-PEN-B-E-B-7"",""score"":96,""on"":[""contract#"",""amount~total"",""data avans (14d)""]}]"
accounting:BT.BIT 1041,BT.BIT 1041,ELECTRO-ALFA INTERNATIONAL S.A.,exact,2026-03-17,RON,avans,2600,16028.56,SCORED,HIGH,RED-PEN-B-I-B-8,339/8.4.2025,avans,2026,BSS,servicii de pentest,"Avans conform ACT ADITIONAL NR. 1 Avans conform ACT ADITIONAL NR. 1 DIN 10.3.2026 CONTRACT DE PRESTARI SERVICII Nr. 339/8.4.2025( 2,600 EURO + TVA la cursul BNR",3,"org exact; score=102 margin=48 on [contract#, amount~avans, data avans (1d)]; 1 distinct part# near top; avans","[{""pn"":""RED-PEN-B-I-B-8"",""score"":102,""on"":[""contract#"",""amount~avans"",""data avans (1d)""],""ref"":""339/8.4.2025"",""desc"":""servicii de pentest""},{""pn"":""RED-PEN-RED-ST-30"",""score"":54,""on"":[""contract#"",""data avans (323d)""],""ref"":""339/8.4.2025"",""desc"":""servicii de redteam""},{""pn"":""PHISH-P-L-YY-F-<400>-<12>"",""score"":8,""on"":[""data final (97d)""],""ref"":""Comanda 1 21.11.2025"",""desc"":""Phish Enterprise - Training 3 luni (500 angajati)""}]",
accounting:BT.BIT 1042,BT.BIT 1042,SILKWEB S.A.,exact,2026-03-17,RON,avans,4200,25892.28,SCORED,HIGH,RED-PEN-S-W-<1>,Nr. 11 din 9.3.2026,avans,2026,BSS,pentest web app whitebox,"Avans conform ACT ADITIONAL NR. 11 Avans conform ACT ADITIONAL NR. 11 DIN 9.3.2026 CONTRACT DE PRESTARI SERVICII Nr. 195/29.06.2021( 4,200 EURO + TVA la cursul ",7,"org exact; score=101 margin=39 on [contract#, amount~avans, data avans (5d)]; 1 distinct part# near top; avans","[{""pn"":""RED-PEN-S-W-<1>"",""score"":101,""on"":[""contract#"",""amount~avans"",""data avans (5d)""],""ref"":""Nr. 11 din 9.3.2026"",""desc"":""pentest web app whitebox""},{""pn"":""RED-PEN-S-G-1"",""score"":62,""on"":[""contract#"",""amount~final""],""ref"":""195/29.06.2021"",""desc"":""pentest web app greybox""},{""pn"":""RED-C-M-MM-16"",""score"":15,""on"":[""data est. close (19d)""],""ref"":""NR. 10 DIN 9.3.2026"",""desc"":""monthly code review""}]",
accounting:BT.BIT 1043,BT.BIT 1043,VOLTA X SOLAR SYSTEMS S.R.L.,exact,2026-03-17,RON,storno,1625,10011.56,DETERMINISTIC,HIGH,RED-PEN-B-E-B-5,CONTRACT-CADRU DE PRESTĂRI SERVICII Nr. 392/11.2.2026,,2026,BSS,servicii de pentest,"Avans conform ANEXA 1 Avans conform ANEXA 1 SERVICII PUNCTUALE DE SECURITATE INFORMATICA la Contractul cu Nr. 392/11.2.2026(1,625 EURO + TVA la cursul BNR) Stor",1,org exact; unique part# via contract 392/1036; storno,"[{""pn"":""RED-PEN-B-E-B-5"",""score"":100,""on"":[""contract#""],""ref"":""CONTRACT-CADRU DE PRESTĂRI SERVICII Nr. "",""desc"":""servicii de pentest""}]",
accounting:BT.BIT 1044,BT.BIT 1044,ORANGE ROMANIA SA,exact,2026-03-18,RON,storno,5400,-55031.4,SCORED,MEDIUM,PHISH-P-L-YY-F-<410>-<12>,18.02.2026,final,2026,BSS,Phish Enterprise Fully-Managed Monthly License,"BitSentinel - platforma instruire securitate BitSentinel - platforma instruire securitate 1YR 410 useri, Transavia, Nr Notificare O1254295, PO00170797, Nr Recep",25,"org exact; score=46 margin=13 on [amount~final, data final (7d)]; 1 distinct part# near top; storno","[{""pn"":""PHISH-P-L-YY-F-<410>-<12>"",""score"":46,""on"":[""amount~final"",""data final (7d)""],""ref"":""18.02.2026"",""desc"":""Phish Enterprise Fully-Managed Monthly License""},{""pn"":""RED-PEN-B-E-B-9"",""score"":33,""on"":[""amount~final"",""data final (156d)""],""ref"":""04.09.2025"",""desc"":""servicii de pentest""},{""pn"":""RED-PEN-B-I-B-20"",""score"":30,""on"":[""amount~final""],""ref"":""28.11.2024"",""desc"":""servicii de pentest""}]",
accounting:BT.BIT 1045,BT.BIT 1045,ORANGE ROMANIA SA,exact,2026-03-18,RON,,5400,33282.24,SCORED,MEDIUM,PHISH-P-L-YY-F-<410>-<12>,18.02.2026,final,2026,BSS,Phish Enterprise Fully-Managed Monthly License,"BitSentinel - platforma instruire securitate BitSentinel - platforma instruire securitate 1YR 410 useri, Transavia, Nr Notificare O1254295, PO00170797, Nr Recep",27,"org exact; score=46 margin=13 on [amount~final, data final (7d)]; 1 distinct part# near top","[{""pn"":""PHISH-P-L-YY-F-<410>-<12>"",""score"":46,""on"":[""amount~final"",""data final (7d)""],""ref"":""18.02.2026"",""desc"":""Phish Enterprise Fully-Managed Monthly License""},{""pn"":""RED-PEN-B-E-B-9"",""score"":33,""on"":[""amount~final"",""data final (156d)""],""ref"":""04.09.2025"",""desc"":""servicii de pentest""},{""pn"":""RED-PEN-B-I-B-50"",""score"":30,""on"":[""amount~final""],""ref"":""PO 40450160"",""desc"":""pentest blackbox""}]",
accounting:BT.R.BIT 165,BT.R.BIT 165,ART & CRAFT DESIGN SRL,exact,2026-03-20,RON,,400,2466.42,DETERMINISTIC,HIGH,BLUE-MDR-C-6,Contract cadru de prestari servicii nr. 335 din 31.3.2025,,2025,BSS,servicii de MDR,SERVICII RECURENTE DE SECURITATE INFORMATICA SERVICII RECURENTE DE SECURITATE INFORMATICA Conform Anexa 1 la Contractul de prestari servicii nr. 335 din 31.3.20,1,org exact; unique part# via contract 335,"[{""pn"":""BLUE-MDR-C-6"",""score"":100,""on"":[""contract#""],""ref"":""Contract cadru de prestari servicii nr. "",""desc"":""servicii de MDR""}]",
accounting:BT.R.BIT 166,BT.R.BIT 166,DECO CENTER SRL,none,2026-03-20,RON,,344.25,2122.66,UNRESOLVED,NONE,,,,,,,SERVICII RECURENTE CONFORM ANEXA 1 SERVICII RECURENTE CONFORM ANEXA 1 SERVICII RECURENTE DE SECURITATE INFORMATICA la contractul NR. 880/13.08.2025 / NR. 353/13,0,org not found in tracker,[],
accounting:BT.R.BIT 167,BT.R.BIT 167,DIGITIZE TECH S.R.L.,exact,2026-03-20,RON,,,15125,SCORED,LOW,BLUE-MDR-C-10,Contract de furnizare servicii DT25090101/1.9.2025,,2025,BSS,servicii de MDR,"SERVICII RECURENTE CONFORM ANEXA 1 SERVICII RECURENTE CONFORM ANEXA 1 Servicii de monitorizare SOC, conform anexe 1 la Contractul nr. DT25090101/1.09.2025",2,org exact; score=5 margin=0 on [data final (172d)]; 2 distinct part# near top,"[{""pn"":""BLUE-MDR-C-10"",""score"":5,""on"":[""data final (172d)""],""ref"":""Contract de furnizare servicii DT2509010"",""desc"":""servicii de MDR""},{""pn"":""RED-VA-I-B-100"",""score"":5,""on"":[""data final (172d)""],""ref"":""Contract de furnizare servicii DT2509010"",""desc"":""servicii de VA""}]",
accounting:BT.R.BIT 168,BT.R.BIT 168,DONA MARKETING GRUP SRL,none,2026-03-20,RON,,659.85,4068.66,UNRESOLVED,NONE,,,,,,,"SERVICII CONFORM CONTRACT NR. 296 / 06.08.2024 SERVICII CONFORM CONTRACT NR. 296 / 06.08.2024 ACT ADITIONAL NR. 2 DIN 3.9.2025 , 659.85 EUR+TVA la cursul BNR 5.",0,org not found in tracker,[],
accounting:BT.R.BIT 169,BT.R.BIT 169,DONA. CARGO S.R.L.,exact,2026-03-20,RON,,439.9,2712.44,SCORED,LOW,RED-NIS-C-PEN-300,264/04.05.2023,,2023,BSS,servicii de audit + pentest nis,"SERVICII CONFORM CONTRACT NR. 296 / 06.08.2024 SERVICII CONFORM CONTRACT NR. 296 / 06.08.2024 ACT ADITIONAL NR. 2 DIN 3.9.2025 , 439.90 EUR+TVA la cursul BNR 5.",2,org exact; score=1 margin=0 on []; 2 distinct part# near top,"[{""pn"":""RED-NIS-C-PEN-300"",""score"":1,""on"":[],""ref"":""264/04.05.2023"",""desc"":""servicii de audit + pentest nis""},{""pn"":""RED-NIS-C-AUDIT-300"",""score"":1,""on"":[],""ref"":""264/04.05.2023"",""desc"":""servicii de audit + pentest nis""}]",
accounting:BT.R.BIT 170,BT.R.BIT 170,DONA. LOGISTICA S.A.,exact,2026-03-20,RON,,1539.65,9493.54,DETERMINISTIC,HIGH,BLUE-MDR-C-725,296/6.8.2024,,2024,BSS,servicii de MDR,"SERVICII CONFORM CONTRACT NR. 296 / 06.08.2024 SERVICII CONFORM CONTRACT NR. 296 / 06.08.2024 ACT ADITIONAL NR. 2 DIN 3.9.2025 , 1539.65 EUR+TVA la cursul BNR 5",2,org exact; unique part# via contract 296,"[{""pn"":""BLUE-MDR-C-725"",""score"":100,""on"":[""contract#""],""ref"":""296/6.8.2024"",""desc"":""servicii de MDR""},{""pn"":""BLUE-MDR-C-725"",""score"":100,""on"":[""contract#""],""ref"":""ACT ADITIONAL NR. 2 DIN 3.9.2025 la cont"",""desc"":""servicii de MDR""}]",
accounting:BT.R.BIT 171,BT.R.BIT 171,DONA. LOGISTICA S.A.,exact,2026-03-20,RON,,1539.65,9493.54,DETERMINISTIC,HIGH,BLUE-MDR-C-725,296/6.8.2024,,2024,BSS,servicii de MDR,"SERVICII CONFORM CONTRACT NR. 296 / 06.08.2024 SERVICII CONFORM CONTRACT NR. 296 / 06.08.2024 ACT ADITIONAL NR. 2 DIN 3.9.2025 , 1539.65 EUR+TVA la cursul BNR 5",2,org exact; unique part# via contract 296,"[{""pn"":""BLUE-MDR-C-725"",""score"":100,""on"":[""contract#""],""ref"":""296/6.8.2024"",""desc"":""servicii de MDR""},{""pn"":""BLUE-MDR-C-725"",""score"":100,""on"":[""contract#""],""ref"":""ACT ADITIONAL NR. 2 DIN 3.9.2025 la cont"",""desc"":""servicii de MDR""}]",
accounting:BT.R.BIT 172,BT.R.BIT 172,GRAFTEX PRODCOM SRL,exact,2026-03-20,RON,,1100,6782.64,DETERMINISTIC,HIGH,BLUE-MDR-C-6,Contract cadru de prestari servicii nr. 334 din 31.3.2025,,2025,BSS,servicii de MDR,SERVICII RECURENTE DE SECURITATE INFORMATICA SERVICII RECURENTE DE SECURITATE INFORMATICA Conform Anexa 1 la Contractul de prestari servicii nr. 334 din 31.3.20,1,org exact; unique part# via contract 334,"[{""pn"":""BLUE-MDR-C-6"",""score"":100,""on"":[""contract#""],""ref"":""Contract cadru de prestari servicii nr. "",""desc"":""servicii de MDR""}]",
accounting:BT.R.BIT 174,BT.R.BIT 174,KEYSIGHT TECHNOLOGIES RO SRL,exact,2026-03-20,RON,,6600,40695.86,SCORED,LOW,KS-MM-RD-2,NO. 5 OF 04.10.2023,final,2023,BSS,RECURRENT INFORMATION SECURITY SERVICES,"PENETRATION TESTING SERVICES FOR MARCH 2026 PENETRATION TESTING SERVICES FOR MARCH 2026 Purchase Order Number 9068003039, 6600.00 EUR+TVA la cursul BNR 5.0959",25,"org exact; score=26 margin=0 on [amount~final, data final (254d)]; 1 distinct part# near top","[{""pn"":""KS-MM-RD-2"",""score"":26,""on"":[""amount~final"",""data final (254d)""],""ref"":""NO. 5 OF 04.10.2023"",""desc"":""RECURRENT INFORMATION SECURITY SERVICES""},{""pn"":""KS-MM-RD-2"",""score"":26,""on"":[""amount~total"",""data final (228d)""],""ref"":""NO. 5 OF 04.10.2023"",""desc"":""RECURRENT INFORMATION SECURITY SERVICES""},{""pn"":""KS-MM-RD-2"",""score"":4,""on"":[""data final (282d)""],""ref"":""NO. 5 OF 04.10.2023"",""desc"":""RECURRENT INFORMATION SECURITY SERVICES""}]",
accounting:BT.R.BIT 175,BT.R.BIT 175,LAMAJOLE S.R.L.,none,2026-03-20,RON,,344.25,2122.66,UNRESOLVED,NONE,,,,,,,SERVICII RECURENTE CONFORM ANEXA 1 SERVICII RECURENTE CONFORM ANEXA 1 SERVICII RECURENTE DE SECURITATE INFORMATICA la contractul NR. 1022/13.08.2025 / NR. 1022/,0,org not found in tracker,[],
accounting:BT.R.BIT 176,BT.R.BIT 176,MENDOLA PRO SRL,none,2026-03-20,RON,,344.25,2122.66,UNRESOLVED,NONE,,,,,,,SERVICII RECURENTE CONFORM ANEXA 1 SERVICII RECURENTE CONFORM ANEXA 1 SERVICII RECURENTE DE SECURITATE INFORMATICA la contractul NR. 1223/13.08.2025 / NR. 352/1,0,org not found in tracker,[],
accounting:BT.R.BIT 177,BT.R.BIT 177,MILLENIUM PRO DESIGN SRL,exact,2026-03-20,RON,,1800,11098.87,SCORED,HIGH,BLUE-MDR-C-12,Act aditional nr. 1 din 21.3.2025 la contractul Nr. 325/15.1.2025,final,2025,BSS,servicii de MDR,SERVICII RECURENTE DE SECURITATE INFORMATICA SERVICII RECURENTE DE SECURITATE INFORMATICA Conform Anexa 1 la Contractul de prestari servicii nr. 325 din 31.3.20,3,"org exact; score=84 margin=33 on [contract#, amount~final, data final (324d)]; 1 distinct part# near top","[{""pn"":""BLUE-MDR-C-12"",""score"":84,""on"":[""contract#"",""amount~final"",""data final (324d)""],""ref"":""Act aditional nr. 1 din 21.3.2025 la con"",""desc"":""servicii de MDR""},{""pn"":""BLUE-IR-5"",""score"":51,""on"":[""contract#""],""ref"":""Nr. 325/15.1.2025"",""desc"":""servicii de investigatie""},{""pn"":""RED-PEN-B-I-B-50"",""score"":51,""on"":[""contract#""],""ref"":""Nr. 325/15.1.2025"",""desc"":""servicii de pentest""}]",
accounting:BT.R.BIT 178,BT.R.BIT 178,NESTLERS & PARTNERS SRL,exact,2026-03-20,RON,,500,3083.02,SCORED,HIGH,BLUE-MDR-C-5,Nr. 273/02.10.2023,final,2024,BSS,servicii de MDR,"SERVICII CONTRACT 273/02.10.2023 SERVICII CONTRACT 273/02.10.2023 ACT ADITIONAL NR. 1 DIN 19.03.2024, 500.00 EUR+TVA la cursul BNR 5.0959",3,"org exact; score=82 margin=0 on [contract#, amount~final]; 1 distinct part# near top","[{""pn"":""BLUE-MDR-C-5"",""score"":82,""on"":[""contract#"",""amount~final""],""ref"":""Nr. 273/02.10.2023"",""desc"":""servicii de MDR""},{""pn"":""BLUE-MDR-C-5"",""score"":82,""on"":[""contract#"",""amount~final""],""ref"":""Nr. 273/02.10.2023"",""desc"":""servicii de MDR""},{""pn"":""RED-PEN-B-E-B-5"",""score"":51,""on"":[""contract#""],""ref"":""273/02.10.2023"",""desc"":""servicii de pentest""}]",
accounting:BT.R.BIT 179,BT.R.BIT 179,ORANGE ROMANIA SA,exact,2026-03-20,RON,,1875,11561.32,SCORED,MEDIUM,ORO-TEM-SUPPORT-50-12,PO 00025528,final,2023,BSS,tem support,"SERVICII SUPORT TEM L2/L3 DATA DE LIVRARE: 31-01-2026 SERVICII SUPORT TEM L2/L3 DATA DE LIVRARE: 31-01-2026 PO00112619 OPA_70420, 1875.00 EUR+TVA la cursul BNR ",59,org exact; score=31 margin=16 on [amount~final]; 1 distinct part# near top,"[{""pn"":""ORO-TEM-SUPPORT-50-12"",""score"":31,""on"":[""amount~final""],""ref"":""PO 00025528"",""desc"":""tem support""},{""pn"":""CYBEREDU-SM-Y-25-36"",""score"":15,""on"":[""data final (7d)""],""ref"":""PO00174870"",""desc"":""CyberEDU - Iasi 36 de luni (TU Iasi)""},{""pn"":""PHISH-P-L-YY-F-<410>-<12>"",""score"":15,""on"":[""data final (9d)""],""ref"":""18.02.2026"",""desc"":""Phish Enterprise Fully-Managed Monthly License""}]",
accounting:BT.R.BIT 180,BT.R.BIT 180,ORANGE ROMANIA SA,exact,2026-03-20,RON,,,14385.36,SCORED,LOW,PHISH-P-L-YY-F-<410>-<12>,18.02.2026,,2026,BSS,Phish Enterprise Fully-Managed Monthly License,"SERVICII CONFORM: PO PO00120051 24/7 SERVICII CONFORM: PO PO00120051 24/7 O1253403 Incident Notification Hotline, Incident Response Readiness Assessment, Traini",41,org exact; score=17 margin=2 on [data final (9d)]; 5 distinct part# near top,"[{""pn"":""PHISH-P-L-YY-F-<410>-<12>"",""score"":17,""on"":[""data final (9d)""],""ref"":""18.02.2026"",""desc"":""Phish Enterprise Fully-Managed Monthly License""},{""pn"":""CYBEREDU-SM-Y-25-36"",""score"":15,""on"":[""data final (7d)""],""ref"":""PO00174870"",""desc"":""CyberEDU - Iasi 36 de luni (TU Iasi)""},{""pn"":""PHISH-P-L-MM-F-350-12"",""score"":11,""on"":[""data final (91d)""],""ref"":""25.05.2026"",""desc"":""Phish Enterprise Fully-Managed Monthly License""}]",
accounting:BT.R.BIT 181,BT.R.BIT 181,ORANGE ROMANIA SA,exact,2026-03-20,RON,,1500,9249.06,SCORED,LOW,CYBEREDU-SM-Y-25-36,PO00174870,,2026,BSS,CyberEDU - Iasi 36 de luni (TU Iasi),"SERVICII CONFORM PO00124685 SERVICII CONFORM PO00124685 O1254588 Servicii Incident Response Advance, UP ROMANIA, 1500.00 EUR+TVA la cursul BNR 5.0959",31,org exact; score=15 margin=0 on [data final (7d)]; 6 distinct part# near top,"[{""pn"":""CYBEREDU-SM-Y-25-36"",""score"":15,""on"":[""data final (7d)""],""ref"":""PO00174870"",""desc"":""CyberEDU - Iasi 36 de luni (TU Iasi)""},{""pn"":""PHISH-P-L-YY-F-<410>-<12>"",""score"":15,""on"":[""data final (9d)""],""ref"":""18.02.2026"",""desc"":""Phish Enterprise Fully-Managed Monthly License""},{""pn"":""BLUE-IR-OC-6"",""score"":11,""on"":[""data final (91d)""],""ref"":""25.05.2026"",""desc"":""IR incident response services retainer""}]",
accounting:BT.R.BIT 182,BT.R.BIT 182,PLURIDIO SRL,exact,2026-03-20,RON,,,9020.91,SCORED,MEDIUM,BLUE-MDR-I,CONTRACT-CADRU DE PRESTARI SERVICII NR. 373/4.12.2025,,2026,BSS,servicii de mdr,"CONTRACTUL NR. 373/4.12.2025 CONTRACTUL NR. 373/4.12.2025 Servicii de tip SOC-as-a-Service / Managed Detection and Response (MDR) pachetul PREMIUM-MDR , conform",3,"org exact; score=61 margin=0 on [contract#, data avans (53d)]; 3 distinct part# near top","[{""pn"":""BLUE-MDR-I"",""score"":61,""on"":[""contract#"",""data avans (53d)""],""ref"":""CONTRACT-CADRU DE PRESTARI SERVICII NR. "",""desc"":""servicii de mdr""},{""pn"":""BLUE-MDR-C-65"",""score"":61,""on"":[""contract#"",""data est. close (43d)""],""ref"":""CONTRACT-CADRU DE PRESTARI SERVICII NR. "",""desc"":""servicii de mdr""},{""pn"":""CONSULTANCY-MISC-20"",""score"":59,""on"":[""contract#"",""data avans (44d)""],""ref"":""CONTRACT-CADRU DE PRESTARI SERVICII NR. "",""desc"":""servicii de training""}]",
accounting:BT.R.BIT 183,BT.R.BIT 183,PRIMONET RO SRL,exact,2026-03-20,RON,,500,3083.02,DETERMINISTIC,HIGH,BLUE-MDR-C-5,332/3.3.2025,,2025,BSS,servicii de MDR,"SERVICII RECURENTE DE SECURITATE INFORMATICA SERVICII RECURENTE DE SECURITATE INFORMATICA Conform Contractul nr. 332/3.3.2025, 500.00 EUR+TVA la cursul BNR 5.09",2,org exact; unique part# via contract 332,"[{""pn"":""BLUE-MDR-C-5"",""score"":100,""on"":[""contract#""],""ref"":""332/3.3.2025"",""desc"":""servicii de MDR""},{""pn"":""BLUE-MDR-C-5"",""score"":100,""on"":[""contract#""],""ref"":""332/3.3.2025"",""desc"":""servicii de MDR""}]",
accounting:BT.R.BIT 185,BT.R.BIT 185,ROSECO SRL,none,2026-03-20,RON,,344.25,2122.66,UNRESOLVED,NONE,,,,,,,SERVICII RECURENTE CONFORM ANEXA 1 SERVICII RECURENTE CONFORM ANEXA 1 SERVICII RECURENTE DE SECURITATE INFORMATICA la contractul NR. 133/13.8.2025 / Nr. 355/13.,0,org not found in tracker,[],
accounting:BT.R.BIT 186,BT.R.BIT 186,SANVERO HEALTHCARE S.R.L.,none,2026-03-20,RON,,219.95,1356.22,UNRESOLVED,NONE,,,,,,,"SERVICII CONTRACT-CADRU DE PRESTARI SERVICII SERVICII CONTRACT-CADRU DE PRESTARI SERVICII Ctr. NR. 296 / 06.08.2024, 219.95 EUR+TVA la cursul BNR 5.0959",0,org not found in tracker,[],
accounting:BT.R.BIT 187,BT.R.BIT 187,"SCA ""ZAMFIRESCU RACOTI VASILE AND PARTNERS """,none,2026-03-20,RON,,1150,7090.95,UNRESOLVED,NONE,,,,,,,"SERVICII CONTRACT NR. 284/29.01.2024 SERVICII CONTRACT NR. 284/29.01.2024 ANEXA 1 - SERVICII RECURENTE DE SECURITATE, 1150.00 EUR+TVA la cursul BNR 5.0959",0,org not found in tracker,[],
accounting:BT.R.BIT 188,BT.R.BIT 188,SELGROS CASH & CARRY SRL,exact,2026-03-20,RON,,250,1541.51,SCORED,HIGH,BLUE-IR-OC-5,234/15.11.2022,final,2022,BSS,SERVICII RECURENTE DE SECURITATE INFORMATICA - On-call Incident Response,ANEXA 2 - SERVICII RECURENTE DE SECURITATE ANEXA 2 - SERVICII RECURENTE DE SECURITATE INFORMATICA On-call Incident Response ACT ADITIONAL NR. 1 din 6.11.2023 CO,25,"org exact; score=88 margin=34 on [contract#, amount~final, desc~0.30]; 1 distinct part# near top","[{""pn"":""BLUE-IR-OC-5"",""score"":88,""on"":[""contract#"",""amount~final"",""desc~0.30""],""ref"":""234/15.11.2022"",""desc"":""SERVICII RECURENTE DE SECURITATE INFORMATICA - On-call Incid""},{""pn"":""CONSULTANCY-MISC-10"",""score"":54,""on"":[""contract#"",""desc~0.16""],""ref"":""234/15.11.2022"",""desc"":""SERVICII RECURENTE DE SECURITATE INFORMATICA - Consultancy S""},{""pn"":""RED-AUDIT-A-20"",""score"":53,""on"":[""contract#""],""ref"":""234/15.11.2022"",""desc"":""SERVICII DE SECURITATE INFORMATICA""}]",
accounting:BT.R.BIT 189,BT.R.BIT 189,SELGROS CASH & CARRY SRL,exact,2026-03-20,RON,,500,3083.02,SCORED,HIGH,CONSULTANCY-MISC-10,234/15.11.2022,final,2022,BSS,SERVICII RECURENTE DE SECURITATE INFORMATICA - Consultancy Services,ANEXA 3 - SERVICII RECURENTE DE SECURITATE ANEXA 3 - SERVICII RECURENTE DE SECURITATE INFORMATICA Consultancy Services ACT ADITIONAL NR. 1 din 6.11.2023 CONTRAC,24,"org exact; score=87 margin=33 on [contract#, amount~final, desc~0.27]; 1 distinct part# near top","[{""pn"":""CONSULTANCY-MISC-10"",""score"":87,""on"":[""contract#"",""amount~final"",""desc~0.27""],""ref"":""234/15.11.2022"",""desc"":""SERVICII RECURENTE DE SECURITATE INFORMATICA - Consultancy S""},{""pn"":""BLUE-IR-OC-5"",""score"":54,""on"":[""contract#"",""desc~0.16""],""ref"":""234/15.11.2022"",""desc"":""SERVICII RECURENTE DE SECURITATE INFORMATICA - On-call Incid""},{""pn"":""RED-AUDIT-A-20"",""score"":53,""on"":[""contract#""],""ref"":""234/15.11.2022"",""desc"":""SERVICII DE SECURITATE INFORMATICA""}]",
accounting:BT.R.BIT 190,BT.R.BIT 190,SILKWEB S.A.,exact,2026-03-20,RON,,625,3853.78,DETERMINISTIC,HIGH,RED-PEN-S-G-1,195/29.06.2021,,2021,BSS,pentest web app greybox,"SERVICII ACT ADITIONAL NR. 7 DIN 25.3.2025 SERVICII ACT ADITIONAL NR. 7 DIN 25.3.2025 CONTRACT DE PRESTARI SERVICII Nr. 195/29.06.2021, 625.00 EUR+TVA la cursul",1,org exact; unique part# via contract 195,"[{""pn"":""RED-PEN-S-G-1"",""score"":100,""on"":[""contract#""],""ref"":""195/29.06.2021"",""desc"":""pentest web app greybox""}]",
accounting:BT.R.BIT 191,BT.R.BIT 191,SILKWEB S.A.,exact,2026-03-20,RON,,1350,8324.16,DETERMINISTIC,HIGH,RED-PEN-S-G-1,195/29.06.2021,,2021,BSS,pentest web app greybox,"SERVICII ACT ADITIONAL NR. 8 DIN 25.03.2025 SERVICII ACT ADITIONAL NR. 8 DIN 25.03.2025 CONTRACT DE PRESTARI SERVICII Nr. 195/29.06.2021, 1350.00 EUR+TVA la cur",1,org exact; unique part# via contract 195,"[{""pn"":""RED-PEN-S-G-1"",""score"":100,""on"":[""contract#""],""ref"":""195/29.06.2021"",""desc"":""pentest web app greybox""}]",
accounting:BT.R.BIT 192,BT.R.BIT 192,UNITED MEDIA SERVICES SRL,exact,2026-03-20,RON,,1250,7707.55,SCORED,HIGH,BLUE-MDR-C-119,CONTRACT-CADRU DE PRESTARI SERVICII NR. 346/7.7.2025,final,2025,BSS,Servicii de monitorizare MDR,SERVICII CONTRACT DE PRESTARI SERVICII NR. 346/7.7.2025 SERVICII CONTRACT DE PRESTARI SERVICII NR. 346/7.7.2025 1250.00 EUR+TVA la cursul BNR 5.0959,6,"org exact; score=85 margin=32 on [contract#, amount~final, data final (228d)]; 1 distinct part# near top","[{""pn"":""BLUE-MDR-C-119"",""score"":85,""on"":[""contract#"",""amount~final"",""data final (228d)""],""ref"":""CONTRACT-CADRU DE PRESTARI SERVICII NR. "",""desc"":""Servicii de monitorizare MDR""},{""pn"":""RED-VA-I-S-100"",""score"":53,""on"":[""contract#"",""data final (240d)""],""ref"":""CONTRACT-CADRU DE PRESTARI SERVICII NR. "",""desc"":""VA""},{""pn"":""PHISH-T-FM-FM-100-12"",""score"":53,""on"":[""contract#"",""data final (240d)""],""ref"":""CONTRACT-CADRU DE PRESTARI SERVICII NR. "",""desc"":""Phish Enterprise - Training anual si 1 campanie phish trimes""}]",
accounting:BT.BIT 1046,BT.BIT 1046,ORANGE ROMANIA SA,exact,2026-03-27,RON,,45000,277439.09,SCORED,MEDIUM,CYBEREDU-SM-Y-25-36,PO00174870,final,2026,BSS,CyberEDU - Iasi 36 de luni (TU Iasi),"Cyberedu SaaS, 3 ani Univ. Tehnica ""Gh. Asachi"" Iasi Cyberedu SaaS, 3 ani Univ. Tehnica ""Gh. Asachi"" Iasi Nr Notificare O1255723; PO00174870; Nr Receptie 110153",32,"org exact; score=48 margin=18 on [amount~final, data final (0d)]; 1 distinct part# near top","[{""pn"":""CYBEREDU-SM-Y-25-36"",""score"":48,""on"":[""amount~final"",""data final (0d)""],""ref"":""PO00174870"",""desc"":""CyberEDU - Iasi 36 de luni (TU Iasi)""},{""pn"":""ORO-TEM-DEV-500"",""score"":30,""on"":[""amount~final""],""ref"":""PO 40444776"",""desc"":""dev""},{""pn"":""PHISH-P-L-YY-F-<410>-<12>"",""score"":15,""on"":[""data final (16d)""],""ref"":""18.02.2026"",""desc"":""Phish Enterprise Fully-Managed Monthly License""}]",
accounting:BT.BIT 1047,BT.BIT 1047,SILKWEB S.A.,exact,2026-03-27,RON,storno,4200,25896.35,SCORED,HIGH,RED-PEN-S-W-<1>,Nr. 11 din 9.3.2026,avans,2026,BSS,pentest web app whitebox,"Avans conform ACT ADITIONAL NR. 11 Avans conform ACT ADITIONAL NR. 11 DIN 9.3.2026 CONTRACT DE PRESTARI SERVICII Nr. 195/29.06.2021( 4,200 EURO + TVA la cursul ",7,"org exact; score=95 margin=33 on [contract#, amount~avans, data avans (15d)]; 1 distinct part# near top; storno","[{""pn"":""RED-PEN-S-W-<1>"",""score"":95,""on"":[""contract#"",""amount~avans"",""data avans (15d)""],""ref"":""Nr. 11 din 9.3.2026"",""desc"":""pentest web app whitebox""},{""pn"":""RED-PEN-S-G-1"",""score"":62,""on"":[""contract#"",""amount~final""],""ref"":""195/29.06.2021"",""desc"":""pentest web app greybox""},{""pn"":""RED-C-M-MM-16"",""score"":15,""on"":[""data est. close (9d)""],""ref"":""NR. 10 DIN 9.3.2026"",""desc"":""monthly code review""}]","[{""service"":""Avans conform ACT ADITIONAL NR. 11 | Avans conform ACT ADITI"",""partNumber"":""RED-PEN-S-W-<1>"",""score"":95,""on"":[""contract#"",""amount~avans"",""data avans (15d)""]},{""service"":""Servicii de penetration testing conform ANEXA 5 | Servicii d"",""partNumber"":""RED-PEN-S-W-<1>"",""score"":95,""on"":[""contract#"",""amount~total"",""data avans (15d)""]}]"
accounting:BT.BIT 1048,BT.BIT 1048,INFOSYS ROMANIA S.R.L.,exact,2026-03-30,RON,,440,114019.94,DETERMINISTIC,HIGH,RED-PEN-B-E-B-44,FRAMEWORK SERVICE AGREEMENT NO. 375/12.12.2025,,2025,BSS,servicii de pentest,Servicii conform Anexa 1 Servicii conform Anexa 1 1 la Contract de prestari servicii nr. 375 din 12.12.2025 - Expert Cybersecurity 21 zile/om x 440 Euro/zi/om f,2,org exact; unique part# via contract 375,"[{""pn"":""RED-PEN-B-E-B-44"",""score"":100,""on"":[""contract#""],""ref"":""FRAMEWORK SERVICE AGREEMENT NO. 375/12.1"",""desc"":""servicii de pentest""},{""pn"":""RED-PEN-B-E-B-44"",""score"":100,""on"":[""contract#""],""ref"":""FRAMEWORK SERVICE AGREEMENT NO. 375/12.1"",""desc"":""servicii de pentest""}]",
accounting:BT.BIT 1049,BT.BIT 1049,ELECTRO-ALFA INTERNATIONAL S.A.,exact,2026-03-30,RON,storno,2600,-13246.74,SCORED,HIGH,RED-PEN-B-I-B-8,339/8.4.2025,avans,2026,BSS,servicii de pentest,"Avans conform ACT ADITIONAL NR. 1 Avans conform ACT ADITIONAL NR. 1 DIN 10.3.2026 CONTRACT DE PRESTARI SERVICII Nr. 339/8.4.2025( 2,600 EURO + TVA la cursul BNR",3,"org exact; score=96 margin=42 on [contract#, amount~avans, data avans (14d)]; 1 distinct part# near top; storno","[{""pn"":""RED-PEN-B-I-B-8"",""score"":96,""on"":[""contract#"",""amount~avans"",""data avans (14d)""],""ref"":""339/8.4.2025"",""desc"":""servicii de pentest""},{""pn"":""RED-PEN-RED-ST-30"",""score"":54,""on"":[""contract#"",""data avans (336d)""],""ref"":""339/8.4.2025"",""desc"":""servicii de redteam""},{""pn"":""PHISH-P-L-YY-F-<400>-<12>"",""score"":8,""on"":[""data final (110d)""],""ref"":""Comanda 1 21.11.2025"",""desc"":""Phish Enterprise - Training 3 luni (500 angajati)""}]",
accounting:BT.BIT 1050,BT.BIT 1050,ELECTRO-ALFA INTERNATIONAL S.A.,exact,2026-03-30,RON,,5200,32083.54,SCORED,HIGH,RED-PEN-B-I-B-8,339/8.4.2025,total,2026,BSS,servicii de pentest,Servicii de penetration testing conform Servicii de penetration testing conform ACT ADITIONAL NR. 1 DIN 10.3.2026 CONTRACT DE PRESTARI SERVICII Nr. 339/8.4.2025,3,"org exact; score=96 margin=42 on [contract#, amount~total, data avans (14d)]; 1 distinct part# near top","[{""pn"":""RED-PEN-B-I-B-8"",""score"":96,""on"":[""contract#"",""amount~total"",""data avans (14d)""],""ref"":""339/8.4.2025"",""desc"":""servicii de pentest""},{""pn"":""RED-PEN-RED-ST-30"",""score"":54,""on"":[""contract#"",""data avans (336d)""],""ref"":""339/8.4.2025"",""desc"":""servicii de redteam""},{""pn"":""PHISH-P-L-YY-F-<400>-<12>"",""score"":30,""on"":[""amount~final"",""data final (110d)""],""ref"":""Comanda 1 21.11.2025"",""desc"":""Phish Enterprise - Training 3 luni (500 angajati)""}]",
accounting:BT.BIT 1051,BT.BIT 1051,SAMSUNG ELECTRONICS ROMANIA  SRL,exact,2026-03-31,RON,,11500,70951.19,SCORED,HIGH,CONSULTANCY-MISC-8,SAMSUNG ROMANIA CONTRACT GENERAL DE ACHIZITII DE BUNURI SI PRESTARI DE SERVICII („CONTRACT”) Nr. 25/11.03.2026,final,2026,BSS,servicii de consultanta,NIS2 Maturity Self Assessment accordingly with NIS2 Maturity Self Assessment accordingly with SAMSUNG ROMANIA GENERAL PROCUREMENT AGREEMENT FOR THE ACQUISITION ,5,"org exact; score=95 margin=37 on [contract#, amount~final, data final (2d)]; 1 distinct part# near top","[{""pn"":""CONSULTANCY-MISC-8"",""score"":95,""on"":[""contract#"",""amount~final"",""data final (2d)""],""ref"":""SAMSUNG ROMANIA CONTRACT GENERAL DE ACHI"",""desc"":""servicii de consultanta""},{""pn"":""CONSULTANCY-MISC-6"",""score"":58,""on"":[""contract#"",""data final (52d)""],""ref"":""SAMSUNG ROMANIA CONTRACT GENERAL DE ACHI"",""desc"":""servicii de consultanta""},{""pn"":""CONSULTANCY-MISC-3"",""score"":58,""on"":[""contract#"",""data final (52d)""],""ref"":""SAMSUNG ROMANIA CONTRACT GENERAL DE ACHI"",""desc"":""servicii de consultanta""}]",
accounting:BT.BIT 1052,BT.BIT 1052,PRO TV SRL,exact,2026-03-31,RON,,2872,17719.29,DETERMINISTIC,HIGH,CONSULTANCY-MISC-56,ACT ADITIONAL NR. 2 DIN 16.3.2026 CONTRACT DE PRESTARI SERVICII NR. 351/11.8.2025,,2026,BSS,servicii de consultanta,"Servicii conform ACT ADITIONAL NR. 1 Servicii conform ACT ADITIONAL NR. 1 DIN 13.10.2025 CONTRACT DE PRESTARI SERVICII NR. 351/11.8.2025( 2,872 EURO + TVA la cu",1,org exact; unique part# via contract 351,"[{""pn"":""CONSULTANCY-MISC-56"",""score"":100,""on"":[""contract#""],""ref"":""ACT ADITIONAL NR. 2 DIN 16.3.2026 CONTRA"",""desc"":""servicii de consultanta""}]",
accounting:BT.BIT 1053,BT.BIT 1053,CERTSIGN SA,exact,2026-03-31,RON,,8868,54712.63,SCORED,MEDIUM,CONSULTANCY-MISC-20,,final,2026,BSS,,1 training conform ctr 45/B77A/25075.02C din 27.05.2025 1 training conform ctr 45/B77A/25075.02C din 27.05.2025 si a comenzii nr 2 din 23.10.2025( 8868 euro + t,11,"org exact; score=45 margin=23 on [amount~final, data avans (0d)]; 1 distinct part# near top","[{""pn"":""CONSULTANCY-MISC-20"",""score"":45,""on"":[""amount~final"",""data avans (0d)""],""ref"":"""",""desc"":""""},{""pn"":""RED-PEN-M-G-1"",""score"":22,""on"":[""amount~final""],""ref"":""nr 2"",""desc"":""pentest mobila""},{""pn"":""RED-PEN-B-E-B-7"",""score"":15,""on"":[""data final (28d)""],""ref"":""12"",""desc"":""penteste earhivare""}]",
accounting:BT.BIT 1054,BT.BIT 1054,CERTSIGN SA,exact,2026-03-31,RON,,35472,218850.5,DETERMINISTIC,HIGH,CYBEREDU-RUN-EX-1,NR.45/B77A/20166C,,2020,BSS,CTF Infrastructure provision and support for ECSC participant countries,"4 trainguri conform Order 4 to the Contract nr. 4 trainguri conform Order 4 to the Contract nr. 45/B77A/25075.02 dated 27.05.2025 Closed today 26.01.2026( 35,47",1,org exact; unique part# via contract 45,"[{""pn"":""CYBEREDU-RUN-EX-1"",""score"":100,""on"":[""contract#""],""ref"":""NR.45/B77A/20166C"",""desc"":""CTF Infrastructure provision and support for ECSC participan""}]",
accounting:BT.BIT 1055,BT.BIT 1055,CERTSIGN SA,exact,2026-03-31,RON,storno,35472,-180868.18,DETERMINISTIC,HIGH,CYBEREDU-RUN-EX-1,NR.45/B77A/20166C,,2020,BSS,CTF Infrastructure provision and support for ECSC participant countries,"4 trainguri conform Order 4 to the Contract nr. 4 trainguri conform Order 4 to the Contract nr. 45/B77A/25075.02 dated 27.05.2025 Closed today 26.01.2026( 35,47",1,org exact; unique part# via contract 45; storno,"[{""pn"":""CYBEREDU-RUN-EX-1"",""score"":100,""on"":[""contract#""],""ref"":""NR.45/B77A/20166C"",""desc"":""CTF Infrastructure provision and support for ECSC participan""}]",
accounting:BT.BIT 1056,BT.BIT 1056,CERTSIGN SA,exact,2026-03-31,RON,,35472,224403.2,DETERMINISTIC,HIGH,CYBEREDU-RUN-EX-1,NR.45/B77A/20166C,,2020,BSS,CTF Infrastructure provision and support for ECSC participant countries,"4 trainguri conform Order 4 to the Contract nr. 4 trainguri conform Order 4 to the Contract nr. 45/B77A/25075.02 dated 27.05.2025 Closed today 26.01.2026( 35,47",1,org exact; unique part# via contract 45,"[{""pn"":""CYBEREDU-RUN-EX-1"",""score"":100,""on"":[""contract#""],""ref"":""NR.45/B77A/20166C"",""desc"":""CTF Infrastructure provision and support for ECSC participan""}]",
accounting:BT.BIT 1057,BT.BIT 1057,INFOSYS ROMANIA S.R.L.,exact,2026-03-31,RON,storno,440,-94231.36,DETERMINISTIC,HIGH,RED-PEN-B-E-B-44,FRAMEWORK SERVICE AGREEMENT NO. 375/12.12.2025,,2025,BSS,servicii de pentest,Servicii conform Anexa 1 Servicii conform Anexa 1 1 la Contract de prestari servicii nr. 375 din 12.12.2025 - Expert Cybersecurity 21 zile/om x 440 Euro/zi/om f,2,org exact; unique part# via contract 375; storno,"[{""pn"":""RED-PEN-B-E-B-44"",""score"":100,""on"":[""contract#""],""ref"":""FRAMEWORK SERVICE AGREEMENT NO. 375/12.1"",""desc"":""servicii de pentest""},{""pn"":""RED-PEN-B-E-B-44"",""score"":100,""on"":[""contract#""],""ref"":""FRAMEWORK SERVICE AGREEMENT NO. 375/12.1"",""desc"":""servicii de pentest""}]",
accounting:BT.BIT 1058,BT.BIT 1058,INFOSYS ROMANIA S.R.L.,exact,2026-03-31,RON,,440,97727.56,DETERMINISTIC,HIGH,RED-PEN-B-E-B-44,FRAMEWORK SERVICE AGREEMENT NO. 375/12.12.2025,,2025,BSS,servicii de pentest,Servicii conform Anexa 1 Servicii conform Anexa 1 la Contract de prestari servicii nr. 375 din 12.12.2025 - Expert Cybersecurity 18 zile/om x 440 Euro/zi/om far,2,org exact; unique part# via contract 375,"[{""pn"":""RED-PEN-B-E-B-44"",""score"":100,""on"":[""contract#""],""ref"":""FRAMEWORK SERVICE AGREEMENT NO. 375/12.1"",""desc"":""servicii de pentest""},{""pn"":""RED-PEN-B-E-B-44"",""score"":100,""on"":[""contract#""],""ref"":""FRAMEWORK SERVICE AGREEMENT NO. 375/12.1"",""desc"":""servicii de pentest""}]",
accounting:BT.BIT 1059,BT.BIT 1059,SAMSUNG ELECTRONICS ROMANIA  SRL,exact,2026-03-31,RON,storno,11500,-58637.35,SCORED,HIGH,CONSULTANCY-MISC-8,SAMSUNG ROMANIA CONTRACT GENERAL DE ACHIZITII DE BUNURI SI PRESTARI DE SERVICII („CONTRACT”) Nr. 25/11.03.2026,final,2026,BSS,servicii de consultanta,NIS2 Maturity Self Assessment accordingly with NIS2 Maturity Self Assessment accordingly with SAMSUNG ROMANIA GENERAL PROCUREMENT AGREEMENT FOR THE ACQUISITION ,5,"org exact; score=95 margin=37 on [contract#, amount~final, data final (2d)]; 1 distinct part# near top; storno","[{""pn"":""CONSULTANCY-MISC-8"",""score"":95,""on"":[""contract#"",""amount~final"",""data final (2d)""],""ref"":""SAMSUNG ROMANIA CONTRACT GENERAL DE ACHI"",""desc"":""servicii de consultanta""},{""pn"":""CONSULTANCY-MISC-6"",""score"":58,""on"":[""contract#"",""data final (52d)""],""ref"":""SAMSUNG ROMANIA CONTRACT GENERAL DE ACHI"",""desc"":""servicii de consultanta""},{""pn"":""CONSULTANCY-MISC-3"",""score"":58,""on"":[""contract#"",""data final (52d)""],""ref"":""SAMSUNG ROMANIA CONTRACT GENERAL DE ACHI"",""desc"":""servicii de consultanta""}]",
accounting:BT.BIT 1060,BT.BIT 1060,SAMSUNG ELECTRONICS ROMANIA  SRL,exact,2026-04-02,RON,,11500,70945.63,SCORED,HIGH,CONSULTANCY-MISC-8,SAMSUNG ROMANIA CONTRACT GENERAL DE ACHIZITII DE BUNURI SI PRESTARI DE SERVICII („CONTRACT”) Nr. 25/11.03.2026,final,2026,BSS,servicii de consultanta,NIS2 Maturity Self Assessment accordingly with NIS2 Maturity Self Assessment accordingly with SAMSUNG ROMANIA GENERAL PROCUREMENT_ _AGREEMENT FOR THE ACQUISITIO,5,"org exact; score=95 margin=37 on [contract#, amount~final, data final (0d)]; 1 distinct part# near top","[{""pn"":""CONSULTANCY-MISC-8"",""score"":95,""on"":[""contract#"",""amount~final"",""data final (0d)""],""ref"":""SAMSUNG ROMANIA CONTRACT GENERAL DE ACHI"",""desc"":""servicii de consultanta""},{""pn"":""CONSULTANCY-MISC-6"",""score"":58,""on"":[""contract#"",""data final (50d)""],""ref"":""SAMSUNG ROMANIA CONTRACT GENERAL DE ACHI"",""desc"":""servicii de consultanta""},{""pn"":""CONSULTANCY-MISC-3"",""score"":58,""on"":[""contract#"",""data final (50d)""],""ref"":""SAMSUNG ROMANIA CONTRACT GENERAL DE ACHI"",""desc"":""servicii de consultanta""}]",
accounting:BT.BIT 1061,BT.BIT 1061,CARREFOUR ROMANIA SA,exact,2026-04-14,RON,,3195.16,16275.18,SCORED,LOW,RED-PEN-B-E-B-6,08.04.2026,,2026,BSS,servicii de pentest,"Servicii conform Comanda de aprovizionare: Servicii conform Comanda de aprovizionare: 2110113760: Pentest API-uri integrare WOLT - 6 buc( 2,241,76 RON x 6 buc =",9,org exact; score=18 margin=3 on [data final (0d)]; 2 distinct part# near top,"[{""pn"":""RED-PEN-B-E-B-6"",""score"":18,""on"":[""data final (0d)""],""ref"":""08.04.2026"",""desc"":""servicii de pentest""},{""pn"":""RED-PEN-B-E-B-5"",""score"":15,""on"":[""amount~final""],""ref"":""14.6.2024"",""desc"":""servicii de pentest""},{""pn"":""RED-PEN-B-E-B-3"",""score"":6,""on"":[""data final (337d)""],""ref"":""08.05.2025"",""desc"":""servicii de pentest""}]",
accounting:BT.BIT 1062,BT.BIT 1062,M247 EUROPE SRL,exact,2026-04-14,RON,,7175,44222.23,SCORED,HIGH,RED-PEN-B-E-B-15,NO. 342/12.5.2025,final,2025,BSS,servicii de pentest,"Servicii Conform Anexa 1 Servicii Conform Anexa 1 (50% din serviciile de penetration testing) la Contractul 342/12.5.2025 ( 7,175 EURO + TVA la cursul BNR)",3,"org exact; score=84 margin=30 on [contract#, amount~final, data final (257d)]; 1 distinct part# near top","[{""pn"":""RED-PEN-B-E-B-15"",""score"":84,""on"":[""contract#"",""amount~final"",""data final (257d)""],""ref"":""NO. 342/12.5.2025"",""desc"":""servicii de pentest""},{""pn"":""CONSULTANCY-MISC-5"",""score"":54,""on"":[""contract#"",""data final (291d)""],""ref"":""NO. 342/12.5.2025"",""desc"":""servicii de consultanta""},{""pn"":""CONSULTANCY-MISC-7"",""score"":54,""on"":[""contract#"",""data final (257d)""],""ref"":""NO. 342/12.5.2025"",""desc"":""servicii de consultanta""}]",
accounting:BT.BIT 1063,BT.BIT 1063,QUANTIC LAB S.R.L.,exact,2026-04-14,RON,avans,4500,27735.2,DETERMINISTIC,HIGH,RED-PEN-B-E-B-50,225/06.06.2022,,2022,BSS,pentest extern,Servicii de tip penetration testing Servicii de tip penetration testing avans conform ACT ADITIONAL NR. 2 DIN 07.04.2026 la CONTRACTUL DE PRESTARI SERVICII Nr. ,1,org exact; unique part# via contract 225; avans,"[{""pn"":""RED-PEN-B-E-B-50"",""score"":100,""on"":[""contract#""],""ref"":""225/06.06.2022"",""desc"":""pentest extern""}]",
accounting:BT.BIT 1064,BT.BIT 1064,TIMESAFE SRL,exact,2026-04-21,RON,,9000,55527.02,DETERMINISTIC,HIGH,RED-PEN-S-G-10,201/13.09.2021,,2021,BSS,pentest aplicatie,"Servicii conform ACT ADITIONAL NR. 5 Servicii conform ACT ADITIONAL NR. 5 DIN 24.03.2026 la Contractul de prestari servicii Nr. 201/13.09.2021 ( 9,000 EURO + TV",1,org exact; unique part# via contract 201,"[{""pn"":""RED-PEN-S-G-10"",""score"":100,""on"":[""contract#""],""ref"":""201/13.09.2021"",""desc"":""pentest aplicatie""}]",
accounting:BT.BIT 1065,BT.BIT 1065,QUANTIC LAB S.R.L.,exact,2026-04-27,RON,storno,4500,27735.19,DETERMINISTIC,HIGH,RED-PEN-B-E-B-50,225/06.06.2022,,2022,BSS,pentest extern,Servicii de tip penetration testing Servicii de tip penetration testing avans conform ACT ADITIONAL NR. 2 DIN 07.04.2026 la CONTRACTUL DE PRESTARI SERVICII Nr. ,1,org exact; unique part# via contract 225/1063; storno,"[{""pn"":""RED-PEN-B-E-B-50"",""score"":100,""on"":[""contract#""],""ref"":""225/06.06.2022"",""desc"":""pentest extern""}]",
accounting:BT.BIT 1066,BT.BIT 1066,CERTSIGN SA,exact,2026-04-28,RON,,3388,17254.07,SCORED,LOW,RED-PEN-S-B-3,NR. 1 DIN 15.05.2020,total,2020,BSS,pentest 3 aplicatii,Servicii penetration testing si evaluarea vulnerabilitatilor Servicii penetration testing si evaluarea vulnerabilitatilor cu metodologia din contract Componente,12,org exact; score=22 margin=7 on [amount~total]; 7 distinct part# near top,"[{""pn"":""RED-PEN-S-B-3"",""score"":22,""on"":[""amount~total""],""ref"":""NR. 1 DIN 15.05.2020"",""desc"":""pentest 3 aplicatii""},{""pn"":""RED-PEN-B-E-B-7"",""score"":15,""on"":[""data final (0d)""],""ref"":""12"",""desc"":""penteste earhivare""},{""pn"":""CYBEREDU-MISC"",""score"":15,""on"":[""data final (29d)""],""ref"":"""",""desc"":""""}]",
accounting:BT.R.BIT 194,BT.R.BIT 194,ART & CRAFT DESIGN SRL,exact,2026-04-29,RON,,400,2465.35,DETERMINISTIC,HIGH,BLUE-MDR-C-6,Contract cadru de prestari servicii nr. 335 din 31.3.2025,,2025,BSS,servicii de MDR,SERVICII RECURENTE DE SECURITATE INFORMATICA SERVICII RECURENTE DE SECURITATE INFORMATICA Conform Anexa 1 la Contractul de prestari servicii nr. 335 din 31.3.20,1,org exact; unique part# via contract 335,"[{""pn"":""BLUE-MDR-C-6"",""score"":100,""on"":[""contract#""],""ref"":""Contract cadru de prestari servicii nr. "",""desc"":""servicii de MDR""}]",
accounting:BT.R.BIT 195,BT.R.BIT 195,DECO CENTER SRL,none,2026-04-29,RON,,344.25,2121.75,UNRESOLVED,NONE,,,,,,,SERVICII RECURENTE CONFORM ANEXA 1 SERVICII RECURENTE CONFORM ANEXA 1 SERVICII RECURENTE DE SECURITATE INFORMATICA la contractul NR. 880/13.08.2025 / NR. 353/13,0,org not found in tracker,[],
accounting:BT.R.BIT 196,BT.R.BIT 196,DIGITIZE TECH S.R.L.,exact,2026-04-29,RON,,,15125,SCORED,LOW,BLUE-MDR-C-10,Contract de furnizare servicii DT25090101/1.9.2025,,2025,BSS,servicii de MDR,"SERVICII RECURENTE CONFORM ANEXA 1 SERVICII RECURENTE CONFORM ANEXA 1 Servicii de monitorizare SOC, conform anexe 1 la Contractul nr. DT25090101/1.09.2025",2,org exact; score=5 margin=0 on [data final (212d)]; 2 distinct part# near top,"[{""pn"":""BLUE-MDR-C-10"",""score"":5,""on"":[""data final (212d)""],""ref"":""Contract de furnizare servicii DT2509010"",""desc"":""servicii de MDR""},{""pn"":""RED-VA-I-B-100"",""score"":5,""on"":[""data final (212d)""],""ref"":""Contract de furnizare servicii DT2509010"",""desc"":""servicii de VA""}]",
accounting:BT.R.BIT 197,BT.R.BIT 197,DONA MARKETING GRUP SRL,none,2026-04-29,RON,,659.85,4066.91,UNRESOLVED,NONE,,,,,,,"SERVICII CONFORM CONTRACT NR. 296 / 06.08.2024 SERVICII CONFORM CONTRACT NR. 296 / 06.08.2024 ACT ADITIONAL NR. 2 DIN 3.9.2025 , 659.85 EUR+TVA la cursul BNR 5.",0,org not found in tracker,[],
accounting:BT.R.BIT 198,BT.R.BIT 198,DONA. CARGO S.R.L.,exact,2026-04-29,RON,,439.9,2711.27,SCORED,LOW,RED-NIS-C-PEN-300,264/04.05.2023,,2023,BSS,servicii de audit + pentest nis,"SERVICII CONFORM CONTRACT NR. 296 / 06.08.2024 SERVICII CONFORM CONTRACT NR. 296 / 06.08.2024 ACT ADITIONAL NR. 2 DIN 3.9.2025 , 439.90 EUR+TVA la cursul BNR 5.",2,org exact; score=1 margin=0 on []; 2 distinct part# near top,"[{""pn"":""RED-NIS-C-PEN-300"",""score"":1,""on"":[],""ref"":""264/04.05.2023"",""desc"":""servicii de audit + pentest nis""},{""pn"":""RED-NIS-C-AUDIT-300"",""score"":1,""on"":[],""ref"":""264/04.05.2023"",""desc"":""servicii de audit + pentest nis""}]",
accounting:BT.R.BIT 199,BT.R.BIT 199,DONA. LOGISTICA S.A.,exact,2026-04-29,RON,,1539.65,9489.45,DETERMINISTIC,HIGH,BLUE-MDR-C-725,296/6.8.2024,,2024,BSS,servicii de MDR,"SERVICII CONFORM CONTRACT NR. 296 / 06.08.2024 SERVICII CONFORM CONTRACT NR. 296 / 06.08.2024 ACT ADITIONAL NR. 2 DIN 3.9.2025 , 1539.65 EUR+TVA la cursul BNR 5",2,org exact; unique part# via contract 296,"[{""pn"":""BLUE-MDR-C-725"",""score"":100,""on"":[""contract#""],""ref"":""296/6.8.2024"",""desc"":""servicii de MDR""},{""pn"":""BLUE-MDR-C-725"",""score"":100,""on"":[""contract#""],""ref"":""ACT ADITIONAL NR. 2 DIN 3.9.2025 la cont"",""desc"":""servicii de MDR""}]",
accounting:BT.R.BIT 200,BT.R.BIT 200,DONA. LOGISTICA S.A.,exact,2026-04-29,RON,,1539.65,9489.45,DETERMINISTIC,HIGH,BLUE-MDR-C-725,296/6.8.2024,,2024,BSS,servicii de MDR,"SERVICII CONFORM CONTRACT NR. 296 / 06.08.2024 SERVICII CONFORM CONTRACT NR. 296 / 06.08.2024 ACT ADITIONAL NR. 2 DIN 3.9.2025 , 1539.65 EUR+TVA la cursul BNR 5",2,org exact; unique part# via contract 296,"[{""pn"":""BLUE-MDR-C-725"",""score"":100,""on"":[""contract#""],""ref"":""296/6.8.2024"",""desc"":""servicii de MDR""},{""pn"":""BLUE-MDR-C-725"",""score"":100,""on"":[""contract#""],""ref"":""ACT ADITIONAL NR. 2 DIN 3.9.2025 la cont"",""desc"":""servicii de MDR""}]",
accounting:BT.R.BIT 201,BT.R.BIT 201,GRAFTEX PRODCOM SRL,exact,2026-04-29,RON,,1100,6779.71,DETERMINISTIC,HIGH,BLUE-MDR-C-6,Contract cadru de prestari servicii nr. 334 din 31.3.2025,,2025,BSS,servicii de MDR,SERVICII RECURENTE DE SECURITATE INFORMATICA SERVICII RECURENTE DE SECURITATE INFORMATICA Conform Anexa 1 la Contractul de prestari servicii nr. 334 din 31.3.20,1,org exact; unique part# via contract 334,"[{""pn"":""BLUE-MDR-C-6"",""score"":100,""on"":[""contract#""],""ref"":""Contract cadru de prestari servicii nr. "",""desc"":""servicii de MDR""}]",
accounting:BT.R.BIT 203,BT.R.BIT 203,KEYSIGHT TECHNOLOGIES RO SRL,exact,2026-04-29,RON,,6000,36980.26,SCORED,MEDIUM,KS-MM-RD-2,NO. 5 OF 04.10.2023,final,2023,BSS,RECURRENT INFORMATION SECURITY SERVICES,"PENETRATION TESTING SERVICES FOR APRIL 2026 PENETRATION TESTING SERVICES FOR APRIL 2026 Purchase Order Number 9068003039, 6000.00 EUR+TVA la cursul BNR 5.0937",25,"org exact; score=34 margin=30 on [amount~final, data final (268d)]; 1 distinct part# near top","[{""pn"":""KS-MM-RD-2"",""score"":34,""on"":[""amount~final"",""data final (268d)""],""ref"":""NO. 5 OF 04.10.2023"",""desc"":""RECURRENT INFORMATION SECURITY SERVICES""},{""pn"":""KS-MM-RD-2"",""score"":4,""on"":[""data final (322d)""],""ref"":""NO. 5 OF 04.10.2023"",""desc"":""RECURRENT INFORMATION SECURITY SERVICES""},{""pn"":""KS-MM-RD-2"",""score"":4,""on"":[""data final (294d)""],""ref"":""NO. 5 OF 04.10.2023"",""desc"":""RECURRENT INFORMATION SECURITY SERVICES""}]",
accounting:BT.R.BIT 204,BT.R.BIT 204,LAMAJOLE S.R.L.,none,2026-04-29,RON,,344.25,2121.75,UNRESOLVED,NONE,,,,,,,SERVICII RECURENTE CONFORM ANEXA 1 SERVICII RECURENTE CONFORM ANEXA 1 SERVICII RECURENTE DE SECURITATE INFORMATICA la contractul NR. 1022/13.08.2025 / NR. 1022/,0,org not found in tracker,[],
accounting:BT.R.BIT 205,BT.R.BIT 205,MENDOLA PRO SRL,none,2026-04-29,RON,,344.25,2121.75,UNRESOLVED,NONE,,,,,,,SERVICII RECURENTE CONFORM ANEXA 1 SERVICII RECURENTE CONFORM ANEXA 1 SERVICII RECURENTE DE SECURITATE INFORMATICA la contractul NR. 1223/13.08.2025 / NR. 352/1,0,org not found in tracker,[],
accounting:BT.R.BIT 206,BT.R.BIT 206,MILLENIUM PRO DESIGN SRL,exact,2026-04-29,RON,,1800,11094.08,SCORED,HIGH,BLUE-MDR-C-12,Act aditional nr. 1 din 21.3.2025 la contractul Nr. 325/15.1.2025,final,2025,BSS,servicii de MDR,SERVICII RECURENTE DE SECURITATE INFORMATICA SERVICII RECURENTE DE SECURITATE INFORMATICA Conform Anexa 1 la Contractul de prestari servicii nr. 325 din 31.3.20,3,"org exact; score=84 margin=33 on [contract#, amount~final, data final (364d)]; 1 distinct part# near top","[{""pn"":""BLUE-MDR-C-12"",""score"":84,""on"":[""contract#"",""amount~final"",""data final (364d)""],""ref"":""Act aditional nr. 1 din 21.3.2025 la con"",""desc"":""servicii de MDR""},{""pn"":""BLUE-IR-5"",""score"":51,""on"":[""contract#""],""ref"":""Nr. 325/15.1.2025"",""desc"":""servicii de investigatie""},{""pn"":""RED-PEN-B-I-B-50"",""score"":51,""on"":[""contract#""],""ref"":""Nr. 325/15.1.2025"",""desc"":""servicii de pentest""}]",
accounting:BT.R.BIT 207,BT.R.BIT 207,NESTLERS & PARTNERS SRL,exact,2026-04-29,RON,,500,3081.69,SCORED,HIGH,BLUE-MDR-C-5,Nr. 273/02.10.2023,final,2024,BSS,servicii de MDR,"SERVICII CONTRACT 273/02.10.2023 SERVICII CONTRACT 273/02.10.2023 ACT ADITIONAL NR. 1 DIN 19.03.2024, 500.00 EUR+TVA la cursul BNR 5.0937",3,"org exact; score=82 margin=0 on [contract#, amount~final]; 1 distinct part# near top","[{""pn"":""BLUE-MDR-C-5"",""score"":82,""on"":[""contract#"",""amount~final""],""ref"":""Nr. 273/02.10.2023"",""desc"":""servicii de MDR""},{""pn"":""BLUE-MDR-C-5"",""score"":82,""on"":[""contract#"",""amount~final""],""ref"":""Nr. 273/02.10.2023"",""desc"":""servicii de MDR""},{""pn"":""RED-PEN-B-E-B-5"",""score"":51,""on"":[""contract#""],""ref"":""273/02.10.2023"",""desc"":""servicii de pentest""}]",
accounting:BT.R.BIT 208,BT.R.BIT 208,ORANGE ROMANIA SA,exact,2026-04-29,RON,,1875,11556.33,SCORED,MEDIUM,ORO-TEM-SUPPORT-50-12,PO 00025528,final,2023,BSS,tem support,"SERVICII SUPORT TEM L2/L3 DATA DE LIVRARE: 31-03-2026 SERVICII SUPORT TEM L2/L3 DATA DE LIVRARE: 31-03-2026 PO00171558 OPA_70420, 1875.00 EUR+TVA la cursul BNR ",59,org exact; score=31 margin=19 on [amount~final]; 1 distinct part# near top,"[{""pn"":""ORO-TEM-SUPPORT-50-12"",""score"":31,""on"":[""amount~final""],""ref"":""PO 00025528"",""desc"":""tem support""},{""pn"":""BLUE-IR-OC-6"",""score"":12,""on"":[""amount~avans""],""ref"":""09.05.2024"",""desc"":""IR incident response services retainer""},{""pn"":""CONSULTANCY-MISC-8"",""score"":9,""on"":[""data final (51d)""],""ref"":""25.05.2026"",""desc"":""servicii de consultanta""}]",
accounting:BT.R.BIT 209,BT.R.BIT 209,ORANGE ROMANIA SA,exact,2026-04-29,RON,,,14379.16,SCORED,LOW,PHISH-P-L-MM-F-350-12,25.05.2026,,2026,BSS,Phish Enterprise Fully-Managed Monthly License,"SERVICII CONFORM: PO PO00120051 24/7 SERVICII CONFORM: PO PO00120051 24/7 O1257224 Incident Notification Hotline, Incident Response Readiness Assessment, Traini",41,org exact; score=11 margin=1 on [data final (51d)]; 29 distinct part# near top,"[{""pn"":""PHISH-P-L-MM-F-350-12"",""score"":11,""on"":[""data final (51d)""],""ref"":""25.05.2026"",""desc"":""Phish Enterprise Fully-Managed Monthly License""},{""pn"":""BLUE-IR-OC-6"",""score"":10,""on"":[""data final (51d)""],""ref"":""25.05.2026"",""desc"":""IR incident response services retainer""},{""pn"":""PHISH-P-L-YY-F-<410>-<12>"",""score"":10,""on"":[""data final (49d)""],""ref"":""18.02.2026"",""desc"":""Phish Enterprise Fully-Managed Monthly License""}]",
accounting:BT.R.BIT 210,BT.R.BIT 210,ORANGE ROMANIA SA,exact,2026-04-29,RON,,1500,9245.07,SCORED,LOW,BLUE-IR-OC-6,25.05.2026,,2026,BSS,IR incident response services retainer,"SERVICII CONFORM PO00124685 SERVICII CONFORM PO00124685 O1254588 Servicii Incident Response Advance, UP ROMANIA, 1500.00 EUR+TVA la cursul BNR 5.0937",31,org exact; score=11 margin=2 on [data final (51d)]; 25 distinct part# near top,"[{""pn"":""BLUE-IR-OC-6"",""score"":11,""on"":[""data final (51d)""],""ref"":""25.05.2026"",""desc"":""IR incident response services retainer""},{""pn"":""CONSULTANCY-MISC-8"",""score"":9,""on"":[""data final (51d)""],""ref"":""25.05.2026"",""desc"":""servicii de consultanta""},{""pn"":""PHISH-P-L-YY-A-15000"",""score"":8,""on"":[""data est. close (82d)""],""ref"":"""",""desc"":""licenta anuala phish""}]",
accounting:BT.R.BIT 211,BT.R.BIT 211,PLURIDIO SRL,exact,2026-04-29,RON,,,9017.02,SCORED,MEDIUM,BLUE-MDR-I,CONTRACT-CADRU DE PRESTARI SERVICII NR. 373/4.12.2025,,2026,BSS,servicii de mdr,"CONTRACTUL NR. 373/4.12.2025 CONTRACTUL NR. 373/4.12.2025 Servicii de tip SOC-as-a-Service / Managed Detection and Response (MDR) pachetul PREMIUM-MDR , conform",3,"org exact; score=61 margin=0 on [contract#, data avans (93d)]; 3 distinct part# near top","[{""pn"":""BLUE-MDR-I"",""score"":61,""on"":[""contract#"",""data avans (93d)""],""ref"":""CONTRACT-CADRU DE PRESTARI SERVICII NR. "",""desc"":""servicii de mdr""},{""pn"":""BLUE-MDR-C-65"",""score"":61,""on"":[""contract#"",""data est. close (83d)""],""ref"":""CONTRACT-CADRU DE PRESTARI SERVICII NR. "",""desc"":""servicii de mdr""},{""pn"":""CONSULTANCY-MISC-20"",""score"":59,""on"":[""contract#"",""data avans (84d)""],""ref"":""CONTRACT-CADRU DE PRESTARI SERVICII NR. "",""desc"":""servicii de training""}]",
accounting:BT.R.BIT 212,BT.R.BIT 212,PRIMONET RO SRL,exact,2026-04-29,RON,,500,3081.69,DETERMINISTIC,HIGH,BLUE-MDR-C-5,332/3.3.2025,,2025,BSS,servicii de MDR,"SERVICII RECURENTE DE SECURITATE INFORMATICA SERVICII RECURENTE DE SECURITATE INFORMATICA Conform Contractul nr. 332/3.3.2025, 500.00 EUR+TVA la cursul BNR 5.09",2,org exact; unique part# via contract 332,"[{""pn"":""BLUE-MDR-C-5"",""score"":100,""on"":[""contract#""],""ref"":""332/3.3.2025"",""desc"":""servicii de MDR""},{""pn"":""BLUE-MDR-C-5"",""score"":100,""on"":[""contract#""],""ref"":""332/3.3.2025"",""desc"":""servicii de MDR""}]",
accounting:BT.R.BIT 214,BT.R.BIT 214,ROSECO SRL,none,2026-04-29,RON,,344.25,2121.75,UNRESOLVED,NONE,,,,,,,SERVICII RECURENTE CONFORM ANEXA 1 SERVICII RECURENTE CONFORM ANEXA 1 SERVICII RECURENTE DE SECURITATE INFORMATICA la contractul NR. 133/13.8.2025 / Nr. 355/13.,0,org not found in tracker,[],
accounting:BT.R.BIT 215,BT.R.BIT 215,SANVERO HEALTHCARE S.R.L.,none,2026-04-29,RON,,219.95,1355.64,UNRESOLVED,NONE,,,,,,,"SERVICII CONTRACT-CADRU DE PRESTARI SERVICII SERVICII CONTRACT-CADRU DE PRESTARI SERVICII Ctr. NR. 296 / 06.08.2024, 219.95 EUR+TVA la cursul BNR 5.0937",0,org not found in tracker,[],
accounting:BT.R.BIT 216,BT.R.BIT 216,"SCA ""ZAMFIRESCU RACOTI VASILE AND PARTNERS """,none,2026-04-29,RON,,1150,7087.89,UNRESOLVED,NONE,,,,,,,"SERVICII CONTRACT NR. 284/29.01.2024 SERVICII CONTRACT NR. 284/29.01.2024 ANEXA 1 - SERVICII RECURENTE DE SECURITATE, 1150.00 EUR+TVA la cursul BNR 5.0937",0,org not found in tracker,[],
accounting:BT.R.BIT 217,BT.R.BIT 217,SELGROS CASH & CARRY SRL,exact,2026-04-29,RON,,250,1540.84,SCORED,HIGH,BLUE-IR-OC-5,234/15.11.2022,final,2022,BSS,SERVICII RECURENTE DE SECURITATE INFORMATICA - On-call Incident Response,ANEXA 2 - SERVICII RECURENTE DE SECURITATE ANEXA 2 - SERVICII RECURENTE DE SECURITATE INFORMATICA On-call Incident Response ACT ADITIONAL NR. 1 din 6.11.2023 CO,25,"org exact; score=88 margin=34 on [contract#, amount~final, desc~0.30]; 1 distinct part# near top","[{""pn"":""BLUE-IR-OC-5"",""score"":88,""on"":[""contract#"",""amount~final"",""desc~0.30""],""ref"":""234/15.11.2022"",""desc"":""SERVICII RECURENTE DE SECURITATE INFORMATICA - On-call Incid""},{""pn"":""CONSULTANCY-MISC-10"",""score"":54,""on"":[""contract#"",""desc~0.16""],""ref"":""234/15.11.2022"",""desc"":""SERVICII RECURENTE DE SECURITATE INFORMATICA - Consultancy S""},{""pn"":""RED-AUDIT-A-20"",""score"":53,""on"":[""contract#""],""ref"":""234/15.11.2022"",""desc"":""SERVICII DE SECURITATE INFORMATICA""}]",
accounting:BT.R.BIT 218,BT.R.BIT 218,SELGROS CASH & CARRY SRL,exact,2026-04-29,RON,,500,3081.69,SCORED,HIGH,CONSULTANCY-MISC-10,234/15.11.2022,final,2022,BSS,SERVICII RECURENTE DE SECURITATE INFORMATICA - Consultancy Services,ANEXA 3 - SERVICII RECURENTE DE SECURITATE ANEXA 3 - SERVICII RECURENTE DE SECURITATE INFORMATICA Consultancy Services ACT ADITIONAL NR. 1 din 6.11.2023 CONTRAC,24,"org exact; score=87 margin=33 on [contract#, amount~final, desc~0.27]; 1 distinct part# near top","[{""pn"":""CONSULTANCY-MISC-10"",""score"":87,""on"":[""contract#"",""amount~final"",""desc~0.27""],""ref"":""234/15.11.2022"",""desc"":""SERVICII RECURENTE DE SECURITATE INFORMATICA - Consultancy S""},{""pn"":""BLUE-IR-OC-5"",""score"":54,""on"":[""contract#"",""desc~0.16""],""ref"":""234/15.11.2022"",""desc"":""SERVICII RECURENTE DE SECURITATE INFORMATICA - On-call Incid""},{""pn"":""RED-AUDIT-A-20"",""score"":53,""on"":[""contract#""],""ref"":""234/15.11.2022"",""desc"":""SERVICII DE SECURITATE INFORMATICA""}]",
accounting:BT.R.BIT 219,BT.R.BIT 219,SILKWEB S.A.,exact,2026-04-29,RON,,625,3852.11,DETERMINISTIC,HIGH,RED-PEN-S-G-1,195/29.06.2021,,2021,BSS,pentest web app greybox,"SERVICII ACT ADITIONAL NR. 7 DIN 25.3.2025 SERVICII ACT ADITIONAL NR. 7 DIN 25.3.2025 CONTRACT DE PRESTARI SERVICII Nr. 195/29.06.2021, 625.00 EUR+TVA la cursul",1,org exact; unique part# via contract 195,"[{""pn"":""RED-PEN-S-G-1"",""score"":100,""on"":[""contract#""],""ref"":""195/29.06.2021"",""desc"":""pentest web app greybox""}]",
accounting:BT.R.BIT 220,BT.R.BIT 220,SILKWEB S.A.,exact,2026-04-29,RON,,1350,8320.55,DETERMINISTIC,HIGH,RED-PEN-S-G-1,195/29.06.2021,,2021,BSS,pentest web app greybox,"SERVICII ACT ADITIONAL NR. 8 DIN 25.03.2025 SERVICII ACT ADITIONAL NR. 8 DIN 25.03.2025 CONTRACT DE PRESTARI SERVICII Nr. 195/29.06.2021, 1350.00 EUR+TVA la cur",1,org exact; unique part# via contract 195,"[{""pn"":""RED-PEN-S-G-1"",""score"":100,""on"":[""contract#""],""ref"":""195/29.06.2021"",""desc"":""pentest web app greybox""}]",
accounting:BT.R.BIT 221,BT.R.BIT 221,UNITED MEDIA SERVICES SRL,exact,2026-04-29,RON,,1250,7704.23,SCORED,HIGH,BLUE-MDR-C-119,CONTRACT-CADRU DE PRESTARI SERVICII NR. 346/7.7.2025,final,2025,BSS,Servicii de monitorizare MDR,SERVICII CONTRACT DE PRESTARI SERVICII NR. 346/7.7.2025 SERVICII CONTRACT DE PRESTARI SERVICII NR. 346/7.7.2025 1250.00 EUR+TVA la cursul BNR 5.0937,6,"org exact; score=85 margin=32 on [contract#, amount~final, data final (268d)]; 1 distinct part# near top","[{""pn"":""BLUE-MDR-C-119"",""score"":85,""on"":[""contract#"",""amount~final"",""data final (268d)""],""ref"":""CONTRACT-CADRU DE PRESTARI SERVICII NR. "",""desc"":""Servicii de monitorizare MDR""},{""pn"":""RED-VA-I-S-100"",""score"":53,""on"":[""contract#"",""data final (280d)""],""ref"":""CONTRACT-CADRU DE PRESTARI SERVICII NR. "",""desc"":""VA""},{""pn"":""PHISH-T-FM-FM-100-12"",""score"":53,""on"":[""contract#"",""data final (280d)""],""ref"":""CONTRACT-CADRU DE PRESTARI SERVICII NR. "",""desc"":""Phish Enterprise - Training anual si 1 campanie phish trimes""}]",
accounting:BT.BIT1067,BT.BIT1067,FLASHNET S.A.,exact,2026-04-30,RON,,4900,30240.27,SCORED,LOW,RED-NIS-C-PEN-10,NR. 312/8.10.2024,total,2024,BSS,servicii de pentest nis,"SERVICII CONFORM CONTRACT SERVICII CONFORM CONTRACT NR. 317/30.10.2024 ETAPA LA 90 DE ZILE CALENDARISTICE( 4,900 EURO + TVA la cursul BNR)",4,"org exact; score=34 margin=0 on [amount~total, data est. close (365d)]; 1 distinct part# near top","[{""pn"":""RED-NIS-C-PEN-10"",""score"":34,""on"":[""amount~total"",""data est. close (365d)""],""ref"":""NR. 312/8.10.2024"",""desc"":""servicii de pentest nis""},{""pn"":""RED-NIS-C-PEN-10"",""score"":34,""on"":[""amount~final"",""data final (287d)""],""ref"":""NR. 312/8.10.2024"",""desc"":""servicii de pentest nis""},{""pn"":""RED-NIS-C-PEN-10"",""score"":13,""on"":[""amount~final""],""ref"":""NR. 312/8.10.2024"",""desc"":""servicii de pentest nis""}]",
accounting:BT.BIT1068,BT.BIT1068,GOLIN HARRIS PUBLIC RELATIONS SA,none,2026-05-04,RON,,4000,24885.83,UNRESOLVED,NONE,,,,,,,"Servicii promovare CIO Council, Servicii promovare CIO Council, client Mastercard, conform contract nr. GHPR 236/30.04.2026( 4,000 Euro + TVA la cursul BNR)",0,org not found in tracker,[],
accounting:BT.BIT1069,BT.BIT1069,MERIDIAN TAXI SRL,exact,2026-05-21,RON,,605,3167.66,DETERMINISTIC,HIGH,RED-VA-E-B-<4>,CONTRACT-CADRU DE PRESTĂRI SERVICII NR. 398 DIN 11.05.2026,,2026,BSS,scanare de vulnerabilitati,Servicii conform ANEXA 1 Servicii conform ANEXA 1 – SERVICII PUNCTUALE DE SECURITATE INFORMATICA LA CONTRACTUL NR. 398 DIN 11.05.2026,1,org exact; unique part# via contract 398,"[{""pn"":""RED-VA-E-B-<4>"",""score"":100,""on"":[""contract#""],""ref"":""CONTRACT-CADRU DE PRESTĂRI SERVICII NR. "",""desc"":""scanare de vulnerabilitati""}]",
accounting:BT.BIT1070,BT.BIT1070,SAMSUNG ELECTRONICS ROMANIA  SRL,exact,2026-05-22,RON,,3825,64172.32,SCORED,HIGH,CONSULTANCY-MISC-6,SAMSUNG ROMANIA CONTRACT GENERAL DE ACHIZITII DE BUNURI SI PRESTARI DE SERVICII („CONTRACT”) Nr. 25/11.03.2026,final,2026,BSS,servicii de consultanta,"1. Develop and submit remediation plan 1. Develop and submit remediation plan 1. 3,825 EURO + TVA la cursul BNR | 2. Suggest technical and organizational measur",5,"org exact; score=95 margin=18 on [contract#, amount~final, data final (0d)]; 1 distinct part# near top","[{""pn"":""CONSULTANCY-MISC-6"",""score"":95,""on"":[""contract#"",""amount~final"",""data final (0d)""],""ref"":""SAMSUNG ROMANIA CONTRACT GENERAL DE ACHI"",""desc"":""servicii de consultanta""},{""pn"":""CONSULTANCY-MISC-17"",""score"":77,""on"":[""contract#"",""amount~final"",""data final (0d)""],""ref"":""SAMSUNG ROMANIA CONTRACT GENERAL DE ACHI"",""desc"":""servicii de consultanta""},{""pn"":""CONSULTANCY-MISC-8"",""score"":70,""on"":[""contract#"",""amount~final"",""data final (50d)""],""ref"":""SAMSUNG ROMANIA CONTRACT GENERAL DE ACHI"",""desc"":""servicii de consultanta""}]","[{""service"":""1. Develop and submit remediation plan | 1. Develop and subm"",""partNumber"":""CONSULTANCY-MISC-6"",""score"":45,""on"":[""amount~final"",""data final (0d)""]},{""service"":""2. Suggest technical and organizational measures | 2. Sugges"",""partNumber"":""CONSULTANCY-MISC-3"",""score"":45,""on"":[""amount~final"",""data final (0d)""]},{""service"":""3. Establish incident reporting procedures | 3. Establish in"",""partNumber"":""CONSULTANCY-MISC-17"",""score"":95,""on"":[""contract#"",""amount~final"",""data final (0d)""]}]"
accounting:BT.R.BIT 223,BT.R.BIT 223,ART & CRAFT DESIGN SRL,exact,2026-05-25,RON,,400,2540.42,DETERMINISTIC,HIGH,BLUE-MDR-C-6,Contract cadru de prestari servicii nr. 335 din 31.3.2025,,2025,BSS,servicii de MDR,SERVICII RECURENTE DE SECURITATE INFORMATICA SERVICII RECURENTE DE SECURITATE INFORMATICA Conform Anexa 1 la Contractul de prestari servicii nr. 335 din 31.3.20,1,org exact; unique part# via contract 335,"[{""pn"":""BLUE-MDR-C-6"",""score"":100,""on"":[""contract#""],""ref"":""Contract cadru de prestari servicii nr. "",""desc"":""servicii de MDR""}]",
accounting:BT.R.BIT 224,BT.R.BIT 224,DECO CENTER SRL,none,2026-05-25,RON,,344.25,2186.35,UNRESOLVED,NONE,,,,,,,SERVICII RECURENTE CONFORM ANEXA 1 SERVICII RECURENTE CONFORM ANEXA 1 SERVICII RECURENTE DE SECURITATE INFORMATICA la contractul NR. 880/13.08.2025 / NR. 353/13,0,org not found in tracker,[],
accounting:BT.R.BIT 225,BT.R.BIT 225,DIGITIZE TECH S.R.L.,exact,2026-05-25,RON,,,15125,SCORED,LOW,BLUE-MDR-C-10,Contract de furnizare servicii DT25090101/1.9.2025,,2025,BSS,servicii de MDR,"SERVICII RECURENTE CONFORM ANEXA 1 SERVICII RECURENTE CONFORM ANEXA 1 Servicii de monitorizare SOC, conform anexe 1 la Contractul nr. DT25090101/1.09.2025",2,org exact; score=5 margin=0 on [data final (238d)]; 2 distinct part# near top,"[{""pn"":""BLUE-MDR-C-10"",""score"":5,""on"":[""data final (238d)""],""ref"":""Contract de furnizare servicii DT2509010"",""desc"":""servicii de MDR""},{""pn"":""RED-VA-I-B-100"",""score"":5,""on"":[""data final (238d)""],""ref"":""Contract de furnizare servicii DT2509010"",""desc"":""servicii de VA""}]",
accounting:BT.R.BIT 226,BT.R.BIT 226,DONA MARKETING GRUP SRL,none,2026-05-25,RON,,659.85,4190.74,UNRESOLVED,NONE,,,,,,,"SERVICII CONFORM CONTRACT NR. 296 / 06.08.2024 SERVICII CONFORM CONTRACT NR. 296 / 06.08.2024 ACT ADITIONAL NR. 2 DIN 3.9.2025 , 659.85 EUR+TVA la cursul BNR 5.",0,org not found in tracker,[],
accounting:BT.R.BIT 227,BT.R.BIT 227,DONA. CARGO S.R.L.,exact,2026-05-25,RON,,439.9,2793.83,SCORED,LOW,RED-NIS-C-PEN-300,264/04.05.2023,,2023,BSS,servicii de audit + pentest nis,"SERVICII CONFORM CONTRACT NR. 296 / 06.08.2024 SERVICII CONFORM CONTRACT NR. 296 / 06.08.2024 ACT ADITIONAL NR. 2 DIN 3.9.2025 , 439.90 EUR+TVA la cursul BNR 5.",2,org exact; score=1 margin=0 on []; 2 distinct part# near top,"[{""pn"":""RED-NIS-C-PEN-300"",""score"":1,""on"":[],""ref"":""264/04.05.2023"",""desc"":""servicii de audit + pentest nis""},{""pn"":""RED-NIS-C-AUDIT-300"",""score"":1,""on"":[],""ref"":""264/04.05.2023"",""desc"":""servicii de audit + pentest nis""}]",
accounting:BT.R.BIT 228,BT.R.BIT 228,DONA. LOGISTICA S.A.,exact,2026-05-25,RON,,1539.65,9778.39,DETERMINISTIC,HIGH,BLUE-MDR-C-725,296/6.8.2024,,2024,BSS,servicii de MDR,"SERVICII CONFORM CONTRACT NR. 296 / 06.08.2024 SERVICII CONFORM CONTRACT NR. 296 / 06.08.2024 ACT ADITIONAL NR. 2 DIN 3.9.2025 , 1539.65 EUR+TVA la cursul BNR 5",2,org exact; unique part# via contract 296,"[{""pn"":""BLUE-MDR-C-725"",""score"":100,""on"":[""contract#""],""ref"":""296/6.8.2024"",""desc"":""servicii de MDR""},{""pn"":""BLUE-MDR-C-725"",""score"":100,""on"":[""contract#""],""ref"":""ACT ADITIONAL NR. 2 DIN 3.9.2025 la cont"",""desc"":""servicii de MDR""}]",
accounting:BT.R.BIT 229,BT.R.BIT 229,DONA. LOGISTICA S.A.,exact,2026-05-25,RON,,1539.65,9778.39,DETERMINISTIC,HIGH,BLUE-MDR-C-725,296/6.8.2024,,2024,BSS,servicii de MDR,"SERVICII CONFORM CONTRACT NR. 296 / 06.08.2024 SERVICII CONFORM CONTRACT NR. 296 / 06.08.2024 ACT ADITIONAL NR. 2 DIN 3.9.2025 , 1539.65 EUR+TVA la cursul BNR 5",2,org exact; unique part# via contract 296,"[{""pn"":""BLUE-MDR-C-725"",""score"":100,""on"":[""contract#""],""ref"":""296/6.8.2024"",""desc"":""servicii de MDR""},{""pn"":""BLUE-MDR-C-725"",""score"":100,""on"":[""contract#""],""ref"":""ACT ADITIONAL NR. 2 DIN 3.9.2025 la cont"",""desc"":""servicii de MDR""}]",
accounting:BT.R.BIT 230,BT.R.BIT 230,GRAFTEX PRODCOM SRL,exact,2026-05-25,RON,,1100,6986.15,DETERMINISTIC,HIGH,BLUE-MDR-C-6,Contract cadru de prestari servicii nr. 334 din 31.3.2025,,2025,BSS,servicii de MDR,SERVICII RECURENTE DE SECURITATE INFORMATICA SERVICII RECURENTE DE SECURITATE INFORMATICA Conform Anexa 1 la Contractul de prestari servicii nr. 334 din 31.3.20,1,org exact; unique part# via contract 334,"[{""pn"":""BLUE-MDR-C-6"",""score"":100,""on"":[""contract#""],""ref"":""Contract cadru de prestari servicii nr. "",""desc"":""servicii de MDR""}]",
accounting:BT.R.BIT 232,BT.R.BIT 232,KEYSIGHT TECHNOLOGIES RO SRL,exact,2026-05-25,RON,,6000,38106.29,SCORED,MEDIUM,KS-MM-RD-2,NO. 5 OF 04.10.2023,final,2023,BSS,RECURRENT INFORMATION SECURITY SERVICES,"PENETRATION TESTING SERVICES FOR MAY 2026 PENETRATION TESTING SERVICES FOR MAY 2026 Purchase Order Number 9068003039, 6000.00 EUR+TVA la cursul BNR 5.2488",25,"org exact; score=34 margin=18 on [amount~final, data final (294d)]; 1 distinct part# near top","[{""pn"":""KS-MM-RD-2"",""score"":34,""on"":[""amount~final"",""data final (294d)""],""ref"":""NO. 5 OF 04.10.2023"",""desc"":""RECURRENT INFORMATION SECURITY SERVICES""},{""pn"":""KS-MM-RD-2"",""score"":16,""on"":[""amount~final"",""data final (320d)""],""ref"":""NO. 5 OF 04.10.2023"",""desc"":""RECURRENT INFORMATION SECURITY SERVICES""},{""pn"":""KS-MM-RD-2"",""score"":13,""on"":[""amount~final""],""ref"":""NO. 5 OF 04.10.2023"",""desc"":""RECURRENT INFORMATION SECURITY SERVICES""}]",
accounting:BT.R.BIT 233,BT.R.BIT 233,LAMAJOLE S.R.L.,none,2026-05-25,RON,,344.25,2186.35,UNRESOLVED,NONE,,,,,,,SERVICII RECURENTE CONFORM ANEXA 1 SERVICII RECURENTE CONFORM ANEXA 1 SERVICII RECURENTE DE SECURITATE INFORMATICA la contractul NR. 1022/13.08.2025 / NR. 1022/,0,org not found in tracker,[],
accounting:BT.R.BIT 234,BT.R.BIT 234,MENDOLA PRO SRL,none,2026-05-25,RON,,344.25,2186.35,UNRESOLVED,NONE,,,,,,,SERVICII RECURENTE CONFORM ANEXA 1 SERVICII RECURENTE CONFORM ANEXA 1 SERVICII RECURENTE DE SECURITATE INFORMATICA la contractul NR. 1223/13.08.2025 / NR. 352/1,0,org not found in tracker,[],
accounting:BT.R.BIT 235,BT.R.BIT 235,MILLENIUM PRO DESIGN SRL,exact,2026-05-25,RON,,1800,11431.89,SCORED,HIGH,BLUE-MDR-C-12,Act aditional nr. 1 din 21.3.2025 la contractul Nr. 325/15.1.2025,final,2025,BSS,servicii de MDR,SERVICII RECURENTE DE SECURITATE INFORMATICA SERVICII RECURENTE DE SECURITATE INFORMATICA Conform Anexa 1 la Contractul de prestari servicii nr. 325 din 31.3.20,3,"org exact; score=81 margin=30 on [contract#, amount~final]; 1 distinct part# near top","[{""pn"":""BLUE-MDR-C-12"",""score"":81,""on"":[""contract#"",""amount~final""],""ref"":""Act aditional nr. 1 din 21.3.2025 la con"",""desc"":""servicii de MDR""},{""pn"":""BLUE-IR-5"",""score"":51,""on"":[""contract#""],""ref"":""Nr. 325/15.1.2025"",""desc"":""servicii de investigatie""},{""pn"":""RED-PEN-B-I-B-50"",""score"":51,""on"":[""contract#""],""ref"":""Nr. 325/15.1.2025"",""desc"":""servicii de pentest""}]",
accounting:BT.R.BIT 236,BT.R.BIT 236,NESTLERS & PARTNERS SRL,exact,2026-05-25,RON,,500,3175.52,SCORED,HIGH,BLUE-MDR-C-5,Nr. 273/02.10.2023,final,2024,BSS,servicii de MDR,"SERVICII CONTRACT 273/02.10.2023 SERVICII CONTRACT 273/02.10.2023 ACT ADITIONAL NR. 1 DIN 19.03.2024, 500.00 EUR+TVA la cursul BNR 5.2488",3,"org exact; score=82 margin=0 on [contract#, amount~final]; 1 distinct part# near top","[{""pn"":""BLUE-MDR-C-5"",""score"":82,""on"":[""contract#"",""amount~final""],""ref"":""Nr. 273/02.10.2023"",""desc"":""servicii de MDR""},{""pn"":""BLUE-MDR-C-5"",""score"":82,""on"":[""contract#"",""amount~final""],""ref"":""Nr. 273/02.10.2023"",""desc"":""servicii de MDR""},{""pn"":""RED-PEN-B-E-B-5"",""score"":51,""on"":[""contract#""],""ref"":""273/02.10.2023"",""desc"":""servicii de pentest""}]",
accounting:BT.R.BIT 237,BT.R.BIT 237,ORANGE ROMANIA SA,exact,2026-05-25,RON,,1875,11908.22,SCORED,MEDIUM,ORO-TEM-SUPPORT-50-12,PO 00025528,final,2023,BSS,tem support,"SERVICII SUPORT TEM L2/L3 DATA DE LIVRARE: 31-04-2026 SERVICII SUPORT TEM L2/L3 DATA DE LIVRARE: 31-04-2026 PO00171558 OPA_70420, 1875.00 EUR+TVA la cursul BNR ",58,org exact; score=31 margin=15 on [amount~final]; 1 distinct part# near top,"[{""pn"":""ORO-TEM-SUPPORT-50-12"",""score"":31,""on"":[""amount~final""],""ref"":""PO 00025528"",""desc"":""tem support""},{""pn"":""CONSULTANCY-MISC-8"",""score"":16,""on"":[""data final (25d)""],""ref"":""25.05.2026"",""desc"":""servicii de consultanta""},{""pn"":""BLUE-IR-OC-6"",""score"":15,""on"":[""data final (25d)""],""ref"":""25.05.2026"",""desc"":""IR incident response services retainer""}]",
accounting:BT.R.BIT 238,BT.R.BIT 238,ORANGE ROMANIA SA,exact,2026-05-25,RON,,2822.93,14816.99,SCORED,LOW,PHISH-P-L-MM-F-350-12,25.05.2026,,2026,BSS,Phish Enterprise Fully-Managed Monthly License,"SERVICII CONFORM: PO PO00120051 24/7 SERVICII CONFORM: PO PO00120051 24/7 O1257713 Incident Notification Hotline, Incident Response Readiness Assessment, Traini",42,org exact; score=18 margin=1 on [data final (25d)]; 7 distinct part# near top,"[{""pn"":""PHISH-P-L-MM-F-350-12"",""score"":18,""on"":[""data final (25d)""],""ref"":""25.05.2026"",""desc"":""Phish Enterprise Fully-Managed Monthly License""},{""pn"":""BLUE-IR-OC-6"",""score"":17,""on"":[""data final (25d)""],""ref"":""25.05.2026"",""desc"":""IR incident response services retainer""},{""pn"":""CONSULTANCY-MISC-8"",""score"":16,""on"":[""data final (25d)""],""ref"":""25.05.2026"",""desc"":""servicii de consultanta""}]",
accounting:BT.R.BIT 239,BT.R.BIT 239,ORANGE ROMANIA SA,exact,2026-05-25,RON,,1500,9526.57,SCORED,LOW,ORO-TEM-SUPPORT-50-12,PO 00025528,final,2023,BSS,tem support,"SERVICII CONFORM PO00124685 SERVICII CONFORM PO00124685 O1257585 Servicii Incident Response Advance, UP ROMANIA, 1500.00 EUR+TVA la cursul BNR 5.2488",32,org exact; score=22 margin=4 on [amount~final]; 4 distinct part# near top,"[{""pn"":""ORO-TEM-SUPPORT-50-12"",""score"":22,""on"":[""amount~final""],""ref"":""PO 00025528"",""desc"":""tem support""},{""pn"":""BLUE-IR-OC-6"",""score"":18,""on"":[""data final (25d)""],""ref"":""25.05.2026"",""desc"":""IR incident response services retainer""},{""pn"":""CONSULTANCY-MISC-8"",""score"":16,""on"":[""data final (25d)""],""ref"":""25.05.2026"",""desc"":""servicii de consultanta""}]",
accounting:BT.R.BIT 240,BT.R.BIT 240,PLURIDIO SRL,exact,2026-05-25,RON,,1770.23,9291.58,SCORED,MEDIUM,BLUE-MDR-I,CONTRACT-CADRU DE PRESTARI SERVICII NR. 373/4.12.2025,,2026,BSS,servicii de mdr,"CONTRACTUL NR. 373/4.12.2025 CONTRACTUL NR. 373/4.12.2025 Servicii de tip SOC-as-a-Service / Managed Detection and Response (MDR) pachetul PREMIUM-MDR , conform",3,"org exact; score=61 margin=0 on [contract#, data avans (119d)]; 3 distinct part# near top","[{""pn"":""BLUE-MDR-I"",""score"":61,""on"":[""contract#"",""data avans (119d)""],""ref"":""CONTRACT-CADRU DE PRESTARI SERVICII NR. "",""desc"":""servicii de mdr""},{""pn"":""BLUE-MDR-C-65"",""score"":61,""on"":[""contract#"",""data est. close (109d)""],""ref"":""CONTRACT-CADRU DE PRESTARI SERVICII NR. "",""desc"":""servicii de mdr""},{""pn"":""CONSULTANCY-MISC-20"",""score"":59,""on"":[""contract#"",""data avans (110d)""],""ref"":""CONTRACT-CADRU DE PRESTARI SERVICII NR. "",""desc"":""servicii de training""}]",
accounting:BT.R.BIT 241,BT.R.BIT 241,PRIMONET RO SRL,exact,2026-05-25,RON,,500,3175.52,DETERMINISTIC,HIGH,BLUE-MDR-C-5,332/3.3.2025,,2025,BSS,servicii de MDR,"SERVICII RECURENTE DE SECURITATE INFORMATICA SERVICII RECURENTE DE SECURITATE INFORMATICA Conform Contractul nr. 332/3.3.2025, 500.00 EUR+TVA la cursul BNR 5.24",2,org exact; unique part# via contract 332,"[{""pn"":""BLUE-MDR-C-5"",""score"":100,""on"":[""contract#""],""ref"":""332/3.3.2025"",""desc"":""servicii de MDR""},{""pn"":""BLUE-MDR-C-5"",""score"":100,""on"":[""contract#""],""ref"":""332/3.3.2025"",""desc"":""servicii de MDR""}]",
accounting:BT.R.BIT 243,BT.R.BIT 243,ROSECO SRL,none,2026-05-25,RON,,344.25,2186.35,UNRESOLVED,NONE,,,,,,,SERVICII RECURENTE CONFORM ANEXA 1 SERVICII RECURENTE CONFORM ANEXA 1 SERVICII RECURENTE DE SECURITATE INFORMATICA la contractul NR. 133/13.8.2025 / Nr. 355/13.,0,org not found in tracker,[],
accounting:BT.R.BIT 244,BT.R.BIT 244,SANVERO HEALTHCARE S.R.L.,none,2026-05-25,RON,,219.95,1396.91,UNRESOLVED,NONE,,,,,,,"SERVICII CONTRACT-CADRU DE PRESTARI SERVICII SERVICII CONTRACT-CADRU DE PRESTARI SERVICII Ctr. NR. 296 / 06.08.2024, 219.95 EUR+TVA la cursul BNR 5.2488",0,org not found in tracker,[],
accounting:BT.R.BIT 245,BT.R.BIT 245,"SCA ""ZAMFIRESCU RACOTI VASILE AND PARTNERS """,none,2026-05-25,RON,,1150,7303.71,UNRESOLVED,NONE,,,,,,,"SERVICII CONTRACT NR. 284/29.01.2024 SERVICII CONTRACT NR. 284/29.01.2024 ANEXA 1 - SERVICII RECURENTE DE SECURITATE, 1150.00 EUR+TVA la cursul BNR 5.2488",0,org not found in tracker,[],
accounting:BT.R.BIT 246,BT.R.BIT 246,SELGROS CASH & CARRY SRL,exact,2026-05-25,RON,,250,1587.76,SCORED,HIGH,BLUE-IR-OC-5,234/15.11.2022,final,2022,BSS,SERVICII RECURENTE DE SECURITATE INFORMATICA - On-call Incident Response,ANEXA 2 - SERVICII RECURENTE DE SECURITATE ANEXA 2 - SERVICII RECURENTE DE SECURITATE INFORMATICA On-call Incident Response ACT ADITIONAL NR. 1 din 6.11.2023 CO,25,"org exact; score=88 margin=34 on [contract#, amount~final, desc~0.30]; 1 distinct part# near top","[{""pn"":""BLUE-IR-OC-5"",""score"":88,""on"":[""contract#"",""amount~final"",""desc~0.30""],""ref"":""234/15.11.2022"",""desc"":""SERVICII RECURENTE DE SECURITATE INFORMATICA - On-call Incid""},{""pn"":""CONSULTANCY-MISC-10"",""score"":54,""on"":[""contract#"",""desc~0.16""],""ref"":""234/15.11.2022"",""desc"":""SERVICII RECURENTE DE SECURITATE INFORMATICA - Consultancy S""},{""pn"":""RED-AUDIT-A-20"",""score"":53,""on"":[""contract#""],""ref"":""234/15.11.2022"",""desc"":""SERVICII DE SECURITATE INFORMATICA""}]",
accounting:BT.R.BIT 247,BT.R.BIT 247,SELGROS CASH & CARRY SRL,exact,2026-05-25,RON,,500,3175.52,SCORED,HIGH,CONSULTANCY-MISC-10,234/15.11.2022,final,2022,BSS,SERVICII RECURENTE DE SECURITATE INFORMATICA - Consultancy Services,ANEXA 3 - SERVICII RECURENTE DE SECURITATE ANEXA 3 - SERVICII RECURENTE DE SECURITATE INFORMATICA Consultancy Services ACT ADITIONAL NR. 1 din 6.11.2023 CONTRAC,24,"org exact; score=87 margin=33 on [contract#, amount~final, desc~0.27]; 1 distinct part# near top","[{""pn"":""CONSULTANCY-MISC-10"",""score"":87,""on"":[""contract#"",""amount~final"",""desc~0.27""],""ref"":""234/15.11.2022"",""desc"":""SERVICII RECURENTE DE SECURITATE INFORMATICA - Consultancy S""},{""pn"":""BLUE-IR-OC-5"",""score"":54,""on"":[""contract#"",""desc~0.16""],""ref"":""234/15.11.2022"",""desc"":""SERVICII RECURENTE DE SECURITATE INFORMATICA - On-call Incid""},{""pn"":""RED-AUDIT-A-20"",""score"":53,""on"":[""contract#""],""ref"":""234/15.11.2022"",""desc"":""SERVICII DE SECURITATE INFORMATICA""}]",
accounting:BT.R.BIT 248,BT.R.BIT 248,SILKWEB S.A.,exact,2026-05-25,RON,,625,3969.4,DETERMINISTIC,HIGH,RED-PEN-S-G-1,195/29.06.2021,,2021,BSS,pentest web app greybox,"SERVICII ACT ADITIONAL NR. 7 DIN 25.3.2025 SERVICII ACT ADITIONAL NR. 7 DIN 25.3.2025 CONTRACT DE PRESTARI SERVICII Nr. 195/29.06.2021, 625.00 EUR+TVA la cursul",1,org exact; unique part# via contract 195,"[{""pn"":""RED-PEN-S-G-1"",""score"":100,""on"":[""contract#""],""ref"":""195/29.06.2021"",""desc"":""pentest web app greybox""}]",
accounting:BT.R.BIT 249,BT.R.BIT 249,SILKWEB S.A.,exact,2026-05-25,RON,,1350,8573.91,DETERMINISTIC,HIGH,RED-PEN-S-G-1,195/29.06.2021,,2021,BSS,pentest web app greybox,"SERVICII ACT ADITIONAL NR. 8 DIN 25.03.2025 SERVICII ACT ADITIONAL NR. 8 DIN 25.03.2025 CONTRACT DE PRESTARI SERVICII Nr. 195/29.06.2021, 1350.00 EUR+TVA la cur",1,org exact; unique part# via contract 195,"[{""pn"":""RED-PEN-S-G-1"",""score"":100,""on"":[""contract#""],""ref"":""195/29.06.2021"",""desc"":""pentest web app greybox""}]",
accounting:BT.R.BIT 250,BT.R.BIT 250,UNITED MEDIA SERVICES SRL,exact,2026-05-25,RON,,1250,7938.81,SCORED,HIGH,BLUE-MDR-C-119,CONTRACT-CADRU DE PRESTARI SERVICII NR. 346/7.7.2025,final,2025,BSS,Servicii de monitorizare MDR,SERVICII CONTRACT DE PRESTARI SERVICII NR. 346/7.7.2025 SERVICII CONTRACT DE PRESTARI SERVICII NR. 346/7.7.2025 1250.00 EUR+TVA la cursul BNR 5.2488,6,"org exact; score=85 margin=32 on [contract#, amount~final, data final (294d)]; 1 distinct part# near top","[{""pn"":""BLUE-MDR-C-119"",""score"":85,""on"":[""contract#"",""amount~final"",""data final (294d)""],""ref"":""CONTRACT-CADRU DE PRESTARI SERVICII NR. "",""desc"":""Servicii de monitorizare MDR""},{""pn"":""RED-VA-I-S-100"",""score"":53,""on"":[""contract#"",""data final (306d)""],""ref"":""CONTRACT-CADRU DE PRESTARI SERVICII NR. "",""desc"":""VA""},{""pn"":""PHISH-T-FM-FM-100-12"",""score"":53,""on"":[""contract#"",""data final (306d)""],""ref"":""CONTRACT-CADRU DE PRESTARI SERVICII NR. "",""desc"":""Phish Enterprise - Training anual si 1 campanie phish trimes""}]",
accounting:BT.BIT 1071,BT.BIT 1071,PLURIDIO SRL,exact,2026-06-02,RON,storno,1425,-7261.8,SCORED,MEDIUM,BLUE-MDR-I,CONTRACT-CADRU DE PRESTARI SERVICII NR. 373/4.12.2025,avans,2026,BSS,servicii de mdr,Avans Servicii de instalare conform ANEXA 1 Avans Servicii de instalare conform ANEXA 1 – SERVICII RECURENTE DE SECURITATE INFORMATICA la Contractul NR. 373/4.1,3,"org exact; score=84 margin=3 on [contract#, amount~avans, data avans (127d)]; 3 distinct part# near top; storno","[{""pn"":""BLUE-MDR-I"",""score"":84,""on"":[""contract#"",""amount~avans"",""data avans (127d)""],""ref"":""CONTRACT-CADRU DE PRESTARI SERVICII NR. "",""desc"":""servicii de mdr""},{""pn"":""CONSULTANCY-MISC-20"",""score"":81,""on"":[""contract#"",""amount~avans"",""data avans (118d)""],""ref"":""CONTRACT-CADRU DE PRESTARI SERVICII NR. "",""desc"":""servicii de training""},{""pn"":""BLUE-MDR-C-65"",""score"":81,""on"":[""contract#"",""amount~final"",""data est. close (117d)""],""ref"":""CONTRACT-CADRU DE PRESTARI SERVICII NR. "",""desc"":""servicii de mdr""}]",
accounting:BT.BIT 1072,BT.BIT 1072,PLURIDIO SRL,exact,2026-06-02,RON,,1425,8786.78,SCORED,MEDIUM,BLUE-MDR-I,CONTRACT-CADRU DE PRESTARI SERVICII NR. 373/4.12.2025,avans,2026,BSS,servicii de mdr,Servicii de instalare conform ANEXA 1 Servicii de instalare conform ANEXA 1 – SERVICII RECURENTE DE SECURITATE INFORMATICA la Contractul NR. 373/4.12.2025( 1425,3,"org exact; score=84 margin=3 on [contract#, amount~avans, data avans (127d)]; 3 distinct part# near top","[{""pn"":""BLUE-MDR-I"",""score"":84,""on"":[""contract#"",""amount~avans"",""data avans (127d)""],""ref"":""CONTRACT-CADRU DE PRESTARI SERVICII NR. "",""desc"":""servicii de mdr""},{""pn"":""CONSULTANCY-MISC-20"",""score"":81,""on"":[""contract#"",""amount~avans"",""data avans (118d)""],""ref"":""CONTRACT-CADRU DE PRESTARI SERVICII NR. "",""desc"":""servicii de training""},{""pn"":""BLUE-MDR-C-65"",""score"":81,""on"":[""contract#"",""amount~final"",""data est. close (117d)""],""ref"":""CONTRACT-CADRU DE PRESTARI SERVICII NR. "",""desc"":""servicii de mdr""}]",
accounting:BT.BIT 1073,BT.BIT 1073,MEDPLAZA HEALTH S.R.L.,exact,2026-06-10,RON,,7700,48808.04,DETERMINISTIC,HIGH,BLUE-IR-9,NR. 403/01.09.2026,,2026,BSS,ir,SERVICII CONTRACT CADRU DE PRESTARI SERV.Nr 403/01.06.2026 SERVICII CONTRACT CADRU DE PRESTARI SERV.Nr 403/01.06.2026 7.700 euro+TVA la cursul BNR,1,org exact; unique part# via contract 403,"[{""pn"":""BLUE-IR-9"",""score"":100,""on"":[""contract#""],""ref"":""NR. 403/01.09.2026"",""desc"":""ir""}]",
accounting:BT.BIT 1074,BT.BIT 1074,CERTSIGN SA,exact,2026-06-17,RON,,4440,27849.84,DETERMINISTIC,HIGH,CYBEREDU-RUN-EX-1,NR.45/B77A/20166C,,2020,BSS,CTF Infrastructure provision and support for ECSC participant countries,Order6 to the Contract nr.45/B77A/25075.02 dated 27.05.2026 Order6 to the Contract nr.45/B77A/25075.02 dated 27.05.2026 ( 4440 euro + tva la cursul BNR) Closed ,1,org exact; unique part# via contract 45,"[{""pn"":""CYBEREDU-RUN-EX-1"",""score"":100,""on"":[""contract#""],""ref"":""NR.45/B77A/20166C"",""desc"":""CTF Infrastructure provision and support for ECSC participan""}]",
accounting:BT.BIT 1075,BT.BIT 1075,CERTSIGN SA,exact,2026-06-17,RON,storno,4440,-23016.4,DETERMINISTIC,HIGH,CYBEREDU-RUN-EX-1,NR.45/B77A/20166C,,2020,BSS,CTF Infrastructure provision and support for ECSC participant countries,Order6 to the Contract nr.45/B77A/25075.02 dated 27.05.2026 Order6 to the Contract nr.45/B77A/25075.02 dated 27.05.2026 ( 4440 euro + tva la cursul BNR) Closed ,1,org exact; unique part# via contract 45; storno,"[{""pn"":""CYBEREDU-RUN-EX-1"",""score"":100,""on"":[""contract#""],""ref"":""NR.45/B77A/20166C"",""desc"":""CTF Infrastructure provision and support for ECSC participan""}]",
accounting:BT.BIT 1076,BT.BIT 1076,CERTSIGN SA,exact,2026-06-17,RON,,4440,28103.02,DETERMINISTIC,HIGH,CYBEREDU-RUN-EX-1,NR.45/B77A/20166C,,2020,BSS,CTF Infrastructure provision and support for ECSC participant countries,Order6 to the Contract nr.45/B77A/25075.02 dated 27.05.2026 Order6 to the Contract nr.45/B77A/25075.02 dated 27.05.2026 ( 4440 euro + tva la cursul BNR) Closed ,1,org exact; unique part# via contract 45,"[{""pn"":""CYBEREDU-RUN-EX-1"",""score"":100,""on"":[""contract#""],""ref"":""NR.45/B77A/20166C"",""desc"":""CTF Infrastructure provision and support for ECSC participan""}]",
accounting:BT.R.BIT 252,BT.R.BIT 252,ART & CRAFT DESIGN SRL,exact,2026-06-17,RON,,400,2531.8,DETERMINISTIC,HIGH,BLUE-MDR-C-6,Contract cadru de prestari servicii nr. 335 din 31.3.2025,,2025,BSS,servicii de MDR,SERVICII RECURENTE DE SECURITATE INFORMATICA SERVICII RECURENTE DE SECURITATE INFORMATICA Conform Anexa 1 la Contractul de prestari servicii nr. 335 din 31.3.20,1,org exact; unique part# via contract 335,"[{""pn"":""BLUE-MDR-C-6"",""score"":100,""on"":[""contract#""],""ref"":""Contract cadru de prestari servicii nr. "",""desc"":""servicii de MDR""}]",
accounting:BT.R.BIT 253,BT.R.BIT 253,DECO CENTER SRL,none,2026-06-17,RON,,344.25,2178.93,UNRESOLVED,NONE,,,,,,,SERVICII RECURENTE CONFORM ANEXA 1 SERVICII RECURENTE CONFORM ANEXA 1 SERVICII RECURENTE DE SECURITATE INFORMATICA la contractul NR. 880/13.08.2025 / NR. 353/13,0,org not found in tracker,[],
accounting:BT.R.BIT 254,BT.R.BIT 254,DIGITIZE TECH S.R.L.,exact,2026-06-17,RON,,,15125,SCORED,LOW,BLUE-MDR-C-10,Contract de furnizare servicii DT25090101/1.9.2025,,2025,BSS,servicii de MDR,"SERVICII RECURENTE CONFORM ANEXA 1 SERVICII RECURENTE CONFORM ANEXA 1 Servicii de monitorizare SOC, conform anexe 1 la Contractul nr. DT25090101/1.09.2025",2,org exact; score=5 margin=0 on [data final (261d)]; 2 distinct part# near top,"[{""pn"":""BLUE-MDR-C-10"",""score"":5,""on"":[""data final (261d)""],""ref"":""Contract de furnizare servicii DT2509010"",""desc"":""servicii de MDR""},{""pn"":""RED-VA-I-B-100"",""score"":5,""on"":[""data final (261d)""],""ref"":""Contract de furnizare servicii DT2509010"",""desc"":""servicii de VA""}]",
accounting:BT.R.BIT 255,BT.R.BIT 255,DONA MARKETING GRUP SRL,none,2026-06-17,RON,,659.85,4176.53,UNRESOLVED,NONE,,,,,,,"SERVICII CONFORM CONTRACT NR. 296 / 06.08.2024 SERVICII CONFORM CONTRACT NR. 296 / 06.08.2024 ACT ADITIONAL NR. 2 DIN 3.9.2025 , 659.85 EUR+TVA la cursul BNR 5.",0,org not found in tracker,[],
accounting:BT.R.BIT 256,BT.R.BIT 256,DONA. CARGO S.R.L.,exact,2026-06-17,RON,,439.9,2784.35,SCORED,LOW,RED-NIS-C-PEN-300,264/04.05.2023,,2023,BSS,servicii de audit + pentest nis,"SERVICII CONFORM CONTRACT NR. 296 / 06.08.2024 SERVICII CONFORM CONTRACT NR. 296 / 06.08.2024 ACT ADITIONAL NR. 2 DIN 3.9.2025 , 439.90 EUR+TVA la cursul BNR 5.",2,org exact; score=1 margin=0 on []; 2 distinct part# near top,"[{""pn"":""RED-NIS-C-PEN-300"",""score"":1,""on"":[],""ref"":""264/04.05.2023"",""desc"":""servicii de audit + pentest nis""},{""pn"":""RED-NIS-C-AUDIT-300"",""score"":1,""on"":[],""ref"":""264/04.05.2023"",""desc"":""servicii de audit + pentest nis""}]",
accounting:BT.R.BIT 257,BT.R.BIT 257,DONA. LOGISTICA S.A.,exact,2026-06-17,RON,,1539.65,9745.23,DETERMINISTIC,HIGH,BLUE-MDR-C-725,296/6.8.2024,,2024,BSS,servicii de MDR,"SERVICII CONFORM CONTRACT NR. 296 / 06.08.2024 SERVICII CONFORM CONTRACT NR. 296 / 06.08.2024 ACT ADITIONAL NR. 2 DIN 3.9.2025 , 1539.65 EUR+TVA la cursul BNR 5",2,org exact; unique part# via contract 296,"[{""pn"":""BLUE-MDR-C-725"",""score"":100,""on"":[""contract#""],""ref"":""296/6.8.2024"",""desc"":""servicii de MDR""},{""pn"":""BLUE-MDR-C-725"",""score"":100,""on"":[""contract#""],""ref"":""ACT ADITIONAL NR. 2 DIN 3.9.2025 la cont"",""desc"":""servicii de MDR""}]",
accounting:BT.R.BIT 258,BT.R.BIT 258,DONA. LOGISTICA S.A.,exact,2026-06-17,RON,,1539.65,9745.23,DETERMINISTIC,HIGH,BLUE-MDR-C-725,296/6.8.2024,,2024,BSS,servicii de MDR,"SERVICII CONFORM CONTRACT NR. 296 / 06.08.2024 SERVICII CONFORM CONTRACT NR. 296 / 06.08.2024 ACT ADITIONAL NR. 2 DIN 3.9.2025 , 1539.65 EUR+TVA la cursul BNR 5",2,org exact; unique part# via contract 296,"[{""pn"":""BLUE-MDR-C-725"",""score"":100,""on"":[""contract#""],""ref"":""296/6.8.2024"",""desc"":""servicii de MDR""},{""pn"":""BLUE-MDR-C-725"",""score"":100,""on"":[""contract#""],""ref"":""ACT ADITIONAL NR. 2 DIN 3.9.2025 la cont"",""desc"":""servicii de MDR""}]",
accounting:BT.R.BIT 259,BT.R.BIT 259,GRAFTEX PRODCOM SRL,exact,2026-06-17,RON,,1100,6962.46,DETERMINISTIC,HIGH,BLUE-MDR-C-6,Contract cadru de prestari servicii nr. 334 din 31.3.2025,,2025,BSS,servicii de MDR,SERVICII RECURENTE DE SECURITATE INFORMATICA SERVICII RECURENTE DE SECURITATE INFORMATICA Conform Anexa 1 la Contractul de prestari servicii nr. 334 din 31.3.20,1,org exact; unique part# via contract 334,"[{""pn"":""BLUE-MDR-C-6"",""score"":100,""on"":[""contract#""],""ref"":""Contract cadru de prestari servicii nr. "",""desc"":""servicii de MDR""}]",
accounting:BT.R.BIT 261,BT.R.BIT 261,KEYSIGHT TECHNOLOGIES RO SRL,exact,2026-06-17,RON,,6000,37977.06,SCORED,MEDIUM,KS-MM-RD-2,NO. 5 OF 04.10.2023,final,2023,BSS,RECURRENT INFORMATION SECURITY SERVICES,"PENETRATION TESTING SERVICES FOR MAY 2026 PENETRATION TESTING SERVICES FOR MAY 2026 Purchase Order Number 9068003039, 6000.00 EUR+TVA la cursul BNR 5.231",25,"org exact; score=34 margin=30 on [amount~final, data final (317d)]; 1 distinct part# near top","[{""pn"":""KS-MM-RD-2"",""score"":34,""on"":[""amount~final"",""data final (317d)""],""ref"":""NO. 5 OF 04.10.2023"",""desc"":""RECURRENT INFORMATION SECURITY SERVICES""},{""pn"":""KS-MM-RD-2"",""score"":4,""on"":[""data final (343d)""],""ref"":""NO. 5 OF 04.10.2023"",""desc"":""RECURRENT INFORMATION SECURITY SERVICES""},{""pn"":""KS-MM-RD-2"",""score"":1,""on"":[],""ref"":""236Bis/25.04.2019"",""desc"":""RECURRENT INFORMATION SECURITY SERVICES""}]",
accounting:BT.R.BIT 262,BT.R.BIT 262,LAMAJOLE S.R.L.,none,2026-06-17,RON,,344.25,2178.93,UNRESOLVED,NONE,,,,,,,SERVICII RECURENTE CONFORM ANEXA 1 SERVICII RECURENTE CONFORM ANEXA 1 SERVICII RECURENTE DE SECURITATE INFORMATICA la contractul NR. 1022/13.08.2025 / NR. 1022/,0,org not found in tracker,[],
accounting:BT.R.BIT 263,BT.R.BIT 263,MENDOLA PRO SRL,none,2026-06-17,RON,,344.25,2178.93,UNRESOLVED,NONE,,,,,,,SERVICII RECURENTE CONFORM ANEXA 1 SERVICII RECURENTE CONFORM ANEXA 1 SERVICII RECURENTE DE SECURITATE INFORMATICA la contractul NR. 1223/13.08.2025 / NR. 352/1,0,org not found in tracker,[],
accounting:BT.R.BIT 264,BT.R.BIT 264,MILLENIUM PRO DESIGN SRL,exact,2026-06-17,RON,,1800,11393.12,SCORED,HIGH,BLUE-MDR-C-12,Act aditional nr. 1 din 21.3.2025 la contractul Nr. 325/15.1.2025,final,2025,BSS,servicii de MDR,SERVICII RECURENTE DE SECURITATE INFORMATICA SERVICII RECURENTE DE SECURITATE INFORMATICA Conform Anexa 1 la Contractul de prestari servicii nr. 325 din 31.3.20,3,"org exact; score=81 margin=30 on [contract#, amount~final]; 1 distinct part# near top","[{""pn"":""BLUE-MDR-C-12"",""score"":81,""on"":[""contract#"",""amount~final""],""ref"":""Act aditional nr. 1 din 21.3.2025 la con"",""desc"":""servicii de MDR""},{""pn"":""BLUE-IR-5"",""score"":51,""on"":[""contract#""],""ref"":""Nr. 325/15.1.2025"",""desc"":""servicii de investigatie""},{""pn"":""RED-PEN-B-I-B-50"",""score"":51,""on"":[""contract#""],""ref"":""Nr. 325/15.1.2025"",""desc"":""servicii de pentest""}]",
accounting:BT.R.BIT 265,BT.R.BIT 265,NESTLERS & PARTNERS SRL,exact,2026-06-17,RON,,500,3164.75,SCORED,HIGH,BLUE-MDR-C-5,Nr. 273/02.10.2023,final,2024,BSS,servicii de MDR,"SERVICII CONTRACT 273/02.10.2023 SERVICII CONTRACT 273/02.10.2023 ACT ADITIONAL NR. 1 DIN 19.03.2024, 500.00 EUR+TVA la cursul BNR 5.231",3,"org exact; score=82 margin=0 on [contract#, amount~final]; 1 distinct part# near top","[{""pn"":""BLUE-MDR-C-5"",""score"":82,""on"":[""contract#"",""amount~final""],""ref"":""Nr. 273/02.10.2023"",""desc"":""servicii de MDR""},{""pn"":""BLUE-MDR-C-5"",""score"":82,""on"":[""contract#"",""amount~final""],""ref"":""Nr. 273/02.10.2023"",""desc"":""servicii de MDR""},{""pn"":""RED-PEN-B-E-B-5"",""score"":51,""on"":[""contract#""],""ref"":""273/02.10.2023"",""desc"":""servicii de pentest""}]",
accounting:BT.R.BIT 266,BT.R.BIT 266,ORANGE ROMANIA SA,exact,2026-06-17,RON,,1875,11867.84,SCORED,MEDIUM,ORO-TEM-SUPPORT-50-12,PO 00025528,final,2023,BSS,tem support,"SERVICII SUPORT TEM L2/L3 DATA DE LIVRARE: 31-04-2026 SERVICII SUPORT TEM L2/L3 DATA DE LIVRARE: 31-04-2026 PO00171558 OPA_70420, 1875.00 EUR+TVA la cursul BNR ",57,org exact; score=31 margin=15 on [amount~final]; 1 distinct part# near top,"[{""pn"":""ORO-TEM-SUPPORT-50-12"",""score"":31,""on"":[""amount~final""],""ref"":""PO 00025528"",""desc"":""tem support""},{""pn"":""CONSULTANCY-MISC-8"",""score"":16,""on"":[""data final (2d)""],""ref"":""25.05.2026"",""desc"":""servicii de consultanta""},{""pn"":""BLUE-IR-OC-6"",""score"":15,""on"":[""data final (2d)""],""ref"":""25.05.2026"",""desc"":""IR incident response services retainer""}]",
accounting:BT.R.BIT 267,BT.R.BIT 267,ORANGE ROMANIA SA,exact,2026-06-17,RON,,,16032.65,SCORED,LOW,PHISH-P-L-MM-F-350-12,25.05.2026,,2026,BSS,Phish Enterprise Fully-Managed Monthly License,"SERVICII CONFORM: PO PO00180569 24/7 SERVICII CONFORM: PO PO00180569 24/7 O1259392 Incident Notification Hotline, Incident Response Readiness Assessment, Traini",41,org exact; score=18 margin=1 on [data final (2d)]; 6 distinct part# near top,"[{""pn"":""PHISH-P-L-MM-F-350-12"",""score"":18,""on"":[""data final (2d)""],""ref"":""25.05.2026"",""desc"":""Phish Enterprise Fully-Managed Monthly License""},{""pn"":""BLUE-IR-OC-6"",""score"":17,""on"":[""data final (2d)""],""ref"":""25.05.2026"",""desc"":""IR incident response services retainer""},{""pn"":""CONSULTANCY-MISC-8"",""score"":16,""on"":[""data final (2d)""],""ref"":""25.05.2026"",""desc"":""servicii de consultanta""}]",
accounting:BT.R.BIT 268,BT.R.BIT 268,ORANGE ROMANIA SA,exact,2026-06-17,RON,,1500,9494.26,SCORED,LOW,BLUE-IR-OC-6,25.05.2026,,2026,BSS,IR incident response services retainer,"SERVICII CONFORM PO00124685 SERVICII CONFORM PO00124685 11016626 Servicii Incident Response Advance, UP ROMANIA, 1500.00 EUR+TVA la cursul BNR 5.231",31,org exact; score=18 margin=2 on [data final (2d)]; 6 distinct part# near top,"[{""pn"":""BLUE-IR-OC-6"",""score"":18,""on"":[""data final (2d)""],""ref"":""25.05.2026"",""desc"":""IR incident response services retainer""},{""pn"":""CONSULTANCY-MISC-8"",""score"":16,""on"":[""data final (2d)""],""ref"":""25.05.2026"",""desc"":""servicii de consultanta""},{""pn"":""PHISH-P-L-MM-F-350-12"",""score"":15,""on"":[""data final (2d)""],""ref"":""25.05.2026"",""desc"":""Phish Enterprise Fully-Managed Monthly License""}]",
accounting:BT.R.BIT 269,BT.R.BIT 269,PLURIDIO SRL,exact,2026-06-17,RON,,,9260.07,SCORED,MEDIUM,BLUE-MDR-I,CONTRACT-CADRU DE PRESTARI SERVICII NR. 373/4.12.2025,,2026,BSS,servicii de mdr,"CONTRACTUL NR. 373/4.12.2025 CONTRACTUL NR. 373/4.12.2025 Servicii de tip SOC-as-a-Service / Managed Detection and Response (MDR) pachetul PREMIUM-MDR , conform",3,"org exact; score=56 margin=0 on [contract#, data avans (142d)]; 3 distinct part# near top","[{""pn"":""BLUE-MDR-I"",""score"":56,""on"":[""contract#"",""data avans (142d)""],""ref"":""CONTRACT-CADRU DE PRESTARI SERVICII NR. "",""desc"":""servicii de mdr""},{""pn"":""BLUE-MDR-C-65"",""score"":56,""on"":[""contract#"",""data est. close (132d)""],""ref"":""CONTRACT-CADRU DE PRESTARI SERVICII NR. "",""desc"":""servicii de mdr""},{""pn"":""CONSULTANCY-MISC-20"",""score"":54,""on"":[""contract#"",""data avans (133d)""],""ref"":""CONTRACT-CADRU DE PRESTARI SERVICII NR. "",""desc"":""servicii de training""}]",
accounting:BT.R.BIT 270,BT.R.BIT 270,PRIMONET RO SRL,exact,2026-06-17,RON,,500,3164.75,DETERMINISTIC,HIGH,BLUE-MDR-C-5,332/3.3.2025,,2025,BSS,servicii de MDR,"SERVICII RECURENTE DE SECURITATE INFORMATICA SERVICII RECURENTE DE SECURITATE INFORMATICA Conform Contractul nr. 332/3.3.2025, 500.00 EUR+TVA la cursul BNR 5.23",2,org exact; unique part# via contract 332,"[{""pn"":""BLUE-MDR-C-5"",""score"":100,""on"":[""contract#""],""ref"":""332/3.3.2025"",""desc"":""servicii de MDR""},{""pn"":""BLUE-MDR-C-5"",""score"":100,""on"":[""contract#""],""ref"":""332/3.3.2025"",""desc"":""servicii de MDR""}]",
accounting:BT.R.BIT 272,BT.R.BIT 272,ROSECO SRL,none,2026-06-17,RON,,344.25,2178.93,UNRESOLVED,NONE,,,,,,,SERVICII RECURENTE CONFORM ANEXA 1 SERVICII RECURENTE CONFORM ANEXA 1 SERVICII RECURENTE DE SECURITATE INFORMATICA la contractul NR. 133/13.8.2025 / Nr. 355/13.,0,org not found in tracker,[],
accounting:BT.R.BIT 273,BT.R.BIT 273,SANVERO HEALTHCARE S.R.L.,none,2026-06-17,RON,,219.95,1392.18,UNRESOLVED,NONE,,,,,,,"SERVICII CONTRACT-CADRU DE PRESTARI SERVICII SERVICII CONTRACT-CADRU DE PRESTARI SERVICII Ctr. NR. 296 / 06.08.2024, 219.95 EUR+TVA la cursul BNR 5.231",0,org not found in tracker,[],
accounting:BT.R.BIT 274,BT.R.BIT 274,"SCA ""ZAMFIRESCU RACOTI VASILE AND PARTNERS """,none,2026-06-17,RON,,1150,7278.94,UNRESOLVED,NONE,,,,,,,"SERVICII CONTRACT NR. 284/29.01.2024 SERVICII CONTRACT NR. 284/29.01.2024 ANEXA 1 - SERVICII RECURENTE DE SECURITATE, 1150.00 EUR+TVA la cursul BNR 5.231",0,org not found in tracker,[],
accounting:BT.R.BIT 275,BT.R.BIT 275,SELGROS CASH & CARRY SRL,exact,2026-06-17,RON,,250,1582.38,SCORED,HIGH,BLUE-IR-OC-5,234/15.11.2022,final,2022,BSS,SERVICII RECURENTE DE SECURITATE INFORMATICA - On-call Incident Response,ANEXA 2 - SERVICII RECURENTE DE SECURITATE ANEXA 2 - SERVICII RECURENTE DE SECURITATE INFORMATICA On-call Incident Response ACT ADITIONAL NR. 1 din 6.11.2023 CO,25,"org exact; score=88 margin=34 on [contract#, amount~final, desc~0.30]; 1 distinct part# near top","[{""pn"":""BLUE-IR-OC-5"",""score"":88,""on"":[""contract#"",""amount~final"",""desc~0.30""],""ref"":""234/15.11.2022"",""desc"":""SERVICII RECURENTE DE SECURITATE INFORMATICA - On-call Incid""},{""pn"":""CONSULTANCY-MISC-10"",""score"":54,""on"":[""contract#"",""desc~0.16""],""ref"":""234/15.11.2022"",""desc"":""SERVICII RECURENTE DE SECURITATE INFORMATICA - Consultancy S""},{""pn"":""RED-AUDIT-A-20"",""score"":53,""on"":[""contract#""],""ref"":""234/15.11.2022"",""desc"":""SERVICII DE SECURITATE INFORMATICA""}]",
accounting:BT.R.BIT 276,BT.R.BIT 276,SELGROS CASH & CARRY SRL,exact,2026-06-17,RON,,500,3164.75,SCORED,HIGH,CONSULTANCY-MISC-10,234/15.11.2022,final,2022,BSS,SERVICII RECURENTE DE SECURITATE INFORMATICA - Consultancy Services,ANEXA 3 - SERVICII RECURENTE DE SECURITATE ANEXA 3 - SERVICII RECURENTE DE SECURITATE INFORMATICA Consultancy Services ACT ADITIONAL NR. 1 din 6.11.2023 CONTRAC,24,"org exact; score=87 margin=33 on [contract#, amount~final, desc~0.27]; 1 distinct part# near top","[{""pn"":""CONSULTANCY-MISC-10"",""score"":87,""on"":[""contract#"",""amount~final"",""desc~0.27""],""ref"":""234/15.11.2022"",""desc"":""SERVICII RECURENTE DE SECURITATE INFORMATICA - Consultancy S""},{""pn"":""BLUE-IR-OC-5"",""score"":54,""on"":[""contract#"",""desc~0.16""],""ref"":""234/15.11.2022"",""desc"":""SERVICII RECURENTE DE SECURITATE INFORMATICA - On-call Incid""},{""pn"":""RED-AUDIT-A-20"",""score"":53,""on"":[""contract#""],""ref"":""234/15.11.2022"",""desc"":""SERVICII DE SECURITATE INFORMATICA""}]",
accounting:BT.R.BIT 277,BT.R.BIT 277,SILKWEB S.A.,exact,2026-06-17,RON,,625,3955.95,DETERMINISTIC,HIGH,RED-PEN-S-G-1,195/29.06.2021,,2021,BSS,pentest web app greybox,"SERVICII ACT ADITIONAL NR. 7 DIN 25.3.2025 SERVICII ACT ADITIONAL NR. 7 DIN 25.3.2025 CONTRACT DE PRESTARI SERVICII Nr. 195/29.06.2021, 625.00 EUR+TVA la cursul",1,org exact; unique part# via contract 195,"[{""pn"":""RED-PEN-S-G-1"",""score"":100,""on"":[""contract#""],""ref"":""195/29.06.2021"",""desc"":""pentest web app greybox""}]",
accounting:BT.R.BIT 278,BT.R.BIT 278,SILKWEB S.A.,exact,2026-06-17,RON,,1350,8544.84,DETERMINISTIC,HIGH,RED-PEN-S-G-1,195/29.06.2021,,2021,BSS,pentest web app greybox,"SERVICII ACT ADITIONAL NR. 8 DIN 25.03.2025 SERVICII ACT ADITIONAL NR. 8 DIN 25.03.2025 CONTRACT DE PRESTARI SERVICII Nr. 195/29.06.2021, 1350.00 EUR+TVA la cur",1,org exact; unique part# via contract 195,"[{""pn"":""RED-PEN-S-G-1"",""score"":100,""on"":[""contract#""],""ref"":""195/29.06.2021"",""desc"":""pentest web app greybox""}]",
accounting:BT.R.BIT 279,BT.R.BIT 279,UNITED MEDIA SERVICES SRL,exact,2026-06-17,RON,,1250,7911.89,SCORED,HIGH,BLUE-MDR-C-119,CONTRACT-CADRU DE PRESTARI SERVICII NR. 346/7.7.2025,final,2025,BSS,Servicii de monitorizare MDR,SERVICII CONTRACT DE PRESTARI SERVICII NR. 346/7.7.2025 SERVICII CONTRACT DE PRESTARI SERVICII NR. 346/7.7.2025 1250.00 EUR+TVA la cursul BNR 5.231,6,"org exact; score=85 margin=32 on [contract#, amount~final, data final (317d)]; 1 distinct part# near top","[{""pn"":""BLUE-MDR-C-119"",""score"":85,""on"":[""contract#"",""amount~final"",""data final (317d)""],""ref"":""CONTRACT-CADRU DE PRESTARI SERVICII NR. "",""desc"":""Servicii de monitorizare MDR""},{""pn"":""RED-VA-I-S-100"",""score"":53,""on"":[""contract#"",""data final (329d)""],""ref"":""CONTRACT-CADRU DE PRESTARI SERVICII NR. "",""desc"":""VA""},{""pn"":""PHISH-T-FM-FM-100-12"",""score"":53,""on"":[""contract#"",""data final (329d)""],""ref"":""CONTRACT-CADRU DE PRESTARI SERVICII NR. "",""desc"":""Phish Enterprise - Training anual si 1 campanie phish trimes""}]",
accounting:BT.BIT 1077,BT.BIT 1077,ORANGE ROMANIA SA,exact,2026-06-18,RON,,17647.06,192185.35,SCORED,LOW,ORO-TEM-DEV-100,,final,2025,BSS,Gestionarea modificărilor și solicitările de servicii noi,Dezvoltare agent scanare cross-platform Dezvoltare agent scanare cross-platform Nr Notificare C1259638; Nr PO PO00182490; Nr Receptie OPA_80890 ( 17647.06 euro+,55,"org exact; score=34 margin=3 on [amount~final, data final (246d)]; 3 distinct part# near top","[{""pn"":""ORO-TEM-DEV-100"",""score"":34,""on"":[""amount~final"",""data final (246d)""],""ref"":"""",""desc"":""Gestionarea modificărilor și solicitările de\nservicii noi""},{""pn"":""ORO-TEM-DEV-494"",""score"":31,""on"":[""amount~final""],""ref"":""PO00062653"",""desc"":""Gestionarea modificărilor și\nsolicitările de servicii noi""},{""pn"":""PHISH-P-L-YY-A-15000"",""score"":30,""on"":[""amount~final""],""ref"":""PO 40407868"",""desc"":""multiple services""}]","[{""service"":""Dezvoltare agent scanare cross-platform | Dezvoltare agent s"",""partNumber"":""PHISH-P-L-YY-A-15000"",""score"":30,""on"":[""amount~final""]},{""service"":""Integrare TEM | Integrare TEM | Nr Notificare C1259638; Nr P"",""partNumber"":""ORO-TEM-DEV-300"",""score"":31,""on"":[""amount~final""]}]"
accounting:BT.BIT 1078,BT.BIT 1078,PREMIER ENERGY FURNIZARE S.A.,exact,2026-06-19,RON,,7200,45597.74,DETERMINISTIC,HIGH,RED-PEN-B-E-B-15,CONTRACT-CADRU DE PRESTARI SERVICII NR. 390 DIN 2.2.2026,,2026,BSS,Servicii de pentest,Servicii conform Anexa. Nr. 1 la Actul aditional nr. 1 Servicii conform Anexa. Nr. 1 la Actul aditional nr. 1 . din 05.06.2026 ACT ADITIONAL NR. 1 DIN 05.06.202,1,org exact; unique part# via contract 390,"[{""pn"":""RED-PEN-B-E-B-15"",""score"":100,""on"":[""contract#""],""ref"":""CONTRACT-CADRU DE PRESTARI SERVICII NR. "",""desc"":""Servicii de pentest""}]",
accounting:BT.BIT 1079,BT.BIT 1079,DIRECTORATUL NATIONAL DE SECURITATE CIBERNETICA,fuzzy~0.80,2026-06-22,RON,,19330.99,101277,UNRESOLVED,NONE,,,,,,,PACHET SOFTWARE SPECIALIZAT PENTRU EVALUAREA SECURITATII PACHET SOFTWARE SPECIALIZAT PENTRU EVALUAREA SECURITATII RETELELOR OPEN RAN PROIECT 5G-TACTIC CONFORM C,1,org fuzzy~0.80 but no contract#/amount corroboration (desc/date only),[],
accounting:BT.BIT 1080,BT.BIT 1080,VAIDA LAURA-LUCIA,fuzzy~1.00,2026-06-24,RON,,2500,15869.15,SCORED,MEDIUM,BLUE-IR-4,404/16.06.2026,final,2026,BSS,ir,SERVICII CONFORM CONTRACT 404/16.06.2026 SERVICII CONFORM CONTRACT 404/16.06.2026 conform anexa 1 la contract cadru(2.500 euro+TVA la cursul BNR ),1,"org fuzzy~1.00; score=95 margin=95 on [contract#, amount~final, data avans (0d)]; 1 distinct part# near top","[{""pn"":""BLUE-IR-4"",""score"":95,""on"":[""contract#"",""amount~final"",""data avans (0d)""],""ref"":""404/16.06.2026"",""desc"":""ir""}]",
accounting:BT.BIT 1081,BT.BIT 1081,QUANTUM CONTA S.R.L.,none,2026-06-24,RON,,2000,10492,UNRESOLVED,NONE,,,,,,,SERVICII CONFORM ANEXA 1 LA CONTRACT 405/24.06.2026 SERVICII CONFORM ANEXA 1 LA CONTRACT 405/24.06.2026 2000 euro+TVA la cursul BNR,0,org not found in tracker,[],
accounting:BT.BIT 1082,BT.BIT 1082,KEYSIGHT TECHNOLOGIES RO SRL,exact,2026-06-25,RON,,26400,167581.42,SCORED,LOW,CYBEREDU-DEV-EX-20,206/14.12.2021 PO 9069000371,final,2022,BSS,dezv labs,88 days penetration testing for july-october 2026 88 days penetration testing for july-october 2026 Purchase Order Number 9068003039 ( 26.400 euro+TVA la cursul,3,org exact; score=12 margin=9 on [amount~final]; 2 distinct part# near top,"[{""pn"":""CYBEREDU-DEV-EX-20"",""score"":12,""on"":[""amount~final""],""ref"":""206/14.12.2021 PO 9069000371"",""desc"":""dezv labs""},{""pn"":""KS-MM-RD-2"",""score"":3,""on"":[""data final (351d)""],""ref"":""NO. 5 OF 04.10.2023"",""desc"":""RECURRENT INFORMATION SECURITY SERVICES""},{""pn"":""KS-MM-RD-2"",""score"":3,""on"":[""data final (325d)""],""ref"":""NO. 5 OF 04.10.2023"",""desc"":""RECURRENT INFORMATION SECURITY SERVICES""}]",
accounting:BT.BIT 47,BT.BIT 47,DOMAININDEX SARL,none,2019-03-19,EUR,,1050,4990.13,UNRESOLVED,NONE,,,,,,,"Servicii recurente pentru Servicii recurente pentru ianuarie, februarie, martie 2019 Anexa 2 la contract nr.110/17.01.2018(350euro *3)",0,org not found in tracker,[],
accounting:BT.BIT 106,BT.BIT 106,ASSET TOKENIZATION SERVICES OU,exact,2021-08-16,EUR,avans,6187.5,30391.76,DETERMINISTIC,HIGH,RED-PEN-S-WB-1,199/02.08.2021,,2021,BSS,pentest ludo,Services under contract no.199 of 02.08.2021 Services under contract no.199 of 02.08.2021 Avans 50% din anexa 1 la contract,1,org exact; unique part# via contract 199; avans,"[{""pn"":""RED-PEN-S-WB-1"",""score"":100,""on"":[""contract#""],""ref"":""199/02.08.2021"",""desc"":""pentest ludo""}]",
accounting:BT.BIT 112,BT.BIT 112,MASERNET GMBH,none,2021-10-04,EUR,,689.5,3411.58,UNRESOLVED,NONE,,,,,,,"SEVICII conform CONTRACT 152/07.01.2021 act additional 2, SEVICII conform CONTRACT 152/07.01.2021 act additional 2, anexa nr 3 din 02.08.2021",0,org not found in tracker,[],
accounting:BT.BIT 133,BT.BIT 133,"WAYDEV,INC",exact,2022-02-03,USD,,660,2886.25,SCORED,HIGH,BLUE-MDR-C-50,182/15.02.2021,final,2021,BSS,SERVICII RECURENTE DE TIP MONITORIZARE ȘI RĂSPUNS LA INCIDENTE DE SECURITATE INFORMATICA,SERVICII RECURENTE DE TIP MONITORIZARE SI RASPUNS SERVICII RECURENTE DE TIP MONITORIZARE SI RASPUNS LA INCIDENTE DE SECURITATE INFORMATICA conform contract 182/,4,"org exact; score=79 margin=12 on [contract#, amount~final, data final (275d), desc~0.57]; 1 distinct part# near top","[{""pn"":""BLUE-MDR-C-50"",""score"":79,""on"":[""contract#"",""amount~final"",""data final (275d)"",""desc~0.57""],""ref"":""182/15.02.2021"",""desc"":""SERVICII RECURENTE DE TIP MONITORIZARE ȘI RĂSPUNS LA INCIDEN""},{""pn"":""BLUE-MDR-I"",""score"":67,""on"":[""contract#"",""data final (349d)"",""desc~0.57""],""ref"":""182/15.02.2021"",""desc"":""SERVICII RECURENTE DE TIP MONITORIZARE ȘI RĂSPUNS LA INCIDEN""},{""pn"":""RED-PEN-S-WB-1"",""score"":5,""on"":[""desc~0.21""],""ref"":""NR. 1 DIN 18.04.2023"",""desc"":""SERVICII DE SECURITATE INFORMATICA""}]",
accounting:BT.BIT 150,BT.BIT 150,"WAYDEV,INC",exact,2022-07-12,USD,,660,3229.12,SCORED,HIGH,BLUE-MDR-C-50,182/15.02.2021,final,2021,BSS,SERVICII RECURENTE DE TIP MONITORIZARE ȘI RĂSPUNS LA INCIDENTE DE SECURITATE INFORMATICA,SERVISERVICII RECURENTE DE TIP MONITORIZARE SI SERVISERVICII RECURENTE DE TIP MONITORIZARE SI RASPUNS LA INCIDENTE DE SECURITATE INFORMATICA conform contract 18,4,"org exact; score=74 margin=12 on [contract#, amount~final, desc~0.47]; 1 distinct part# near top","[{""pn"":""BLUE-MDR-C-50"",""score"":74,""on"":[""contract#"",""amount~final"",""desc~0.47""],""ref"":""182/15.02.2021"",""desc"":""SERVICII RECURENTE DE TIP MONITORIZARE ȘI RĂSPUNS LA INCIDEN""},{""pn"":""BLUE-MDR-I"",""score"":62,""on"":[""contract#"",""desc~0.47""],""ref"":""182/15.02.2021"",""desc"":""SERVICII RECURENTE DE TIP MONITORIZARE ȘI RĂSPUNS LA INCIDEN""},{""pn"":""RED-PEN-S-WB-1"",""score"":6,""on"":[""data avans (307d)""],""ref"":""NR. 1 DIN 18.04.2023"",""desc"":""SERVICII DE SECURITATE INFORMATICA""}]",
accounting:BT.BIT 161.,BT.BIT 161.,CODE WHALE INC,exact,2023-01-01,EUR,,3800,18628.74,DETERMINISTIC,HIGH,RED-PEN-S-B-1,149/25.11.2019,,2019,BSS,servicii de pentest,SERVICE UNDER CONTRACT NO.149/25.11.2019 SERVICE UNDER CONTRACT NO.149/25.11.2019,1,org exact; unique part# via contract 149,"[{""pn"":""RED-PEN-S-B-1"",""score"":100,""on"":[""contract#""],""ref"":""149/25.11.2019"",""desc"":""servicii de pentest""}]",
accounting:BT.BIT 172,BT.BIT 172,"WAYDEV,INC",exact,2023-06-08,USD,,660,3059.1,SCORED,HIGH,BLUE-MDR-C-50,182/15.02.2021,final,2021,BSS,SERVICII RECURENTE DE TIP MONITORIZARE ȘI RĂSPUNS LA INCIDENTE DE SECURITATE INFORMATICA,SERVICII RECURENTE DE TIP MONITORIZARE SI SERVICII RECURENTE DE TIP MONITORIZARE SI RASPUNS LA INCIDENTE DE SECURITATE INFORMATICA conform contract 182/15.02.20,4,"org exact; score=76 margin=12 on [contract#, amount~final, desc~0.57]; 1 distinct part# near top","[{""pn"":""BLUE-MDR-C-50"",""score"":76,""on"":[""contract#"",""amount~final"",""desc~0.57""],""ref"":""182/15.02.2021"",""desc"":""SERVICII RECURENTE DE TIP MONITORIZARE ȘI RĂSPUNS LA INCIDEN""},{""pn"":""BLUE-MDR-I"",""score"":64,""on"":[""contract#"",""desc~0.57""],""ref"":""182/15.02.2021"",""desc"":""SERVICII RECURENTE DE TIP MONITORIZARE ȘI RĂSPUNS LA INCIDEN""},{""pn"":""RED-PEN-S-WB-1"",""score"":20,""on"":[""data avans (24d)"",""desc~0.21""],""ref"":""NR. 1 DIN 18.04.2023"",""desc"":""SERVICII DE SECURITATE INFORMATICA""}]",
accounting:BT.R.BIT 1,BT.R.BIT 1,"WAYDEV,INC",exact,2025-09-02,USD,,660,2855.89,SCORED,LOW,BLUE-MDR-C-50,182/15.02.2021,final,2021,BSS,SERVICII RECURENTE DE TIP MONITORIZARE ȘI RĂSPUNS LA INCIDENTE DE SECURITATE INFORMATICA,SERVICII RECURENTE DE TIP MONITORIZARE SI RASPUNS SERVICII RECURENTE DE TIP MONITORIZARE SI RASPUNS LA INCIDENTE,4,"org exact; score=27 margin=12 on [amount~final, desc~0.60]; 1 distinct part# near top","[{""pn"":""BLUE-MDR-C-50"",""score"":27,""on"":[""amount~final"",""desc~0.60""],""ref"":""182/15.02.2021"",""desc"":""SERVICII RECURENTE DE TIP MONITORIZARE ȘI RĂSPUNS LA INCIDEN""},{""pn"":""BLUE-MDR-I"",""score"":15,""on"":[""desc~0.60""],""ref"":""182/15.02.2021"",""desc"":""SERVICII RECURENTE DE TIP MONITORIZARE ȘI RĂSPUNS LA INCIDEN""},{""pn"":""RED-PEN-S-WB-1"",""score"":3,""on"":[],""ref"":""NR. 1 DIN 18.04.2023"",""desc"":""SERVICII DE SECURITATE INFORMATICA""}]",
accounting:BT.R.BIT 2,BT.R.BIT 2,HERTZA L.L.C.,exact,2025-09-02,USD,,4500,19471.95,SCORED,MEDIUM,RED-PEN-B-E-B-30,Addendum No. 2 from 28.04.2025 SERVICES AGREEMENT No. 295/5.06.2024,,2025,BSS,servicii de pentest,ADDENDUM NO. 2 FROM 28.04.2025 SERVICES AGREEMENT ADDENDUM NO. 2 FROM 28.04.2025 SERVICES AGREEMENT Contract no. No.295/5.06.2024,3,"org exact; score=58 margin=5 on [contract#, data final (112d)]; 2 distinct part# near top","[{""pn"":""RED-PEN-B-E-B-30"",""score"":58,""on"":[""contract#"",""data final (112d)""],""ref"":""Addendum No. 2 from 28.04.2025 SERVICES "",""desc"":""servicii de pentest""},{""pn"":""RED-PEN-B-E-B-15"",""score"":53,""on"":[""contract#"",""data final (148d)""],""ref"":""Addendum No. 1 from 28.02.2025 SERVICES "",""desc"":""security code review""},{""pn"":""RED-PEN-B-E-B-30"",""score"":50,""on"":[""contract#""],""ref"":""No.295/5.06.2024"",""desc"":""servicii de pentest""}]",
accounting:BT.R.BIT 3,BT.R.BIT 3,PVOLVE LLC,exact,2025-09-02,USD,,1140,4932.89,SCORED,MEDIUM,BLUE-MDR-C-8,NO. 322/17.12.2024,final,2025,BSS,servicii de MDR,CONTRACT NO. 322/17.12.2024 CONTRACT NO. 322/17.12.2024 RECURRENT IT SECURITY SERVICES to FRAMEWORK SERVICE AGREEMENT,12,"org exact; score=87 margin=0 on [contract#, amount~final, data final (29d)]; 7 distinct part# near top","[{""pn"":""BLUE-MDR-C-8"",""score"":87,""on"":[""contract#"",""amount~final"",""data final (29d)""],""ref"":""NO. 322/17.12.2024"",""desc"":""servicii de MDR""},{""pn"":""BLUE-MDR-C-9"",""score"":87,""on"":[""contract#"",""amount~final"",""data final (3d)""],""ref"":""NO. 322/17.12.2024"",""desc"":""servicii de MDR""},{""pn"":""BLUE-MDR-C-6"",""score"":80,""on"":[""contract#"",""amount~final"",""data final (78d)""],""ref"":""NO. 322/17.12.2024"",""desc"":""servicii de MDR""}]",
accounting:BT.BIT 254,BT.BIT 254,TELIO NEDERLAND B.V.,exact,2025-09-29,EUR,,3300,16754.76,SCORED,MEDIUM,RED-PEN-B-E-B-12,No. 295/5.06.2024,avans,2025,BSS,servicii de pentest,Difference for the services according with Difference for the services according with APPENDIX 2 from 20.8.2025 - SPECIFIC CYBER SECURITY SERVICES TO FRAMEWORK ,2,"org exact; score=45 margin=30 on [amount~avans, data avans (7d)]; 1 distinct part# near top","[{""pn"":""RED-PEN-B-E-B-12"",""score"":45,""on"":[""amount~avans"",""data avans (7d)""],""ref"":""No. 295/5.06.2024"",""desc"":""servicii de pentest""},{""pn"":""RED-PEN-B-I-B-20"",""score"":15,""on"":[""data avans (14d)""],""ref"":""No. 295/5.06.2024"",""desc"":""servicii de pentest""}]",
accounting:BT.R.BIT 28,BT.R.BIT 28,"WAYDEV,INC",exact,2025-10-20,USD,,660,2870.27,SCORED,LOW,BLUE-MDR-C-50,182/15.02.2021,final,2021,BSS,SERVICII RECURENTE DE TIP MONITORIZARE ȘI RĂSPUNS LA INCIDENTE DE SECURITATE INFORMATICA,SERVICII RECURENTE DE TIP MONITORIZARE SI RASPUNS SERVICII RECURENTE DE TIP MONITORIZARE SI RASPUNS LA INCIDENTE,4,"org exact; score=27 margin=12 on [amount~final, desc~0.60]; 1 distinct part# near top","[{""pn"":""BLUE-MDR-C-50"",""score"":27,""on"":[""amount~final"",""desc~0.60""],""ref"":""182/15.02.2021"",""desc"":""SERVICII RECURENTE DE TIP MONITORIZARE ȘI RĂSPUNS LA INCIDEN""},{""pn"":""BLUE-MDR-I"",""score"":15,""on"":[""desc~0.60""],""ref"":""182/15.02.2021"",""desc"":""SERVICII RECURENTE DE TIP MONITORIZARE ȘI RĂSPUNS LA INCIDEN""},{""pn"":""RED-PEN-S-WB-1"",""score"":3,""on"":[],""ref"":""NR. 1 DIN 18.04.2023"",""desc"":""SERVICII DE SECURITATE INFORMATICA""}]",
accounting:BT.R.BIT 29,BT.R.BIT 29,HERTZA L.L.C.,exact,2025-10-20,USD,,4500,19570.05,SCORED,MEDIUM,RED-PEN-B-E-B-15,Addendum No. 1 from 28.02.2025 SERVICES AGREEMENT No. 295/5.06.2024,,2025,BSS,security code review,ADDENDUM NO. 2 FROM 28.04.2025 SERVICES AGREEMENT ADDENDUM NO. 2 FROM 28.04.2025 SERVICES AGREEMENT Contract no. No.295/5.06.2024,3,"org exact; score=53 margin=0 on [contract#, data final (196d)]; 2 distinct part# near top","[{""pn"":""RED-PEN-B-E-B-15"",""score"":53,""on"":[""contract#"",""data final (196d)""],""ref"":""Addendum No. 1 from 28.02.2025 SERVICES "",""desc"":""security code review""},{""pn"":""RED-PEN-B-E-B-30"",""score"":53,""on"":[""contract#"",""data final (160d)""],""ref"":""Addendum No. 2 from 28.04.2025 SERVICES "",""desc"":""servicii de pentest""},{""pn"":""RED-PEN-B-E-B-30"",""score"":50,""on"":[""contract#""],""ref"":""No.295/5.06.2024"",""desc"":""servicii de pentest""}]",
accounting:BT.R.BIT 30,BT.R.BIT 30,PVOLVE LLC,exact,2025-10-20,USD,,1140,4957.75,SCORED,MEDIUM,BLUE-MDR-C-10,NO. 322/17.12.2024,final,2025,BSS,servicii de MDR,CONTRACT NO. 322/17.12.2024 CONTRACT NO. 322/17.12.2024 RECURRENT IT SECURITY SERVICES to FRAMEWORK SERVICE AGREEMENT,12,"org exact; score=87 margin=0 on [contract#, amount~final, data final (0d)]; 8 distinct part# near top","[{""pn"":""BLUE-MDR-C-10"",""score"":87,""on"":[""contract#"",""amount~final"",""data final (0d)""],""ref"":""NO. 322/17.12.2024"",""desc"":""servicii de MDR""},{""pn"":""BLUE-MDR-C-11"",""score"":87,""on"":[""contract#"",""amount~final"",""data est. close (16d)""],""ref"":""NO. 322/17.12.2024"",""desc"":""servicii de MDR""},{""pn"":""BLUE-MDR-C-7"",""score"":80,""on"":[""contract#"",""amount~final"",""data final (102d)""],""ref"":""NO. 322/17.12.2024"",""desc"":""servicii de MDR""}]",
accounting:BT.R.BIT 260,BT.R.BIT 260,THINK HUGE LTD,exact,2025-10-30,USD,,6500,28367.95,SCORED,MEDIUM,RED-PEN-B-I-B-26,FRAMEWORK SERVICE AGREEMENT NO. 363/26.9.2025,,2025,BSS,servicii de pentest,Difference invoicing for services according to ANNEX 1 Difference invoicing for services according to ANNEX 1 - SPECIFIC CYBER SECURITY SERVICES to FRAMEWORK SE,2,"org exact; score=65 margin=6 on [contract#, data avans (22d)]; 2 distinct part# near top","[{""pn"":""RED-PEN-B-I-B-26"",""score"":65,""on"":[""contract#"",""data avans (22d)""],""ref"":""FRAMEWORK SERVICE AGREEMENT NO. 363/26.9"",""desc"":""servicii de pentest""},{""pn"":""RED-PEN-B-I-B-3"",""score"":59,""on"":[""contract#"",""data final (50d)""],""ref"":""FRAMEWORK SERVICE AGREEMENT NO. 363/26.9"",""desc"":""servicii de retestare conform contract""}]","[{""service"":""Difference invoicing for services according to ANNEX 1 | Dif"",""partNumber"":""RED-PEN-B-I-B-26"",""score"":65,""on"":[""contract#"",""data avans (22d)""]},{""service"":""ADDENDUM NO. 2 FROM 28.04.2025 SERVICES AGREEMENT | ADDENDUM"",""partNumber"":""RED-PEN-B-I-B-26"",""score"":15,""on"":[""data avans (22d)""]}]"
accounting:BT.R.BIT 55,BT.R.BIT 55,"WAYDEV,INC",exact,2025-11-26,USD,,660,2911.39,SCORED,LOW,BLUE-MDR-C-50,182/15.02.2021,final,2021,BSS,SERVICII RECURENTE DE TIP MONITORIZARE ȘI RĂSPUNS LA INCIDENTE DE SECURITATE INFORMATICA,SERVICII RECURENTE DE TIP MONITORIZARE SI RASPUNS SERVICII RECURENTE DE TIP MONITORIZARE SI RASPUNS LA INCIDENTE,4,"org exact; score=27 margin=12 on [amount~final, desc~0.60]; 1 distinct part# near top","[{""pn"":""BLUE-MDR-C-50"",""score"":27,""on"":[""amount~final"",""desc~0.60""],""ref"":""182/15.02.2021"",""desc"":""SERVICII RECURENTE DE TIP MONITORIZARE ȘI RĂSPUNS LA INCIDEN""},{""pn"":""BLUE-MDR-I"",""score"":15,""on"":[""desc~0.60""],""ref"":""182/15.02.2021"",""desc"":""SERVICII RECURENTE DE TIP MONITORIZARE ȘI RĂSPUNS LA INCIDEN""},{""pn"":""RED-PEN-S-WB-1"",""score"":3,""on"":[],""ref"":""NR. 1 DIN 18.04.2023"",""desc"":""SERVICII DE SECURITATE INFORMATICA""}]",
accounting:BT.R.BIT 56,BT.R.BIT 56,HERTZA L.L.C.,exact,2025-11-26,USD,,4500,19850.4,SCORED,MEDIUM,RED-PEN-B-E-B-15,Addendum No. 1 from 28.02.2025 SERVICES AGREEMENT No. 295/5.06.2024,,2025,BSS,security code review,ADDENDUM NO. 2 FROM 28.04.2025 SERVICES AGREEMENT ADDENDUM NO. 2 FROM 28.04.2025 SERVICES AGREEMENT Contract no. No.295/5.06.2024,3,"org exact; score=53 margin=0 on [contract#, data final (233d)]; 2 distinct part# near top","[{""pn"":""RED-PEN-B-E-B-15"",""score"":53,""on"":[""contract#"",""data final (233d)""],""ref"":""Addendum No. 1 from 28.02.2025 SERVICES "",""desc"":""security code review""},{""pn"":""RED-PEN-B-E-B-30"",""score"":53,""on"":[""contract#"",""data final (197d)""],""ref"":""Addendum No. 2 from 28.04.2025 SERVICES "",""desc"":""servicii de pentest""},{""pn"":""RED-PEN-B-E-B-30"",""score"":50,""on"":[""contract#""],""ref"":""No.295/5.06.2024"",""desc"":""servicii de pentest""}]",
accounting:BT.R.BIT 57,BT.R.BIT 57,PVOLVE LLC,exact,2025-11-26,USD,,1140,5028.77,SCORED,MEDIUM,BLUE-MDR-C-11,NO. 322/17.12.2024,final,2025,BSS,servicii de MDR,CONTRACT NO. 322/17.12.2024 CONTRACT NO. 322/17.12.2024 RECURRENT IT SECURITY SERVICES to FRAMEWORK SERVICE AGREEMENT,12,"org exact; score=87 margin=0 on [contract#, amount~final, data final (0d)]; 8 distinct part# near top","[{""pn"":""BLUE-MDR-C-11"",""score"":87,""on"":[""contract#"",""amount~final"",""data final (0d)""],""ref"":""NO. 322/17.12.2024"",""desc"":""servicii de MDR""},{""pn"":""BLUE-MDR-C-12"",""score"":87,""on"":[""contract#"",""amount~final"",""data final (27d)""],""ref"":""NO. 322/17.12.2024"",""desc"":""servicii de MDR""},{""pn"":""BLUE-MDR-C-8"",""score"":80,""on"":[""contract#"",""amount~final"",""data final (114d)""],""ref"":""NO. 322/17.12.2024"",""desc"":""servicii de MDR""}]",
accounting:BT.R.BIT 110,BT.R.BIT 110,"WAYDEV,INC",exact,2026-01-20,USD,,660,2890.73,SCORED,LOW,BLUE-MDR-C-50,182/15.02.2021,final,2021,BSS,SERVICII RECURENTE DE TIP MONITORIZARE ȘI RĂSPUNS LA INCIDENTE DE SECURITATE INFORMATICA,SERVICII RECURENTE DE TIP MONITORIZARE SI RASPUNS SERVICII RECURENTE DE TIP MONITORIZARE SI RASPUNS LA INCIDENTE,4,"org exact; score=27 margin=12 on [amount~final, desc~0.60]; 1 distinct part# near top","[{""pn"":""BLUE-MDR-C-50"",""score"":27,""on"":[""amount~final"",""desc~0.60""],""ref"":""182/15.02.2021"",""desc"":""SERVICII RECURENTE DE TIP MONITORIZARE ȘI RĂSPUNS LA INCIDEN""},{""pn"":""BLUE-MDR-I"",""score"":15,""on"":[""desc~0.60""],""ref"":""182/15.02.2021"",""desc"":""SERVICII RECURENTE DE TIP MONITORIZARE ȘI RĂSPUNS LA INCIDEN""},{""pn"":""RED-PEN-S-WB-1"",""score"":3,""on"":[],""ref"":""NR. 1 DIN 18.04.2023"",""desc"":""SERVICII DE SECURITATE INFORMATICA""}]",
accounting:BT.R.BIT 111,BT.R.BIT 111,HERTZA L.L.C.,exact,2026-01-20,USD,,4500,19709.55,SCORED,MEDIUM,RED-PEN-B-E-B-15,Addendum No. 1 from 28.02.2025 SERVICES AGREEMENT No. 295/5.06.2024,,2025,BSS,security code review,ADDENDUM NO. 2 FROM 28.04.2025 SERVICES AGREEMENT ADDENDUM NO. 2 FROM 28.04.2025 SERVICES AGREEMENT Contract no. No.295/5.06.2024,3,"org exact; score=53 margin=0 on [contract#, data final (288d)]; 2 distinct part# near top","[{""pn"":""RED-PEN-B-E-B-15"",""score"":53,""on"":[""contract#"",""data final (288d)""],""ref"":""Addendum No. 1 from 28.02.2025 SERVICES "",""desc"":""security code review""},{""pn"":""RED-PEN-B-E-B-30"",""score"":53,""on"":[""contract#"",""data final (252d)""],""ref"":""Addendum No. 2 from 28.04.2025 SERVICES "",""desc"":""servicii de pentest""},{""pn"":""RED-PEN-B-E-B-30"",""score"":50,""on"":[""contract#""],""ref"":""No.295/5.06.2024"",""desc"":""servicii de pentest""}]",
accounting:BT.R.BIT 112,BT.R.BIT 112,PVOLVE LLC,exact,2026-01-20,USD,,1140,4993.09,SCORED,MEDIUM,BLUE-MDR-C-12,NO. 322/17.12.2024,final,2025,BSS,servicii de MDR,CONTRACT NO. 322/17.12.2024 CONTRACT NO. 322/17.12.2024 RECURRENT IT SECURITY SERVICES to FRAMEWORK SERVICE AGREEMENT,12,"org exact; score=87 margin=0 on [contract#, amount~final, data final (28d)]; 7 distinct part# near top","[{""pn"":""BLUE-MDR-C-12"",""score"":87,""on"":[""contract#"",""amount~final"",""data final (28d)""],""ref"":""NO. 322/17.12.2024"",""desc"":""servicii de MDR""},{""pn"":""BLUE-MDR-C-13"",""score"":87,""on"":[""contract#"",""amount~final"",""data final (0d)""],""ref"":""NO. 322/17.12.2024"",""desc"":""servicii de MDR""},{""pn"":""BLUE-MDR-C-14"",""score"":87,""on"":[""contract#"",""amount~final"",""data final (24d)""],""ref"":""NO. 322/17.12.2024"",""desc"":""servicii de MDR""}]",
accounting:BT.R.BIT 137,BT.R.BIT 137,"WAYDEV,INC",exact,2026-02-13,USD,,660,2851.79,SCORED,LOW,BLUE-MDR-C-50,182/15.02.2021,final,2021,BSS,SERVICII RECURENTE DE TIP MONITORIZARE ȘI RĂSPUNS LA INCIDENTE DE SECURITATE INFORMATICA,SERVICII RECURENTE DE TIP MONITORIZARE SI RASPUNS SERVICII RECURENTE DE TIP MONITORIZARE SI RASPUNS LA INCIDENTE,4,"org exact; score=27 margin=12 on [amount~final, desc~0.60]; 1 distinct part# near top","[{""pn"":""BLUE-MDR-C-50"",""score"":27,""on"":[""amount~final"",""desc~0.60""],""ref"":""182/15.02.2021"",""desc"":""SERVICII RECURENTE DE TIP MONITORIZARE ȘI RĂSPUNS LA INCIDEN""},{""pn"":""BLUE-MDR-I"",""score"":15,""on"":[""desc~0.60""],""ref"":""182/15.02.2021"",""desc"":""SERVICII RECURENTE DE TIP MONITORIZARE ȘI RĂSPUNS LA INCIDEN""},{""pn"":""RED-PEN-S-WB-1"",""score"":3,""on"":[],""ref"":""NR. 1 DIN 18.04.2023"",""desc"":""SERVICII DE SECURITATE INFORMATICA""}]",
accounting:BT.R.BIT 138,BT.R.BIT 138,HERTZA L.L.C.,exact,2026-02-13,USD,,4500,19444.05,SCORED,MEDIUM,RED-PEN-B-E-B-15,Addendum No. 1 from 28.02.2025 SERVICES AGREEMENT No. 295/5.06.2024,,2025,BSS,security code review,ADDENDUM NO. 2 FROM 28.04.2025 SERVICES AGREEMENT ADDENDUM NO. 2 FROM 28.04.2025 SERVICES AGREEMENT Contract no. No.295/5.06.2024,3,"org exact; score=53 margin=0 on [contract#, data final (312d)]; 2 distinct part# near top","[{""pn"":""RED-PEN-B-E-B-15"",""score"":53,""on"":[""contract#"",""data final (312d)""],""ref"":""Addendum No. 1 from 28.02.2025 SERVICES "",""desc"":""security code review""},{""pn"":""RED-PEN-B-E-B-30"",""score"":53,""on"":[""contract#"",""data final (276d)""],""ref"":""Addendum No. 2 from 28.04.2025 SERVICES "",""desc"":""servicii de pentest""},{""pn"":""RED-PEN-B-E-B-30"",""score"":50,""on"":[""contract#""],""ref"":""No.295/5.06.2024"",""desc"":""servicii de pentest""}]",
accounting:BT.R.BIT 139,BT.R.BIT 139,PVOLVE LLC,exact,2026-02-13,USD,,1140,4925.83,SCORED,MEDIUM,BLUE-MDR-C-13,NO. 322/17.12.2024,final,2025,BSS,servicii de MDR,CONTRACT NO. 322/17.12.2024 CONTRACT NO. 322/17.12.2024 RECURRENT IT SECURITY SERVICES to FRAMEWORK SERVICE AGREEMENT,12,"org exact; score=87 margin=0 on [contract#, amount~final, data final (24d)]; 7 distinct part# near top","[{""pn"":""BLUE-MDR-C-13"",""score"":87,""on"":[""contract#"",""amount~final"",""data final (24d)""],""ref"":""NO. 322/17.12.2024"",""desc"":""servicii de MDR""},{""pn"":""BLUE-MDR-C-14"",""score"":87,""on"":[""contract#"",""amount~final"",""data final (0d)""],""ref"":""NO. 322/17.12.2024"",""desc"":""servicii de MDR""},{""pn"":""BLUE-MDR-C-15"",""score"":87,""on"":[""contract#"",""amount~final"",""data est. close (20d)""],""ref"":""NO. 322/17.12.2024"",""desc"":""servicii de MDR""}]",
accounting:BT.R.BIT 173,BT.R.BIT 173,HERTZA L.L.C.,exact,2026-03-20,USD,,4500,19989,SCORED,MEDIUM,RED-PEN-B-E-B-15,Addendum No. 1 from 28.02.2025 SERVICES AGREEMENT No. 295/5.06.2024,,2025,BSS,security code review,ADDENDUM NO. 2 FROM 28.04.2025 SERVICES AGREEMENT ADDENDUM NO. 2 FROM 28.04.2025 SERVICES AGREEMENT Contract no. No.295/5.06.2024,3,"org exact; score=53 margin=0 on [contract#, data final (347d)]; 2 distinct part# near top","[{""pn"":""RED-PEN-B-E-B-15"",""score"":53,""on"":[""contract#"",""data final (347d)""],""ref"":""Addendum No. 1 from 28.02.2025 SERVICES "",""desc"":""security code review""},{""pn"":""RED-PEN-B-E-B-30"",""score"":53,""on"":[""contract#"",""data final (311d)""],""ref"":""Addendum No. 2 from 28.04.2025 SERVICES "",""desc"":""servicii de pentest""},{""pn"":""RED-PEN-B-E-B-30"",""score"":50,""on"":[""contract#""],""ref"":""No.295/5.06.2024"",""desc"":""servicii de pentest""}]",
accounting:BT.R.BIT 184,BT.R.BIT 184,PVOLVE LLC,exact,2026-03-20,USD,,1140,5063.88,SCORED,MEDIUM,BLUE-MDR-C-15,NO. 322/17.12.2024,final,2025,BSS,servicii de MDR,CONTRACT NO. 322/17.12.2024 CONTRACT NO. 322/17.12.2024 RECURRENT IT SECURITY SERVICES to FRAMEWORK SERVICE AGREEMENT,12,"org exact; score=87 margin=0 on [contract#, amount~final, data final (0d)]; 6 distinct part# near top","[{""pn"":""BLUE-MDR-C-15"",""score"":87,""on"":[""contract#"",""amount~final"",""data final (0d)""],""ref"":""NO. 322/17.12.2024"",""desc"":""servicii de MDR""},{""pn"":""BLUE-MDR-C-16"",""score"":87,""on"":[""contract#"",""amount~final"",""data est. close (16d)""],""ref"":""NO. 322/17.12.2024"",""desc"":""servicii de MDR""},{""pn"":""BLUE-MDR-C-11"",""score"":80,""on"":[""contract#"",""amount~final"",""data final (114d)""],""ref"":""NO. 322/17.12.2024"",""desc"":""servicii de MDR""}]",
accounting:BT.R.BIT 193,BT.R.BIT 193,"WAYDEV,INC",exact,2026-03-20,USD,,660,2931.72,SCORED,LOW,BLUE-MDR-C-50,182/15.02.2021,final,2021,BSS,SERVICII RECURENTE DE TIP MONITORIZARE ȘI RĂSPUNS LA INCIDENTE DE SECURITATE INFORMATICA,SERVICII RECURENTE DE TIP MONITORIZARE SI RASPUNS SERVICII RECURENTE DE TIP MONITORIZARE SI RASPUNS LA INCIDENTE,4,"org exact; score=27 margin=12 on [amount~final, desc~0.60]; 1 distinct part# near top","[{""pn"":""BLUE-MDR-C-50"",""score"":27,""on"":[""amount~final"",""desc~0.60""],""ref"":""182/15.02.2021"",""desc"":""SERVICII RECURENTE DE TIP MONITORIZARE ȘI RĂSPUNS LA INCIDEN""},{""pn"":""BLUE-MDR-I"",""score"":15,""on"":[""desc~0.60""],""ref"":""182/15.02.2021"",""desc"":""SERVICII RECURENTE DE TIP MONITORIZARE ȘI RĂSPUNS LA INCIDEN""},{""pn"":""RED-PEN-S-WB-1"",""score"":3,""on"":[],""ref"":""NR. 1 DIN 18.04.2023"",""desc"":""SERVICII DE SECURITATE INFORMATICA""}]",
accounting:BT.R.BIT 202,BT.R.BIT 202,HERTZA L.L.C.,exact,2026-04-29,USD,,4500,19593.45,SCORED,MEDIUM,RED-PEN-B-E-B-30,Addendum No. 2 from 28.04.2025 SERVICES AGREEMENT No. 295/5.06.2024,,2025,BSS,servicii de pentest,ADDENDUM NO. 2 FROM 28.04.2025 SERVICES AGREEMENT ADDENDUM NO. 2 FROM 28.04.2025 SERVICES AGREEMENT Contract no. No.295/5.06.2024,3,"org exact; score=53 margin=3 on [contract#, data final (351d)]; 2 distinct part# near top","[{""pn"":""RED-PEN-B-E-B-30"",""score"":53,""on"":[""contract#"",""data final (351d)""],""ref"":""Addendum No. 2 from 28.04.2025 SERVICES "",""desc"":""servicii de pentest""},{""pn"":""RED-PEN-B-E-B-30"",""score"":50,""on"":[""contract#""],""ref"":""No.295/5.06.2024"",""desc"":""servicii de pentest""},{""pn"":""RED-PEN-B-E-B-15"",""score"":50,""on"":[""contract#""],""ref"":""Addendum No. 1 from 28.02.2025 SERVICES "",""desc"":""security code review""}]",
accounting:BT.R.BIT 213,BT.R.BIT 213,PVOLVE LLC,exact,2026-04-29,USD,,1140,4963.67,SCORED,MEDIUM,BLUE-MDR-C-16,NO. 322/17.12.2024,final,2025,BSS,servicii de MDR,CONTRACT NO. 322/17.12.2024 CONTRACT NO. 322/17.12.2024 RECURRENT IT SECURITY SERVICES to FRAMEWORK SERVICE AGREEMENT,12,"org exact; score=87 margin=7 on [contract#, amount~final, data final (0d)]; 4 distinct part# near top","[{""pn"":""BLUE-MDR-C-16"",""score"":87,""on"":[""contract#"",""amount~final"",""data final (0d)""],""ref"":""NO. 322/17.12.2024"",""desc"":""servicii de MDR""},{""pn"":""BLUE-MDR-C-13"",""score"":80,""on"":[""contract#"",""amount~final"",""data final (99d)""],""ref"":""NO. 322/17.12.2024"",""desc"":""servicii de MDR""},{""pn"":""BLUE-MDR-C-14"",""score"":80,""on"":[""contract#"",""amount~final"",""data final (75d)""],""ref"":""NO. 322/17.12.2024"",""desc"":""servicii de MDR""}]",
accounting:BT.R.BIT 222,BT.R.BIT 222,"WAYDEV,INC",exact,2026-04-29,USD,,660,2873.71,SCORED,LOW,BLUE-MDR-C-50,182/15.02.2021,final,2021,BSS,SERVICII RECURENTE DE TIP MONITORIZARE ȘI RĂSPUNS LA INCIDENTE DE SECURITATE INFORMATICA,SERVICII RECURENTE DE TIP MONITORIZARE SI RASPUNS SERVICII RECURENTE DE TIP MONITORIZARE SI RASPUNS LA INCIDENTE,4,"org exact; score=27 margin=12 on [amount~final, desc~0.60]; 1 distinct part# near top","[{""pn"":""BLUE-MDR-C-50"",""score"":27,""on"":[""amount~final"",""desc~0.60""],""ref"":""182/15.02.2021"",""desc"":""SERVICII RECURENTE DE TIP MONITORIZARE ȘI RĂSPUNS LA INCIDEN""},{""pn"":""BLUE-MDR-I"",""score"":15,""on"":[""desc~0.60""],""ref"":""182/15.02.2021"",""desc"":""SERVICII RECURENTE DE TIP MONITORIZARE ȘI RĂSPUNS LA INCIDEN""},{""pn"":""RED-PEN-S-WB-1"",""score"":3,""on"":[],""ref"":""NR. 1 DIN 18.04.2023"",""desc"":""SERVICII DE SECURITATE INFORMATICA""}]",
accounting:BT.R.BIT 231,BT.R.BIT 231,HERTZA L.L.C.,exact,2026-05-25,USD,,4500,20353.95,SCORED,MEDIUM,RED-PEN-B-E-B-30,No.295/5.06.2024,,2024,BSS,servicii de pentest,ADDENDUM NO. 2 FROM 28.04.2025 SERVICES AGREEMENT ADDENDUM NO. 2 FROM 28.04.2025 SERVICES AGREEMENT Contract no. No.295/5.06.2024,3,org exact; score=50 margin=0 on [contract#]; 2 distinct part# near top,"[{""pn"":""RED-PEN-B-E-B-30"",""score"":50,""on"":[""contract#""],""ref"":""No.295/5.06.2024"",""desc"":""servicii de pentest""},{""pn"":""RED-PEN-B-E-B-15"",""score"":50,""on"":[""contract#""],""ref"":""Addendum No. 1 from 28.02.2025 SERVICES "",""desc"":""security code review""},{""pn"":""RED-PEN-B-E-B-30"",""score"":50,""on"":[""contract#""],""ref"":""Addendum No. 2 from 28.04.2025 SERVICES "",""desc"":""servicii de pentest""}]",
accounting:BT.R.BIT 242,BT.R.BIT 242,PVOLVE LLC,exact,2026-05-25,USD,,1140,5156.33,SCORED,MEDIUM,BLUE-MDR-C-16,NO. 322/17.12.2024,final,2025,BSS,servicii de MDR,CONTRACT NO. 322/17.12.2024 CONTRACT NO. 322/17.12.2024 RECURRENT IT SECURITY SERVICES to FRAMEWORK SERVICE AGREEMENT,12,"org exact; score=87 margin=7 on [contract#, amount~final, data final (26d)]; 3 distinct part# near top","[{""pn"":""BLUE-MDR-C-16"",""score"":87,""on"":[""contract#"",""amount~final"",""data final (26d)""],""ref"":""NO. 322/17.12.2024"",""desc"":""servicii de MDR""},{""pn"":""BLUE-MDR-C-14"",""score"":80,""on"":[""contract#"",""amount~final"",""data final (101d)""],""ref"":""NO. 322/17.12.2024"",""desc"":""servicii de MDR""},{""pn"":""BLUE-MDR-C-15"",""score"":80,""on"":[""contract#"",""amount~final"",""data final (66d)""],""ref"":""NO. 322/17.12.2024"",""desc"":""servicii de MDR""}]",
accounting:BT.R.BIT 251,BT.R.BIT 251,"WAYDEV,INC",exact,2026-05-25,USD,,660,2985.25,SCORED,LOW,BLUE-MDR-C-50,182/15.02.2021,final,2021,BSS,SERVICII RECURENTE DE TIP MONITORIZARE ȘI RĂSPUNS LA INCIDENTE DE SECURITATE INFORMATICA,SERVICII RECURENTE DE TIP MONITORIZARE SI RASPUNS SERVICII RECURENTE DE TIP MONITORIZARE SI RASPUNS LA INCIDENTE,4,"org exact; score=27 margin=12 on [amount~final, desc~0.60]; 1 distinct part# near top","[{""pn"":""BLUE-MDR-C-50"",""score"":27,""on"":[""amount~final"",""desc~0.60""],""ref"":""182/15.02.2021"",""desc"":""SERVICII RECURENTE DE TIP MONITORIZARE ȘI RĂSPUNS LA INCIDEN""},{""pn"":""BLUE-MDR-I"",""score"":15,""on"":[""desc~0.60""],""ref"":""182/15.02.2021"",""desc"":""SERVICII RECURENTE DE TIP MONITORIZARE ȘI RĂSPUNS LA INCIDEN""},{""pn"":""RED-PEN-S-WB-1"",""score"":3,""on"":[],""ref"":""NR. 1 DIN 18.04.2023"",""desc"":""SERVICII DE SECURITATE INFORMATICA""}]",
accounting:BT.R.BIT 271,BT.R.BIT 271,PVOLVE LLC,exact,2026-06-17,USD,,1140,5140.37,SCORED,MEDIUM,BLUE-MDR-C-15,NO. 322/17.12.2024,final,2025,BSS,servicii de MDR,CONTRACT NO. 322/17.12.2024 CONTRACT NO. 322/17.12.2024 RECURRENT IT SECURITY SERVICES to FRAMEWORK SERVICE AGREEMENT,12,"org exact; score=80 margin=0 on [contract#, amount~final, data final (89d)]; 11 distinct part# near top","[{""pn"":""BLUE-MDR-C-15"",""score"":80,""on"":[""contract#"",""amount~final"",""data final (89d)""],""ref"":""NO. 322/17.12.2024"",""desc"":""servicii de MDR""},{""pn"":""BLUE-MDR-C-16"",""score"":80,""on"":[""contract#"",""amount~final"",""data final (49d)""],""ref"":""NO. 322/17.12.2024"",""desc"":""servicii de MDR""},{""pn"":""BLUE-MDR-C-7"",""score"":75,""on"":[""contract#"",""amount~final"",""data final (342d)""],""ref"":""NO. 322/17.12.2024"",""desc"":""servicii de MDR""}]",
accounting:BT.R.BIT 280,BT.R.BIT 280,"WAYDEV,INC",exact,2026-06-17,USD,,660,2976.01,SCORED,LOW,BLUE-MDR-C-50,182/15.02.2021,final,2021,BSS,SERVICII RECURENTE DE TIP MONITORIZARE ȘI RĂSPUNS LA INCIDENTE DE SECURITATE INFORMATICA,SERVICII RECURENTE DE TIP MONITORIZARE SI RASPUNS SERVICII RECURENTE DE TIP MONITORIZARE SI RASPUNS LA INCIDENTE,4,"org exact; score=27 margin=12 on [amount~final, desc~0.60]; 1 distinct part# near top","[{""pn"":""BLUE-MDR-C-50"",""score"":27,""on"":[""amount~final"",""desc~0.60""],""ref"":""182/15.02.2021"",""desc"":""SERVICII RECURENTE DE TIP MONITORIZARE ȘI RĂSPUNS LA INCIDEN""},{""pn"":""BLUE-MDR-I"",""score"":15,""on"":[""desc~0.60""],""ref"":""182/15.02.2021"",""desc"":""SERVICII RECURENTE DE TIP MONITORIZARE ȘI RĂSPUNS LA INCIDEN""},{""pn"":""RED-PEN-S-WB-1"",""score"":3,""on"":[],""ref"":""NR. 1 DIN 18.04.2023"",""desc"":""SERVICII DE SECURITATE INFORMATICA""}]",