organization,partNumber,trackerRow,milestone,expectedDate,dateSource,trackerAmount,contractRef,accountingStatus,trackerFacturatFlag,flagDiscrepancy,matchedInvoiceNumber,matchedInvoiceSource,matchedInvoiceDate,dateGapDays
123Formbuilder S.R.L.,RED-VA-I-B-100,168,avans,2022-07-12,actual,700.00,1/11.07.2022,INVOICED_ACCOUNTING,Da,,BT.BIT 367,ron,2022-07-12,0
123Formbuilder S.R.L.,RED-VA-I-B-100,168,final,2022-09-14,actual,1050.00,1/11.07.2022,PAST_UNMATCHED,Da,TRACKER_SAYS_BILLED_NOT_FOUND,,,,
SC ACCESA IT SYSTEMS S.R.L.,RED-PEN-B-I-B-30,153,avans,2022-08-16,actual,1700.00,230/18.07.2022,INVOICED_ACCOUNTING,Da,,BT.BIT 386,ron,2022-08-16,0
SC ACCESA IT SYSTEMS S.R.L.,RED-PEN-B-I-B-30,153,final,2022-10-03,actual,2550.00,230/18.07.2022,PAST_UNMATCHED,Da,TRACKER_SAYS_BILLED_NOT_FOUND,,,,
SC ACCESA IT SYSTEMS S.R.L.,RED-PEN-B-I-B-30,880,avans,2023-11-20,actual,3300.00,230/18.07.2022,INVOICED_ACCOUNTING,Da,,BT.BIT 561,ron,2023-11-20,0
SC ACCESA IT SYSTEMS S.R.L.,RED-PEN-B-I-B-30,880,final,2023-12-07,actual,4950.00,230/18.07.2022,PAST_UNMATCHED,Da,TRACKER_SAYS_BILLED_NOT_FOUND,,,,
ADM ROMANIA LOGISTICS S.R.L.,RED-NIS-C-PEN-100,866,avans,2023-09-05,actual,,272/28.08.2023,INVOICED_ACCOUNTING,Da,,BT.BIT 527,ron,2023-09-05,0
ADM ROMANIA LOGISTICS S.R.L.,RED-NIS-C-AUDIT-100,867,avans,2023-09-05,actual,,272/28.08.2023,PAST_UNMATCHED,Da,TRACKER_SAYS_BILLED_NOT_FOUND,,,,
ADM ROMANIA LOGISTICS S.R.L.,RED-NIS-C-PEN-100,866,final,2023-11-17,actual,9000.00,272/28.08.2023,PAST_UNMATCHED,Da,TRACKER_SAYS_BILLED_NOT_FOUND,,,,
ADM ROMANIA LOGISTICS S.R.L.,RED-NIS-C-AUDIT-100,867,final,2023-11-17,actual,6500.00,272/28.08.2023,PAST_UNMATCHED,Da,TRACKER_SAYS_BILLED_NOT_FOUND,,,,
"ALLIANCE HEALTHCARE ROMANIA S.R.L.,",RED-NIS-C-PEN-100,129,avans,2022-12-20,actual,4000.00,NR. 239/23.11.2022,INVOICED_ACCOUNTING,N/A,TRACKER_FLAG_STALE_NOT_BILLED,434,ron,2022-12-20,0
"ALLIANCE HEALTHCARE ROMANIA S.R.L.,",RED-NIS-C-PEN-100,129,final,2022-12-20,actual,6000.00,NR. 239/23.11.2022,PAST_UNMATCHED,Da,TRACKER_SAYS_BILLED_NOT_FOUND,,,,
"ALLIANCE HEALTHCARE ROMANIA S.R.L.,",RED-NIS-C-AUDIT-100,130,avans,2022-12-20,actual,1600.00,NR. 239/23.11.2022,PAST_UNMATCHED,N/A,,,,,
"ALLIANCE HEALTHCARE ROMANIA S.R.L.,",RED-NIS-C-AUDIT-100,130,final,2022-12-20,actual,2400.00,NR. 239/23.11.2022,PAST_UNMATCHED,Da,TRACKER_SAYS_BILLED_NOT_FOUND,,,,
ALLOGA LOGISTICS ROMANIA S.R.L.,RED-NIS-C-AUDIT-100,131,final,2024-01-09,actual,1000.00,NR.275/02.11.2023,INVOICED_ACCOUNTING,Da,,BT.BIT 596,ron,2024-01-31,22
ALTEX ROMANIA SRL,PHISH-P-L-MM-F-4000-12,18,final,2021-09-01,actual,2500.00,CONTRACT NR. 21785 din 06.08.2021 198/30.07.2021,INVOICED_ACCOUNTING,Da,,BT.BIT 288,ron,2021-09-01,0
ALTEX ROMANIA SRL,PHISH-P-L-MM-F-4000-12,19,final,2021-10-04,actual,2500.00,CONTRACT NR. 21785 din 06.08.2021 198/30.07.2021,INVOICED_ACCOUNTING,Da,,BT.BIT 295,ron,2021-10-04,0
ALTEX ROMANIA SRL,PHISH-P-L-MM-F-4000-12,20,final,2021-11-01,actual,2500.00,CONTRACT NR. 21785 din 06.08.2021 198/30.07.2021,INVOICED_ACCOUNTING,Da,,BT.BIT 302,ron,2021-11-01,0
ALTEX ROMANIA SRL,PHISH-P-L-MM-F-4000-12,21,final,2021-12-02,actual,2500.00,CONTRACT NR. 21785 din 06.08.2021 198/30.07.2021,INVOICED_ACCOUNTING,Da,,BT.BIT 307,ron,2021-12-02,0
ALTEX ROMANIA SRL,PHISH-P-L-MM-F-4000-12,22,final,2022-01-04,actual,2500.00,CONTRACT NR. 21785 din 06.08.2021 198/30.07.2021,INVOICED_ACCOUNTING,Da,,BT.BIT 317,ron,2022-01-04,0
ALTEX ROMANIA SRL,PHISH-P-L-MM-F-4000-12,23,final,2022-02-03,actual,2500.00,CONTRACT NR. 21785 din 06.08.2021 198/30.07.2021,INVOICED_ACCOUNTING,Da,,BT.BIT 323,ron,2022-02-03,0
ALTEX ROMANIA SRL,PHISH-P-L-MM-F-4000-12,24,final,2022-03-03,actual,2500.00,CONTRACT NR. 21785 din 06.08.2021 198/30.07.2021,INVOICED_ACCOUNTING,Da,,BT.BIT 327,ron,2022-03-03,0
ALTEX ROMANIA SRL,PHISH-P-L-MM-F-4000-12,25,final,2022-04-06,actual,2500.00,CONTRACT NR. 21785 din 06.08.2021 198/30.07.2021,INVOICED_ACCOUNTING,Da,,BT.BIT 339,ron,2022-04-06,0
ALTEX ROMANIA SRL,PHISH-P-L-MM-F-4000-12,26,final,2022-05-09,actual,2500.00,CONTRACT NR. 21785 din 06.08.2021 198/30.07.2021,INVOICED_ACCOUNTING,Da,,BT.BIT 345,ron,2022-05-09,0
ALTEX ROMANIA SRL,PHISH-P-L-MM-F-4000-12,27,final,2022-06-09,actual,2500.00,CONTRACT NR. 21785 din 06.08.2021 198/30.07.2021,INVOICED_ACCOUNTING,Da,,BT.BIT 359,ron,2022-06-09,0
ALTEX ROMANIA SRL,PHISH-P-L-MM-F-4000-12,28,final,2022-07-12,actual,2500.00,CONTRACT NR. 21785 din 06.08.2021 198/30.07.2021,INVOICED_ACCOUNTING,Da,,BT.BIT 370,ron,2022-07-12,0
ALTEX ROMANIA SRL,PHISH-P-L-MM-F-4000-12,29,final,2022-08-08,actual,2500.00,CONTRACT NR. 21785 din 06.08.2021 198/30.07.2021,INVOICED_ACCOUNTING,Da,,BT.BIT 382,ron,2022-08-08,0
Amber Studio SA,RED-PEN-B-E-B-15,864,avans,2023-07-12,actual,3300.00,269/05.07.2023,INVOICED_ACCOUNTING,Da,,BT.BIT 508,ron,2023-07-12,0
Amber Studio SA,RED-PEN-B-E-B-15,864,final,2023-09-15,actual,4950.00,269/05.07.2023,PAST_UNMATCHED,Da,TRACKER_SAYS_BILLED_NOT_FOUND,,,,
AMETHYST RADIOTERAPIA ALBA IULIA S.A.,RED-NIS-C-PEN-200,119,final,2022-12-14,actual,1800.00,150/28.11.2022,INVOICED_ACCOUNTING,Da,,426,ron,2022-12-14,0
AMETHYST RADIOTERAPIA ALBA IULIA S.A.,RED-NIS-C-PEN-200,120,final,2022-12-14,actual,1150.00,150/28.11.2022,PAST_UNMATCHED,Da,TRACKER_SAYS_BILLED_NOT_FOUND,,,,
Apa Service S.A.,RED-NIS-C-PEN-10,1309,final,2024-09-06,actual,5500.00,NR. 299/17.6.2024,INVOICED_ACCOUNTING,Da,,BT.BIT 710,ron,2024-09-06,0
Apa Service S.A.,RED-NIS-C-AUDIT-100,1310,final,2024-09-06,actual,4500.00,NR. 299/17.6.2024,PAST_UNMATCHED,Da,TRACKER_SAYS_BILLED_NOT_FOUND,,,,
APAVITAL SA,RED-NIS-C-PEN-100,987,avans,2024-03-28,actual,7463.00,NR. 286/21.02.2024,INVOICED_ACCOUNTING,Da,,BT.BIT 621,ron,2024-03-28,0
APAVITAL SA,RED-NIS-C-PEN-100,987,final,2024-04-22,actual,2037.00,NR. 286/21.02.2024,PAST_UNMATCHED,Da,TRACKER_SAYS_BILLED_NOT_FOUND,,,,
APAVITAL SA,RED-NIS-C-AUDIT-100,988,final,2024-04-22,actual,5500.00,NR. 286/21.02.2024,PAST_UNMATCHED,Da,TRACKER_SAYS_BILLED_NOT_FOUND,,,,
APAVITAL SA,PHISH-P-L-YY-F-<400>-<12>,989,final,2025-11-19,actual,6000.00,Comanda nr. 1 din 4.11.2025,INVOICED_ACCOUNTING,Da,,BT.R.BIT 971,ron,2025-11-19,0
AQUILA PART PROD COM S.A.,RED-PEN-B-I-B-50,930,avans,2024-01-17,actual,5346.00,contract cadru cu diverse servicii de securitate,INVOICED_ACCOUNTING,Da,,BT.BIT 590,ron,2024-01-16,1
AQUILA PART PROD COM S.A.,RED-PEN-B-E-B-25,931,avans,2024-01-17,actual,3564.00,contract cadru cu diverse servicii de securitate,PAST_UNMATCHED,Da,TRACKER_SAYS_BILLED_NOT_FOUND,,,,
AQUILA PART PROD COM S.A.,RED-PEN-B-I-B-50,930,final,2024-02-09,actual,8019.00,contract cadru cu diverse servicii de securitate,PAST_UNMATCHED,Da,TRACKER_SAYS_BILLED_NOT_FOUND,,,,
AQUILA PART PROD COM S.A.,RED-PEN-B-E-B-25,931,final,2024-02-09,actual,5346.00,contract cadru cu diverse servicii de securitate,PAST_UNMATCHED,Da,TRACKER_SAYS_BILLED_NOT_FOUND,,,,
ART & CRAFT DESIGN SRL,BLUE-MDR-C-6,1390,final,2025-04-30,actual,400.00,Contract cadru de prestari servicii nr. 335 din 31.3.2025,INVOICED_ACCOUNTING,Da,,BT.BIT 873,ron,2025-04-30,0
ART & CRAFT DESIGN SRL,BLUE-MDR-C-6,1391,final,2025-05-05,actual,400.00,Contract cadru de prestari servicii nr. 335 din 31.3.2025,INVOICED_ACCOUNTING,Da,,BT.BIT 894,ron,2025-05-16,11
ART & CRAFT DESIGN SRL,BLUE-MDR-C-6,1392,final,2025-06-16,actual,400.00,Contract cadru de prestari servicii nr. 335 din 31.3.2025,INVOICED_ACCOUNTING,Da,,BT.BIT 918,ron,2025-06-16,0
ART & CRAFT DESIGN SRL,BLUE-MDR-C-6,1393,final,2025-07-10,actual,400.00,Contract cadru de prestari servicii nr. 335 din 31.3.2025,INVOICED_ACCOUNTING,Da,,BT.BIT 943,ron,2025-07-02,8
ART & CRAFT DESIGN SRL,BLUE-MDR-C-6,1394,final,2025-08-04,actual,400.00,Contract cadru de prestari servicii nr. 335 din 31.3.2025,INVOICED_ACCOUNTING,Da,,BT.BIT 971,ron,2025-08-04,0
ART & CRAFT DESIGN SRL,BLUE-MDR-C-6,1395,final,2025-09-05,actual,400.00,Contract cadru de prestari servicii nr. 335 din 31.3.2025,INVOICED_ACCOUNTING,Da,,BT.R.BIT 22,ron,2025-09-02,3
ART & CRAFT DESIGN SRL,BLUE-MDR-C-6,1396,final,2025-10-20,actual,400.00,Contract cadru de prestari servicii nr. 335 din 31.3.2025,INVOICED_ACCOUNTING,Da,,BT.R.BIT 49,ron,2025-10-20,0
ART & CRAFT DESIGN SRL,BLUE-MDR-C-6,1397,final,2025-11-26,actual,400.00,Contract cadru de prestari servicii nr. 335 din 31.3.2025,INVOICED_ACCOUNTING,Da,,BT.R.BIT 76,ron,2025-11-26,0
ART & CRAFT DESIGN SRL,BLUE-MDR-C-6,1398,final,2025-12-23,actual,400.00,Contract cadru de prestari servicii nr. 335 din 31.3.2025,INVOICED_ACCOUNTING,Da,,BT.R.BIT 103,ron,2025-12-23,0
ART & CRAFT DESIGN SRL,BLUE-MDR-C-6,1399,final,2026-01-20,actual,400.00,Contract cadru de prestari servicii nr. 335 din 31.3.2025,INVOICED_ACCOUNTING,Da,,BT.R.BIT 130,ron,2026-01-20,0
ART & CRAFT DESIGN SRL,BLUE-MDR-C-6,1400,final,2026-02-13,actual,400.00,Contract cadru de prestari servicii nr. 335 din 31.3.2025,INVOICED_ACCOUNTING,Da,,BT.R.BIT 158,ron,2026-02-13,0
ART & CRAFT DESIGN SRL,BLUE-MDR-C-6,1401,final,2026-03-20,actual,400.00,Contract cadru de prestari servicii nr. 335 din 31.3.2025,INVOICED_ACCOUNTING,Da,,BT.R.BIT 165,ron,2026-03-20,0
ART & CRAFT DESIGN SRL,BLUE-MDR-C-6,1402,final,2026-04-29,actual,400.00,Contract cadru de prestari servicii nr. 335 din 31.3.2025,INVOICED_ACCOUNTING,Da,,BT.R.BIT 194,ron,2026-04-29,0
ART & CRAFT DESIGN SRL,BLUE-MDR-C-6,1403,final,2026-05-25,actual,400.00,Contract cadru de prestari servicii nr. 335 din 31.3.2025,INVOICED_ACCOUNTING,Da,,BT.R.BIT 223,ron,2026-05-25,0
ART & CRAFT DESIGN SRL,BLUE-MDR-C-6,1404,final,2026-06-19,actual,400.00,Contract cadru de prestari servicii nr. 335 din 31.3.2025,INVOICED_ACCOUNTING,Da,,BT.R.BIT 252,ron,2026-06-17,2
ART & CRAFT DESIGN SRL,BLUE-MDR-C-6,1405,final,2026-07-05,estimated,400.00,Contract cadru de prestari servicii nr. 335 din 31.3.2025,INVOICED_ACCOUNTING,Nu,TRACKER_FLAG_STALE_NOT_BILLED,BT.R.BIT 281,ron,2026-07-18,13
ART & CRAFT DESIGN SRL,BLUE-MDR-C-6,1406,final,2026-08-05,estimated,400.00,Contract cadru de prestari servicii nr. 335 din 31.3.2025,UPCOMING,Nu,,,,,
ART & CRAFT DESIGN SRL,BLUE-MDR-C-6,1407,final,2026-09-05,estimated,400.00,Contract cadru de prestari servicii nr. 335 din 31.3.2025,UPCOMING,Nu,,,,,
ART & CRAFT DESIGN SRL,BLUE-MDR-C-6,1408,final,2026-10-05,estimated,400.00,Contract cadru de prestari servicii nr. 335 din 31.3.2025,UPCOMING,Nu,,,,,
ART & CRAFT DESIGN SRL,BLUE-MDR-C-6,1409,final,2026-11-05,estimated,400.00,Contract cadru de prestari servicii nr. 335 din 31.3.2025,UPCOMING,Nu,,,,,
ART & CRAFT DESIGN SRL,BLUE-MDR-C-6,1410,final,2026-12-05,estimated,400.00,Contract cadru de prestari servicii nr. 335 din 31.3.2025,UPCOMING,Nu,,,,,
ART & CRAFT DESIGN SRL,BLUE-MDR-C-6,1411,final,2027-01-05,estimated,400.00,Contract cadru de prestari servicii nr. 335 din 31.3.2025,UPCOMING,Nu,,,,,
ART & CRAFT DESIGN SRL,BLUE-MDR-C-6,1412,final,2027-02-05,estimated,400.00,Contract cadru de prestari servicii nr. 335 din 31.3.2025,UPCOMING,Nu,,,,,
ART & CRAFT DESIGN SRL,BLUE-MDR-C-6,1413,final,2027-03-05,estimated,400.00,Contract cadru de prestari servicii nr. 335 din 31.3.2025,UPCOMING,Nu,,,,,
ASSET TOKENIZATION SERVICES OU,RED-PEN-S-WB-1,30,avans,2021-08-16,actual,6188.00,199/02.08.2021,INVOICED_ACCOUNTING,Da,,BT.BIT 106,valuta,2021-08-16,0
ASSET TOKENIZATION SERVICES OU,RED-PEN-S-WB-1,30,final,2021-09-16,estimated,6188.00,199/02.08.2021,PAST_UNMATCHED,Nu,,,,,
SC ASSIST Software SRL,CYBEREDU-DEV-T-1,186,avans,2022-04-05,actual,900.00,107/22.03.2022,INVOICED_ACCOUNTING,Da,,B.CYB 3,ron,2022-04-05,0
SC ASSIST Software SRL,CYBEREDU-DEV-T-1,186,final,2023-02-10,actual,300.00,107/22.03.2022,PAST_UNMATCHED,Da,TRACKER_SAYS_BILLED_NOT_FOUND,,,,
AstorMueller AG,BLUE-IR-OC-6,1030,avans,2024-06-20,estimated,2000.00,No. 290/24.04.2024,INVOICED_ACCOUNTING,N/A,TRACKER_FLAG_STALE_NOT_BILLED,BT.BIT 202,valuta,2024-08-07,48
AstorMueller AG,BLUE-IR-OC-6,1030,final,2024-08-07,actual,1410.00,No. 290/24.04.2024,INVOICED_ACCOUNTING,Da,,BT.BIT 202,valuta,2024-08-07,0
AstorMueller AG,BLUE-IR-OC-6,1031,final,2024-08-07,actual,1410.00,No. 290/24.04.2024,INVOICED_ACCOUNTING,Da,,BT.BIT 202,valuta,2024-08-07,0
AstorMueller AG,BLUE-IR-OC-6,1032,final,2024-08-07,actual,1410.00,No. 290/24.04.2024,PAST_UNMATCHED,Da,TRACKER_SAYS_BILLED_NOT_FOUND,,,,
AstorMueller AG,BLUE-IR-OC-6,1033,final,2024-08-07,actual,1410.00,No. 290/24.04.2024,PAST_UNMATCHED,Da,TRACKER_SAYS_BILLED_NOT_FOUND,,,,
AstorMueller AG,BLUE-IR-OC-6,1034,final,2024-08-07,actual,1410.00,No. 290/24.04.2024,PAST_UNMATCHED,Da,TRACKER_SAYS_BILLED_NOT_FOUND,,,,
AstorMueller AG,BLUE-IR-OC-6,1035,final,2024-08-07,actual,1410.00,No. 290/24.04.2024,PAST_UNMATCHED,Da,TRACKER_SAYS_BILLED_NOT_FOUND,,,,
AstorMueller AG,BLUE-IR-OC-6,1036,final,2024-08-07,actual,1410.00,No. 290/24.04.2024,PAST_UNMATCHED,Da,TRACKER_SAYS_BILLED_NOT_FOUND,,,,
AstorMueller AG,BLUE-IR-OC-6,1037,final,2024-08-07,actual,1410.00,No. 290/24.04.2024,PAST_UNMATCHED,Da,TRACKER_SAYS_BILLED_NOT_FOUND,,,,
AstorMueller AG,BLUE-IR-OC-6,1038,final,2024-08-07,actual,1410.00,No. 290/24.04.2024,PAST_UNMATCHED,Da,TRACKER_SAYS_BILLED_NOT_FOUND,,,,
AstorMueller AG,BLUE-IR-OC-6,1039,final,2024-08-07,actual,1410.00,No. 290/24.04.2024,PAST_UNMATCHED,Da,TRACKER_SAYS_BILLED_NOT_FOUND,,,,
AstorMueller AG,BLUE-IR-OC-6,1040,final,2024-08-07,actual,1410.00,No. 290/24.04.2024,PAST_UNMATCHED,Da,TRACKER_SAYS_BILLED_NOT_FOUND,,,,
AstorMueller AG,BLUE-IR-OC-6,1041,final,2024-08-07,actual,1410.00,No. 290/24.04.2024,PAST_UNMATCHED,Da,TRACKER_SAYS_BILLED_NOT_FOUND,,,,
AstorMueller AG,BLUE-IR-OC-6,1042,final,2025-05-06,actual,16920.00,No. 290/24.04.2024,INVOICED_ACCOUNTING,Da,,BT.BIT 235,valuta,2025-05-07,1
AstorMueller AG,BLUE-IR-OC-6,1043,final,2026-05-05,actual,16920.00,No. 290/24.04.2024,INVOICED_ACCOUNTING,Da,,BT.BIT 201,valuta,2026-05-05,0
BANCA COMERCIALA ROMANA S.A,RED-PEN-S-B-11,787,final,2023-11-02,actual,15664.00,4048766,INVOICED_ACCOUNTING,Da,,BT.BIT 553,ron,2023-11-02,0
BANCA COMERCIALA ROMANA S.A,RED-PEN-S-B-11,788,final,2023-12-12,actual,5500.00,4048766,INVOICED_ACCOUNTING,Da,,BT.BIT 567,ron,2023-12-11,1
BANCA COMERCIALA ROMANA S.A,RED-PEN-S-B-11,789,final,2024-06-06,actual,24200.00,PO 6000010413,INVOICED_ACCOUNTING,Da,,BT.BIT 649,ron,2024-06-06,0
BIT SENTINEL SECURITY SRL,CYBEREDU-OP-U-5,868,final,2023-07-31,actual,295100.00,261/28.03.2023,INVOICED_ACCOUNTING,Da,,B.CYB 11,ron,2023-07-31,0
CAPITAL FINANCIAL SERVICES SA,RED-VA-E-B-100,468,final,0202-05-03,actual,450.00,222/03.05.2022,INVOICED_ACCOUNTING,Da,,BT.BIT 343,ron,2022-05-03,664742
CAPITAL FINANCIAL SERVICES SA,RED-VA-I-S-100,466,final,2022-08-03,actual,2000.00,222/03.05.2022,INVOICED_ACCOUNTING,Da,,BT.BIT 376,ron,2022-08-03,0
CAPITAL FINANCIAL SERVICES SA,RED-PEN-B-I-B-100,467,final,2022-08-03,actual,7500.00,222/03.05.2022,INVOICED_ACCOUNTING,Da,,BT.BIT 376,ron,2022-08-03,0
CAPITAL FINANCIAL SERVICES SA,RED-VA-E-B-100,469,final,2022-08-03,actual,450.00,222/03.05.2022,INVOICED_ACCOUNTING,Da,,BT.BIT 376,ron,2022-08-03,0
CAPITAL FINANCIAL SERVICES SA,RED-VA-E-B-100,470,final,2022-11-23,actual,450.00,222/03.05.2022,INVOICED_ACCOUNTING,Da,,415,ron,2022-11-23,0
CAPITAL FINANCIAL SERVICES SA,RED-VA-E-B-100,471,final,2022-11-23,actual,450.00,222/03.05.2022,INVOICED_ACCOUNTING,Da,,415,ron,2022-11-23,0
CAPITAL FINANCIAL SERVICES SA,RED-VA-I-S-100,472,final,2023-07-04,actual,2000.00,262/05.04.2023,INVOICED_ACCOUNTING,Da,,BT.BIT 501,ron,2023-07-04,0
CAPITAL FINANCIAL SERVICES SA,RED-PEN-B-I-B-100,473,final,2023-07-04,actual,9700.00,262/05.04.2023,INVOICED_ACCOUNTING,Da,,BT.BIT 502,ron,2023-07-04,0
CAPITAL FINANCIAL SERVICES SA,RED-VA-E-B-100,474,final,2023-07-04,actual,600.00,262/05.04.2023,INVOICED_ACCOUNTING,Da,,BT.BIT 503,ron,2023-07-04,0
CAPITAL FINANCIAL SERVICES SA,RED-VA-E-B-100,475,final,2023-07-04,actual,600.00,262/05.04.2023,PAST_UNMATCHED,Da,TRACKER_SAYS_BILLED_NOT_FOUND,,,,
CAPITAL FINANCIAL SERVICES SA,RED-VA-E-B-100,476,final,2023-09-01,estimated,600.00,262/05.04.2023,INVOICED_ACCOUNTING,Da,,BT.BIT 712,ron,2024-09-16,381
CAPITAL FINANCIAL SERVICES SA,RED-VA-E-B-100,479,final,2023-10-12,estimated,600.00,nr 1 12.10.2023,PAST_UNMATCHED,Da,TRACKER_SAYS_BILLED_NOT_FOUND,,,,
CAPITAL FINANCIAL SERVICES SA,RED-VA-E-B-100,477,final,2023-11-01,actual,600.00,262/05.04.2023,INVOICED_ACCOUNTING,Da,,BT.BIT 552,ron,2023-11-01,0
CAPITAL FINANCIAL SERVICES SA,RED-PEN-B-E,478,final,2023-11-01,actual,6200.00,nr 1 12.10.2023,PAST_UNMATCHED,Da,TRACKER_SAYS_BILLED_NOT_FOUND,,,,
CAPITAL FINANCIAL SERVICES SA,RED-VA-E-B-100,480,final,2024-09-01,actual,10000.00,nr 2 09.08.2024,PAST_UNMATCHED,Da,TRACKER_SAYS_BILLED_NOT_FOUND,,,,
CARMA,RED-PEN-B-E-B-10,1262,final,2026-01-13,actual,4400.00,13.01.2026,INVOICED_ACCOUNTING,Da,,BT.R.BIT 86,valuta,2026-01-13,0
CARREFOUR BANQUE,RED-PEN-B-E-B-25,1260,final,2025-04-03,actual,11000.00,3.4.2025,INVOICED_ACCOUNTING,Da,,BT.BIT 231,valuta,2025-04-03,0
CARREFOUR BANQUE,RED-PEN-B-E-B-45,1261,final,2026-04-02,actual,19800.00,17.03.2026,INVOICED_ACCOUNTING,Da,,BT.BIT 197,valuta,2026-04-02,0
Carrefour Belgium,RED-PEN-B-E-B-30,1554,final,2025-11-28,actual,13200.00,FRAMEWORK AGREEMENT for the provision of Services,INVOICED_ACCOUNTING,Da,,BT.R.BIT 59,valuta,2025-11-28,0
Carrefour Global Sourcing Asia Limited,RED-PEN-B-E-B-5,1254,final,2025-11-24,actual,2200.00,5.11.2025,INVOICED_ACCOUNTING,Da,,BT.R.BIT 262,valuta,2025-11-24,0
Carrefour Global Sourcing Asia Limited,RED-PEN-B-E-B-2,1255,final,2026-03-30,actual,880.00,5.11.2025,INVOICED_ACCOUNTING,Da,,BT.BIT 196,valuta,2026-03-30,0
"CARREFOUR ROMÂNIA S.A.,",RED-PEN-S-B-1,844,final,2022-12-15,actual,9000.00,1024CRF / 18.10.2022,INVOICED_ACCOUNTING,Da,,429,ron,2022-12-15,0
"CARREFOUR ROMÂNIA S.A.,",RED-AUDIT-A-3,845,final,2023-10-30,actual,22500.00,NR. 1 DIN 19.06.2023,INVOICED_ACCOUNTING,Da,,BT.BIT 548,ron,2023-11-01,2
"CARREFOUR ROMÂNIA S.A.,",RED-PEN-B-I-B-20,1248,final,2024-07-02,actual,6750.00,26.4.2024,INVOICED_ACCOUNTING,Da,,BT.BIT 675,ron,2024-07-02,0
"CARREFOUR ROMÂNIA S.A.,",RED-PEN-B-E-B-5,1250,final,2024-07-02,actual,3520.00,14.6.2024,INVOICED_ACCOUNTING,Da,,BT.BIT 676,ron,2024-07-02,0
"CARREFOUR ROMÂNIA S.A.,",RED-PEN-B-E-B-5,1251,final,2024-07-02,actual,5280.00,4.6.2024,INVOICED_ACCOUNTING,Da,,BT.BIT 677,ron,2024-07-02,0
"CARREFOUR ROMÂNIA S.A.,",BLUE-IR-20,1249,final,2024-09-02,actual,6600.00,21.5.2024,INVOICED_ACCOUNTING,Da,,BT.BIT 699,ron,2024-09-02,0
"CARREFOUR ROMÂNIA S.A.,",RED-PEN-B-E-B-30,1252,final,2024-09-18,actual,4620.00,17.09.2024,INVOICED_ACCOUNTING,Da,,BT.BIT 713,ron,2024-09-27,9
"CARREFOUR ROMÂNIA S.A.,",RED-PEN-B-E-B-5,1253,final,2024-12-10,actual,1300.00,30.8.2024,INVOICED_ACCOUNTING,Da,,BT.BIT 771,ron,2024-12-10,0
"CARREFOUR ROMÂNIA S.A.,",RED-PEN-B-E-B-3,1263,final,2025-05-12,actual,1320.00,08.05.2025,INVOICED_ACCOUNTING,Da,,BT.BIT 877,ron,2025-05-12,0
"CARREFOUR ROMÂNIA S.A.,",RED-PEN-B-E-B-10,1264,final,2025-06-16,actual,4400.00,3.6.2025,INVOICED_ACCOUNTING,Da,,BT.BIT 900,ron,2025-06-16,0
"CARREFOUR ROMÂNIA S.A.,",RED-PEN-B-E-B-12,1265,final,2025-10-08,actual,5280.00,07.10.2025,INVOICED_ACCOUNTING,Da,,BT.R.BIT 961,ron,2025-10-08,0
"CARREFOUR ROMÂNIA S.A.,",RED-PEN-B-E-B-6,1266,final,2026-04-14,actual,2640.00,08.04.2026,INVOICED_ACCOUNTING,Da,,BT.BIT 1061,ron,2026-04-14,0
CARREFOUR SYSTEMES D'INFORMATION 0552 MASSY,RED-PEN-B-E-B-20,1256,final,2025-04-08,actual,8800.00,23.1.2025,INVOICED_ACCOUNTING,Da,,BT.BIT 233,valuta,2025-04-09,1
CARREFOUR SYSTEMES D'INFORMATION 0552 MASSY,RED-PEN-B-E-B-12,1257,final,2025-10-23,actual,5280.00,22.10.2025,INVOICED_ACCOUNTING,Da,,BT.R.BIT 259,valuta,2025-10-23,0
CARREFOUR SYSTEMES D'INFORMATION 0552 MASSY,RED-PEN-B-E-B-4,1258,final,2026-03-27,actual,1760.00,6.3.2026,INVOICED_ACCOUNTING,Da,,BT.BIT 194,valuta,2026-03-27,0
CARREFOUR SYSTEMES D'INFORMATION 0552 MASSY,RED-PEN-B-E-B-20,1259,final,2026-04-21,actual,8800.00,16.4.2026,INVOICED_ACCOUNTING,Da,,BT.BIT 199,valuta,2026-04-21,0
CAUCASUS UNIVERSITY,CYBEREDU-SM-Y-100-12,850,final,2021-10-19,actual,2000.00,order form 1,PAST_UNMATCHED,Da,TRACKER_SAYS_BILLED_NOT_FOUND,,,,
CAUCASUS UNIVERSITY,CYBEREDU-SM-Y-100-12,851,final,2022-09-26,actual,2000.00,order form 2,PAST_UNMATCHED,Da,TRACKER_SAYS_BILLED_NOT_FOUND,,,,
CERTSIGN SA,RED-PEN-B-I-BP-100,57,final,2020-02-10,actual,8000.00,153/09.01.2020,INVOICED_ACCOUNTING,Da,,BT.BIT 174,ron,2020-02-10,0
CERTSIGN SA,RED-PEN-S-B-3,58,avans,2020-05-19,actual,1400.00,NR. 1 DIN 15.05.2020,INVOICED_ACCOUNTING,Da,,BT.BIT 196,ron,2020-05-19,0
CERTSIGN SA,RED-PEN-S-B-3,58,final,2020-06-25,actual,2100.00,NR. 1 DIN 15.05.2020,INVOICED_ACCOUNTING,Da,,BT.BIT 204,ron,2020-06-25,0
CERTSIGN SA,CYBEREDU-RUN-EX-1,59,final,2020-10-20,actual,26650.00,NR.45/B77A/20166C,INVOICED_ACCOUNTING,Da,,BT.BIT 240,ron,2020-11-20,31
CERTSIGN SA,RED-PEN-B-I-BP-150,62,avans,2021-01-21,actual,5100.00,1/20.01.2021,INVOICED_ACCOUNTING,Da,,BT.BIT 247,ron,2021-01-21,0
CERTSIGN SA,RED-PEN-B-I-BP-150,62,final,2021-02-22,actual,7650.00,1/20.01.2021,INVOICED_ACCOUNTING,Da,,BT.BIT 260,ron,2021-03-16,22
CERTSIGN SA,RED-PEN-S-B-1,63,final,2021-08-16,actual,1650.00,2/27.02.2021,INVOICED_ACCOUNTING,Da,,BT.BIT 283,ron,2021-08-16,0
CERTSIGN SA,RED-PEN-S-B-3,64,final,2021-11-17,actual,3000.00,4/9.07.2021,INVOICED_ACCOUNTING,Da,,BT.BIT 303,ron,2021-11-17,0
CERTSIGN SA,RED-PEN-B-I-BP-150,65,final,2022-03-08,actual,13750.00,1/19.01.2022,INVOICED_ACCOUNTING,Da,,BT.BIT 332,ron,2022-03-08,0
CERTSIGN SA,RED-PEN-M-G-1,66,final,2022-06-21,actual,4500.00,2/08.04.2022,INVOICED_ACCOUNTING,Da,,BT.BIT 364,ron,2022-06-21,0
CERTSIGN SA,RED-PEN-M-G-1,67,final,2022-07-14,actual,9300.00,nr 2,INVOICED_ACCOUNTING,Da,,BT.BIT 372,ron,2022-07-14,0
CERTSIGN SA,RED-PEN-B-I-BP-30,68,final,2022-12-14,actual,2100.00,3,INVOICED_ACCOUNTING,Da,,422,ron,2022-12-14,0
CERTSIGN SA,RED-PEN-B-I-BP-10,69,final,2022-12-14,actual,1000.00,4,INVOICED_ACCOUNTING,Da,,423,ron,2022-12-14,0
CERTSIGN SA,RED-PEN-B-I-BP-130,70,final,2022-12-28,actual,12500.00,5,INVOICED_ACCOUNTING,Da,,442,ron,2022-12-28,0
CERTSIGN SA,RED-PEN-M-G-1,71,final,2023-12-11,actual,2100.00,1,INVOICED_ACCOUNTING,Da,,BT.BIT 576,ron,2023-12-11,0
CERTSIGN SA,RED-AUDIT-A-10,72,final,2023-12-11,actual,8000.00,263,INVOICED_ACCOUNTING,Da,,BT.BIT 575,ron,2023-12-11,0
CERTSIGN SA,RED-PEN-B-I-BP-10,73,final,2023-12-11,actual,7400.00,263,PAST_UNMATCHED,Da,TRACKER_SAYS_BILLED_NOT_FOUND,,,,
CERTSIGN SA,RED-PEN-M-G-1,75,final,2023-12-11,actual,1000.00,2,INVOICED_ACCOUNTING,Da,,BT.BIT 577,ron,2023-12-11,0
CERTSIGN SA,RED-PEN-B-I-BP-130,74,final,2024-01-19,actual,13750.00,3,INVOICED_ACCOUNTING,Da,,BT.BIT 592,ron,2024-01-19,0
CERTSIGN SA,RED-PEN-M-G-1,77,final,2024-06-17,actual,1600.00,6,INVOICED_ACCOUNTING,Da,,BT.BIT 681,ron,2024-07-17,30
CERTSIGN SA,RED-PEN-M-G-1,76,final,2024-06-18,actual,1100.00,4,INVOICED_ACCOUNTING,Da,,BT.BIT 663,ron,2024-06-18,0
CERTSIGN SA,RED-PEN-M-G-1,78,final,2024-12-20,actual,1200.00,7,INVOICED_ACCOUNTING,Da,,BT.BIT 784,ron,2024-12-20,0
CERTSIGN SA,RED-PEN-M-G-1,79,final,2024-12-20,actual,3200.00,8,INVOICED_ACCOUNTING,Da,,BT.BIT 783,ron,2024-12-20,0
CERTSIGN SA,RED-PEN-B-I-BP-130,80,final,2024-12-20,actual,12500.00,9,INVOICED_ACCOUNTING,Da,,BT.BIT 785,ron,2024-12-20,0
CERTSIGN SA,RED-PEN-B-I-BP-130,81,final,2026-01-26,actual,12500.00,10,INVOICED_ACCOUNTING,Da,,BT.BIT 1014,ron,2026-01-26,0
CERTSIGN SA,RED-PEN-M-G-1,82,final,2026-01-26,actual,1200.00,11,INVOICED_ACCOUNTING,Da,,BT.BIT 1015,ron,2026-01-26,0
CERTSIGN SA,CYBEREDU-MISC,194,final,2026-01-30,actual,21712.00,,INVOICED_ACCOUNTING,Da,,BT.BIT 1022,ron,2026-01-30,0
CERTSIGN SA,CYBEREDU-MISC,196,final,2026-01-30,actual,6684.84,,INVOICED_ACCOUNTING,Da,,B.CYB 28,ron,2026-01-30,0
CERTSIGN SA,BLUE-IR-30,197,final,2026-02-02,actual,49776.00,,INVOICED_ACCOUNTING,Da,,BT.BIT 1024,ron,2026-02-02,0
CERTSIGN SA,CYBEREDU-MISC,195,final,2026-03-30,actual,35472.00,,INVOICED_ACCOUNTING,Da,,BT.BIT 1055,ron,2026-03-31,1
CERTSIGN SA,CONSULTANCY-MISC-20,198,avans,2026-03-31,actual,,,INVOICED_ACCOUNTING,Da,,BT.BIT 1056,ron,2026-03-31,0
CERTSIGN SA,CONSULTANCY-MISC-20,198,final,2026-03-31,estimated,8868.00,,INVOICED_ACCOUNTING,N/A,TRACKER_FLAG_STALE_NOT_BILLED,BT.BIT 1053,ron,2026-03-31,0
CERTSIGN SA,CONSULTANCY-MISC-80,199,avans,2026-03-31,actual,0.00,,INVOICED_ACCOUNTING,Da,,BT.BIT 1056,ron,2026-03-31,0
CERTSIGN SA,CONSULTANCY-MISC-80,199,final,2026-03-31,estimated,35472.00,,INVOICED_ACCOUNTING,N/A,TRACKER_FLAG_STALE_NOT_BILLED,BT.BIT 1054,ron,2026-03-31,0
CERTSIGN SA,BLUE-IR-OC-6,200,final,2026-04-01,estimated,4440.00,,INVOICED_ACCOUNTING,N/A,TRACKER_FLAG_STALE_NOT_BILLED,BT.BIT 1074,ron,2026-06-17,77
CERTSIGN SA,RED-PEN-B-E-B-7,83,final,2026-04-28,actual,2800.00,12,INVOICED_ACCOUNTING,Da,,BT.BIT 1066,ron,2026-04-28,0
CERTSIGN SA,BLUE-IR-OC-6,200,avans,2026-06-17,actual,,,INVOICED_ACCOUNTING,Da,,BT.BIT 1075,ron,2026-06-17,0
CEZ VANZARE S.A.,RED-NIS-C-PEN-58,85,final,2022-12-15,actual,3500.00,Nr. N26 din data de 22.09.2022,INVOICED_ACCOUNTING,Da,,428,ron,2022-12-15,0
CEZ VANZARE S.A.,RED-NIS-C-AUDIT-58,86,final,2022-12-15,actual,3500.00,Nr. N26 din data de 22.09.2022,PAST_UNMATCHED,Da,TRACKER_SAYS_BILLED_NOT_FOUND,,,,
CODE WHALE INC,RED-PEN-S-B-1,132,final,2018-12-18,actual,4750.00,132/30.10.2018,INVOICED_ACCOUNTING,Da,,BT.BIT 39,valuta,2018-12-18,0
CODE WHALE INC,RED-PEN-S-B-1,133,final,2020-01-15,actual,3800.00,149/25.11.2019,INVOICED_ACCOUNTING,Da,,BT.BIT 63,valuta,2020-01-15,0
CODE WHALE INC,RED-PEN-S-B-1,134,final,2020-12-14,actual,3800.00,149/25.11.2019,INVOICED_ACCOUNTING,Da,,BT.BIT 86,valuta,2020-12-14,0
CODE WHALE INC,RED-PEN-S-B-1,135,final,2021-12-21,actual,3800.00,149/25.11.2019,INVOICED_ACCOUNTING,Da,,BT.BIT 126,valuta,2021-12-21,0
CODE WHALE INC,RED-PEN-S-B-1,136,final,2023-01-01,actual,3800.00,149/25.11.2019,INVOICED_ACCOUNTING,Da,,BT.BIT 161.,valuta,2023-01-01,0
CODE WHALE INC,RED-PEN-S-B-1,137,final,2023-12-10,estimated,3800.00,149/25.11.2019,INVOICED_ACCOUNTING,Da,,BT.BIT 183,valuta,2023-12-11,1
CODE WHALE INC,RED-PEN-S-B-1,138,final,2024-12-16,actual,4950.00,321/16.12.2024,INVOICED_ACCOUNTING,Da,,BT.BIT 217,valuta,2024-12-16,0
CODE WHALE INC,RED-PEN-S-B-1,139,final,2025-12-10,actual,5445.00,ACT ADITIONAL NR. 1 DIN 10.11.2025 LA CONTRACTUL DE PRESTARI SERVICII Nr. 321/16.12.2024,INVOICED_ACCOUNTING,Da,,BT.R.BIT 61,valuta,2025-12-10,0
Comisia Europeana - ECYBRIDGE,CYBEREDU-GRANTS,872,final,2024-07-07,actual,108204.00,101158784,PAST_UNMATCHED,Da,TRACKER_SAYS_BILLED_NOT_FOUND,,,,
Comisia Europeana - ECYBRIDGE,CYBEREDU-GRANTS,873,final,2026-07-05,estimated,27151.00,101158784,PAST_UNMATCHED,Nu,,,,,
Comisia Europeana - UMC,CYBEREDU-GRANTS,870,final,2023-10-15,actual,293843.00,101128088/11/08/2023,PAST_UNMATCHED,Da,TRACKER_SAYS_BILLED_NOT_FOUND,,,,
Comisia Europeana - UMC,CYBEREDU-GRANTS,871,final,2026-07-05,estimated,73461.00,101128088/11/08/2023,PAST_UNMATCHED,Nu,,,,,
Compania Națională de Investiții S.A.,RED-PEN-B-I-B-20,1497,avans,2025-09-11,actual,9135.00,CONTRACT-CADRU DE PRESTĂRI SERVICII Nr. 356/14.8.2025,INVOICED_ACCOUNTING,Da,,BT. BIT 982,ron,2025-09-11,0
Compania Națională de Investiții S.A.,RED-PEN-B-I-B-20,1497,final,2025-09-22,actual,13702.00,CONTRACT-CADRU DE PRESTĂRI SERVICII Nr. 356/14.8.2025,PAST_UNMATCHED,Da,TRACKER_SAYS_BILLED_NOT_FOUND,,,,
COMTIM ROMANIA S.R.L.,RED-PEN-B-E-B-10,1465,final,2025-04-30,actual,6580.00,330/26.2.2025,INVOICED_ACCOUNTING,Da,,BT.BIT 870,ron,2025-04-30,0
Creatopy Inc.,RED-PEN-B-E-B-5,1312,avans,2024-07-30,actual,1750.00,NR. 303/9.07.2024,INVOICED_ACCOUNTING,Da,,BT.BIT 197,valuta,2024-07-29,1
Creatopy Inc.,RED-PEN-B-E-B-5,1312,final,2024-08-20,actual,1750.00,NR. 303/9.07.2024,INVOICED_ACCOUNTING,Da,,BT.BIT 204,valuta,2024-08-27,7
CROWNGEM LIMITED,RED-PEN-S-WB-1,359,final,2017-04-07,actual,7400.00,103/07.04.2017,INVOICED_ACCOUNTING,Da,,BT.BIT 14,valuta,2017-04-07,0
CROWNGEM LIMITED,RED-C-Q-QQ-12,360,final,2017-08-02,actual,960.00,103/07.04.2017,INVOICED_ACCOUNTING,Da,,BT.BIT 15,valuta,2017-08-02,0
CROWNGEM LIMITED,RED-C-Q-QQ-12,361,final,2017-11-29,actual,1600.00,103/07.04.2017,INVOICED_ACCOUNTING,Da,,BT.BIT 17,valuta,2017-11-29,0
CROWNGEM LIMITED,RED-MISC-10,371,final,2017-12-18,actual,4100.00,103/07.04.2017,INVOICED_ACCOUNTING,Da,,BT.BIT 19,valuta,2017-12-18,0
CROWNGEM LIMITED,RED-C-Q-QQ-12,362,final,2018-03-15,actual,960.00,103/07.04.2017,INVOICED_ACCOUNTING,Da,,BT.BIT 22,valuta,2018-03-15,0
CROWNGEM LIMITED,RED-C-Q-QQ-12,366,final,2018-03-19,actual,960.00,103/07.04.2017,INVOICED_ACCOUNTING,Da,,BT.BIT 48,valuta,2019-03-19,365
CROWNGEM LIMITED,RED-C-Q-QQ-12,363,final,2018-07-24,actual,960.00,103/07.04.2017,INVOICED_ACCOUNTING,Da,,BT.BIT 30,valuta,2018-07-24,0
CROWNGEM LIMITED,RED-C-Q-QQ-12,364,final,2018-10-02,actual,960.00,103/07.04.2017,INVOICED_ACCOUNTING,Da,,BT.BIT 35,valuta,2018-10-02,0
CROWNGEM LIMITED,RED-C-Q-QQ-12,365,final,2018-12-11,actual,960.00,103/07.04.2017,INVOICED_ACCOUNTING,Da,,BT.BIT 37,valuta,2018-12-11,0
CROWNGEM LIMITED,RED-C-Q-QQ-12,367,final,2019-06-05,actual,960.00,103/07.04.2017,INVOICED_ACCOUNTING,Da,,BT.BIT 51,valuta,2019-06-05,0
CROWNGEM LIMITED,RED-C-Q-QQ-12,368,final,2019-10-07,actual,960.00,103/07.04.2017,INVOICED_ACCOUNTING,Da,,BT.BIT 55,valuta,2019-10-07,0
CROWNGEM LIMITED,RED-C-Q-QQ-12,369,final,2019-12-09,actual,960.00,103/07.04.2017,INVOICED_ACCOUNTING,Da,,BT.BIT 56,valuta,2019-12-09,0
CROWNGEM LIMITED,RED-C-Q-QQ-12,370,final,2019-12-11,actual,960.00,103/07.04.2017,INVOICED_ACCOUNTING,Da,,BT.BIT 59,valuta,2019-12-11,0
CUSTIFY SRL,RED-PEN-S-WB-1,205,avans,2021-05-17,actual,1840.00,191/17.05.2021,INVOICED_ACCOUNTING,Da,,BT.BIT 268,ron,2021-05-17,0
CUSTIFY SRL,RED-PEN-S-WB-1,206,avans,2021-05-30,actual,1840.00,223/17.05.2022,INVOICED_ACCOUNTING,Da,,BT.BIT 352,ron,2022-05-30,365
CUSTIFY SRL,RED-PEN-S-WB-1,205,final,2021-06-06,actual,2760.00,191/17.05.2021,PAST_UNMATCHED,Da,TRACKER_SAYS_BILLED_NOT_FOUND,,,,
CUSTIFY SRL,RED-PEN-S-WB-1,206,final,2022-08-03,actual,2760.00,223/17.05.2022,INVOICED_ACCOUNTING,Da,,BT.BIT 377,ron,2022-08-03,0
CUSTIFY SRL,RED-PEN-S-WB-1,207,avans,2023-08-07,actual,2024.00,223/17.05.2022,INVOICED_ACCOUNTING,Da,,BT.BIT 512,ron,2023-08-07,0
CUSTIFY SRL,RED-PEN-S-WB-1,207,final,2023-09-22,actual,3036.00,223/17.05.2022,INVOICED_ACCOUNTING,Da,,BT.BIT 536,ron,2023-09-22,0
CUSTIFY SRL,RED-PEN-S-WB-1,208,avans,2024-08-21,actual,2200.00,223/17.05.2022,INVOICED_ACCOUNTING,Da,,BT.BIT 697,ron,2024-08-21,0
CUSTIFY SRL,RED-PEN-S-WB-1,208,final,2024-09-10,actual,3300.00,223/17.05.2022,PAST_UNMATCHED,Da,TRACKER_SAYS_BILLED_NOT_FOUND,,,,
CUSTIFY SRL,RED-PEN-B-E-B-14,209,avans,2025-09-10,actual,2720.00,223/17.05.2022,INVOICED_ACCOUNTING,Da,,BT. BIT 981,ron,2025-09-10,0
CUSTIFY SRL,RED-PEN-B-E-B-14,209,final,2025-09-30,actual,4080.00,223/17.05.2022,PAST_UNMATCHED,Da,TRACKER_SAYS_BILLED_NOT_FOUND,,,,
DIGITAL ECONOMY DEVELOPMENT SRL,RED-C-M-YY-12,372,final,2021-12-14,actual,3840.00,207/14.12.2021,INVOICED_ACCOUNTING,Da,,BT.BIT 314,ron,2021-12-14,0
DIGITAL ECONOMY DEVELOPMENT SRL,RED-C-M-YY-12,373,final,2022-12-09,actual,1280.00,207/14.12.2021,INVOICED_ACCOUNTING,Da,,421,ron,2022-12-09,0
DIGITAL ECONOMY DEVELOPMENT SRL,RED-C-M-YY-12,374,final,2023-12-10,actual,1280.00,207/14.12.2021,INVOICED_ACCOUNTING,Da,,BT.BIT 578,ron,2023-12-11,1
Digital Sale S.R.L.,RED-VA-I-B-25,84,final,2022-05-12,actual,750.00,211/02.02.2022,INVOICED_ACCOUNTING,Da,,BT.BIT 348,ron,2022-05-12,0
Digitize Tech S.R.L.,BLUE-MDR-C-10,1502,final,2025-09-29,actual,1700.00,Contract de furnizare servicii DT25090101/1.9.2025,INVOICED_ACCOUNTING,Da,,BT. BIT 986,ron,2025-09-29,0
Digitize Tech S.R.L.,RED-VA-I-B-100,1526,final,2025-09-29,actual,800.00,Contract de furnizare servicii DT25090101/1.9.2025,INVOICED_ACCOUNTING,Da,,BT. BIT 987,ron,2025-09-29,0
Digitize Tech S.R.L.,BLUE-MDR-C-10,1503,final,2025-11-26,actual,1700.00,Contract de furnizare servicii DT25090101/1.9.2025,INVOICED_ACCOUNTING,Da,,BT.R.BIT 82,ron,2025-11-26,0
Digitize Tech S.R.L.,RED-VA-I-B-100,1527,final,2025-11-26,actual,800.00,Contract de furnizare servicii DT25090101/1.9.2025,PAST_UNMATCHED,Da,TRACKER_SAYS_BILLED_NOT_FOUND,,,,
Digitize Tech S.R.L.,BLUE-MDR-C-10,1504,final,2025-12-23,actual,1700.00,Contract de furnizare servicii DT25090101/1.9.2025,INVOICED_ACCOUNTING,Da,,BT.R.BIT 109,ron,2025-12-23,0
Digitize Tech S.R.L.,RED-VA-I-B-100,1528,final,2025-12-23,actual,800.00,Contract de furnizare servicii DT25090101/1.9.2025,PAST_UNMATCHED,Da,TRACKER_SAYS_BILLED_NOT_FOUND,,,,
Digitize Tech S.R.L.,BLUE-MDR-C-10,1505,final,2026-01-20,actual,1700.00,Contract de furnizare servicii DT25090101/1.9.2025,INVOICED_ACCOUNTING,Da,,BT.R.BIT 136,ron,2026-01-20,0
Digitize Tech S.R.L.,RED-VA-I-B-100,1529,final,2026-01-20,actual,800.00,Contract de furnizare servicii DT25090101/1.9.2025,PAST_UNMATCHED,Da,TRACKER_SAYS_BILLED_NOT_FOUND,,,,
Digitize Tech S.R.L.,BLUE-MDR-C-10,1506,final,2026-02-13,actual,1700.00,Contract de furnizare servicii DT25090101/1.9.2025,INVOICED_ACCOUNTING,Da,,BT.R.BIT 164,ron,2026-02-13,0
Digitize Tech S.R.L.,RED-VA-I-B-100,1530,final,2026-02-13,actual,800.00,Contract de furnizare servicii DT25090101/1.9.2025,PAST_UNMATCHED,Da,TRACKER_SAYS_BILLED_NOT_FOUND,,,,
Digitize Tech S.R.L.,BLUE-MDR-C-10,1507,final,2026-03-20,actual,1700.00,Contract de furnizare servicii DT25090101/1.9.2025,INVOICED_ACCOUNTING,Da,,BT.R.BIT 167,ron,2026-03-20,0
Digitize Tech S.R.L.,RED-VA-I-B-100,1531,final,2026-03-20,actual,800.00,Contract de furnizare servicii DT25090101/1.9.2025,PAST_UNMATCHED,Da,TRACKER_SAYS_BILLED_NOT_FOUND,,,,
Digitize Tech S.R.L.,BLUE-MDR-C-10,1508,final,2026-04-29,actual,1700.00,Contract de furnizare servicii DT25090101/1.9.2025,INVOICED_ACCOUNTING,Da,,BT.R.BIT 196,ron,2026-04-29,0
Digitize Tech S.R.L.,RED-VA-I-B-100,1532,final,2026-04-29,actual,800.00,Contract de furnizare servicii DT25090101/1.9.2025,PAST_UNMATCHED,Da,TRACKER_SAYS_BILLED_NOT_FOUND,,,,
Digitize Tech S.R.L.,BLUE-MDR-C-10,1509,final,2026-05-25,actual,1700.00,Contract de furnizare servicii DT25090101/1.9.2025,INVOICED_ACCOUNTING,Da,,BT.R.BIT 225,ron,2026-05-25,0
Digitize Tech S.R.L.,RED-VA-I-B-100,1533,final,2026-05-25,actual,800.00,Contract de furnizare servicii DT25090101/1.9.2025,PAST_UNMATCHED,Da,TRACKER_SAYS_BILLED_NOT_FOUND,,,,
Digitize Tech S.R.L.,BLUE-MDR-C-10,1510,final,2026-06-19,actual,1700.00,Contract de furnizare servicii DT25090101/1.9.2025,INVOICED_ACCOUNTING,Da,,BT.R.BIT 254,ron,2026-06-17,2
Digitize Tech S.R.L.,RED-VA-I-B-100,1534,final,2026-06-19,actual,800.00,Contract de furnizare servicii DT25090101/1.9.2025,PAST_UNMATCHED,Da,TRACKER_SAYS_BILLED_NOT_FOUND,,,,
Digitize Tech S.R.L.,BLUE-MDR-C-10,1511,final,2026-07-05,estimated,1700.00,Contract de furnizare servicii DT25090101/1.9.2025,INVOICED_ACCOUNTING,Nu,TRACKER_FLAG_STALE_NOT_BILLED,BT.R.BIT 283,ron,2026-07-18,13
Digitize Tech S.R.L.,RED-VA-I-B-100,1535,final,2026-07-05,estimated,800.00,Contract de furnizare servicii DT25090101/1.9.2025,PAST_UNMATCHED,Nu,,,,,
Digitize Tech S.R.L.,BLUE-MDR-C-10,1512,final,2026-08-05,estimated,1700.00,Contract de furnizare servicii DT25090101/1.9.2025,UPCOMING,Nu,,,,,
Digitize Tech S.R.L.,RED-VA-I-B-100,1536,final,2026-08-05,estimated,800.00,Contract de furnizare servicii DT25090101/1.9.2025,UPCOMING,Nu,,,,,
Digitize Tech S.R.L.,BLUE-MDR-C-10,1513,final,2026-09-05,estimated,1700.00,Contract de furnizare servicii DT25090101/1.9.2025,UPCOMING,Nu,,,,,
Digitize Tech S.R.L.,RED-VA-I-B-100,1537,final,2026-09-05,estimated,800.00,Contract de furnizare servicii DT25090101/1.9.2025,UPCOMING,Nu,,,,,
Digitize Tech S.R.L.,BLUE-MDR-C-10,1514,final,2026-10-05,estimated,1700.00,Contract de furnizare servicii DT25090101/1.9.2025,UPCOMING,Nu,,,,,
Digitize Tech S.R.L.,RED-VA-I-B-100,1538,final,2026-10-05,estimated,800.00,Contract de furnizare servicii DT25090101/1.9.2025,UPCOMING,Nu,,,,,
Digitize Tech S.R.L.,BLUE-MDR-C-10,1515,final,2026-11-05,estimated,1700.00,Contract de furnizare servicii DT25090101/1.9.2025,UPCOMING,Nu,,,,,
Digitize Tech S.R.L.,RED-VA-I-B-100,1539,final,2026-11-05,estimated,800.00,Contract de furnizare servicii DT25090101/1.9.2025,UPCOMING,Nu,,,,,
Digitize Tech S.R.L.,BLUE-MDR-C-10,1516,final,2026-12-05,estimated,1700.00,Contract de furnizare servicii DT25090101/1.9.2025,UPCOMING,Nu,,,,,
Digitize Tech S.R.L.,RED-VA-I-B-100,1540,final,2026-12-05,estimated,800.00,Contract de furnizare servicii DT25090101/1.9.2025,UPCOMING,Nu,,,,,
Digitize Tech S.R.L.,BLUE-MDR-C-10,1517,final,2027-01-05,estimated,1700.00,Contract de furnizare servicii DT25090101/1.9.2025,UPCOMING,Nu,,,,,
Digitize Tech S.R.L.,RED-VA-I-B-100,1541,final,2027-01-05,estimated,800.00,Contract de furnizare servicii DT25090101/1.9.2025,UPCOMING,Nu,,,,,
Digitize Tech S.R.L.,BLUE-MDR-C-10,1518,final,2027-02-05,estimated,1700.00,Contract de furnizare servicii DT25090101/1.9.2025,UPCOMING,Nu,,,,,
Digitize Tech S.R.L.,RED-VA-I-B-100,1542,final,2027-02-05,estimated,800.00,Contract de furnizare servicii DT25090101/1.9.2025,UPCOMING,Nu,,,,,
Digitize Tech S.R.L.,BLUE-MDR-C-10,1519,final,2027-03-05,estimated,1700.00,Contract de furnizare servicii DT25090101/1.9.2025,UPCOMING,Nu,,,,,
Digitize Tech S.R.L.,RED-VA-I-B-100,1543,final,2027-03-05,estimated,800.00,Contract de furnizare servicii DT25090101/1.9.2025,UPCOMING,Nu,,,,,
Digitize Tech S.R.L.,BLUE-MDR-C-10,1520,final,2027-04-05,estimated,1700.00,Contract de furnizare servicii DT25090101/1.9.2025,UPCOMING,Nu,,,,,
Digitize Tech S.R.L.,RED-VA-I-B-100,1544,final,2027-04-05,estimated,800.00,Contract de furnizare servicii DT25090101/1.9.2025,UPCOMING,Nu,,,,,
Digitize Tech S.R.L.,BLUE-MDR-C-10,1521,final,2027-05-05,estimated,1700.00,Contract de furnizare servicii DT25090101/1.9.2025,UPCOMING,Nu,,,,,
Digitize Tech S.R.L.,RED-VA-I-B-100,1545,final,2027-05-05,estimated,800.00,Contract de furnizare servicii DT25090101/1.9.2025,UPCOMING,Nu,,,,,
Digitize Tech S.R.L.,BLUE-MDR-C-10,1522,final,2027-06-05,estimated,1700.00,Contract de furnizare servicii DT25090101/1.9.2025,UPCOMING,Nu,,,,,
Digitize Tech S.R.L.,RED-VA-I-B-100,1546,final,2027-06-05,estimated,800.00,Contract de furnizare servicii DT25090101/1.9.2025,UPCOMING,Nu,,,,,
Digitize Tech S.R.L.,BLUE-MDR-C-10,1523,final,2027-07-05,estimated,1700.00,Contract de furnizare servicii DT25090101/1.9.2025,UPCOMING,Nu,,,,,
Digitize Tech S.R.L.,RED-VA-I-B-100,1547,final,2027-07-05,estimated,800.00,Contract de furnizare servicii DT25090101/1.9.2025,UPCOMING,Nu,,,,,
Digitize Tech S.R.L.,BLUE-MDR-C-10,1524,final,2027-08-05,estimated,1700.00,Contract de furnizare servicii DT25090101/1.9.2025,UPCOMING,Nu,,,,,
Digitize Tech S.R.L.,RED-VA-I-B-100,1548,final,2027-08-05,estimated,800.00,Contract de furnizare servicii DT25090101/1.9.2025,UPCOMING,Nu,,,,,
Digitize Tech S.R.L.,BLUE-MDR-C-10,1525,final,2027-09-05,estimated,1700.00,Contract de furnizare servicii DT25090101/1.9.2025,UPCOMING,Nu,,,,,
Digitize Tech S.R.L.,RED-VA-I-B-100,1549,final,2027-09-05,estimated,800.00,Contract de furnizare servicii DT25090101/1.9.2025,UPCOMING,Nu,,,,,
Directoratul Național de Securitate Cibernetică (DNSC),RED-MISC-<30>,1588,final,2026-06-12,estimated,15952.88,Nr. AP520 din data 27.04.2026,INVOICED_ACCOUNTING,Nu,TRACKER_FLAG_STALE_NOT_BILLED,BT.BIT 1079,ron,2026-06-22,10
DISTRIBUTIE ENERGIE OLTENIA SA,RED-NIS-C-PEN-100,106,final,2022-12-16,actual,3000.00,60.1.DJ. 223281.0-0 din data de 19.08.2022,INVOICED_ACCOUNTING,Da,,430,ron,2022-12-16,0
DISTRIBUTIE ENERGIE OLTENIA SA,RED-NIS-C-AUDIT-100,107,final,2022-12-16,actual,3000.00,60.1.DJ. 223281.0-0 din data de 19.08.2022,PAST_UNMATCHED,Da,TRACKER_SAYS_BILLED_NOT_FOUND,,,,
DISTRIBUTIE ENERGIE OLTENIA SA,RED-NIS-C-PEN-100,108,final,2024-12-18,actual,2299.00,Nr. 60.1.DJ.244627.0-0 din data de 11.09.2024,INVOICED_ACCOUNTING,Da,,BT.BIT 780,ron,2024-12-18,0
DISTRIBUTIE ENERGIE OLTENIA SA,RED-NIS-C-AUDIT-100,109,final,2024-12-18,actual,2200.00,Nr. 60.1.DJ.244627.0-0 din data de 11.09.2024,PAST_UNMATCHED,Da,TRACKER_SAYS_BILLED_NOT_FOUND,,,,
Societatea DONA. CARGO S.A,RED-NIS-C-PEN-300,793,avans,2023-05-17,actual,0.00,264/04.05.2023,PAST_UNMATCHED,Da,TRACKER_SAYS_BILLED_NOT_FOUND,,,,
Societatea DONA. CARGO S.A,RED-NIS-C-AUDIT-300,794,avans,2023-05-17,actual,2733.00,264/04.05.2023,INVOICED_ACCOUNTING,Da,,BT.BIT 481,ron,2023-05-17,0
Societatea DONA. CARGO S.A,RED-NIS-C-PEN-300,793,final,2023-08-28,actual,3500.00,264/04.05.2023,INVOICED_ACCOUNTING,Da,,BT.BIT 520,ron,2023-08-28,0
Societatea DONA. CARGO S.A,RED-NIS-C-AUDIT-300,794,final,2023-08-28,actual,4100.00,264/04.05.2023,INVOICED_ACCOUNTING,Da,,BT.BIT 510,ron,2023-07-20,39
Societatea DONA. LOGISTICA S.A,RED-NIS-C-PEN-300,795,avans,2023-05-17,actual,0.00,264/04.05.2023,INVOICED_ACCOUNTING,Da,,BT.BIT 482,ron,2023-05-17,0
Societatea DONA. LOGISTICA S.A,RED-NIS-C-AUDIT-300,796,avans,2023-05-17,actual,2733.00,264/04.05.2023,INVOICED_ACCOUNTING,Da,,BT.BIT 511,ron,2023-07-20,64
Societatea DONA. LOGISTICA S.A,RED-NIS-C-PEN-300,795,final,2023-08-28,actual,3500.00,264/04.05.2023,INVOICED_ACCOUNTING,Da,,BT.BIT 521,ron,2023-08-28,0
Societatea DONA. LOGISTICA S.A,RED-NIS-C-AUDIT-300,796,final,2023-08-28,actual,4100.00,264/04.05.2023,PAST_UNMATCHED,Da,TRACKER_SAYS_BILLED_NOT_FOUND,,,,
Societatea DONA. LOGISTICA S.A,BLUE-MDR-C-725,797,final,2024-10-30,actual,4782.00,296/6.8.2024,INVOICED_ACCOUNTING,Da,,BT.BIT 732,ron,2024-10-30,0
Societatea DONA. LOGISTICA S.A,BLUE-MDR-C-725,798,final,2024-11-05,actual,4782.00,296/6.8.2024,INVOICED_ACCOUNTING,Da,,BT.BIT 736,ron,2024-11-02,3
Societatea DONA. LOGISTICA S.A,BLUE-MDR-C-725,799,final,2024-12-05,actual,4782.00,296/6.8.2024,INVOICED_ACCOUNTING,Da,,BT.BIT 758,ron,2024-12-03,2
Societatea DONA. LOGISTICA S.A,BLUE-MDR-C-725,800,final,2025-01-05,actual,4782.00,296/6.8.2024,INVOICED_ACCOUNTING,Da,,BT.BIT 788,ron,2025-01-15,10
Societatea DONA. LOGISTICA S.A,BLUE-MDR-C-725,801,final,2025-02-05,actual,4782.00,296/6.8.2024,INVOICED_ACCOUNTING,Da,,BT.BIT 809,ron,2025-02-03,2
Societatea DONA. LOGISTICA S.A,BLUE-MDR-C-725,802,final,2025-03-05,actual,4782.00,296/6.8.2024,INVOICED_ACCOUNTING,Da,,BT.BIT 826,ron,2025-03-06,1
Societatea DONA. LOGISTICA S.A,BLUE-MDR-C-725,803,final,2025-04-05,actual,4782.00,296/6.8.2024,INVOICED_ACCOUNTING,Da,,BT.BIT 849,ron,2025-04-02,3
Societatea DONA. LOGISTICA S.A,BLUE-MDR-C-725,804,final,2025-05-05,actual,4782.00,296/6.8.2024,INVOICED_ACCOUNTING,Da,,BT.BIT 878,ron,2025-05-13,8
Societatea DONA. LOGISTICA S.A,BLUE-MDR-C-725,805,final,2025-06-16,actual,4782.00,296/6.8.2024,INVOICED_ACCOUNTING,Da,,BT.BIT 903,ron,2025-06-16,0
Societatea DONA. LOGISTICA S.A,BLUE-MDR-C-725,806,final,2025-07-10,actual,4782.00,296/6.8.2024,INVOICED_ACCOUNTING,Da,,BT.BIT 927,ron,2025-07-02,8
Societatea DONA. LOGISTICA S.A,BLUE-MDR-C-725,807,final,2025-08-04,actual,4782.00,296/6.8.2024,INVOICED_ACCOUNTING,Da,,BT.BIT 955,ron,2025-08-04,0
Societatea DONA. LOGISTICA S.A,BLUE-MDR-C-725,808,final,2025-09-05,actual,4782.00,296/6.8.2024,INVOICED_ACCOUNTING,Da,,BT.R.BIT 4,ron,2025-09-02,3
Societatea DONA. LOGISTICA S.A,BLUE-MDR-C-725,809,final,2025-10-20,actual,4399.00,ACT ADITIONAL NR. 2 DIN 3.9.2025 la contractul Nr. 296/6.08.2024,INVOICED_ACCOUNTING,Da,,BT.R.BIT 31,ron,2025-10-20,0
Societatea DONA. LOGISTICA S.A,BLUE-MDR-C-725,810,final,2025-11-26,actual,4399.00,ACT ADITIONAL NR. 2 DIN 3.9.2025 la contractul Nr. 296/6.08.2024,INVOICED_ACCOUNTING,Da,,BT.R.BIT 85,ron,2025-11-26,0
Societatea DONA. LOGISTICA S.A,BLUE-MDR-C-725,811,final,2025-12-23,actual,4399.00,ACT ADITIONAL NR. 2 DIN 3.9.2025 la contractul Nr. 296/6.08.2024,INVOICED_ACCOUNTING,Da,,BT.R.BIT 87,ron,2025-12-23,0
Societatea DONA. LOGISTICA S.A,BLUE-MDR-C-725,812,final,2026-01-20,actual,4399.00,ACT ADITIONAL NR. 2 DIN 3.9.2025 la contractul Nr. 296/6.08.2024,INVOICED_ACCOUNTING,Da,,BT.R.BIT 113,ron,2026-01-20,0
Societatea DONA. LOGISTICA S.A,BLUE-MDR-C-725,814,final,2026-02-03,actual,4399.00,ACT ADITIONAL NR. 2 DIN 3.9.2025 la contractul Nr. 296/6.08.2024,INVOICED_ACCOUNTING,Da,,BT.R.BIT 141,ron,2026-02-13,10
Societatea DONA. LOGISTICA S.A,BLUE-MDR-C-725,813,final,2026-02-13,actual,4399.00,ACT ADITIONAL NR. 2 DIN 3.9.2025 la contractul Nr. 296/6.08.2024,INVOICED_ACCOUNTING,Da,,BT.R.BIT 140,ron,2026-02-13,0
Societatea DONA. LOGISTICA S.A,BLUE-MDR-C-725,815,final,2026-04-29,actual,4399.00,ACT ADITIONAL NR. 2 DIN 3.9.2025 la contractul Nr. 296/6.08.2024,INVOICED_ACCOUNTING,Da,,BT.R.BIT 199,ron,2026-04-29,0
Societatea DONA. LOGISTICA S.A,BLUE-MDR-C-725,816,final,2026-05-25,actual,4399.00,ACT ADITIONAL NR. 2 DIN 3.9.2025 la contractul Nr. 296/6.08.2024,INVOICED_ACCOUNTING,Da,,BT.R.BIT 228,ron,2026-05-25,0
Societatea DONA. LOGISTICA S.A,BLUE-MDR-C-725,817,final,2026-06-19,actual,4399.00,ACT ADITIONAL NR. 2 DIN 3.9.2025 la contractul Nr. 296/6.08.2024,INVOICED_ACCOUNTING,Da,,BT.R.BIT 257,ron,2026-06-17,2
Societatea DONA. LOGISTICA S.A,BLUE-MDR-C-725,818,final,2026-07-05,estimated,4399.00,ACT ADITIONAL NR. 2 DIN 3.9.2025 la contractul Nr. 296/6.08.2024,INVOICED_ACCOUNTING,Nu,TRACKER_FLAG_STALE_NOT_BILLED,BT.R.BIT 286,ron,2026-07-18,13
Societatea DONA. LOGISTICA S.A,BLUE-MDR-C-725,819,final,2026-08-05,estimated,4399.00,ACT ADITIONAL NR. 2 DIN 3.9.2025 la contractul Nr. 296/6.08.2024,INVOICED_ACCOUNTING,Nu,TRACKER_FLAG_STALE_NOT_BILLED,BT.R.BIT 287,ron,2026-07-18,18
Societatea DONA. LOGISTICA S.A,BLUE-MDR-C-725,820,final,2026-09-05,estimated,4399.00,ACT ADITIONAL NR. 2 DIN 3.9.2025 la contractul Nr. 296/6.08.2024,INVOICED_ACCOUNTING,Nu,TRACKER_FLAG_STALE_NOT_BILLED,BT.R.BIT 258,ron,2026-06-17,80
Societatea DONA. LOGISTICA S.A,BLUE-MDR-C-725,821,final,2026-10-05,estimated,4399.00,ACT ADITIONAL NR. 2 DIN 3.9.2025 la contractul Nr. 296/6.08.2024,INVOICED_ACCOUNTING,Nu,TRACKER_FLAG_STALE_NOT_BILLED,BT.R.BIT 229,ron,2026-05-25,133
Societatea DONA. LOGISTICA S.A,BLUE-MDR-C-725,822,final,2026-11-05,estimated,4399.00,ACT ADITIONAL NR. 2 DIN 3.9.2025 la contractul Nr. 296/6.08.2024,INVOICED_ACCOUNTING,Nu,TRACKER_FLAG_STALE_NOT_BILLED,BT.R.BIT 200,ron,2026-04-29,190
Societatea DONA. LOGISTICA S.A,BLUE-MDR-C-725,823,final,2026-12-05,estimated,4399.00,ACT ADITIONAL NR. 2 DIN 3.9.2025 la contractul Nr. 296/6.08.2024,INVOICED_ACCOUNTING,Nu,TRACKER_FLAG_STALE_NOT_BILLED,BT.R.BIT 170,ron,2026-03-20,260
Societatea DONA. LOGISTICA S.A,BLUE-MDR-C-725,824,final,2027-01-05,estimated,4399.00,ACT ADITIONAL NR. 2 DIN 3.9.2025 la contractul Nr. 296/6.08.2024,INVOICED_ACCOUNTING,Nu,TRACKER_FLAG_STALE_NOT_BILLED,BT.R.BIT 171,ron,2026-03-20,291
Societatea DONA. LOGISTICA S.A,BLUE-MDR-C-725,825,final,2027-02-05,estimated,4399.00,ACT ADITIONAL NR. 2 DIN 3.9.2025 la contractul Nr. 296/6.08.2024,INVOICED_ACCOUNTING,Nu,TRACKER_FLAG_STALE_NOT_BILLED,BT.R.BIT 114,ron,2026-01-20,381
Societatea DONA. LOGISTICA S.A,BLUE-MDR-C-725,826,final,2027-03-05,estimated,4399.00,ACT ADITIONAL NR. 2 DIN 3.9.2025 la contractul Nr. 296/6.08.2024,INVOICED_ACCOUNTING,Nu,TRACKER_FLAG_STALE_NOT_BILLED,BT.R.BIT_ 86,ron,2025-12-23,437
Societatea DONA. LOGISTICA S.A,BLUE-MDR-C-725,827,final,2027-04-05,estimated,4399.00,ACT ADITIONAL NR. 2 DIN 3.9.2025 la contractul Nr. 296/6.08.2024,INVOICED_ACCOUNTING,Nu,TRACKER_FLAG_STALE_NOT_BILLED,BT.R.BIT 86,ron,2025-11-26,495
Societatea DONA. LOGISTICA S.A,BLUE-MDR-C-725,828,final,2027-05-05,estimated,4399.00,ACT ADITIONAL NR. 2 DIN 3.9.2025 la contractul Nr. 296/6.08.2024,INVOICED_ACCOUNTING,Nu,TRACKER_FLAG_STALE_NOT_BILLED,BT.R.BIT 32,ron,2025-10-20,562
Societatea DONA. LOGISTICA S.A,BLUE-MDR-C-725,829,final,2027-06-05,estimated,4399.00,ACT ADITIONAL NR. 2 DIN 3.9.2025 la contractul Nr. 296/6.08.2024,INVOICED_ACCOUNTING,Nu,TRACKER_FLAG_STALE_NOT_BILLED,BT.R.BIT 5,ron,2025-09-02,641
Societatea DONA. LOGISTICA S.A,BLUE-MDR-C-725,830,final,2027-07-05,estimated,4399.00,ACT ADITIONAL NR. 2 DIN 3.9.2025 la contractul Nr. 296/6.08.2024,INVOICED_ACCOUNTING,Nu,TRACKER_FLAG_STALE_NOT_BILLED,BT.BIT 956,ron,2025-08-04,700
Societatea DONA. LOGISTICA S.A,BLUE-MDR-C-725,831,final,2027-08-05,estimated,4399.00,ACT ADITIONAL NR. 2 DIN 3.9.2025 la contractul Nr. 296/6.08.2024,INVOICED_ACCOUNTING,Nu,TRACKER_FLAG_STALE_NOT_BILLED,BT.BIT 928,ron,2025-07-02,764
Societatea DONA. LOGISTICA S.A,BLUE-MDR-C-725,832,final,2027-09-05,estimated,4399.00,ACT ADITIONAL NR. 2 DIN 3.9.2025 la contractul Nr. 296/6.08.2024,INVOICED_ACCOUNTING,Nu,TRACKER_FLAG_STALE_NOT_BILLED,BT.BIT 904,ron,2025-06-16,811
ECHINOX EVALUARI SRL,RED-VA-I-P-10,779,avans,2022-01-25,actual,1500.00,209/17.01.2022,INVOICED_ACCOUNTING,N/A,TRACKER_FLAG_STALE_NOT_BILLED,BT.BIT 319,ron,2022-01-25,0
ECHINOX EVALUARI SRL,RED-VA-I-P-10,779,final,2022-01-25,actual,0.00,209/17.01.2022,PAST_UNMATCHED,Da,TRACKER_SAYS_BILLED_NOT_FOUND,,,,
ECHINOX EVALUARI SRL,RED-VA-I-P-10,778,avans,2023-03-20,actual,1500.00,209/17.01.2022,INVOICED_ACCOUNTING,N/A,TRACKER_FLAG_STALE_NOT_BILLED,BT.BIT 461,ron,2023-03-20,0
ECHINOX EVALUARI SRL,RED-VA-I-P-10,778,final,2023-03-20,actual,0.00,209/17.01.2022,PAST_UNMATCHED,Da,TRACKER_SAYS_BILLED_NOT_FOUND,,,,
EDPR Romania SRL,CONSULTANCY-MISC-7,1555,final,2026-03-06,actual,5900.00,CONTRACT-CADRU DE PRESTARI SERVICII NR. 374/8.12.2025,INVOICED_ACCOUNTING,Da,,BT.BIT 1038,ron,2026-03-06,0
Electro-Alfa International SRL,RED-PEN-RED-ST-30,1467,avans,2025-04-28,actual,7800.00,339/8.4.2025,INVOICED_ACCOUNTING,Da,,BT.BIT 869,ron,2025-04-28,0
Electro-Alfa International SRL,RED-PEN-RED-ST-30,1467,final,2025-06-16,actual,11700.00,339/8.4.2025,INVOICED_ACCOUNTING,Da,,BT.BIT 1006,ron,2025-12-10,177
Electro-Alfa International SRL,PHISH-P-L-YY-F-<400>-<12>,1469,final,2025-12-10,actual,5000.00,Comanda 1 21.11.2025,INVOICED_ACCOUNTING,Da,,BT.BIT 1004,ron,2025-12-10,0
Electro-Alfa International SRL,RED-PEN-B-I-B-8,1468,avans,2026-03-16,actual,2600.00,339/8.4.2025,INVOICED_ACCOUNTING,Da,,BT.BIT 1041,ron,2026-03-17,1
Electro-Alfa International SRL,RED-PEN-B-I-B-8,1468,final,2026-03-30,actual,2600.00,339/8.4.2025,INVOICED_ACCOUNTING,Da,,BT.BIT 1050,ron,2026-03-30,0
SC ELGEKA - FERFELIS ROMANIA SA,RED-PEN-B-I-BP-150,627,avans,2022-11-08,actual,7920.00,233/28.10.2022,INVOICED_ACCOUNTING,Da,,413,ron,2022-11-08,0
SC ELGEKA - FERFELIS ROMANIA SA,RED-PEN-B-I-BP-150,627,final,2023-12-07,actual,1980.00,233/28.10.2022,INVOICED_ACCOUNTING,Da,,BT.BIT 564,ron,2023-12-06,1
ELIT S.R.L.,RED-PEN-B-E-B-16,1466,final,2025-07-07,actual,9170.00,331/26.2.2025 (1215),INVOICED_ACCOUNTING,Da,,BT.BIT 946,ron,2025-07-07,0
ERNST & YOUNG SUPPORT SERVICES SRL,CYBEREDU-UNR,175,avans,2022-03-06,actual,7000.00,213/03/03/2022,INVOICED_ACCOUNTING,Da,,BT.BIT 331,ron,2022-03-06,0
ERNST & YOUNG SUPPORT SERVICES SRL,CYBEREDU-UNR,175,final,2022-05-10,actual,950.00,213/03/03/2022,INVOICED_ACCOUNTING,Da,,BT.BIT 347,ron,2022-05-10,0
EUROPEAN DIGITAL EXCHANGE S.A.,RED-PEN-B-I-B-500,111,final,2022-12-30,actual,5500.00,21/ 01.09.2022,INVOICED_ACCOUNTING,Da,,443,ron,2022-12-30,0
EUROPEAN DIGITAL EXCHANGE S.A.,RED-AUDIT-A-9,112,final,2022-12-30,actual,8500.00,21/ 01.09.2022,PAST_UNMATCHED,Da,TRACKER_SAYS_BILLED_NOT_FOUND,,,,
EUROPEAN UNION AGENCY FOR NETWORK AND INFORMATION SECURITY,CYBEREDU-RUN-EX-1,187,final,2019-07-12,actual,11400.00,ENISA/2019/137,INVOICED_ACCOUNTING,Da,,BT.BIT 53,valuta,2019-07-12,0
EUROPEAN UNION AGENCY FOR NETWORK AND INFORMATION SECURITY,CYBEREDU-DEV-EX-10,188,final,2021-10-25,actual,14400.00,ENISA/2021/186,PAST_UNMATCHED,Da,TRACKER_SAYS_BILLED_NOT_FOUND,,,,
EUROPEAN UNION AGENCY FOR NETWORK AND INFORMATION SECURITY,CYBEREDU-DEV-EX-10,189,final,2022-06-20,actual,14400.00,ENISA/2022/165,PAST_UNMATCHED,Da,TRACKER_SAYS_BILLED_NOT_FOUND,,,,
EUROPEAN UNION AGENCY FOR NETWORK AND INFORMATION SECURITY,CYBEREDU-MISC,878,final,2023-10-30,actual,8999.00,2023/275,PAST_UNMATCHED,Da,TRACKER_SAYS_BILLED_NOT_FOUND,,,,
EUROPEAN UNION AGENCY FOR NETWORK AND INFORMATION SECURITY,BLUE-IR-OC-6,190,final,2025-09-16,actual,11082.00,"SUBCONTRACTING AGREEMENT no. 45/B77A/25075.02 dated 27.05.2025  Contractor signing SC No. 1 M-OSU-25-C91_RO to the Framework Service Contract ref: ENISA/2024/OP/0005 LOT 23, INT REF NUMBER: ENISA F-OCU-24-C10 LOT 23 with the Contracting Authority, The European Union Agency for Cybersecurity (ENISA), for Supporting ENISA in the provision of Incident Response Services in Romania",PAST_UNMATCHED,Da,TRACKER_SAYS_BILLED_NOT_FOUND,,,,
EUROPEAN UNION AGENCY FOR NETWORK AND INFORMATION SECURITY,CYBEREDU-RUN-EX-19,191,final,2025-11-03,actual,31753.00,,PAST_UNMATCHED,Da,TRACKER_SAYS_BILLED_NOT_FOUND,,,,
EUROPEAN UNION AGENCY FOR NETWORK AND INFORMATION SECURITY,CYBEREDU-MISC,192,final,2025-12-23,actual,9318.00,,PAST_UNMATCHED,Da,TRACKER_SAYS_BILLED_NOT_FOUND,,,,
EUROPEAN UNION AGENCY FOR NETWORK AND INFORMATION SECURITY,CYBEREDU-MISC,193,final,2026-01-30,actual,37872.00,,PAST_UNMATCHED,Da,TRACKER_SAYS_BILLED_NOT_FOUND,,,,
EUROPEUM,RED-PEN-S-B-<8>,1582,avans,2026-03-27,actual,2950.00,FRAMEWORK SERVICE AGREEMENT NO. 394/11.3.2026,INVOICED_ACCOUNTING,Da,,BT.BIT 195,valuta,2026-03-27,0
EUROPEUM,RED-PEN-S-B-<8>,1582,final,2026-04-14,actual,2950.00,FRAMEWORK SERVICE AGREEMENT NO. 394/11.3.2026,INVOICED_ACCOUNTING,Da,,BT.BIT 198,valuta,2026-04-14,0
EWIND S.R.L.,RED-NIS-C-PEN-100,846,avans,2023-03-02,actual,3600.00,255/25.01.2023,PAST_UNMATCHED,Da,TRACKER_SAYS_BILLED_NOT_FOUND,,,,
EWIND S.R.L.,RED-NIS-C-AUDIT-100,847,avans,2023-03-02,actual,3000.00,255/25.01.2023,INVOICED_ACCOUNTING,Da,,BT.BIT 454,ron,2023-03-02,0
EWIND S.R.L.,RED-NIS-C-PEN-100,846,final,2023-06-30,actual,5400.00,255/25.01.2023,PAST_UNMATCHED,Da,TRACKER_SAYS_BILLED_NOT_FOUND,,,,
EWIND S.R.L.,RED-NIS-C-AUDIT-100,847,final,2023-06-30,actual,4500.00,255/25.01.2023,PAST_UNMATCHED,Da,TRACKER_SAYS_BILLED_NOT_FOUND,,,,
FARMACEUTICA ARGESFARM SA,RED-NIS-C-PEN-100,835,avans,2023-05-12,actual,2210.00,235/20.04.2023,INVOICED_ACCOUNTING,Da,,BT.BIT 477,ron,2023-05-12,0
FARMACEUTICA ARGESFARM SA,RED-NIS-C-AUDIT-100,836,avans,2023-05-12,actual,1190.00,235/20.04.2023,PAST_UNMATCHED,Da,TRACKER_SAYS_BILLED_NOT_FOUND,,,,
FARMACEUTICA ARGESFARM SA,RED-NIS-C-PEN-100,835,final,2023-08-31,actual,3315.00,235/20.04.2023,INVOICED_ACCOUNTING,Da,,BT.BIT 523,ron,2023-08-31,0
FARMACEUTICA ARGESFARM SA,RED-NIS-C-AUDIT-100,836,final,2023-08-31,actual,1785.00,235/20.04.2023,INVOICED_ACCOUNTING,Da,,BT.BIT 505,ron,2023-07-10,52
Farmec S.A.,RED-PEN-B-E-B-5,932,avans,2024-01-18,actual,2730.00,contract cadru cu diverse servicii de securitate 283/22.01.2024,INVOICED_ACCOUNTING,Da,,BT.BIT 591,ron,2024-01-18,0
Farmec S.A.,RED-PEN-B-E-B-5,932,final,2024-01-31,actual,4095.00,contract cadru cu diverse servicii de securitate 283/22.01.2024,PAST_UNMATCHED,Da,TRACKER_SAYS_BILLED_NOT_FOUND,,,,
Farmec S.A.,BLUE-IR-5,941,avans,2024-02-21,actual,2500.00,contract cadru cu diverse servicii de securitate 283/22.01.2024,INVOICED_ACCOUNTING,Da,,BT.BIT 607,ron,2024-02-20,1
Farmec S.A.,CONSULTANCY-MISC-8,933,final,2024-03-01,actual,650.00,contract cadru cu diverse servicii de securitate 283/22.01.2024,INVOICED_ACCOUNTING,Da,,BT.BIT 609,ron,2024-03-01,0
Farmec S.A.,BLUE-IR-5,941,final,2024-03-01,actual,2500.00,contract cadru cu diverse servicii de securitate 283/22.01.2024,PAST_UNMATCHED,Da,TRACKER_SAYS_BILLED_NOT_FOUND,,,,
Farmec S.A.,CONSULTANCY-MISC-8,934,final,2024-04-09,actual,650.00,contract cadru cu diverse servicii de securitate 283/22.01.2024,INVOICED_ACCOUNTING,Da,,BT.BIT 632,ron,2024-04-09,0
Farmec S.A.,CONSULTANCY-MISC-8,935,final,2024-05-05,actual,650.00,contract cadru cu diverse servicii de securitate 283/22.01.2024,INVOICED_ACCOUNTING,Da,,BT.BIT 645,ron,2024-05-14,9
Farmec S.A.,CONSULTANCY-MISC-8,936,final,2024-06-05,actual,650.00,contract cadru cu diverse servicii de securitate 283/22.01.2024,INVOICED_ACCOUNTING,Da,,BT.BIT 658,ron,2024-06-06,1
Farmec S.A.,CONSULTANCY-MISC-8,937,final,2024-07-05,actual,650.00,contract cadru cu diverse servicii de securitate 283/22.01.2024,INVOICED_ACCOUNTING,Da,,BT.BIT 673,ron,2024-07-02,3
Farmec S.A.,CONSULTANCY-MISC-8,938,final,2024-08-05,actual,650.00,contract cadru cu diverse servicii de securitate 283/22.01.2024,INVOICED_ACCOUNTING,Da,,BT.BIT 692,ron,2024-08-01,4
Farmec S.A.,CONSULTANCY-MISC-8,939,final,2024-09-05,actual,650.00,contract cadru cu diverse servicii de securitate 283/22.01.2024,INVOICED_ACCOUNTING,Da,,BT.BIT 708,ron,2024-09-02,3
Farmec S.A.,CONSULTANCY-MISC-8,940,final,2024-10-05,actual,650.00,contract cadru cu diverse servicii de securitate 283/22.01.2024,INVOICED_ACCOUNTING,Da,,BT.BIT 722,ron,2024-10-03,2
Farmec S.A.,CONSULTANCY-MISC-30,942,final,2025-12-23,actual,7900.00,contract cadru cu diverse servicii de securitate 283/22.01.2024,INVOICED_ACCOUNTING,Da,,BT.BIT 1007,ron,2025-12-23,0
FILDAS TRADING SRL,RED-NIS-C-PEN-100,833,avans,2023-05-12,actual,2678.00,257/20.04.2023,INVOICED_ACCOUNTING,Da,,BT.BIT 476,ron,2023-05-12,0
FILDAS TRADING SRL,RED-NIS-C-AUDIT-100,834,avans,2023-05-12,actual,1442.00,257/20.04.2023,PAST_UNMATCHED,Da,TRACKER_SAYS_BILLED_NOT_FOUND,,,,
FILDAS TRADING SRL,RED-NIS-C-PEN-100,833,final,2023-08-31,actual,4017.00,257/20.04.2023,INVOICED_ACCOUNTING,Da,,BT.BIT 522,ron,2023-08-31,0
FILDAS TRADING SRL,RED-NIS-C-AUDIT-100,834,final,2023-08-31,actual,2163.00,257/20.04.2023,INVOICED_ACCOUNTING,Da,,BT.BIT 504,ron,2023-07-10,52
Fin-expert Boscolo Consulting” SRL,RED-PEN-B-I-B-20,1226,avans,2024-06-11,actual,2925.00,294/31.05.2024,PAST_UNMATCHED,Da,TRACKER_SAYS_BILLED_NOT_FOUND,,,,
Fin-expert Boscolo Consulting” SRL,RED-PEN-B-E-B-5,1227,avans,2024-06-11,actual,2925.00,294/31.05.2024,PAST_UNMATCHED,Da,TRACKER_SAYS_BILLED_NOT_FOUND,,,,
Fin-expert Boscolo Consulting” SRL,RED-PEN-B-I-B-20,1226,final,2024-07-15,actual,2925.00,294/31.05.2024,PAST_UNMATCHED,Da,TRACKER_SAYS_BILLED_NOT_FOUND,,,,
Fin-expert Boscolo Consulting” SRL,RED-PEN-B-E-B-5,1227,final,2024-07-15,actual,2925.00,294/31.05.2024,PAST_UNMATCHED,Da,TRACKER_SAYS_BILLED_NOT_FOUND,,,,
FISCAL SOLUTIONS doo,RED-PEN-S-WB-1,167,avans,2022-07-14,actual,4620.00,229/12.07.2022,PAST_UNMATCHED,Da,TRACKER_SAYS_BILLED_NOT_FOUND,,,,
FISCAL SOLUTIONS doo,RED-PEN-S-WB-1,167,final,2022-09-13,actual,1980.00,229/12.07.2022,PAST_UNMATCHED,Da,TRACKER_SAYS_BILLED_NOT_FOUND,,,,
FLASHNET S.A.,RED-NIS-C-PEN-10,1317,avans,,none,1960.00,NR. 312/8.10.2024,UNMATCHED_NO_DATE,Nu,,,,,
FLASHNET S.A.,RED-NIS-C-PEN-10,1316,avans,2024-12-03,actual,3440.00,NR. 312/8.10.2024,INVOICED_ACCOUNTING,Da,,BT.BIT 756,ron,2024-12-03,0
FLASHNET S.A.,RED-NIS-C-PEN-10,1316,final,2024-12-16,actual,5160.00,NR. 312/8.10.2024,PAST_UNMATCHED,Da,TRACKER_SAYS_BILLED_NOT_FOUND,,,,
FLASHNET S.A.,RED-NIS-C-PEN-10,1317,final,2025-04-28,actual,2940.00,NR. 312/8.10.2024,INVOICED_ACCOUNTING,Da,,BT.BIT 868,ron,2025-04-28,0
FLASHNET S.A.,RED-NIS-C-PEN-10,1318,final,2025-07-17,actual,4900.00,NR. 312/8.10.2024,INVOICED_ACCOUNTING,Da,,BT.BIT 947,ron,2025-07-17,0
FLASHNET S.A.,RED-NIS-C-PEN-10,1319,final,2025-10-20,actual,4900.00,NR. 312/8.10.2024,INVOICED_ACCOUNTING,Da,,BT.R.BIT 966,ron,2025-10-20,0
FLASHNET S.A.,RED-NIS-C-PEN-10,1320,final,2026-02-11,actual,4900.00,NR. 312/8.10.2024,INVOICED_ACCOUNTING,Da,,BT.BIT 1028,ron,2026-02-11,0
FLASHNET S.A.,RED-NIS-C-PEN-10,1321,final,2026-04-30,actual,4900.00,NR. 312/8.10.2024,INVOICED_ACCOUNTING,Da,,BT.BIT1067,ron,2026-04-30,0
FLASHNET S.A.,RED-NIS-C-PEN-10,1322,final,2026-07-19,actual,4900.00,NR. 312/8.10.2024,INVOICED_ACCOUNTING,Da,,BT.BIT 1083,ron,2026-07-18,1
FLASHNET S.A.,RED-NIS-C-PEN-10,1324,final,2026-08-24,estimated,2400.00,NR. 312/8.10.2024,UPCOMING,Nu,,,,,
FLASHNET S.A.,RED-NIS-C-PEN-10,1323,final,2026-11-02,estimated,4900.00,NR. 312/8.10.2024,UPCOMING,Nu,,,,,
FOCALITY S.R.L.,RED-PEN-B-E-B-11,1339,final,2025-01-31,actual,3000.00,324 din 8.1.2025,INVOICED_ACCOUNTING,Da,,BT.BIT 808,ron,2025-01-31,0
Fortech S.R.L.,RED-PEN-B-I-B-50,179,avans,2022-04-04,actual,1600.00,217/24.03.2022,INVOICED_ACCOUNTING,Da,,BT.BIT 337,ron,2022-04-04,0
Fortech S.R.L.,RED-PEN-B-E-B-25,180,avans,2022-04-04,actual,1800.00,217/24.03.2022,PAST_UNMATCHED,Da,TRACKER_SAYS_BILLED_NOT_FOUND,,,,
Fortech S.R.L.,RED-PEN-B-I-B-50,179,final,2022-08-03,actual,2400.00,217/24.03.2022,PAST_UNMATCHED,Da,TRACKER_SAYS_BILLED_NOT_FOUND,,,,
Fortech S.R.L.,RED-PEN-B-E-B-25,180,final,2022-08-03,actual,2700.00,217/24.03.2022,PAST_UNMATCHED,Da,TRACKER_SAYS_BILLED_NOT_FOUND,,,,
G&D META FARM S.R.L,RED-NIS-C-PEN-100,841,avans,2023-05-12,actual,0.00,27/20.04.2023,PAST_UNMATCHED,N/A,,,,,
G&D META FARM S.R.L,RED-NIS-C-AUDIT-100,842,avans,2023-05-12,actual,0.00,27/20.04.2023,PAST_UNMATCHED,N/A,,,,,
G&D META FARM S.R.L,RED-NIS-C-PEN-100,841,final,2023-08-31,actual,130.00,27/20.04.2023,INVOICED_ACCOUNTING,Da,,BT.BIT 526,ron,2023-08-31,0
G&D META FARM S.R.L,RED-NIS-C-AUDIT-100,842,final,2023-08-31,actual,70.00,27/20.04.2023,PAST_UNMATCHED,Da,TRACKER_SAYS_BILLED_NOT_FOUND,,,,
GRAFTEX PRODCOM SRL,BLUE-MDR-C-6,1366,final,2025-04-30,actual,1100.00,Contract cadru de prestari servicii nr. 334 din 31.3.2025,INVOICED_ACCOUNTING,Da,,BT.BIT 872,ron,2025-04-30,0
GRAFTEX PRODCOM SRL,BLUE-MDR-C-6,1367,final,2025-05-05,actual,1100.00,Contract cadru de prestari servicii nr. 334 din 31.3.2025,INVOICED_ACCOUNTING,Da,,BT.BIT 893,ron,2025-05-16,11
GRAFTEX PRODCOM SRL,BLUE-MDR-C-6,1368,final,2025-06-16,actual,1100.00,Contract cadru de prestari servicii nr. 334 din 31.3.2025,INVOICED_ACCOUNTING,Da,,BT.BIT 917,ron,2025-06-16,0
GRAFTEX PRODCOM SRL,BLUE-MDR-C-6,1369,final,2025-07-10,actual,1100.00,Contract cadru de prestari servicii nr. 334 din 31.3.2025,INVOICED_ACCOUNTING,Da,,BT.BIT 942,ron,2025-07-02,8
GRAFTEX PRODCOM SRL,BLUE-MDR-C-6,1370,final,2025-08-04,actual,1100.00,Contract cadru de prestari servicii nr. 334 din 31.3.2025,INVOICED_ACCOUNTING,Da,,BT.BIT 970,ron,2025-08-04,0
GRAFTEX PRODCOM SRL,BLUE-MDR-C-6,1371,final,2025-09-05,actual,1100.00,Contract cadru de prestari servicii nr. 334 din 31.3.2025,INVOICED_ACCOUNTING,Da,,BT.R.BIT 21,ron,2025-09-02,3
GRAFTEX PRODCOM SRL,BLUE-MDR-C-6,1372,final,2025-10-20,actual,1100.00,Contract cadru de prestari servicii nr. 334 din 31.3.2025,INVOICED_ACCOUNTING,Da,,BT.R.BIT 48,ron,2025-10-20,0
GRAFTEX PRODCOM SRL,BLUE-MDR-C-6,1373,final,2025-11-26,actual,1100.00,Contract cadru de prestari servicii nr. 334 din 31.3.2025,INVOICED_ACCOUNTING,Da,,BT.R.BIT 75,ron,2025-11-26,0
GRAFTEX PRODCOM SRL,BLUE-MDR-C-6,1374,final,2025-12-23,actual,1100.00,Contract cadru de prestari servicii nr. 334 din 31.3.2025,INVOICED_ACCOUNTING,Da,,BT.R.BIT 102,ron,2025-12-23,0
GRAFTEX PRODCOM SRL,BLUE-MDR-C-6,1375,final,2026-01-20,actual,1100.00,Contract cadru de prestari servicii nr. 334 din 31.3.2025,INVOICED_ACCOUNTING,Da,,BT.R.BIT 129,ron,2026-01-20,0
GRAFTEX PRODCOM SRL,BLUE-MDR-C-6,1376,final,2026-02-13,actual,1100.00,Contract cadru de prestari servicii nr. 334 din 31.3.2025,INVOICED_ACCOUNTING,Da,,BT.R.BIT 157,ron,2026-02-13,0
GRAFTEX PRODCOM SRL,BLUE-MDR-C-6,1377,final,2026-03-20,actual,1100.00,Contract cadru de prestari servicii nr. 334 din 31.3.2025,INVOICED_ACCOUNTING,Da,,BT.R.BIT 172,ron,2026-03-20,0
GRAFTEX PRODCOM SRL,BLUE-MDR-C-6,1378,final,2026-04-29,actual,1100.00,Contract cadru de prestari servicii nr. 334 din 31.3.2025,INVOICED_ACCOUNTING,Da,,BT.R.BIT 201,ron,2026-04-29,0
GRAFTEX PRODCOM SRL,BLUE-MDR-C-6,1379,final,2026-05-25,actual,1100.00,Contract cadru de prestari servicii nr. 334 din 31.3.2025,INVOICED_ACCOUNTING,Da,,BT.R.BIT 230,ron,2026-05-25,0
GRAFTEX PRODCOM SRL,BLUE-MDR-C-6,1380,final,2026-06-19,actual,1100.00,Contract cadru de prestari servicii nr. 334 din 31.3.2025,INVOICED_ACCOUNTING,Da,,BT.R.BIT 259,ron,2026-06-17,2
GRAFTEX PRODCOM SRL,BLUE-MDR-C-6,1381,final,2026-07-05,estimated,1100.00,Contract cadru de prestari servicii nr. 334 din 31.3.2025,INVOICED_ACCOUNTING,Nu,TRACKER_FLAG_STALE_NOT_BILLED,BT.R.BIT 288,ron,2026-07-18,13
GRAFTEX PRODCOM SRL,BLUE-MDR-C-6,1382,final,2026-08-05,estimated,1100.00,Contract cadru de prestari servicii nr. 334 din 31.3.2025,UPCOMING,Nu,,,,,
GRAFTEX PRODCOM SRL,BLUE-MDR-C-6,1383,final,2026-09-05,estimated,1100.00,Contract cadru de prestari servicii nr. 334 din 31.3.2025,UPCOMING,Nu,,,,,
GRAFTEX PRODCOM SRL,BLUE-MDR-C-6,1384,final,2026-10-05,estimated,1100.00,Contract cadru de prestari servicii nr. 334 din 31.3.2025,UPCOMING,Nu,,,,,
GRAFTEX PRODCOM SRL,BLUE-MDR-C-6,1385,final,2026-11-05,estimated,1100.00,Contract cadru de prestari servicii nr. 334 din 31.3.2025,UPCOMING,Nu,,,,,
GRAFTEX PRODCOM SRL,BLUE-MDR-C-6,1386,final,2026-12-05,estimated,1100.00,Contract cadru de prestari servicii nr. 334 din 31.3.2025,UPCOMING,Nu,,,,,
GRAFTEX PRODCOM SRL,BLUE-MDR-C-6,1387,final,2027-01-05,estimated,1100.00,Contract cadru de prestari servicii nr. 334 din 31.3.2025,UPCOMING,Nu,,,,,
GRAFTEX PRODCOM SRL,BLUE-MDR-C-6,1388,final,2027-02-05,estimated,1100.00,Contract cadru de prestari servicii nr. 334 din 31.3.2025,UPCOMING,Nu,,,,,
GRAFTEX PRODCOM SRL,BLUE-MDR-C-6,1389,final,2027-03-05,estimated,1100.00,Contract cadru de prestari servicii nr. 334 din 31.3.2025,UPCOMING,Nu,,,,,
HERTZA L.L.C.,RED-PEN-B-E-B-50,1028,avans,2024-04-02,actual,1500.00,No.288/01.04.2024,INVOICED_ACCOUNTING,Da,,BT.BIT 187,valuta,2024-04-02,0
HERTZA L.L.C.,RED-PEN-B-E-B-50,1028,final,2024-04-23,actual,1500.00,No.288/01.04.2024,INVOICED_ACCOUNTING,Da,,BT.BIT 189,valuta,2024-04-23,0
HERTZA L.L.C.,RED-PEN-B-E-B-30,1270,final,2024-08-01,actual,3500.75,No.295/5.06.2024,INVOICED_ACCOUNTING,Da,,BT.BIT 200,valuta,2024-08-01,0
HERTZA L.L.C.,RED-PEN-B-E-B-30,1271,final,2024-08-01,actual,3500.75,No.295/5.06.2024,INVOICED_ACCOUNTING,Da,,BT.BIT 201,valuta,2024-08-01,0
HERTZA L.L.C.,RED-PEN-B-E-B-30,1272,final,2024-09-02,actual,3500.75,No.295/5.06.2024,INVOICED_ACCOUNTING,Da,,BT.BIT 206,valuta,2024-09-02,0
HERTZA L.L.C.,RED-PEN-B-E-B-30,1273,final,2024-10-04,actual,3500.75,No.295/5.06.2024,INVOICED_ACCOUNTING,Da,,BT.BIT 208,valuta,2024-10-03,1
HERTZA L.L.C.,RED-PEN-B-E-B-30,1274,final,2024-11-05,actual,3500.75,No.295/5.06.2024,INVOICED_ACCOUNTING,Da,,BT.BIT 211,valuta,2024-11-02,3
HERTZA L.L.C.,RED-PEN-B-E-B-30,1275,final,2024-12-07,actual,3500.75,No.295/5.06.2024,INVOICED_ACCOUNTING,Da,,BT.BIT 214,valuta,2024-12-03,4
HERTZA L.L.C.,RED-PEN-B-E-B-30,1276,final,2025-01-08,actual,3500.75,No.295/5.06.2024,INVOICED_ACCOUNTING,Da,,BT.BIT 221,valuta,2025-01-15,7
HERTZA L.L.C.,RED-PEN-B-E-B-30,1277,final,2025-02-09,actual,3500.75,No.295/5.06.2024,INVOICED_ACCOUNTING,Da,,BT.BIT 224,valuta,2025-02-03,6
HERTZA L.L.C.,RED-PEN-B-E-B-30,1278,final,2025-03-13,actual,3500.75,No.295/5.06.2024,INVOICED_ACCOUNTING,Da,,BT.BIT 228,valuta,2025-03-06,7
HERTZA L.L.C.,RED-PEN-B-E-B-15,1280,final,2025-04-07,actual,6900.00,Addendum No. 1 from 28.02.2025 SERVICES AGREEMENT No. 295/5.06.2024,INVOICED_ACCOUNTING,Da,,BT.BIT 232,valuta,2025-04-07,0
HERTZA L.L.C.,RED-PEN-B-E-B-30,1279,final,2025-04-14,actual,3500.75,No.295/5.06.2024,INVOICED_ACCOUNTING,Da,,BT.BIT 230,valuta,2025-04-02,12
HERTZA L.L.C.,RED-PEN-B-E-B-30,1281,final,2025-05-13,actual,3962.00,Addendum No. 2 from 28.04.2025 SERVICES AGREEMENT No. 295/5.06.2024,INVOICED_ACCOUNTING,Da,,BT.BIT 237,valuta,2025-05-13,0
HERTZA L.L.C.,RED-PEN-B-E-B-30,1282,final,2025-06-16,actual,3962.00,Addendum No. 2 from 28.04.2025 SERVICES AGREEMENT No. 295/5.06.2024,INVOICED_ACCOUNTING,Da,,BT.BIT 240,valuta,2025-06-16,0
HERTZA L.L.C.,RED-PEN-B-E-B-30,1283,final,2025-07-10,actual,3962.00,Addendum No. 2 from 28.04.2025 SERVICES AGREEMENT No. 295/5.06.2024,INVOICED_ACCOUNTING,Da,,BT.BIT 244,valuta,2025-07-02,8
HERTZA L.L.C.,RED-PEN-B-E-B-30,1284,final,2025-08-04,actual,3962.00,Addendum No. 2 from 28.04.2025 SERVICES AGREEMENT No. 295/5.06.2024,INVOICED_ACCOUNTING,Da,,BT.BIT 247,valuta,2025-08-04,0
HERTZA L.L.C.,RED-PEN-B-E-B-30,1285,final,2025-09-05,actual,3962.00,Addendum No. 2 from 28.04.2025 SERVICES AGREEMENT No. 295/5.06.2024,INVOICED_ACCOUNTING,Da,,BT.R.BIT 2,valuta,2025-09-02,3
HERTZA L.L.C.,RED-PEN-B-E-B-30,1286,final,2025-10-20,actual,3962.00,Addendum No. 2 from 28.04.2025 SERVICES AGREEMENT No. 295/5.06.2024,INVOICED_ACCOUNTING,Da,,BT.R.BIT 29,valuta,2025-10-20,0
HERTZA L.L.C.,RED-PEN-B-E-B-30,1287,final,2025-11-26,actual,3962.00,Addendum No. 2 from 28.04.2025 SERVICES AGREEMENT No. 295/5.06.2024,INVOICED_ACCOUNTING,Da,,BT.R.BIT 56,valuta,2025-11-26,0
HERTZA L.L.C.,RED-PEN-B-E-B-30,1288,final,2025-12-23,actual,3962.00,Addendum No. 2 from 28.04.2025 SERVICES AGREEMENT No. 295/5.06.2024,INVOICED_ACCOUNTING,Da,,BT.R.BIT 84,valuta,2025-12-23,0
HERTZA L.L.C.,RED-PEN-B-E-B-30,1289,final,2026-01-20,actual,3962.00,Addendum No. 2 from 28.04.2025 SERVICES AGREEMENT No. 295/5.06.2024,INVOICED_ACCOUNTING,Da,,BT.R.BIT 111,valuta,2026-01-20,0
HERTZA L.L.C.,RED-PEN-B-E-B-30,1290,final,2026-02-13,actual,3962.00,Addendum No. 2 from 28.04.2025 SERVICES AGREEMENT No. 295/5.06.2024,INVOICED_ACCOUNTING,Da,,BT.R.BIT 138,valuta,2026-02-13,0
HERTZA L.L.C.,RED-PEN-B-E-B-30,1291,final,2026-03-20,actual,3962.00,Addendum No. 2 from 28.04.2025 SERVICES AGREEMENT No. 295/5.06.2024,INVOICED_ACCOUNTING,Da,,BT.R.BIT 173,valuta,2026-03-20,0
HERTZA L.L.C.,RED-PEN-B-E-B-30,1292,final,2026-04-29,actual,3962.00,Addendum No. 2 from 28.04.2025 SERVICES AGREEMENT No. 295/5.06.2024,INVOICED_ACCOUNTING,Da,,BT.R.BIT 202,valuta,2026-04-29,0
HERTZA L.L.C.,RED-PEN-B-E-B-30,1293,final,2026-05-25,actual,3962.00,Addendum No. 2 from 28.04.2025 SERVICES AGREEMENT No. 295/5.06.2024,INVOICED_ACCOUNTING,Da,,BT.R.BIT 231,valuta,2026-05-25,0
HERTZA L.L.C.,RED-PEN-B-E-B-30,1294,final,2026-06-19,actual,3962.00,Addendum No. 2 from 28.04.2025 SERVICES AGREEMENT No. 295/5.06.2024,INVOICED_ACCOUNTING,Da,,BT.R.BIT 260,valuta,2026-06-17,2
HERTZA L.L.C.,RED-PEN-B-E-B-30,1295,final,2026-07-05,estimated,3962.00,Addendum No. 2 from 28.04.2025 SERVICES AGREEMENT No. 295/5.06.2024,INVOICED_ACCOUNTING,Nu,TRACKER_FLAG_STALE_NOT_BILLED,BT.R.BIT 289,valuta,2026-07-18,13
HERTZA L.L.C.,RED-PEN-B-E-B-30,1296,final,2026-08-05,estimated,3962.00,Addendum No. 2 from 28.04.2025 SERVICES AGREEMENT No. 295/5.06.2024,INVOICED_ACCOUNTING,Nu,TRACKER_FLAG_STALE_NOT_BILLED,BT.BIT 200,valuta,2024-08-01,734
HERTZA L.L.C.,RED-PEN-B-E-B-30,1297,final,2026-09-05,estimated,3962.00,Addendum No. 2 from 28.04.2025 SERVICES AGREEMENT No. 295/5.06.2024,INVOICED_ACCOUNTING,Nu,TRACKER_FLAG_STALE_NOT_BILLED,BT.BIT 201,valuta,2024-08-01,765
HERTZA L.L.C.,RED-PEN-B-E-B-30,1298,final,2026-10-05,estimated,3962.00,Addendum No. 2 from 28.04.2025 SERVICES AGREEMENT No. 295/5.06.2024,UPCOMING,Nu,,,,,
HERTZA L.L.C.,RED-PEN-B-E-B-30,1299,final,2026-11-05,estimated,3962.00,Addendum No. 2 from 28.04.2025 SERVICES AGREEMENT No. 295/5.06.2024,UPCOMING,Nu,,,,,
HERTZA L.L.C.,RED-PEN-B-E-B-30,1300,final,2026-12-05,estimated,3962.00,Addendum No. 2 from 28.04.2025 SERVICES AGREEMENT No. 295/5.06.2024,UPCOMING,Nu,,,,,
HERTZA L.L.C.,RED-PEN-B-E-B-30,1301,final,2027-01-05,estimated,3962.00,Addendum No. 2 from 28.04.2025 SERVICES AGREEMENT No. 295/5.06.2024,UPCOMING,Nu,,,,,
HERTZA L.L.C.,RED-PEN-B-E-B-30,1302,final,2027-02-05,estimated,3962.00,Addendum No. 2 from 28.04.2025 SERVICES AGREEMENT No. 295/5.06.2024,UPCOMING,Nu,,,,,
HERTZA L.L.C.,RED-PEN-B-E-B-30,1303,final,2027-03-05,estimated,3962.00,Addendum No. 2 from 28.04.2025 SERVICES AGREEMENT No. 295/5.06.2024,UPCOMING,Nu,,,,,
HERTZA L.L.C.,RED-PEN-B-E-B-30,1304,final,2027-04-05,estimated,3962.00,Addendum No. 2 from 28.04.2025 SERVICES AGREEMENT No. 295/5.06.2024,UPCOMING,Nu,,,,,
HIGH-TECH SYSTEMS & SOFTWARE  S.R.L,RED-PEN-B-E-B-1,143,final,2022-03-21,actual,900.00,Nr. 887/23.02.2022,INVOICED_ACCOUNTING,Da,,BT.BIT 335,ron,2022-03-21,0
HISTRIA SHIPMANAGEMENT S.R.L.,RED-PEN-RED-ST-50,843,avans,2023-05-29,actual,8400.00,266/22.05.2023,INVOICED_ACCOUNTING,Da,,BT.BIT 484,ron,2023-05-29,0
HISTRIA SHIPMANAGEMENT S.R.L.,RED-PEN-RED-ST-50,843,final,2023-08-31,actual,12600.00,266/22.05.2023,INVOICED_ACCOUNTING,Da,,BT.BIT 518,ron,2023-08-17,14
IMPACT EdTech Project Consortium,CYBEREDU-GRANTS,861,final,2020-11-11,actual,24120.00,871275,PAST_UNMATCHED,Da,TRACKER_SAYS_BILLED_NOT_FOUND,,,,
IMPACT EdTech Project Consortium,CYBEREDU-GRANTS,862,final,2021-04-19,actual,55910.00,871275,PAST_UNMATCHED,Da,TRACKER_SAYS_BILLED_NOT_FOUND,,,,
IMPACT EdTech Project Consortium,CYBEREDU-GRANTS,863,avans,2021-05-13,actual,35000.00,871275,PAST_UNMATCHED,N/A,,,,,
IMPACT EdTech Project Consortium,CYBEREDU-GRANTS,863,final,2021-09-02,actual,61144.00,871275,PAST_UNMATCHED,Da,TRACKER_SAYS_BILLED_NOT_FOUND,,,,
INFOMED FLUIDS SRL,RED-PEN-B-I-B-500,161,avans,2022-06-23,actual,7200.00,226/09.06.2022,INVOICED_ACCOUNTING,Da,,BT.BIT 365,ron,2022-06-23,0
INFOMED FLUIDS SRL,RED-AUDIT-A-12,162,avans,2022-06-23,actual,2400.00,226/09.06.2022,PAST_UNMATCHED,Da,TRACKER_SAYS_BILLED_NOT_FOUND,,,,
INFOMED FLUIDS SRL,RED-PEN-B-I-B-500,161,final,2022-10-05,actual,10800.00,226/09.06.2022,INVOICED_ACCOUNTING,Da,,BT.BIT 404,ron,2022-10-05,0
INFOMED FLUIDS SRL,RED-AUDIT-A-12,162,final,2022-10-05,actual,3600.00,226/09.06.2022,INVOICED_ACCOUNTING,Da,,BT.BIT 395,ron,2022-09-12,23
INFOMED FLUIDS SRL,RED-AUDIT-A-30,163,avans,2025-12-23,actual,0.00,NR. 369/5.11.2025,INVOICED_ACCOUNTING,Da,,BT.BIT 1009,ron,2025-12-23,0
INFOMED FLUIDS SRL,RED-AUDIT-A-30,163,final,2026-03-23,estimated,3900.00,NR. 369/5.11.2025,PAST_UNMATCHED,Nu,,,,,
INFOMED FLUIDS SRL,RED-AUDIT-A-30,164,final,2026-05-30,estimated,2925.00,NR. 369/5.11.2025,PAST_UNMATCHED,Nu,,,,,
INFOMED FLUIDS SRL,RED-AUDIT-A-30,165,final,2026-06-30,estimated,2925.00,NR. 369/5.11.2025,PAST_UNMATCHED,Nu,,,,,
Infosys Romania S.R.L,RED-PEN-B-E-B-44,1573,final,2026-02-27,actual,19360.00,FRAMEWORK SERVICE AGREEMENT NO. 375/12.12.2025,INVOICED_ACCOUNTING,Da,,BT.BIT 1034,ron,2026-02-27,0
Infosys Romania S.R.L,RED-PEN-B-E-B-44,1574,final,2026-03-30,actual,15840.00,FRAMEWORK SERVICE AGREEMENT NO. 375/12.12.2025,INVOICED_ACCOUNTING,Da,,BT.BIT 1048,ron,2026-03-30,0
INGKA INVESTMENTS RENEWABLE ENERGY ROMANIA S.R.L.,CONSULTANCY-MISC-5,1498,avans,2025-09-11,actual,5900.00,FRAMEWORK SERVICE AGREEMENT NO. 357/25.08.2025,INVOICED_ACCOUNTING,Da,,BT. BIT 983,ron,2025-09-11,0
INGKA INVESTMENTS RENEWABLE ENERGY ROMANIA S.R.L.,CONSULTANCY-MISC-3,1499,avans,2025-09-11,actual,1700.00,FRAMEWORK SERVICE AGREEMENT NO. 357/25.08.2025,INVOICED_ACCOUNTING,Da,,BT. BIT 983,ron,2025-09-11,0
INGKA INVESTMENTS RENEWABLE ENERGY ROMANIA S.R.L.,CONSULTANCY-MISC-4,1500,avans,2025-09-11,actual,2150.00,FRAMEWORK SERVICE AGREEMENT NO. 357/25.08.2025,INVOICED_ACCOUNTING,Da,,BT. BIT 983,ron,2025-09-11,0
INGKA INVESTMENTS RENEWABLE ENERGY ROMANIA S.R.L.,RED-PEN-B-I-B-8,1501,avans,2025-09-11,actual,5500.00,FRAMEWORK SERVICE AGREEMENT NO. 357/25.08.2025,PAST_UNMATCHED,Da,TRACKER_SAYS_BILLED_NOT_FOUND,,,,
INGKA INVESTMENTS RENEWABLE ENERGY ROMANIA S.R.L.,CONSULTANCY-MISC-5,1498,final,2025-10-31,estimated,0.00,FRAMEWORK SERVICE AGREEMENT NO. 357/25.08.2025,PAST_UNMATCHED,Nu,,,,,
INGKA INVESTMENTS RENEWABLE ENERGY ROMANIA S.R.L.,CONSULTANCY-MISC-3,1499,final,2025-10-31,estimated,0.00,FRAMEWORK SERVICE AGREEMENT NO. 357/25.08.2025,PAST_UNMATCHED,Nu,,,,,
INGKA INVESTMENTS RENEWABLE ENERGY ROMANIA S.R.L.,CONSULTANCY-MISC-4,1500,final,2025-10-31,estimated,0.00,FRAMEWORK SERVICE AGREEMENT NO. 357/25.08.2025,PAST_UNMATCHED,Nu,,,,,
INGKA INVESTMENTS RENEWABLE ENERGY ROMANIA S.R.L.,RED-PEN-B-I-B-8,1501,final,2025-10-31,estimated,0.00,FRAMEWORK SERVICE AGREEMENT NO. 357/25.08.2025,PAST_UNMATCHED,Nu,,,,,
INSIGHTS ENTERPRISE SRL,RED-PEN-S-WB-1,781,avans,2022-02-09,actual,5000.00,Nr. 1/2022,INVOICED_ACCOUNTING,Da,,BT.BIT 325,ron,2022-02-09,0
INSIGHTS ENTERPRISE SRL,RED-PEN-S-WB-1,781,final,2022-03-17,actual,5000.00,Nr. 1/2022,PAST_UNMATCHED,Da,TRACKER_SAYS_BILLED_NOT_FOUND,,,,
INSIGHTS ENTERPRISE SRL,RED-PEN-S-WB-1,782,avans,2023-02-13,actual,5000.00,ACT ADITIONAL NR. 1 / 06.02.2023,INVOICED_ACCOUNTING,Da,,BT.BIT 453,ron,2023-02-13,0
INSIGHTS ENTERPRISE SRL,RED-PEN-S-WB-1,782,final,2023-05-12,actual,5000.00,ACT ADITIONAL NR. 1 / 06.02.2023,PAST_UNMATCHED,Da,TRACKER_SAYS_BILLED_NOT_FOUND,,,,
INSIGHTS ENTERPRISE SRL,RED-PEN-S-WB-1,783,avans,2024-12-18,actual,5500.00,ACT ADITIONAL NR. 2 DIN 3.12.2024,INVOICED_ACCOUNTING,Da,,BT.BIT 775,ron,2024-12-18,0
INSIGHTS ENTERPRISE SRL,RED-PEN-S-WB-1,783,final,2025-01-23,actual,5500.00,ACT ADITIONAL NR. 2 DIN 3.12.2024,PAST_UNMATCHED,Da,TRACKER_SAYS_BILLED_NOT_FOUND,,,,
INSIGHTS ENTERPRISE SRL,RED-PEN-S-WB-1,784,avans,2026-01-29,actual,6050.00,ACT ADITIONAL NR. 3 DIN 28.1.2026,INVOICED_ACCOUNTING,Da,,BT.BIT 1021,ron,2026-01-29,0
INSIGHTS ENTERPRISE SRL,RED-PEN-S-WB-1,784,final,2026-02-20,actual,6050.00,ACT ADITIONAL NR. 3 DIN 28.1.2026,PAST_UNMATCHED,Da,TRACKER_SAYS_BILLED_NOT_FOUND,,,,
"INTERNET CORP S.R.L.,",RED-PEN-S-WB-1,176,avans,2022-04-11,actual,3000.00,216/11.03.2022,INVOICED_ACCOUNTING,Da,,BT.BIT 341,ron,2022-04-11,0
"INTERNET CORP S.R.L.,",RED-PEN-S-WB-1,176,final,2022-05-30,actual,3000.00,216/11.03.2022,INVOICED_ACCOUNTING,Da,,BT.BIT 351,ron,2022-05-30,0
JAXABLE S.R.L.,RED-PEN-B-E-B-17,1470,avans,2025-05-05,actual,0.00,30.4.2025,PAST_UNMATCHED,Da,TRACKER_SAYS_BILLED_NOT_FOUND,,,,
JAXABLE S.R.L.,RED-PEN-B-E-B-17,1470,final,2025-05-05,estimated,6900.00,30.4.2025,PAST_UNMATCHED,Da,TRACKER_SAYS_BILLED_NOT_FOUND,,,,
JAXABLE S.R.L.,RED-PEN-B-E-B-17,1471,avans,2025-06-30,actual,6900.00,30.4.2025,INVOICED_ACCOUNTING,Nu,TRACKER_FLAG_STALE_NOT_BILLED,BT.BIT 876,ron,2025-05-05,56
JAXABLE S.R.L.,RED-PEN-B-E-B-17,1471,final,2025-06-30,estimated,10350.00,30.4.2025,INVOICED_ACCOUNTING,Da,,BT.BIT 925,ron,2025-06-30,0
"KAUFLAND ROMÂNIA S.C.S.,",RED-PEN-B-I-B-50,148,final,2021-03-09,actual,12900.00,Anexa 01 la Contractul cadru nr. 4101 / 08.12.2020,INVOICED_ACCOUNTING,Da,,BT.BIT 257,ron,2021-03-09,0
"KAUFLAND ROMÂNIA S.C.S.,",RED-PEN-S-WB-1,149,final,2022-10-17,actual,7350.00,Act aditional nr. 02/ 07.07.2022,INVOICED_ACCOUNTING,Da,,405,ron,2022-10-17,0
"KAUFLAND ROMÂNIA S.C.S.,",RED-PEN-S-WB-1,150,final,2023-09-29,actual,4990.00,Act aditional nr. 3,INVOICED_ACCOUNTING,Da,,BT.BIT 537,ron,2023-09-29,0
"KAUFLAND ROMÂNIA S.C.S.,",RED-PEN-S-WB-1,151,final,2024-10-16,actual,4940.00,Act aditional nr. 04/ 27.09.2024,INVOICED_ACCOUNTING,Da,,BT.BIT 729,ron,2024-10-16,0
"KAUFLAND ROMÂNIA S.C.S.,",RED-MISC-<16>,152,final,2025-01-29,actual,6940.00,Act aditional nr. 05/ 02.12.2024,INVOICED_ACCOUNTING,Da,,BT.BIT 806,ron,2025-01-29,0
KEYSIGHT TECHNOLOGIES RO SRL,KS-MM-RD-2,375,final,2019-05-31,actual,9282.00,236Bis/25.04.2019,INVOICED_ACCOUNTING,Da,,BT.BIT 110,ron,2019-05-28,3
KEYSIGHT TECHNOLOGIES RO SRL,KS-MM-RD-2,377,final,2019-06-07,actual,15708.00,236Bis/25.04.2019,INVOICED_ACCOUNTING,Da,,BT.BIT 118,ron,2019-06-07,0
KEYSIGHT TECHNOLOGIES RO SRL,KS-MM-RD-2,376,final,2019-08-06,actual,12000.00,236Bis/25.04.2019,INVOICED_ACCOUNTING,Da,,BT.BIT 127,ron,2019-08-06,0
KEYSIGHT TECHNOLOGIES RO SRL,KS-MM-RD-2,378,final,2019-09-04,actual,13200.00,236Bis/25.04.2019,INVOICED_ACCOUNTING,Da,,BT.BIT 136,ron,2019-09-04,0
KEYSIGHT TECHNOLOGIES RO SRL,KS-MM-RD-2,379,final,2019-10-04,actual,12600.00,236Bis/25.04.2019,INVOICED_ACCOUNTING,Da,,BT.BIT 142,ron,2019-10-04,0
KEYSIGHT TECHNOLOGIES RO SRL,KS-MM-RD-2,380,final,2019-10-30,actual,9300.00,236Bis/25.04.2019,INVOICED_ACCOUNTING,Da,,BT.BIT 146,ron,2019-10-30,0
KEYSIGHT TECHNOLOGIES RO SRL,KS-MM-RD-2,381,final,2019-12-16,actual,10800.00,236Bis/25.04.2019,INVOICED_ACCOUNTING,Da,,BT.BIT 155,ron,2019-12-16,0
KEYSIGHT TECHNOLOGIES RO SRL,KS-MM-RD-2,382,final,2019-12-16,actual,9600.00,236Bis/25.04.2019,INVOICED_ACCOUNTING,Da,,BT.BIT 156,ron,2019-12-16,0
KEYSIGHT TECHNOLOGIES RO SRL,KS-MM-RD-2,383,final,2019-12-16,actual,13200.00,236Bis/25.04.2019,INVOICED_ACCOUNTING,Da,,BT.BIT 153,ron,2019-12-04,12
KEYSIGHT TECHNOLOGIES RO SRL,KS-MM-RD-2,384,final,2019-12-16,actual,12300.00,236Bis/25.04.2019,PAST_UNMATCHED,Da,TRACKER_SAYS_BILLED_NOT_FOUND,,,,
KEYSIGHT TECHNOLOGIES RO SRL,KS-MM-RD-2,385,final,2020-03-02,actual,10800.00,NO. 1 OF 02.06.2020,INVOICED_ACCOUNTING,Da,,BT.BIT 180,ron,2020-03-02,0
KEYSIGHT TECHNOLOGIES RO SRL,KS-MM-RD-2,386,final,2020-04-06,actual,12000.00,NO. 1 OF 02.06.2020,INVOICED_ACCOUNTING,Da,,BT.BIT 185,ron,2020-04-06,0
KEYSIGHT TECHNOLOGIES RO SRL,KS-MM-RD-2,387,final,2020-05-07,actual,13800.00,NO. 1 OF 02.06.2020,INVOICED_ACCOUNTING,Da,,BT.BIT 193,ron,2020-05-07,0
KEYSIGHT TECHNOLOGIES RO SRL,KS-MM-RD-2,388,final,2020-06-02,actual,12000.00,NO. 1 OF 02.06.2020,INVOICED_ACCOUNTING,Da,,BT.BIT 199,ron,2020-06-02,0
KEYSIGHT TECHNOLOGIES RO SRL,KS-MM-RD-2,389,final,2020-07-02,actual,12000.00,NO. 1 OF 02.06.2020,INVOICED_ACCOUNTING,Da,,BT.BIT 208,ron,2020-07-02,0
KEYSIGHT TECHNOLOGIES RO SRL,KS-MM-RD-2,390,final,2020-08-03,actual,13200.00,NO. 1 OF 02.06.2020,INVOICED_ACCOUNTING,Da,,BT.BIT 219,ron,2020-08-03,0
KEYSIGHT TECHNOLOGIES RO SRL,KS-MM-RD-2,391,final,2020-09-01,actual,13800.00,NO. 1 OF 02.06.2020,INVOICED_ACCOUNTING,Da,,BT.BIT 227,ron,2020-09-01,0
KEYSIGHT TECHNOLOGIES RO SRL,KS-MM-RD-2,392,final,2020-10-01,actual,12600.00,NO. 1 OF 02.06.2020,INVOICED_ACCOUNTING,Da,,BT.BIT 234,ron,2020-10-01,0
KEYSIGHT TECHNOLOGIES RO SRL,RED-PEN-S-WB-1,464,final,2020-10-22,actual,14600.00,PO 9068000867,INVOICED_ACCOUNTING,Da,,BT.BIT 236,ron,2020-10-22,0
KEYSIGHT TECHNOLOGIES RO SRL,KS-MM-RD-2,393,final,2020-11-02,actual,13200.00,NO. 1 OF 02.06.2020,INVOICED_ACCOUNTING,Da,,BT.BIT 238,ron,2020-11-02,0
KEYSIGHT TECHNOLOGIES RO SRL,KS-MM-RD-2,394,final,2020-12-03,actual,13200.00,NO. 1 OF 02.06.2020,INVOICED_ACCOUNTING,Da,,BT.BIT 242,ron,2020-12-03,0
KEYSIGHT TECHNOLOGIES RO SRL,KS-MM-RD-2,395,final,2020-12-14,actual,12000.00,NO. 2 OF 25.10.2020,INVOICED_ACCOUNTING,Da,,BT.BIT 245,ron,2020-12-14,0
KEYSIGHT TECHNOLOGIES RO SRL,KS-MM-RD-2,396,final,2021-02-01,actual,10200.00,NO. 2 OF 25.10.2020,INVOICED_ACCOUNTING,Da,,BT.BIT 249,ron,2021-02-01,0
KEYSIGHT TECHNOLOGIES RO SRL,KS-MM-RD-2,397,final,2021-03-02,actual,12000.00,NO. 2 OF 25.10.2020,INVOICED_ACCOUNTING,Da,,BT.BIT 255,ron,2021-03-02,0
KEYSIGHT TECHNOLOGIES RO SRL,KS-MM-RD-2,398,final,2021-04-01,actual,12000.00,NO. 2 OF 25.10.2020,INVOICED_ACCOUNTING,Da,,BT.BIT 264,ron,2021-04-01,0
KEYSIGHT TECHNOLOGIES RO SRL,KS-MM-RD-2,399,final,2021-05-04,actual,13800.00,NO. 2 OF 25.10.2020,INVOICED_ACCOUNTING,Da,,BT.BIT 265,ron,2021-05-04,0
KEYSIGHT TECHNOLOGIES RO SRL,KS-MM-RD-2,400,final,2021-06-04,actual,12000.00,NO. 2 OF 25.10.2020,INVOICED_ACCOUNTING,Da,,BT.BIT 273,ron,2021-06-04,0
KEYSIGHT TECHNOLOGIES RO SRL,KS-MM-RD-2,401,final,2021-07-02,actual,12000.00,NO. 2 OF 25.10.2020,INVOICED_ACCOUNTING,Da,,BT.BIT 277,ron,2021-07-02,0
KEYSIGHT TECHNOLOGIES RO SRL,KS-MM-RD-2,402,final,2021-08-02,actual,13200.00,NO. 2 OF 25.10.2020,INVOICED_ACCOUNTING,Da,,BT.BIT 281,ron,2021-08-02,0
KEYSIGHT TECHNOLOGIES RO SRL,KS-MM-RD-2,403,final,2021-09-01,actual,13200.00,NO. 2 OF 25.10.2020,INVOICED_ACCOUNTING,Da,,BT.BIT 287,ron,2021-09-01,0
KEYSIGHT TECHNOLOGIES RO SRL,KS-MM-RD-2,404,final,2021-10-04,actual,12600.00,NO. 2 OF 25.10.2020,INVOICED_ACCOUNTING,Da,,BT.BIT 293,ron,2021-10-04,0
KEYSIGHT TECHNOLOGIES RO SRL,KS-MM-RD-2,405,final,2021-11-01,actual,13200.00,NO. 2 OF 25.10.2020,INVOICED_ACCOUNTING,Da,,BT.BIT 300,ron,2021-11-01,0
KEYSIGHT TECHNOLOGIES RO SRL,KS-MM-RD-2,406,final,2021-12-02,actual,13200.00,NO. 2 OF 25.10.2020,INVOICED_ACCOUNTING,Da,,BT.BIT 312,ron,2021-12-09,7
KEYSIGHT TECHNOLOGIES RO SRL,KS-MM-RD-2,407,final,2021-12-09,actual,15900.00,NO. 2 OF 25.10.2020,INVOICED_ACCOUNTING,Da,,BT.BIT 305,ron,2021-12-02,7
KEYSIGHT TECHNOLOGIES RO SRL,KS-MM-RD-2,408,final,2022-01-28,actual,12750.00,NO. 2 OF 25.10.2020,INVOICED_ACCOUNTING,Da,,BT.BIT 321,ron,2022-01-28,0
KEYSIGHT TECHNOLOGIES RO SRL,KS-MM-RD-3,409,final,2022-01-28,actual,18000.00,NO. 3 OF 20.09.2021,INVOICED_ACCOUNTING,Da,,BT.BIT 320,ron,2022-01-28,0
KEYSIGHT TECHNOLOGIES RO SRL,CYBEREDU-DEV-EX-20,465,final,2022-05-13,actual,25000.00,206/14.12.2021 PO 9069000371,INVOICED_ACCOUNTING,Da,,BT.BIT 349,ron,2022-05-13,0
KEYSIGHT TECHNOLOGIES RO SRL,KS-MM-RD-3,410,final,2022-06-09,actual,18000.00,NO. 3 OF 20.09.2021,INVOICED_ACCOUNTING,Da,,BT.BIT 361,ron,2022-06-09,0
KEYSIGHT TECHNOLOGIES RO SRL,KS-MM-RD-3,411,final,2022-06-20,actual,18000.00,NO. 3 OF 20.09.2021,INVOICED_ACCOUNTING,Da,,BT.BIT 363,ron,2022-06-20,0
KEYSIGHT TECHNOLOGIES RO SRL,KS-MM-RD-3,412,final,2022-08-08,actual,18000.00,NO. 3 OF 20.09.2021,INVOICED_ACCOUNTING,Da,,BT.BIT 384,ron,2022-08-08,0
KEYSIGHT TECHNOLOGIES RO SRL,KS-MM-RD-2,413,final,2022-08-16,actual,14400.00,NO. 3 OF 20.09.2021,INVOICED_ACCOUNTING,Da,,BT.BIT 385,ron,2022-08-16,0
KEYSIGHT TECHNOLOGIES RO SRL,KS-MM-RD-2,414,final,2022-09-09,actual,12000.00,NO. 3 OF 20.09.2021,INVOICED_ACCOUNTING,Da,,BT.BIT 391,ron,2022-09-09,0
KEYSIGHT TECHNOLOGIES RO SRL,KS-MM-RD-2,415,final,2022-10-03,actual,12600.00,NO. 3 OF 20.09.2021,INVOICED_ACCOUNTING,Da,,BT.BIT 401,ron,2022-10-03,0
KEYSIGHT TECHNOLOGIES RO SRL,KS-MM-RD-2,416,final,2022-10-31,actual,13200.00,NO. 3 OF 20.09.2021,INVOICED_ACCOUNTING,Da,,408,ron,2022-10-31,0
KEYSIGHT TECHNOLOGIES RO SRL,KS-MM-RD-2,417,final,2022-10-31,actual,13200.00,NO. 3 OF 20.09.2021,INVOICED_ACCOUNTING,Da,,409,ron,2022-10-31,0
KEYSIGHT TECHNOLOGIES RO SRL,KS-MM-RD-3,418,final,2023-01-09,actual,18900.00,NO. 3 OF 20.09.2021,INVOICED_ACCOUNTING,Da,,447,ron,2023-01-09,0
KEYSIGHT TECHNOLOGIES RO SRL,KS-MM-RD-3,419,final,2023-02-07,actual,18900.00,NO. 3 OF 20.09.2021,INVOICED_ACCOUNTING,Da,,BT.BIT 452,ron,2023-02-07,0
KEYSIGHT TECHNOLOGIES RO SRL,KS-MM-RD-3,420,final,2023-03-01,actual,18000.00,NO. 3 OF 20.09.2021,INVOICED_ACCOUNTING,Da,,BT.BIT 458,ron,2023-03-01,0
KEYSIGHT TECHNOLOGIES RO SRL,KS-MM-RD-3,421,final,2023-04-10,actual,18000.00,NO. 4 OF 04.10.2022,INVOICED_ACCOUNTING,Da,,BT.BIT 466,ron,2023-04-10,0
KEYSIGHT TECHNOLOGIES RO SRL,KS-MM-RD-3,422,final,2023-05-03,actual,18000.00,NO. 4 OF 04.10.2022,INVOICED_ACCOUNTING,Da,,BT.BIT 472,ron,2023-05-03,0
KEYSIGHT TECHNOLOGIES RO SRL,KS-MM-RD-3,423,final,2023-06-08,actual,18000.00,NO. 4 OF 04.10.2022,INVOICED_ACCOUNTING,Da,,BT.BIT 489,ron,2023-06-08,0
KEYSIGHT TECHNOLOGIES RO SRL,KS-MM-RD-2,424,final,2023-07-04,actual,18900.00,NO. 4 OF 04.10.2022,INVOICED_ACCOUNTING,Da,,BT.BIT 499,ron,2023-07-04,0
KEYSIGHT TECHNOLOGIES RO SRL,KS-MM-RD-3,425,final,2023-08-07,actual,18000.00,NO. 4 OF 04.10.2022,INVOICED_ACCOUNTING,Da,,BT.BIT 516,ron,2023-08-07,0
KEYSIGHT TECHNOLOGIES RO SRL,KS-MM-RD-3,426,final,2023-09-06,actual,19800.00,NO. 4 OF 04.10.2022,INVOICED_ACCOUNTING,Da,,BT.BIT 531,ron,2023-09-05,1
KEYSIGHT TECHNOLOGIES RO SRL,KS-MM-RD-3,427,final,2023-10-02,actual,19800.00,NO. 4 OF 04.10.2022,INVOICED_ACCOUNTING,Da,,BT.BIT 541,ron,2023-10-02,0
KEYSIGHT TECHNOLOGIES RO SRL,KS-MM-RD-3,428,final,2023-11-07,actual,18000.00,NO. 4 OF 04.10.2022,INVOICED_ACCOUNTING,Da,,BT.BIT 558,ron,2023-11-06,1
KEYSIGHT TECHNOLOGIES RO SRL,KS-MM-RD-2,429,final,2023-12-08,actual,12600.00,NO. 5 OF 04.10.2023,INVOICED_ACCOUNTING,Da,,BT.BIT 571,ron,2023-12-11,3
KEYSIGHT TECHNOLOGIES RO SRL,KS-MM-RD-2,430,final,2024-01-11,actual,12000.00,NO. 5 OF 04.10.2023,INVOICED_ACCOUNTING,Da,,BT.BIT 586,ron,2024-01-11,0
KEYSIGHT TECHNOLOGIES RO SRL,KS-MM-RD-2,431,final,2024-02-12,actual,12600.00,NO. 5 OF 04.10.2023,INVOICED_ACCOUNTING,Da,,BT.BIT 603,ron,2024-02-12,0
KEYSIGHT TECHNOLOGIES RO SRL,KS-MM-RD-2,432,final,2024-03-01,actual,12600.00,NO. 5 OF 04.10.2023,INVOICED_ACCOUNTING,Da,,BT.BIT 613,ron,2024-03-01,0
KEYSIGHT TECHNOLOGIES RO SRL,KS-MM-RD-2,433,final,2024-04-09,actual,13200.00,NO. 5 OF 04.10.2023,INVOICED_ACCOUNTING,Da,,BT.BIT 627,ron,2024-04-09,0
KEYSIGHT TECHNOLOGIES RO SRL,KS-MM-RD-2,434,final,2024-05-14,actual,12000.00,NO. 5 OF 04.10.2023,INVOICED_ACCOUNTING,Da,,BT.BIT 640,ron,2024-05-14,0
KEYSIGHT TECHNOLOGIES RO SRL,KS-MM-RD-2,435,final,2024-06-06,actual,11400.00,NO. 5 OF 04.10.2023,INVOICED_ACCOUNTING,Da,,BT.BIT 653,ron,2024-06-06,0
KEYSIGHT TECHNOLOGIES RO SRL,KS-MM-RD-2,436,final,2024-07-02,actual,13800.00,NO. 5 OF 04.10.2023,INVOICED_ACCOUNTING,Da,,BT.BIT 668,ron,2024-07-02,0
KEYSIGHT TECHNOLOGIES RO SRL,KS-MM-RD-2,437,final,2024-08-01,actual,13800.00,NO. 5 OF 04.10.2023,INVOICED_ACCOUNTING,Da,,BT.BIT 687,ron,2024-08-01,0
KEYSIGHT TECHNOLOGIES RO SRL,KS-MM-RD-2,438,final,2024-09-02,actual,7800.00,NO. 5 OF 04.10.2023,INVOICED_ACCOUNTING,Da,,BT.BIT 703,ron,2024-09-02,0
KEYSIGHT TECHNOLOGIES RO SRL,KS-MM-RD-2,439,final,2024-10-04,actual,13800.00,NO. 5 OF 04.10.2023,INVOICED_ACCOUNTING,Da,,BT.BIT 717,ron,2024-10-03,1
KEYSIGHT TECHNOLOGIES RO SRL,KS-MM-RD-2,440,final,2024-11-05,actual,12600.00,NO. 5 OF 04.10.2023,INVOICED_ACCOUNTING,Da,,BT.BIT 750,ron,2024-11-11,6
KEYSIGHT TECHNOLOGIES RO SRL,KS-MM-RD-2,441,final,2024-12-07,actual,12600.00,NO. 5 OF 04.10.2023,INVOICED_ACCOUNTING,Da,,BT.BIT 765,ron,2024-12-03,4
KEYSIGHT TECHNOLOGIES RO SRL,KS-MM-RD-2,442,final,2025-01-02,actual,10809.13,NO. 5 OF 04.10.2023,INVOICED_ACCOUNTING,Da,,BT.BIT 796,ron,2025-01-15,13
KEYSIGHT TECHNOLOGIES RO SRL,KS-MM-RD-2,443,final,2025-02-02,actual,12000.00,NO. 5 OF 04.10.2023,INVOICED_ACCOUNTING,Da,,BT.BIT 817,ron,2025-02-03,1
KEYSIGHT TECHNOLOGIES RO SRL,KS-MM-RD-2,444,final,2025-03-02,actual,12000.00,NO. 5 OF 04.10.2023,INVOICED_ACCOUNTING,Da,,BT.BIT 834,ron,2025-03-06,4
KEYSIGHT TECHNOLOGIES RO SRL,KS-MM-RD-2,445,final,2025-04-02,actual,13200.00,NO. 5 OF 04.10.2023,INVOICED_ACCOUNTING,Da,,BT.BIT 857,ron,2025-04-02,0
KEYSIGHT TECHNOLOGIES RO SRL,KS-MM-RD-2,446,final,2025-05-14,actual,12600.00,NO. 5 OF 04.10.2023,INVOICED_ACCOUNTING,Da,,BT.BIT 886,ron,2025-05-13,1
KEYSIGHT TECHNOLOGIES RO SRL,KS-MM-RD-2,447,final,2025-06-11,actual,2700.00,NO. 5 OF 04.10.2023,INVOICED_ACCOUNTING,Da,,BT.BIT 920,ron,2025-06-16,5
KEYSIGHT TECHNOLOGIES RO SRL,KS-MM-RD-2,448,final,2025-07-09,actual,6900.00,NO. 5 OF 04.10.2023,INVOICED_ACCOUNTING,Da,,BT.BIT 935,ron,2025-07-02,7
KEYSIGHT TECHNOLOGIES RO SRL,KS-MM-RD-2,449,final,2025-08-04,actual,6000.00,NO. 5 OF 04.10.2023,INVOICED_ACCOUNTING,Da,,BT.BIT 963,ron,2025-08-04,0
KEYSIGHT TECHNOLOGIES RO SRL,KS-MM-RD-2,450,final,2025-09-05,actual,6900.00,NO. 5 OF 04.10.2023,INVOICED_ACCOUNTING,Da,,BT.R.BIT 12,ron,2025-09-02,3
KEYSIGHT TECHNOLOGIES RO SRL,KS-MM-RD-2,451,final,2025-10-20,actual,6900.00,NO. 5 OF 04.10.2023,INVOICED_ACCOUNTING,Da,,BT.R.BIT 39,ron,2025-10-20,0
KEYSIGHT TECHNOLOGIES RO SRL,KS-MM-RD-2,452,final,2025-11-26,actual,6900.00,NO. 5 OF 04.10.2023,INVOICED_ACCOUNTING,Da,,BT.R.BIT 66,ron,2025-11-26,0
KEYSIGHT TECHNOLOGIES RO SRL,KS-MM-RD-2,453,final,2025-12-23,actual,6900.00,NO. 5 OF 04.10.2023,INVOICED_ACCOUNTING,Da,,BT.R.BIT 94,ron,2025-12-23,0
KEYSIGHT TECHNOLOGIES RO SRL,KS-MM-RD-2,454,final,2026-01-02,actual,6900.00,NO. 6 OF 04.10.2025,INVOICED_ACCOUNTING,Da,,BT.R.BIT 121,ron,2026-01-20,18
KEYSIGHT TECHNOLOGIES RO SRL,KS-MM-RD-2,455,final,2026-02-13,actual,6900.00,NO. 6 OF 04.10.2026,INVOICED_ACCOUNTING,Da,,BT.R.BIT 148,ron,2026-02-13,0
KEYSIGHT TECHNOLOGIES RO SRL,KS-MM-RD-2,456,final,2026-03-20,actual,6900.00,NO. 6 OF 04.10.2027,INVOICED_ACCOUNTING,Da,,BT.R.BIT 174,ron,2026-03-20,0
KEYSIGHT TECHNOLOGIES RO SRL,KS-MM-RD-2,457,final,2026-04-29,actual,6900.00,NO. 6 OF 04.10.2028,INVOICED_ACCOUNTING,Da,,BT.R.BIT 203,ron,2026-04-29,0
KEYSIGHT TECHNOLOGIES RO SRL,KS-MM-RD-2,458,final,2026-05-25,actual,6900.00,NO. 6 OF 04.10.2029,INVOICED_ACCOUNTING,Da,,BT.R.BIT 232,ron,2026-05-25,0
KEYSIGHT TECHNOLOGIES RO SRL,KS-MM-RD-2,459,final,2026-06-19,actual,6900.00,NO. 6 OF 04.10.2030,INVOICED_ACCOUNTING,Da,,BT.R.BIT 261,ron,2026-06-17,2
KEYSIGHT TECHNOLOGIES RO SRL,KS-MM-RD-2,460,final,2026-07-03,estimated,6900.00,NO. 6 OF 04.10.2031,INVOICED_ACCOUNTING,Nu,TRACKER_FLAG_STALE_NOT_BILLED,BT.R.BIT 290,ron,2026-07-18,15
KEYSIGHT TECHNOLOGIES RO SRL,KS-MM-RD-2,461,final,2026-08-03,estimated,6900.00,NO. 6 OF 04.10.2032,INVOICED_ACCOUNTING,Nu,TRACKER_FLAG_STALE_NOT_BILLED,BT.BIT 1082,ron,2026-06-25,39
KEYSIGHT TECHNOLOGIES RO SRL,KS-MM-RD-2,462,final,2026-09-03,estimated,6900.00,NO. 6 OF 04.10.2033,UPCOMING,Nu,,,,,
KEYSIGHT TECHNOLOGIES RO SRL,KS-MM-RD-2,463,final,2026-10-03,estimated,6900.00,NO. 6 OF 04.10.2034,UPCOMING,Nu,,,,,
Krankenhaus Bethanien gGmbH,RED-PEN-B-E-BP-<400>,1480,avans,2025-08-12,actual,5250.00,NO. 347/9.7.2025,INVOICED_ACCOUNTING,Da,,BT.BIT 249,valuta,2025-08-12,0
Krankenhaus Bethanien gGmbH,RED-PEN-B-I-BP-<800>,1481,avans,2025-08-12,actual,5250.00,NO. 347/9.7.2025,PAST_UNMATCHED,Da,TRACKER_SAYS_BILLED_NOT_FOUND,,,,
Krankenhaus Bethanien gGmbH,RED-PEN-B-E-BP-<400>,1480,final,2025-09-30,actual,5250.00,NO. 347/9.7.2025,INVOICED_ACCOUNTING,Da,,BT.BIT 256,valuta,2025-09-30,0
Krankenhaus Bethanien gGmbH,RED-PEN-B-I-BP-<800>,1481,final,2025-09-30,actual,5250.00,NO. 347/9.7.2025,PAST_UNMATCHED,Da,TRACKER_SAYS_BILLED_NOT_FOUND,,,,
La Fantana SRL,CONSULTANCY-MISC-100,946,avans,2024-01-23,actual,3000.00,contract cadru cu diverse servicii de securitate,INVOICED_ACCOUNTING,Da,,BT.BIT 593,ron,2024-01-23,0
La Fantana SRL,CONSULTANCY-MISC-100,946,final,2024-03-29,actual,4500.00,contract cadru cu diverse servicii de securitate,INVOICED_ACCOUNTING,Da,,BT.BIT 754,ron,2024-11-25,241
La Fantana SRL,RED-PEN-B-E-B-25,947,avans,2024-10-25,actual,3168.00,ACT ADITIONAL NR. 1 DIN 22.10.2024 la contractul Nr. 283/22.01.2024,INVOICED_ACCOUNTING,Da,,BT.BIT 730,ron,2024-10-25,0
La Fantana SRL,RED-PEN-B-E-B-25,947,final,2024-11-22,actual,4752.00,ACT ADITIONAL NR. 1 DIN 22.10.2024 la contractul Nr. 283/22.01.2024,INVOICED_ACCOUNTING,Da,,BT.BIT 752,ron,2024-11-22,0
Lanceria Freelancing SRL,RED-PEN-S-WB-1,154,avans,2022-05-30,actual,5250.00,224/30.05.2022,INVOICED_ACCOUNTING,Da,,BT.BIT 353,ron,2022-05-30,0
Lanceria Freelancing SRL,RED-PEN-S-WB-1,154,final,2022-07-30,estimated,5250.00,224/30.05.2022,PAST_UNMATCHED,Nu,,,,,
LATITUDE BUSINESS APPLICATION SRL,RED-PEN-B-E-B-6,1439,avans,2025-03-04,actual,1560.00,326/27.1.2025,INVOICED_ACCOUNTING,Da,,BT.BIT 825,ron,2025-03-04,0
LATITUDE BUSINESS APPLICATION SRL,RED-PEN-B-E-B-6,1439,final,2025-03-17,actual,3900.00,326/27.1.2025,INVOICED_ACCOUNTING,Da,,BT.BIT 848,ron,2025-03-17,0
LATITUDE BUSINESS APPLICATION SRL,RED-PEN-B-E-B-7,1440,avans,2026-03-03,actual,2100.00,326/27.1.2025,INVOICED_ACCOUNTING,Da,,BT.BIT 1035,ron,2026-03-04,1
LATITUDE BUSINESS APPLICATION SRL,RED-PEN-B-E-B-7,1440,final,2026-03-16,actual,2100.00,326/27.1.2025,PAST_UNMATCHED,Da,TRACKER_SAYS_BILLED_NOT_FOUND,,,,
"LiveAuctioneers, LLC,",BLUE-IR-300,121,avans,2020-07-16,actual,15360.00,167/16.07.2020,INVOICED_ACCOUNTING,Da,,BT.BIT 73,valuta,2020-07-16,0
"LiveAuctioneers, LLC,",BLUE-IR-300,121,final,2020-08-11,actual,10240.00,167/16.07.2020,INVOICED_ACCOUNTING,Da,,BT.BIT 76,valuta,2020-08-11,0
"LiveAuctioneers, LLC,",BLUE-IR-90,122,final,2022-10-03,actual,5400.00,167/16.07.2020,INVOICED_ACCOUNTING,Da,,BT.BIT 159,valuta,2022-10-03,0
M247 Europe S.R.L.,CONSULTANCY-MISC-5,1472,final,2025-06-27,actual,2490.00,NO. 342/12.5.2025,INVOICED_ACCOUNTING,Da,,BT.BIT 924,ron,2025-06-27,0
M247 Europe S.R.L.,CONSULTANCY-MISC-7,1473,final,2025-07-31,actual,3735.00,NO. 342/12.5.2025,INVOICED_ACCOUNTING,Da,,BT.BIT 952,ron,2025-07-31,0
M247 Europe S.R.L.,RED-PEN-B-E-B-15,1476,final,2025-07-31,actual,7175.00,NO. 342/12.5.2025,INVOICED_ACCOUNTING,Da,,BT.BIT 953,ron,2025-07-31,0
M247 Europe S.R.L.,CONSULTANCY-MISC-5,1474,final,2025-08-29,actual,2490.00,NO. 342/12.5.2025,INVOICED_ACCOUNTING,Da,,BT.BIT 976,ron,2025-08-29,0
M247 Europe S.R.L.,CONSULTANCY-MISC-7,1475,final,2025-10-31,actual,3735.00,NO. 342/12.5.2025,INVOICED_ACCOUNTING,Da,,BT.BIT_ 971,ron,2025-10-31,0
M247 Europe S.R.L.,RED-PEN-B-E-B-15,1477,final,2026-04-14,actual,7175.00,NO. 342/12.5.2025,INVOICED_ACCOUNTING,Da,,BT.BIT 1062,ron,2026-04-14,0
MACROMEX SRL,RED-PEN-B-I-B-500,141,avans,2022-04-18,actual,3860.00,220/15.04.2022,INVOICED_ACCOUNTING,Da,,BT.BIT 342,ron,2022-04-18,0
MACROMEX SRL,RED-AUDIT-A-10,142,avans,2022-04-18,actual,2000.00,220/15.04.2022,PAST_UNMATCHED,Da,TRACKER_SAYS_BILLED_NOT_FOUND,,,,
MACROMEX SRL,RED-PEN-B-I-B-500,141,final,2022-09-12,actual,5790.00,220/15.04.2022,INVOICED_ACCOUNTING,Da,,BT.BIT 393,ron,2022-09-12,0
MACROMEX SRL,RED-AUDIT-A-10,142,final,2022-09-12,actual,3000.00,220/15.04.2022,INVOICED_ACCOUNTING,Da,,BT.BIT 379,ron,2022-08-05,38
MAIB IFN S.A.,RED-PEN-B-E-B-13,1556,final,2026-01-26,actual,8320.00,CONTRACT-CADRU DE PRESTARI SERVICII NR. 362/22.9.2025,INVOICED_ACCOUNTING,Da,,BT.BIT 1013,ron,2026-01-26,0
MAZARINE ENERGY ROMANIA S.R.L.,CONSULTANCY-MISC-7,1583,final,2026-06-30,estimated,5900.00,CONTRACT-CADRU DE PRESTARI SERVICII NR. BSS 395/17.3.2026 MER NR.8 DIN 17 MARTIE 2026,PAST_UNMATCHED,Nu,,,,,
MED SERV UNITED SRL,RED-NIS-C-PEN-100,837,avans,2023-05-12,actual,1040.00,637/20.04.2023,INVOICED_ACCOUNTING,Da,,BT.BIT 478,ron,2023-05-12,0
MED SERV UNITED SRL,RED-NIS-C-AUDIT-100,838,avans,2023-05-12,actual,560.00,637/20.04.2023,PAST_UNMATCHED,Da,TRACKER_SAYS_BILLED_NOT_FOUND,,,,
MED SERV UNITED SRL,RED-NIS-C-PEN-100,837,final,2023-08-31,actual,1560.00,637/20.04.2023,INVOICED_ACCOUNTING,Da,,BT.BIT 524,ron,2023-08-31,0
MED SERV UNITED SRL,RED-NIS-C-AUDIT-100,838,final,2023-08-31,actual,840.00,637/20.04.2023,INVOICED_ACCOUNTING,Da,,BT.BIT 506,ron,2023-07-10,52
SC. MEDPLAZA HEALTH SRL,BLUE-IR-9,1590,avans,2026-06-02,actual,0.00,NR. 403/01.09.2026,PAST_UNMATCHED,Da,TRACKER_SAYS_BILLED_NOT_FOUND,,,,
SC. MEDPLAZA HEALTH SRL,BLUE-IR-9,1590,final,2026-06-10,estimated,7700.00,NR. 403/01.09.2026,INVOICED_ACCOUNTING,N/A,TRACKER_FLAG_STALE_NOT_BILLED,BT.BIT 1073,ron,2026-06-10,0
MeisterLabs GmbH,RED-PEN-B-E-B-30,1267,avans,2024-05-31,actual,6750.00,293/28.05.2024,INVOICED_ACCOUNTING,Da,,BT.BIT 191,valuta,2024-05-31,0
MeisterLabs GmbH,RED-PEN-B-E-B-30,1267,final,2024-07-08,actual,6750.00,293/28.05.2024,INVOICED_ACCOUNTING,Da,,BT.BIT 195,valuta,2024-07-03,5
MeisterLabs GmbH,RED-PEN-B-E-B-30,1268,final,2025-08-25,actual,9000.00,293/28.05.2024,INVOICED_ACCOUNTING,Da,,BT.BIT 250,valuta,2025-08-25,0
MeisterLabs GmbH,RED-PEN-B-E-B-18,1269,final,2026-06-19,actual,9000.00,293/28.05.2024,INVOICED_ACCOUNTING,Da,,BT.R.BIT 204,valuta,2026-06-19,0
MENDOLA INVESTMENT GROUP S.A.,BLUE-MDR-C-9,1484,avans,2025-08-29,actual,1700.00,Nr. 1223/13.08.2025 Nr. 352/13.08.2025,PAST_UNMATCHED,Da,TRACKER_SAYS_BILLED_NOT_FOUND,,,,
MENDOLA INVESTMENT GROUP S.A.,BLUE-MDR-C-9,1484,final,2025-08-29,estimated,0.00,Nr. 1223/13.08.2025 Nr. 352/13.08.2025,PAST_UNMATCHED,Nu,,,,,
MENDOLA INVESTMENT GROUP S.A.,BLUE-MDR-C-9,1485,final,2025-09-05,actual,1377.00,Nr. 1223/13.08.2025 Nr. 352/13.08.2025,PAST_UNMATCHED,Da,TRACKER_SAYS_BILLED_NOT_FOUND,,,,
MENDOLA INVESTMENT GROUP S.A.,BLUE-MDR-C-9,1486,final,2025-10-20,actual,1377.00,Nr. 1223/13.08.2025 Nr. 352/13.08.2025,PAST_UNMATCHED,Da,TRACKER_SAYS_BILLED_NOT_FOUND,,,,
MENDOLA INVESTMENT GROUP S.A.,BLUE-MDR-C-9,1487,final,2025-11-26,actual,1377.00,Nr. 1223/13.08.2025 Nr. 352/13.08.2025,PAST_UNMATCHED,Da,TRACKER_SAYS_BILLED_NOT_FOUND,,,,
MENDOLA INVESTMENT GROUP S.A.,BLUE-MDR-C-9,1488,final,2025-12-23,actual,1377.00,Nr. 1223/13.08.2025 Nr. 352/13.08.2025,PAST_UNMATCHED,Da,TRACKER_SAYS_BILLED_NOT_FOUND,,,,
MENDOLA INVESTMENT GROUP S.A.,BLUE-MDR-C-9,1489,final,2026-01-20,actual,1377.00,Nr. 1223/13.08.2025 Nr. 352/13.08.2025,PAST_UNMATCHED,Da,TRACKER_SAYS_BILLED_NOT_FOUND,,,,
MENDOLA INVESTMENT GROUP S.A.,BLUE-MDR-C-9,1490,final,2026-02-13,actual,1377.00,Nr. 1223/13.08.2025 Nr. 352/13.08.2025,PAST_UNMATCHED,Da,TRACKER_SAYS_BILLED_NOT_FOUND,,,,
MENDOLA INVESTMENT GROUP S.A.,BLUE-MDR-C-9,1491,final,2026-03-20,actual,1377.00,Nr. 1223/13.08.2025 Nr. 352/13.08.2025,PAST_UNMATCHED,Da,TRACKER_SAYS_BILLED_NOT_FOUND,,,,
MENDOLA INVESTMENT GROUP S.A.,BLUE-MDR-C-9,1492,final,2026-04-29,actual,1377.00,Nr. 1223/13.08.2025 Nr. 352/13.08.2025,PAST_UNMATCHED,Da,TRACKER_SAYS_BILLED_NOT_FOUND,,,,
MENDOLA INVESTMENT GROUP S.A.,BLUE-MDR-C-9,1493,final,2026-05-25,actual,1377.00,Nr. 1223/13.08.2025 Nr. 352/13.08.2025,PAST_UNMATCHED,Da,TRACKER_SAYS_BILLED_NOT_FOUND,,,,
MENDOLA INVESTMENT GROUP S.A.,BLUE-MDR-C-9,1494,final,2026-06-05,estimated,1377.00,Nr. 1223/13.08.2025 Nr. 352/13.08.2025,PAST_UNMATCHED,Nu,,,,,
MENDOLA INVESTMENT GROUP S.A.,BLUE-MDR-C-9,1495,final,2026-07-05,estimated,1377.00,Nr. 1223/13.08.2025 Nr. 352/13.08.2025,PAST_UNMATCHED,Nu,,,,,
MENDOLA INVESTMENT GROUP S.A.,BLUE-MDR-C-9,1496,final,2026-08-05,estimated,1377.00,Nr. 1223/13.08.2025 Nr. 352/13.08.2025,UPCOMING,Nu,,,,,
Meridian Taxi S.R.L.,RED-VA-E-B-<4>,1587,final,2026-05-21,actual,500.00,CONTRACT-CADRU DE PRESTĂRI SERVICII NR. 398 DIN 11.05.2026,INVOICED_ACCOUNTING,Da,,BT.BIT1069,ron,2026-05-21,0
Metaminds S.A.,RED-PEN-B-E-B-7,1311,avans,2024-07-29,actual,0.00,MMS2024175 / 26.07.2024,PAST_UNMATCHED,N/A,,,,,
Metaminds S.A.,RED-PEN-B-E-B-7,1311,final,2024-12-10,actual,5500.00,MMS2024175 / 26.07.2024,INVOICED_ACCOUNTING,Da,,BT.BIT 773,ron,2024-12-11,1
MILLENIUM PRO DESIGN SRL,BLUE-IR-5,1340,avans,2025-01-23,actual,7125.00,Nr. 325/15.1.2025,INVOICED_ACCOUNTING,Da,,BT.BIT 804,ron,2025-01-23,0
MILLENIUM PRO DESIGN SRL,RED-PEN-B-I-B-50,1341,avans,2025-01-23,actual,4400.00,Nr. 325/15.1.2025,INVOICED_ACCOUNTING,Da,,BT.BIT 805,ron,2025-01-23,0
MILLENIUM PRO DESIGN SRL,BLUE-IR-5,1340,final,2025-02-21,actual,,Nr. 325/15.1.2025,PAST_UNMATCHED,Da,TRACKER_SAYS_BILLED_NOT_FOUND,,,,
MILLENIUM PRO DESIGN SRL,RED-PEN-B-I-B-50,1341,final,2025-02-21,actual,8800.00,Nr. 325/15.1.2025,INVOICED_ACCOUNTING,Da,,BT.BIT 844,ron,2025-03-14,21
MILLENIUM PRO DESIGN SRL,BLUE-MDR-C-12,1342,final,2025-04-30,actual,1800.00,Act aditional nr. 1 din 21.3.2025 la contractul Nr. 325/15.1.2025,INVOICED_ACCOUNTING,Da,,BT.BIT 842,ron,2025-03-14,47
MILLENIUM PRO DESIGN SRL,BLUE-MDR-C-12,1343,final,2025-05-05,actual,1800.00,Act aditional nr. 1 din 21.3.2025 la contractul Nr. 325/15.1.2025,INVOICED_ACCOUNTING,Da,,BT.BIT 874,ron,2025-04-30,5
MILLENIUM PRO DESIGN SRL,BLUE-MDR-C-12,1344,final,2025-06-16,actual,1800.00,Act aditional nr. 1 din 21.3.2025 la contractul Nr. 325/15.1.2025,INVOICED_ACCOUNTING,Da,,BT.BIT 916,ron,2025-06-16,0
MILLENIUM PRO DESIGN SRL,BLUE-MDR-C-12,1345,final,2025-07-10,actual,1800.00,Act aditional nr. 1 din 21.3.2025 la contractul Nr. 325/15.1.2025,INVOICED_ACCOUNTING,Da,,BT.BIT 941,ron,2025-07-02,8
MILLENIUM PRO DESIGN SRL,BLUE-MDR-C-12,1346,final,2025-08-04,actual,1800.00,Act aditional nr. 1 din 21.3.2025 la contractul Nr. 325/15.1.2025,INVOICED_ACCOUNTING,Da,,BT.BIT 969,ron,2025-08-04,0
MILLENIUM PRO DESIGN SRL,BLUE-MDR-C-12,1347,final,2025-09-05,actual,1800.00,Act aditional nr. 1 din 21.3.2025 la contractul Nr. 325/15.1.2025,INVOICED_ACCOUNTING,Da,,BT.R.BIT 20,ron,2025-09-02,3
MILLENIUM PRO DESIGN SRL,BLUE-MDR-C-12,1348,final,2025-10-20,actual,1800.00,Act aditional nr. 1 din 21.3.2025 la contractul Nr. 325/15.1.2025,INVOICED_ACCOUNTING,Da,,BT.R.BIT 47,ron,2025-10-20,0
MILLENIUM PRO DESIGN SRL,BLUE-MDR-C-12,1349,final,2025-11-26,actual,1800.00,Act aditional nr. 1 din 21.3.2025 la contractul Nr. 325/15.1.2025,INVOICED_ACCOUNTING,Da,,BT.R.BIT 74,ron,2025-11-26,0
MILLENIUM PRO DESIGN SRL,BLUE-MDR-C-12,1350,final,2025-12-23,actual,1800.00,Act aditional nr. 1 din 21.3.2025 la contractul Nr. 325/15.1.2025,INVOICED_ACCOUNTING,Da,,BT.R.BIT 101,ron,2025-12-23,0
MILLENIUM PRO DESIGN SRL,BLUE-MDR-C-12,1351,final,2026-01-20,actual,1800.00,Act aditional nr. 1 din 21.3.2025 la contractul Nr. 325/15.1.2025,INVOICED_ACCOUNTING,Da,,BT.R.BIT 128,ron,2026-01-20,0
MILLENIUM PRO DESIGN SRL,BLUE-MDR-C-12,1352,final,2026-02-13,actual,1800.00,Act aditional nr. 1 din 21.3.2025 la contractul Nr. 325/15.1.2025,INVOICED_ACCOUNTING,Da,,BT.R.BIT 156,ron,2026-02-13,0
MILLENIUM PRO DESIGN SRL,BLUE-MDR-C-12,1353,final,2026-03-20,actual,1800.00,Act aditional nr. 1 din 21.3.2025 la contractul Nr. 325/15.1.2025,INVOICED_ACCOUNTING,Da,,BT.R.BIT 177,ron,2026-03-20,0
MILLENIUM PRO DESIGN SRL,BLUE-MDR-C-12,1354,final,2026-04-29,actual,1800.00,Act aditional nr. 1 din 21.3.2025 la contractul Nr. 325/15.1.2025,INVOICED_ACCOUNTING,Da,,BT.R.BIT 206,ron,2026-04-29,0
MILLENIUM PRO DESIGN SRL,BLUE-MDR-C-12,1355,final,2026-05-25,actual,1800.00,Act aditional nr. 1 din 21.3.2025 la contractul Nr. 325/15.1.2025,INVOICED_ACCOUNTING,Da,,BT.R.BIT 235,ron,2026-05-25,0
MILLENIUM PRO DESIGN SRL,BLUE-MDR-C-12,1356,final,2026-06-19,actual,1800.00,Act aditional nr. 1 din 21.3.2025 la contractul Nr. 325/15.1.2025,INVOICED_ACCOUNTING,Da,,BT.R.BIT 264,ron,2026-06-17,2
MILLENIUM PRO DESIGN SRL,BLUE-MDR-C-12,1357,final,2026-07-05,estimated,1800.00,Act aditional nr. 1 din 21.3.2025 la contractul Nr. 325/15.1.2025,INVOICED_ACCOUNTING,Nu,TRACKER_FLAG_STALE_NOT_BILLED,BT.R.BIT 293,ron,2026-07-18,13
MILLENIUM PRO DESIGN SRL,BLUE-MDR-C-12,1358,final,2026-08-05,estimated,1800.00,Act aditional nr. 1 din 21.3.2025 la contractul Nr. 325/15.1.2025,UPCOMING,Nu,,,,,
MILLENIUM PRO DESIGN SRL,BLUE-MDR-C-12,1359,final,2026-09-05,estimated,1800.00,Act aditional nr. 1 din 21.3.2025 la contractul Nr. 325/15.1.2025,UPCOMING,Nu,,,,,
MILLENIUM PRO DESIGN SRL,BLUE-MDR-C-12,1360,final,2026-10-05,estimated,1800.00,Act aditional nr. 1 din 21.3.2025 la contractul Nr. 325/15.1.2025,UPCOMING,Nu,,,,,
MILLENIUM PRO DESIGN SRL,BLUE-MDR-C-12,1361,final,2026-11-05,estimated,1800.00,Act aditional nr. 1 din 21.3.2025 la contractul Nr. 325/15.1.2025,UPCOMING,Nu,,,,,
MILLENIUM PRO DESIGN SRL,BLUE-MDR-C-12,1362,final,2026-12-05,estimated,1800.00,Act aditional nr. 1 din 21.3.2025 la contractul Nr. 325/15.1.2025,UPCOMING,Nu,,,,,
MILLENIUM PRO DESIGN SRL,BLUE-MDR-C-12,1363,final,2027-01-05,estimated,1800.00,Act aditional nr. 1 din 21.3.2025 la contractul Nr. 325/15.1.2025,UPCOMING,Nu,,,,,
MILLENIUM PRO DESIGN SRL,BLUE-MDR-C-12,1364,final,2027-02-05,estimated,1800.00,Act aditional nr. 1 din 21.3.2025 la contractul Nr. 325/15.1.2025,UPCOMING,Nu,,,,,
MILLENIUM PRO DESIGN SRL,BLUE-MDR-C-12,1365,final,2027-03-05,estimated,1800.00,Act aditional nr. 1 din 21.3.2025 la contractul Nr. 325/15.1.2025,UPCOMING,Nu,,,,,
Mindit Consulting S.R.L.,RED-VA-I-B-25,31,final,2022-02-11,actual,750.00,NR.204 DIN 25.11.2021,INVOICED_ACCOUNTING,Da,,BT.BIT 318,ron,2022-01-13,29
MOON PAY LIMITED,RED-PEN-S-WB-1,32,avans,2020-02-26,actual,2850.00,155/24.02.2020,INVOICED_ACCOUNTING,Da,,BT.BIT 65,valuta,2020-02-26,0
MOON PAY LIMITED,RED-PEN-S-WB-1,32,final,2020-03-13,actual,4275.00,155/24.02.2020,PAST_UNMATCHED,Da,TRACKER_SAYS_BILLED_NOT_FOUND,,,,
MOON PAY LIMITED,RED-C-M-MM-16,33,final,2020-06-02,actual,750.00,155/24.02.2020,INVOICED_ACCOUNTING,Da,,BT.BIT 69,valuta,2020-06-02,0
MOON PAY LIMITED,RED-C-M-MM-16,34,final,2020-07-06,actual,750.00,155/24.02.2020,INVOICED_ACCOUNTING,Da,,BT.BIT 71,valuta,2020-07-06,0
MOON PAY LIMITED,RED-C-M-MM-16,35,final,2020-08-03,actual,750.00,155/24.02.2020,INVOICED_ACCOUNTING,Da,,BT.BIT 75,valuta,2020-08-03,0
MOON PAY LIMITED,RED-C-M-MM-16,36,final,2020-09-01,actual,750.00,155/24.02.2020,INVOICED_ACCOUNTING,Da,,BT.BIT 78,valuta,2020-09-01,0
MOON PAY LIMITED,RED-C-M-MM-16,37,final,2020-10-01,actual,750.00,155/24.02.2020,INVOICED_ACCOUNTING,Da,,BT.BIT 80,valuta,2020-10-01,0
MOON PAY LIMITED,RED-C-M-MM-16,38,final,2020-11-02,actual,750.00,155/24.02.2020,INVOICED_ACCOUNTING,Da,,BT.BIT 82,valuta,2020-11-02,0
MOON PAY LIMITED,RED-C-M-MM-16,39,final,2020-12-02,actual,750.00,155/24.02.2020,INVOICED_ACCOUNTING,Da,,BT.BIT 84,valuta,2020-12-02,0
MOON PAY LIMITED,RED-C-M-MM-16,40,final,2021-01-14,actual,750.00,155/24.02.2020,INVOICED_ACCOUNTING,Da,,BT.BIT 88,valuta,2021-01-14,0
MOON PAY LIMITED,RED-C-M-MM-16,41,final,2021-02-01,actual,750.00,155/24.02.2020,INVOICED_ACCOUNTING,Da,,BT.BIT 89,valuta,2021-02-01,0
MOON PAY LIMITED,RED-C-M-MM-16,42,final,2021-03-02,actual,750.00,155/24.02.2020,INVOICED_ACCOUNTING,Da,,BT.BIT 93,valuta,2021-03-02,0
MOON PAY LIMITED,RED-C-M-MM-16,43,final,2021-04-01,actual,750.00,155/24.02.2020,INVOICED_ACCOUNTING,Da,,BT.BIT 94,valuta,2021-04-01,0
MOON PAY LIMITED,RED-C-M-MM-16,44,final,2021-05-04,actual,750.00,155/24.02.2020,INVOICED_ACCOUNTING,Da,,BT.BIT 96,valuta,2021-05-04,0
MOON PAY LIMITED,RED-C-M-MM-16,45,final,2021-06-04,actual,750.00,155/24.02.2020,INVOICED_ACCOUNTING,Da,,BT.BIT 99,valuta,2021-06-04,0
MOON PAY LIMITED,RED-C-M-MM-16,46,final,2021-07-02,actual,750.00,155/24.02.2020,INVOICED_ACCOUNTING,Da,,BT.BIT 102,valuta,2021-07-02,0
MOON PAY LIMITED,RED-C-M-MM-16,47,final,2021-08-02,actual,750.00,155/24.02.2020,INVOICED_ACCOUNTING,Da,,BT.BIT 104,valuta,2021-08-02,0
MOON PAY LIMITED,RED-C-M-MM-16,48,final,2021-09-01,actual,750.00,155/24.02.2020,INVOICED_ACCOUNTING,Da,,BT.BIT 109,valuta,2021-09-01,0
MOON PAY LIMITED,RED-C-M-MM-16,49,final,2021-10-04,actual,750.00,155/24.02.2020,INVOICED_ACCOUNTING,Da,,BT.BIT 113,valuta,2021-10-04,0
MOON PAY LIMITED,RED-C-M-MM-16,50,final,2021-11-01,actual,750.00,155/24.02.2020,INVOICED_ACCOUNTING,Da,,BT.BIT 117,valuta,2021-11-01,0
MOON PAY LIMITED,RED-C-M-MM-16,51,final,2021-12-02,actual,750.00,155/24.02.2020,INVOICED_ACCOUNTING,Da,,BT.BIT 122,valuta,2021-12-02,0
MOON PAY LIMITED,RED-C-M-MM-16,52,final,2022-01-04,actual,750.00,155/24.02.2020,INVOICED_ACCOUNTING,Da,,BT.BIT 131,valuta,2022-01-04,0
MOON PAY LIMITED,RED-C-M-MM-16,53,final,2022-02-03,actual,750.00,155/24.02.2020,INVOICED_ACCOUNTING,Da,,BT.BIT 135,valuta,2022-02-03,0
MOON PAY LIMITED,RED-C-M-MM-16,54,final,2022-03-03,actual,750.00,155/24.02.2020,INVOICED_ACCOUNTING,Da,,BT.BIT 139,valuta,2022-03-03,0
MOON PAY LIMITED,RED-C-M-MM-16,55,final,2022-04-06,actual,750.00,155/24.02.2020,INVOICED_ACCOUNTING,Da,,BT.BIT 142,valuta,2022-04-06,0
MOON PAY LIMITED,RED-C-M-MM-16,56,final,2022-05-09,actual,750.00,155/24.02.2020,INVOICED_ACCOUNTING,Da,,BT.BIT 144,valuta,2022-05-09,0
"MW TEAM INVEST S.R.L.,",RED-NIS-C-PEN-4,102,final,2022-12-21,actual,3000.00,Nr. RO70/33 din data de 22.09.2022,INVOICED_ACCOUNTING,Da,,437,ron,2022-12-21,0
"MW TEAM INVEST S.R.L.,",RED-NIS-C-AUDIT-4,103,final,2022-12-21,actual,3000.00,Nr. RO70/33 din data de 22.09.2022,PAST_UNMATCHED,Da,TRACKER_SAYS_BILLED_NOT_FOUND,,,,
"MW TEAM INVEST S.R.L.,",RED-NIS-C-PEN-4,104,final,2024-12-18,actual,3690.00,Nr. RO70 / 10 / 30.09.2024,INVOICED_ACCOUNTING,Da,,BT.BIT 776,ron,2024-12-18,0
"MW TEAM INVEST S.R.L.,",RED-NIS-C-AUDIT-4,105,final,2024-12-18,actual,3200.00,Nr. RO70 / 10 / 30.09.2024,PAST_UNMATCHED,Da,TRACKER_SAYS_BILLED_NOT_FOUND,,,,
MYCONNECTOR PLATFORM S.R.L.,BLUE-IR-10,1478,final,2025-06-16,actual,6000.00,CONTRACT-CADRU DE PRESTARI SERVICII NR. 343/14.5.2025,INVOICED_ACCOUNTING,Da,,BT.BIT 902,ron,2025-06-16,0
"SOCIETATEA NATIONALĂ „NUCLEARELECTRICA” S.A. (SNN),",CYBEREDU-DEV-EX-1,785,final,2023-06-26,actual,10242.00,Nr. RUEC SNN 234 / 23.02.2023,PAST_UNMATCHED,Da,TRACKER_SAYS_BILLED_NOT_FOUND,,,,
"SOCIETATEA NATIONALĂ „NUCLEARELECTRICA” S.A. (SNN),",CYBEREDU-DEV-T-1,786,final,2023-06-26,actual,10242.00,Nr. RUEC SNN 234 / 23.02.2024,PAST_UNMATCHED,Da,TRACKER_SAYS_BILLED_NOT_FOUND,,,,
NESTLERS & PARTNERS SRL,RED-PEN-B-E-B-5,874,avans,2023-10-06,actual,1668.00,273/02.10.2023,INVOICED_ACCOUNTING,Da,,BT.BIT 546,ron,2023-10-06,0
NESTLERS & PARTNERS SRL,RED-PEN-B-E-B-5,874,final,2023-11-06,actual,2502.00,273/02.10.2023,PAST_UNMATCHED,Da,TRACKER_SAYS_BILLED_NOT_FOUND,,,,
NESTLERS & PARTNERS SRL,BLUE-MDR-C-5,991,avans,2024-03-20,actual,650.00,Nr. 273/02.10.2023,INVOICED_ACCOUNTING,Da,,BT.BIT 618,ron,2024-03-20,0
NESTLERS & PARTNERS SRL,BLUE-MDR-C-5,991,final,2024-04-09,actual,500.00,Nr. 273/02.10.2023,INVOICED_ACCOUNTING,Da,,BT.BIT 633,ron,2024-04-09,0
NESTLERS & PARTNERS SRL,BLUE-MDR-C-5,992,final,2024-05-14,actual,500.00,Nr. 273/02.10.2023,INVOICED_ACCOUNTING,Da,,BT.BIT 646,ron,2024-05-14,0
NESTLERS & PARTNERS SRL,BLUE-MDR-C-5,993,final,2024-06-06,actual,500.00,Nr. 273/02.10.2023,INVOICED_ACCOUNTING,Da,,BT.BIT 659,ron,2024-06-06,0
NESTLERS & PARTNERS SRL,BLUE-MDR-C-5,994,final,2024-07-02,actual,500.00,Nr. 273/02.10.2023,INVOICED_ACCOUNTING,Da,,BT.BIT 674,ron,2024-07-02,0
NESTLERS & PARTNERS SRL,BLUE-MDR-C-5,995,final,2024-08-01,actual,500.00,Nr. 273/02.10.2023,INVOICED_ACCOUNTING,Da,,BT.BIT 693,ron,2024-08-01,0
NESTLERS & PARTNERS SRL,BLUE-MDR-C-5,996,final,2024-09-02,actual,500.00,Nr. 273/02.10.2023,INVOICED_ACCOUNTING,Da,,BT.BIT 709,ron,2024-09-02,0
NESTLERS & PARTNERS SRL,BLUE-MDR-C-5,997,final,2024-10-04,actual,500.00,Nr. 273/02.10.2023,INVOICED_ACCOUNTING,Da,,BT.BIT 723,ron,2024-10-03,1
NESTLERS & PARTNERS SRL,BLUE-MDR-C-5,998,final,2024-11-05,actual,500.00,Nr. 273/02.10.2023,INVOICED_ACCOUNTING,Da,,BT.BIT 748,ron,2024-11-02,3
NESTLERS & PARTNERS SRL,BLUE-MDR-C-5,999,final,2024-12-07,actual,500.00,Nr. 273/02.10.2023,INVOICED_ACCOUNTING,Da,,BT.BIT 770,ron,2024-12-03,4
NESTLERS & PARTNERS SRL,BLUE-MDR-C-5,1000,final,2025-01-05,actual,500.00,Nr. 273/02.10.2023,INVOICED_ACCOUNTING,Da,,BT.BIT 800,ron,2025-01-15,10
NESTLERS & PARTNERS SRL,BLUE-MDR-C-5,1001,final,2025-02-05,actual,500.00,Nr. 273/02.10.2023,INVOICED_ACCOUNTING,Da,,BT.BIT 822,ron,2025-02-03,2
NESTLERS & PARTNERS SRL,BLUE-MDR-C-5,1002,final,2025-03-05,actual,500.00,Nr. 273/02.10.2023,INVOICED_ACCOUNTING,Da,,BT.BIT 838,ron,2025-03-06,1
NESTLERS & PARTNERS SRL,BLUE-MDR-C-5,1003,final,2025-04-05,actual,500.00,Act aditional Nr. 2 la contract 273/02.10.2023,INVOICED_ACCOUNTING,Da,,BT.BIT 862,ron,2025-04-02,3
NESTLERS & PARTNERS SRL,BLUE-MDR-C-5,1004,final,2025-05-05,actual,500.00,Act aditional Nr. 2 la contract 273/02.10.2023,INVOICED_ACCOUNTING,Da,,BT.BIT 891,ron,2025-05-13,8
NESTLERS & PARTNERS SRL,BLUE-MDR-C-5,1005,final,2025-06-16,actual,500.00,Act aditional Nr. 2 la contract 273/02.10.2023,INVOICED_ACCOUNTING,Da,,BT.BIT 915,ron,2025-06-16,0
NESTLERS & PARTNERS SRL,BLUE-MDR-C-5,1006,final,2025-07-10,actual,500.00,Act aditional Nr. 2 la contract 273/02.10.2023,INVOICED_ACCOUNTING,Da,,BT.BIT 940,ron,2025-07-02,8
NESTLERS & PARTNERS SRL,BLUE-MDR-C-5,1007,final,2025-08-04,actual,500.00,Act aditional Nr. 2 la contract 273/02.10.2023,INVOICED_ACCOUNTING,Da,,BT.BIT 968,ron,2025-08-04,0
NESTLERS & PARTNERS SRL,BLUE-MDR-C-5,1008,final,2025-09-05,actual,500.00,Act aditional Nr. 2 la contract 273/02.10.2023,INVOICED_ACCOUNTING,Da,,BT.R.BIT 19,ron,2025-09-02,3
NESTLERS & PARTNERS SRL,BLUE-MDR-C-5,1009,final,2025-10-20,actual,500.00,Act aditional Nr. 2 la contract 273/02.10.2023,INVOICED_ACCOUNTING,Da,,BT.R.BIT 46,ron,2025-10-20,0
NESTLERS & PARTNERS SRL,BLUE-MDR-C-5,1010,final,2025-11-26,actual,500.00,Act aditional Nr. 2 la contract 273/02.10.2023,INVOICED_ACCOUNTING,Da,,BT.R.BIT 73,ron,2025-11-26,0
NESTLERS & PARTNERS SRL,BLUE-MDR-C-5,1011,final,2025-12-23,actual,500.00,Act aditional Nr. 2 la contract 273/02.10.2023,INVOICED_ACCOUNTING,Da,,BT.R.BIT 100,ron,2025-12-23,0
NESTLERS & PARTNERS SRL,BLUE-MDR-C-5,1012,final,2026-01-20,actual,500.00,Act aditional Nr. 2 la contract 273/02.10.2023,INVOICED_ACCOUNTING,Da,,BT.R.BIT 127,ron,2026-01-20,0
NESTLERS & PARTNERS SRL,BLUE-MDR-C-5,1013,final,2026-02-13,actual,500.00,Act aditional Nr. 2 la contract 273/02.10.2023,INVOICED_ACCOUNTING,Da,,BT.R.BIT 155,ron,2026-02-13,0
NESTLERS & PARTNERS SRL,BLUE-MDR-C-5,1014,final,2026-03-20,actual,500.00,Act aditional Nr. 2 la contract 273/02.10.2023,INVOICED_ACCOUNTING,Da,,BT.R.BIT 178,ron,2026-03-20,0
NESTLERS & PARTNERS SRL,BLUE-MDR-C-5,1015,final,2026-04-29,actual,500.00,Act aditional Nr. 2 la contract 273/02.10.2023,INVOICED_ACCOUNTING,Da,,BT.R.BIT 207,ron,2026-04-29,0
NESTLERS & PARTNERS SRL,BLUE-MDR-C-5,1016,final,2026-05-25,actual,500.00,Act aditional Nr. 2 la contract 273/02.10.2023,INVOICED_ACCOUNTING,Da,,BT.R.BIT 236,ron,2026-05-25,0
NESTLERS & PARTNERS SRL,BLUE-MDR-C-5,1017,final,2026-06-19,actual,500.00,Act aditional Nr. 2 la contract 273/02.10.2023,INVOICED_ACCOUNTING,Da,,BT.R.BIT 265,ron,2026-06-17,2
NESTLERS & PARTNERS SRL,BLUE-MDR-C-5,1018,final,2026-07-05,estimated,500.00,Act aditional Nr. 2 la contract 273/02.10.2023,INVOICED_ACCOUNTING,Nu,TRACKER_FLAG_STALE_NOT_BILLED,BT.R.BIT 294,ron,2026-07-18,13
NESTLERS & PARTNERS SRL,BLUE-MDR-C-5,1019,final,2026-08-05,estimated,500.00,Act aditional Nr. 2 la contract 273/02.10.2023,UPCOMING,Nu,,,,,
NESTLERS & PARTNERS SRL,BLUE-MDR-C-5,1020,final,2026-09-05,estimated,500.00,Act aditional Nr. 2 la contract 273/02.10.2023,UPCOMING,Nu,,,,,
NESTLERS & PARTNERS SRL,BLUE-MDR-C-5,1021,final,2026-10-05,estimated,500.00,Act aditional Nr. 2 la contract 273/02.10.2023,UPCOMING,Nu,,,,,
NESTLERS & PARTNERS SRL,BLUE-MDR-C-5,1022,final,2026-11-05,estimated,500.00,Act aditional Nr. 2 la contract 273/02.10.2023,UPCOMING,Nu,,,,,
NESTLERS & PARTNERS SRL,BLUE-MDR-C-5,1023,final,2026-12-05,estimated,500.00,Act aditional Nr. 2 la contract 273/02.10.2023,UPCOMING,Nu,,,,,
NESTLERS & PARTNERS SRL,BLUE-MDR-C-5,1024,final,2027-01-05,estimated,500.00,Act aditional Nr. 2 la contract 273/02.10.2023,UPCOMING,Nu,,,,,
NESTLERS & PARTNERS SRL,BLUE-MDR-C-5,1025,final,2027-02-05,estimated,500.00,Act aditional Nr. 2 la contract 273/02.10.2023,UPCOMING,Nu,,,,,
NESTLERS & PARTNERS SRL,BLUE-MDR-C-5,1026,final,2027-03-05,estimated,500.00,Act aditional Nr. 2 la contract 273/02.10.2023,UPCOMING,Nu,,,,,
NET BRINEL S.A.,PHISH-T-MM-FM-<500>-<3>,1479,final,2025-10-15,actual,5250.00,CONTRACT DE PRESTĂRI SERVICII Nr. de inregistrare 344/16.6.2025,INVOICED_ACCOUNTING,Da,,BT.R.BIT 965,ron,2025-10-15,0
NEW ECLIPSA SHOES SRL,BLUE-IR-10,140,avans,2022-12-23,actual,2250.00,251/21.12.2022,INVOICED_ACCOUNTING,Da,,441,ron,2022-12-23,0
NEW ECLIPSA SHOES SRL,BLUE-IR-10,140,final,2023-01-10,actual,2250.00,251/21.12.2022,PAST_UNMATCHED,Da,TRACKER_SAYS_BILLED_NOT_FOUND,,,,
NEXOG LTD,RED-PEN-B-E-B-7,1482,avans,2025-09-23,actual,2275.00,NO. 350 - 4.8.2025,INVOICED_ACCOUNTING,Da,,BT.BIT 253,valuta,2025-09-23,0
NEXOG LTD,RED-PEN-B-E-B-7,1482,final,2025-10-08,actual,2275.00,NO. 350 - 4.8.2025,INVOICED_ACCOUNTING,Da,,BT.BIT 258,valuta,2025-10-08,0
NEXOG LTD,RED-PEN-B-E-B-7,1483,final,2025-11-28,actual,455.00,NO. 350 - 4.8.2025,INVOICED_ACCOUNTING,Da,,BT.R.BIT 58,valuta,2025-11-28,0
NOVA POWER & GAS SRL,RED-NIS-C-PEN-100,943,avans,2024-01-23,actual,3805.00,NR. 282/19.01.2024,INVOICED_ACCOUNTING,Da,,BT.BIT 594,ron,2024-01-23,0
NOVA POWER & GAS SRL,RED-NIS-C-AUDIT-100,945,avans,2024-01-23,actual,3805.00,NR. 282/19.01.2024,PAST_UNMATCHED,Da,TRACKER_SAYS_BILLED_NOT_FOUND,,,,
NOVA POWER & GAS SRL,RED-NIS-C-PEN-100,944,final,2024-05-15,actual,5708.00,NR. 282/19.01.2024,INVOICED_ACCOUNTING,Da,,BT.BIT 683,ron,2024-07-31,77
NOVA POWER & GAS SRL,RED-NIS-C-PEN-100,943,final,2024-07-31,actual,4513.00,NR. 282/19.01.2024,PAST_UNMATCHED,Da,TRACKER_SAYS_BILLED_NOT_FOUND,,,,
NOVA POWER & GAS SRL,RED-NIS-C-AUDIT-100,945,final,2024-07-31,actual,1195.00,NR. 282/19.01.2024,PAST_UNMATCHED,Da,TRACKER_SAYS_BILLED_NOT_FOUND,,,,
NTNU,CYBEREDU-DEV-EX-7,879,final,2023-10-30,actual,25501.00,991368102,PAST_UNMATCHED,Da,TRACKER_SAYS_BILLED_NOT_FOUND,,,,
NUTRIPAW PET NUTRITION S.R.L.,BLUE-IR-10,1027,avans,2024-04-05,actual,1750.00,Nr. 287/01.04.2024,INVOICED_ACCOUNTING,Da,,BT.BIT 623,ron,2024-04-05,0
NUTRIPAW PET NUTRITION S.R.L.,BLUE-IR-10,1027,final,2024-04-25,actual,1750.00,Nr. 287/01.04.2024,PAST_UNMATCHED,Da,TRACKER_SAYS_BILLED_NOT_FOUND,,,,
ONLINE VENUES & EVENTS SRL,RED-PEN-S-B-1,183,avans,2018-03-12,actual,0.00,119/15.03.2018,INVOICED_ACCOUNTING,Da,,BT.BIT 43,ron,2018-03-28,16
ONLINE VENUES & EVENTS SRL,RED-PEN-S-B-1,183,final,2018-03-12,actual,4500.00,119/15.03.2018,INVOICED_ACCOUNTING,Da,,BT.BIT 54,ron,2018-06-04,84
ONLINE VENUES & EVENTS SRL,RED-PEN-S-B-1,184,avans,2021-03-03,actual,2200.00,181/09.02.2021,INVOICED_ACCOUNTING,Da,,BT.BIT 256,ron,2021-03-03,0
ONLINE VENUES & EVENTS SRL,RED-PEN-S-B-1,184,final,2021-05-04,actual,3300.00,181/09.02.2021,PAST_UNMATCHED,Da,TRACKER_SAYS_BILLED_NOT_FOUND,,,,
Orange Romania SA,BLUE-IR-OC-6,1069,avans,,none,2000.00,09.05.2024,UNMATCHED_NO_DATE,N/A,,,,,
Orange Romania SA,BLUE-IR-OC-6,1108,avans,,none,2000.00,09.05.2024,UNMATCHED_NO_DATE,N/A,,,,,
Orange Romania SA,ORO-TEM-DEV-50,758,final,2016-04-12,actual,4000.00,PO 40280009,INVOICED_ACCOUNTING,Da,,BT.BIT 10,ron,2016-04-12,0
Orange Romania SA,ORO-TEM-DEV-50,680,final,2016-12-20,actual,3100.00,PO 40298463,INVOICED_ACCOUNTING,Da,,BT.BIT 18,ron,2016-12-20,0
Orange Romania SA,ORO-TEM-DEV-50,753,final,2017-09-07,actual,10000.00,PO 40321546,INVOICED_ACCOUNTING,Da,,BT.BIT 30,ron,2017-09-07,0
Orange Romania SA,ORO-TEM-DEV-100,754,final,2018-08-07,actual,15500.00,PO 40342292,INVOICED_ACCOUNTING,Da,,BT.BIT 56,ron,2018-06-07,61
Orange Romania SA,ORO-TEM-DEV-200,755,final,2018-10-18,actual,24000.00,PO 40352671,INVOICED_ACCOUNTING,Da,,BT.BIT 72,ron,2018-10-18,0
Orange Romania SA,ORO-TEM-DEV-50,696,final,2018-12-21,actual,3200.00,PO 40361678,INVOICED_ACCOUNTING,Da,,BT.BIT 82,ron,2018-12-21,0
Orange Romania SA,BLUE-IR-100,756,final,2018-12-28,actual,10000.00,PO 40360300,INVOICED_ACCOUNTING,Da,,BT.BIT 76,ron,2018-11-28,30
Orange Romania SA,ORO-TEM-DEV-300,697,final,2019-05-30,actual,19280.00,PO 40372191,INVOICED_ACCOUNTING,Da,,BT.BIT 113,ron,2019-05-30,0
Orange Romania SA,ORO-TEM-L-10000,694,final,2019-10-16,actual,66800.00,PO 40386738,INVOICED_ACCOUNTING,Da,,BT.BIT 145,ron,2019-10-20,4
Orange Romania SA,ORO-TEM-DEV-300,695,final,2019-10-16,actual,20000.00,PO 40386738,INVOICED_ACCOUNTING,Da,,BT.BIT 145,ron,2019-10-20,4
Orange Romania SA,CYBEREDU-SM-Y-100-12,686,final,2020-06-26,actual,23000.00,PO 40407868,INVOICED_ACCOUNTING,Da,,BT.BIT 205,ron,2020-06-26,0
Orange Romania SA,CYBEREDU-MISC,684,final,2020-08-03,actual,18200.00,PO 40407868,INVOICED_ACCOUNTING,Da,,BT.BIT 223,ron,2020-08-20,17
Orange Romania SA,ORO-TEM-L-25000,685,final,2020-08-03,actual,14300.00,PO 40407868,INVOICED_ACCOUNTING,Da,,BT.BIT 218,ron,2020-08-03,0
Orange Romania SA,PHISH-P-L-YY-A-15000,687,final,2020-08-03,actual,17500.00,PO 40407868,PAST_UNMATCHED,Da,TRACKER_SAYS_BILLED_NOT_FOUND,,,,
Orange Romania SA,ORO-TEM-DEV-100,688,final,2020-08-03,actual,4500.00,PO 40407868,INVOICED_ACCOUNTING,Da,,BT.BIT 223,ron,2020-08-20,17
Orange Romania SA,ORO-TEM-DEV-50,689,final,2020-08-03,actual,2500.00,PO 40407868,INVOICED_ACCOUNTING,Da,,BT.BIT 218,ron,2020-08-03,0
Orange Romania SA,ORO-TEM-L-10000,693,final,2020-11-18,actual,23000.00,PO 40421701,INVOICED_ACCOUNTING,Da,,BT.BIT 239,ron,2020-11-18,0
Orange Romania SA,ORO-TEM-L-10000,692,final,2021-08-16,actual,21000.00,PO 40444774,INVOICED_ACCOUNTING,Da,,BT.BIT 282,ron,2021-08-16,0
Orange Romania SA,ORO-TEM-DEV-500,690,final,2021-09-06,actual,44860.00,PO 40444776,INVOICED_ACCOUNTING,Da,,BT.BIT 289,ron,2021-09-06,0
Orange Romania SA,RED-MISC-10,683,final,2021-09-28,actual,12450.00,PO 40448315,INVOICED_ACCOUNTING,Da,,BT.BIT 292,ron,2021-09-28,0
Orange Romania SA,PHISH-P-L-YY-A-15000,681,final,2021-10-19,actual,23000.00,PO 40451579,INVOICED_ACCOUNTING,Da,,BT.BIT 297,ron,2021-10-19,0
Orange Romania SA,ORO-TEM-L-10000,682,final,2021-10-19,actual,13000.00,PO 40451579,INVOICED_ACCOUNTING,Da,,BT.BIT 297,ron,2021-10-19,0
Orange Romania SA,RED-PEN-B-I-B-50,691,final,2021-12-06,actual,6500.00,PO 40450160,INVOICED_ACCOUNTING,Da,,BT.BIT 310,ron,2021-12-06,0
Orange Romania SA,CYBEREDU-RUN-EX-4,852,final,2022-01-01,actual,90000.00,40453216,INVOICED_ACCOUNTING,Da,,B.CYB 1,ron,2022-01-01,0
Orange Romania SA,CYBEREDU-UNR,853,avans,2022-05-03,actual,16000.00,40469783,INVOICED_ACCOUNTING,Da,,B.CYB 6,ron,2022-05-30,27
Orange Romania SA,CYBEREDU-UNR,853,final,2022-05-30,actual,10000.00,40469783,INVOICED_ACCOUNTING,Da,,B.CYB 5,ron,2022-05-03,27
Orange Romania SA,ORO-TEM-DEV-300,698,final,2022-09-01,actual,12600.00,PO 40481119,INVOICED_ACCOUNTING,Da,,BT.BIT 387,ron,2022-09-01,0
Orange Romania SA,PHISH-P-L-YY-A-15000,699,final,2022-09-01,actual,26000.00,PO 40481119,INVOICED_ACCOUNTING,Da,,BT.BIT 387,ron,2022-09-01,0
Orange Romania SA,ORO-TEM-L-10000,700,final,2022-09-01,actual,30200.00,PO 40481119,INVOICED_ACCOUNTING,Da,,BT.BIT 387,ron,2022-09-01,0
Orange Romania SA,PHISH-P-L-MM-F-250-3,701,final,2022-12-20,actual,4847.00,PO 00007142,INVOICED_ACCOUNTING,Da,,431,ron,2022-12-20,0
Orange Romania SA,ORO-TEM-DEV-300,702,final,2022-12-20,actual,38950.00,PO 00010666,INVOICED_ACCOUNTING,Da,,432,ron,2022-12-20,0
Orange Romania SA,CYBEREDU-DEV-EX-5,854,final,2022-12-22,actual,30000.00,PO00011232,INVOICED_ACCOUNTING,Da,,B.CYB 8,ron,2022-12-22,0
Orange Romania SA,CYBEREDU-RUN-EX-1,855,final,2022-12-22,actual,32280.00,PO00010977,INVOICED_ACCOUNTING,Da,,B.CYB 7,ron,2022-12-22,0
Orange Romania SA,RED-NIS-NC-PEN-50,759,final,2023-06-21,actual,8850.00,PO 00007141,INVOICED_ACCOUNTING,Da,,BT.BIT 490,ron,2023-06-21,0
Orange Romania SA,ORO-TEM-SUPPORT-50-12,703,final,2023-07-03,actual,1875.00,PO 00025528,INVOICED_ACCOUNTING,Da,,BT.BIT 495,ron,2023-07-03,0
Orange Romania SA,ORO-TEM-SUPPORT-50-12,704,final,2023-07-03,actual,1875.00,PO 00025528,INVOICED_ACCOUNTING,Da,,BT.BIT 495,ron,2023-07-03,0
Orange Romania SA,ORO-TEM-SUPPORT-50-12,705,final,2023-07-03,actual,1875.00,PO 00025528,INVOICED_ACCOUNTING,Da,,BT.BIT 495,ron,2023-07-03,0
Orange Romania SA,ORO-TEM-SUPPORT-50-12,706,final,2023-07-03,actual,1875.00,PO 00025528,INVOICED_ACCOUNTING,Da,,BT.BIT 495,ron,2023-07-03,0
Orange Romania SA,CYBEREDU-OP-U-5,757,final,2023-07-03,actual,410988.00,PO 00027496,INVOICED_ACCOUNTING,Da,,BT.BIT 494,ron,2023-07-03,0
Orange Romania SA,ORO-TEM-SUPPORT-50-12,707,final,2023-08-07,actual,1875.00,PO 00025528,INVOICED_ACCOUNTING,Da,,BT.BIT 517,ron,2023-08-07,0
Orange Romania SA,ORO-TEM-SUPPORT-50-12,708,final,2023-09-06,actual,1875.00,PO 00025528,INVOICED_ACCOUNTING,Da,,BT.BIT 532,ron,2023-09-05,1
Orange Romania SA,ORO-TEM-SUPPORT-50-4,760,final,2023-09-08,actual,7500.00,PO00032588,INVOICED_ACCOUNTING,Da,,BT.BIT 534,ron,2023-09-08,0
Orange Romania SA,ORO-TEM-DEV-100,762,final,2023-09-08,actual,12238.00,PO00032455,INVOICED_ACCOUNTING,Da,,BT.BIT 533,ron,2023-09-08,0
Orange Romania SA,ORO-TEM-SUPPORT-50-12,709,final,2023-10-02,actual,1875.00,PO 00025528,INVOICED_ACCOUNTING,Da,,BT.BIT 542,ron,2023-10-02,0
Orange Romania SA,CYBEREDU-RUN-EX-1,856,final,2023-10-16,actual,29640.00,,INVOICED_ACCOUNTING,Da,,BT.BIT 551,ron,2023-10-31,15
Orange Romania SA,CYBEREDU-RUN-EX-1,857,final,2023-10-16,actual,29640.00,,INVOICED_ACCOUNTING,Da,,BT.BIT 551,ron,2023-10-31,15
Orange Romania SA,PHISH-P-L-YY-A-15000,764,final,2023-10-31,actual,23200.00,Anexa 4 PO00034623,INVOICED_ACCOUNTING,Da,,BT.BIT 551,ron,2023-10-31,0
Orange Romania SA,ORO-TEM-L-10000,765,final,2023-10-31,actual,26000.00,Anexa 4 PO00034623,INVOICED_ACCOUNTING,Da,,BT.BIT 551,ron,2023-10-31,0
Orange Romania SA,ORO-TEM-SUPPORT-50-12,710,final,2023-11-07,actual,1875.00,PO 00025528,INVOICED_ACCOUNTING,Da,,BT.BIT 559,ron,2023-11-06,1
Orange Romania SA,ORO-TEM-DEV-240,766,final,2023-11-29,actual,27000.00,Anexa 5 PO00034623,INVOICED_ACCOUNTING,Da,,BT.BIT 563,ron,2023-11-29,0
Orange Romania SA,ORO-TEM-SUPPORT-50-12,711,final,2023-12-08,actual,1875.00,PO 00025528,INVOICED_ACCOUNTING,Da,,BT.BIT 572,ron,2023-12-11,3
Orange Romania SA,ORO-TEM-DEV-79,761,final,2023-12-12,actual,5900.00,PO00032531-1,INVOICED_ACCOUNTING,Da,,BT.BIT 579,ron,2023-12-11,1
Orange Romania SA,RED-PEN-B-I-B-50,929,final,2023-12-12,actual,12150.00,PO00037565-1,INVOICED_ACCOUNTING,Da,,BT.BIT 566,ron,2023-12-11,1
Orange Romania SA,ORO-TEM-SUPPORT-50-12,712,final,2024-01-11,actual,1875.00,PO 00025528,INVOICED_ACCOUNTING,Da,,BT.BIT 587,ron,2024-01-11,0
Orange Romania SA,ORO-TEM-DEV-50,752,final,2024-01-11,actual,7050.00,PO00042373,INVOICED_ACCOUNTING,Da,,BT.BIT 582,ron,2024-01-09,2
Orange Romania SA,CYBEREDU-RUN-EX-1,986,final,2024-02-07,actual,59280.00,23.01.2024,PAST_UNMATCHED,Da,TRACKER_SAYS_BILLED_NOT_FOUND,,,,
Orange Romania SA,ORO-TEM-SUPPORT-50-12,713,final,2024-02-12,actual,1875.00,PO 00025528,INVOICED_ACCOUNTING,Da,,BT.BIT 604,ron,2024-02-12,0
Orange Romania SA,ORO-TEM-SUPPORT-50-12,714,final,2024-03-01,actual,1875.00,PO 00025528,INVOICED_ACCOUNTING,Da,,BT.BIT 614,ron,2024-03-01,0
Orange Romania SA,RED-PEN-B-E-B-5,990,final,2024-03-28,actual,4050.00,12.03.2024,PAST_UNMATCHED,Da,TRACKER_SAYS_BILLED_NOT_FOUND,,,,
Orange Romania SA,ORO-TEM-SUPPORT-50-12,715,final,2024-04-09,actual,1875.00,PO00049528,INVOICED_ACCOUNTING,Da,,BT.BIT 628,ron,2024-04-09,0
Orange Romania SA,ORO-TEM-SUPPORT-50-12,751,final,2024-04-16,actual,7500.00,PO00051313,INVOICED_ACCOUNTING,Da,,BT.BIT 648,ron,2024-06-05,50
Orange Romania SA,ORO-TEM-SUPPORT-50-12,716,final,2024-05-14,actual,1875.00,PO00049528,INVOICED_ACCOUNTING,Da,,BT.BIT 641,ron,2024-05-14,0
Orange Romania SA,ORO-TEM-SUPPORT-50-12,717,final,2024-06-06,actual,1875.00,PO00049528,INVOICED_ACCOUNTING,Da,,BT.BIT 654,ron,2024-06-06,0
Orange Romania SA,BLUE-IR-OC-6,1108,final,2024-06-17,actual,500.00,09.05.2024,INVOICED_ACCOUNTING,Da,,BT.BIT 661,ron,2024-06-14,3
Orange Romania SA,BLUE-IR-OC-6,1109,final,2024-06-17,actual,500.00,09.05.2024,INVOICED_ACCOUNTING,Da,,BT.BIT 661,ron,2024-06-14,3
Orange Romania SA,BLUE-IR-OC-6,1110,final,2024-06-17,actual,500.00,09.05.2024,INVOICED_ACCOUNTING,Da,,BT.BIT 662,ron,2024-06-14,3
Orange Romania SA,BLUE-IR-OC-6,1111,final,2024-06-17,actual,500.00,09.05.2024,INVOICED_ACCOUNTING,Da,,BT.BIT 662,ron,2024-06-14,3
Orange Romania SA,BLUE-IR-OC-6,1112,final,2024-06-17,actual,500.00,09.05.2024,PAST_UNMATCHED,Da,TRACKER_SAYS_BILLED_NOT_FOUND,,,,
Orange Romania SA,BLUE-IR-OC-6,1113,final,2024-06-17,actual,500.00,09.05.2024,PAST_UNMATCHED,Da,TRACKER_SAYS_BILLED_NOT_FOUND,,,,
Orange Romania SA,BLUE-IR-OC-6,1114,final,2024-06-17,actual,500.00,09.05.2024,PAST_UNMATCHED,Da,TRACKER_SAYS_BILLED_NOT_FOUND,,,,
Orange Romania SA,BLUE-IR-OC-6,1115,final,2024-06-17,actual,500.00,09.05.2024,PAST_UNMATCHED,Da,TRACKER_SAYS_BILLED_NOT_FOUND,,,,
Orange Romania SA,BLUE-IR-OC-6,1116,final,2024-06-17,actual,500.00,09.05.2024,PAST_UNMATCHED,Da,TRACKER_SAYS_BILLED_NOT_FOUND,,,,
Orange Romania SA,BLUE-IR-OC-6,1117,final,2024-06-17,actual,500.00,09.05.2024,PAST_UNMATCHED,Da,TRACKER_SAYS_BILLED_NOT_FOUND,,,,
Orange Romania SA,BLUE-IR-OC-6,1118,final,2024-06-17,actual,500.00,09.05.2024,PAST_UNMATCHED,Da,TRACKER_SAYS_BILLED_NOT_FOUND,,,,
Orange Romania SA,BLUE-IR-OC-6,1119,final,2024-06-17,actual,500.00,09.05.2024,PAST_UNMATCHED,Da,TRACKER_SAYS_BILLED_NOT_FOUND,,,,
Orange Romania SA,PHISH-P-L-MM-F-350-12,1120,final,2024-06-17,actual,500.00,09.05.2024,PAST_UNMATCHED,Da,TRACKER_SAYS_BILLED_NOT_FOUND,,,,
Orange Romania SA,PHISH-P-L-MM-F-350-12,1121,final,2024-06-17,actual,500.00,09.05.2024,PAST_UNMATCHED,Da,TRACKER_SAYS_BILLED_NOT_FOUND,,,,
Orange Romania SA,PHISH-P-L-MM-F-350-12,1122,final,2024-06-17,actual,500.00,09.05.2024,PAST_UNMATCHED,Da,TRACKER_SAYS_BILLED_NOT_FOUND,,,,
Orange Romania SA,PHISH-P-L-MM-F-350-12,1123,final,2024-06-17,actual,500.00,09.05.2024,PAST_UNMATCHED,Da,TRACKER_SAYS_BILLED_NOT_FOUND,,,,
Orange Romania SA,PHISH-P-L-MM-F-350-12,1124,final,2024-06-17,actual,500.00,09.05.2024,PAST_UNMATCHED,Da,TRACKER_SAYS_BILLED_NOT_FOUND,,,,
Orange Romania SA,PHISH-P-L-MM-F-350-12,1125,final,2024-06-17,actual,500.00,09.05.2024,PAST_UNMATCHED,Da,TRACKER_SAYS_BILLED_NOT_FOUND,,,,
Orange Romania SA,PHISH-P-L-MM-F-350-12,1126,final,2024-06-17,actual,500.00,09.05.2024,PAST_UNMATCHED,Da,TRACKER_SAYS_BILLED_NOT_FOUND,,,,
Orange Romania SA,PHISH-P-L-MM-F-350-12,1127,final,2024-06-17,actual,500.00,09.05.2024,PAST_UNMATCHED,Da,TRACKER_SAYS_BILLED_NOT_FOUND,,,,
Orange Romania SA,PHISH-P-L-MM-F-350-12,1128,final,2024-06-17,actual,500.00,09.05.2024,PAST_UNMATCHED,Da,TRACKER_SAYS_BILLED_NOT_FOUND,,,,
Orange Romania SA,PHISH-P-L-MM-F-350-12,1129,final,2024-06-17,actual,500.00,09.05.2024,PAST_UNMATCHED,Da,TRACKER_SAYS_BILLED_NOT_FOUND,,,,
Orange Romania SA,PHISH-P-L-MM-F-350-12,1130,final,2024-06-17,actual,500.00,09.05.2024,PAST_UNMATCHED,Da,TRACKER_SAYS_BILLED_NOT_FOUND,,,,
Orange Romania SA,PHISH-P-L-MM-F-350-12,1131,final,2024-06-17,actual,500.00,09.05.2024,PAST_UNMATCHED,Da,TRACKER_SAYS_BILLED_NOT_FOUND,,,,
Orange Romania SA,RED-MISC-1.2,1132,final,2024-06-17,actual,500.00,09.05.2024,PAST_UNMATCHED,Da,TRACKER_SAYS_BILLED_NOT_FOUND,,,,
Orange Romania SA,RED-MISC-1.2,1133,final,2024-06-17,actual,500.00,09.05.2024,PAST_UNMATCHED,Da,TRACKER_SAYS_BILLED_NOT_FOUND,,,,
Orange Romania SA,RED-MISC-1.2,1134,final,2024-06-17,actual,500.00,09.05.2024,PAST_UNMATCHED,Da,TRACKER_SAYS_BILLED_NOT_FOUND,,,,
Orange Romania SA,RED-MISC-1.2,1135,final,2024-06-17,actual,500.00,09.05.2024,PAST_UNMATCHED,Da,TRACKER_SAYS_BILLED_NOT_FOUND,,,,
Orange Romania SA,RED-MISC-1.2,1136,final,2024-06-17,actual,500.00,09.05.2024,PAST_UNMATCHED,Da,TRACKER_SAYS_BILLED_NOT_FOUND,,,,
Orange Romania SA,RED-MISC-1.2,1137,final,2024-06-17,actual,500.00,09.05.2024,PAST_UNMATCHED,Da,TRACKER_SAYS_BILLED_NOT_FOUND,,,,
Orange Romania SA,RED-MISC-1.2,1138,final,2024-06-17,actual,500.00,09.05.2024,PAST_UNMATCHED,Da,TRACKER_SAYS_BILLED_NOT_FOUND,,,,
Orange Romania SA,RED-MISC-1.2,1139,final,2024-06-17,actual,500.00,09.05.2024,PAST_UNMATCHED,Da,TRACKER_SAYS_BILLED_NOT_FOUND,,,,
Orange Romania SA,RED-MISC-1.2,1140,final,2024-06-17,actual,500.00,09.05.2024,PAST_UNMATCHED,Da,TRACKER_SAYS_BILLED_NOT_FOUND,,,,
Orange Romania SA,RED-MISC-1.2,1141,final,2024-06-17,actual,500.00,09.05.2024,PAST_UNMATCHED,Da,TRACKER_SAYS_BILLED_NOT_FOUND,,,,
Orange Romania SA,RED-MISC-1.2,1142,final,2024-06-17,actual,500.00,09.05.2024,PAST_UNMATCHED,Da,TRACKER_SAYS_BILLED_NOT_FOUND,,,,
Orange Romania SA,RED-MISC-1.2,1143,final,2024-06-17,actual,500.00,09.05.2024,PAST_UNMATCHED,Da,TRACKER_SAYS_BILLED_NOT_FOUND,,,,
Orange Romania SA,RED-PEN-B-I-B-20,1228,final,2024-06-20,actual,3300.00,27.5.2024,INVOICED_ACCOUNTING,Da,,BT.BIT 664,ron,2024-06-20,0
Orange Romania SA,RED-PEN-B-E-B-7,1044,final,2024-06-30,actual,4800.00,09.05.2024,INVOICED_ACCOUNTING,Da,,BT.BIT 661,ron,2024-06-14,16
Orange Romania SA,RED-C-M-MM-10,1045,final,2024-06-30,actual,500.00,09.05.2024,PAST_UNMATCHED,Da,TRACKER_SAYS_BILLED_NOT_FOUND,,,,
Orange Romania SA,RED-C-M-MM-10,1046,final,2024-06-30,actual,500.00,09.05.2024,PAST_UNMATCHED,Da,TRACKER_SAYS_BILLED_NOT_FOUND,,,,
Orange Romania SA,RED-C-M-MM-10,1047,final,2024-06-30,actual,500.00,09.05.2024,PAST_UNMATCHED,Da,TRACKER_SAYS_BILLED_NOT_FOUND,,,,
Orange Romania SA,RED-C-M-MM-10,1048,final,2024-06-30,actual,500.00,09.05.2024,PAST_UNMATCHED,Da,TRACKER_SAYS_BILLED_NOT_FOUND,,,,
Orange Romania SA,RED-C-M-MM-10,1049,final,2024-06-30,actual,500.00,09.05.2024,PAST_UNMATCHED,Da,TRACKER_SAYS_BILLED_NOT_FOUND,,,,
Orange Romania SA,RED-C-M-MM-10,1050,final,2024-06-30,actual,500.00,09.05.2024,PAST_UNMATCHED,Da,TRACKER_SAYS_BILLED_NOT_FOUND,,,,
Orange Romania SA,RED-C-M-MM-10,1051,final,2024-06-30,actual,500.00,09.05.2024,PAST_UNMATCHED,Da,TRACKER_SAYS_BILLED_NOT_FOUND,,,,
Orange Romania SA,RED-C-M-MM-10,1052,final,2024-06-30,actual,500.00,09.05.2024,PAST_UNMATCHED,Da,TRACKER_SAYS_BILLED_NOT_FOUND,,,,
Orange Romania SA,RED-C-M-MM-10,1053,final,2024-06-30,actual,500.00,09.05.2024,PAST_UNMATCHED,Da,TRACKER_SAYS_BILLED_NOT_FOUND,,,,
Orange Romania SA,RED-C-M-MM-10,1054,final,2024-06-30,actual,500.00,09.05.2024,PAST_UNMATCHED,Da,TRACKER_SAYS_BILLED_NOT_FOUND,,,,
Orange Romania SA,RED-C-M-MM-10,1055,final,2024-06-30,actual,500.00,09.05.2024,PAST_UNMATCHED,Da,TRACKER_SAYS_BILLED_NOT_FOUND,,,,
Orange Romania SA,RED-C-M-MM-10,1056,final,2024-06-30,actual,500.00,09.05.2024,PAST_UNMATCHED,Da,TRACKER_SAYS_BILLED_NOT_FOUND,,,,
Orange Romania SA,PHISH-P-L-MM-F-250-12,1057,final,2024-06-30,actual,500.00,09.05.2024,PAST_UNMATCHED,Da,TRACKER_SAYS_BILLED_NOT_FOUND,,,,
Orange Romania SA,PHISH-P-L-MM-F-250-12,1058,final,2024-06-30,actual,500.00,09.05.2024,PAST_UNMATCHED,Da,TRACKER_SAYS_BILLED_NOT_FOUND,,,,
Orange Romania SA,PHISH-P-L-MM-F-250-12,1059,final,2024-06-30,actual,500.00,09.05.2024,PAST_UNMATCHED,Da,TRACKER_SAYS_BILLED_NOT_FOUND,,,,
Orange Romania SA,PHISH-P-L-MM-F-250-12,1060,final,2024-06-30,actual,500.00,09.05.2024,PAST_UNMATCHED,Da,TRACKER_SAYS_BILLED_NOT_FOUND,,,,
Orange Romania SA,PHISH-P-L-MM-F-250-12,1061,final,2024-06-30,actual,500.00,09.05.2024,PAST_UNMATCHED,Da,TRACKER_SAYS_BILLED_NOT_FOUND,,,,
Orange Romania SA,PHISH-P-L-MM-F-250-12,1062,final,2024-06-30,actual,500.00,09.05.2024,PAST_UNMATCHED,Da,TRACKER_SAYS_BILLED_NOT_FOUND,,,,
Orange Romania SA,PHISH-P-L-MM-F-250-12,1063,final,2024-06-30,actual,500.00,09.05.2024,PAST_UNMATCHED,Da,TRACKER_SAYS_BILLED_NOT_FOUND,,,,
Orange Romania SA,PHISH-P-L-MM-F-250-12,1064,final,2024-06-30,actual,500.00,09.05.2024,PAST_UNMATCHED,Da,TRACKER_SAYS_BILLED_NOT_FOUND,,,,
Orange Romania SA,PHISH-P-L-MM-F-250-12,1065,final,2024-06-30,actual,500.00,09.05.2024,PAST_UNMATCHED,Da,TRACKER_SAYS_BILLED_NOT_FOUND,,,,
Orange Romania SA,PHISH-P-L-MM-F-250-12,1066,final,2024-06-30,actual,500.00,09.05.2024,PAST_UNMATCHED,Da,TRACKER_SAYS_BILLED_NOT_FOUND,,,,
Orange Romania SA,PHISH-P-L-MM-F-250-12,1067,final,2024-06-30,actual,500.00,09.05.2024,PAST_UNMATCHED,Da,TRACKER_SAYS_BILLED_NOT_FOUND,,,,
Orange Romania SA,PHISH-P-L-MM-F-250-12,1068,final,2024-06-30,actual,500.00,09.05.2024,PAST_UNMATCHED,Da,TRACKER_SAYS_BILLED_NOT_FOUND,,,,
Orange Romania SA,BLUE-IR-OC-6,1069,final,2024-06-30,actual,500.00,09.05.2024,PAST_UNMATCHED,Da,TRACKER_SAYS_BILLED_NOT_FOUND,,,,
Orange Romania SA,BLUE-IR-OC-6,1070,final,2024-06-30,actual,500.00,09.05.2024,PAST_UNMATCHED,Da,TRACKER_SAYS_BILLED_NOT_FOUND,,,,
Orange Romania SA,BLUE-IR-OC-6,1071,final,2024-06-30,actual,500.00,09.05.2024,PAST_UNMATCHED,Da,TRACKER_SAYS_BILLED_NOT_FOUND,,,,
Orange Romania SA,BLUE-IR-OC-6,1072,final,2024-06-30,actual,500.00,09.05.2024,PAST_UNMATCHED,Da,TRACKER_SAYS_BILLED_NOT_FOUND,,,,
Orange Romania SA,BLUE-IR-OC-6,1073,final,2024-06-30,actual,500.00,09.05.2024,PAST_UNMATCHED,Da,TRACKER_SAYS_BILLED_NOT_FOUND,,,,
Orange Romania SA,BLUE-IR-OC-6,1074,final,2024-06-30,actual,500.00,09.05.2024,PAST_UNMATCHED,Da,TRACKER_SAYS_BILLED_NOT_FOUND,,,,
Orange Romania SA,BLUE-IR-OC-6,1075,final,2024-06-30,actual,500.00,09.05.2024,PAST_UNMATCHED,Da,TRACKER_SAYS_BILLED_NOT_FOUND,,,,
Orange Romania SA,BLUE-IR-OC-6,1076,final,2024-06-30,actual,500.00,09.05.2024,PAST_UNMATCHED,Da,TRACKER_SAYS_BILLED_NOT_FOUND,,,,
Orange Romania SA,BLUE-IR-OC-6,1077,final,2024-06-30,actual,500.00,09.05.2024,PAST_UNMATCHED,Da,TRACKER_SAYS_BILLED_NOT_FOUND,,,,
Orange Romania SA,BLUE-IR-OC-6,1078,final,2024-06-30,actual,500.00,09.05.2024,PAST_UNMATCHED,Da,TRACKER_SAYS_BILLED_NOT_FOUND,,,,
Orange Romania SA,BLUE-IR-OC-6,1079,final,2024-06-30,actual,500.00,09.05.2024,PAST_UNMATCHED,Da,TRACKER_SAYS_BILLED_NOT_FOUND,,,,
Orange Romania SA,BLUE-IR-OC-6,1080,final,2024-06-30,actual,500.00,09.05.2024,PAST_UNMATCHED,Da,TRACKER_SAYS_BILLED_NOT_FOUND,,,,
Orange Romania SA,BLUE-IR-OC-6,1081,final,2024-06-30,actual,500.00,09.05.2024,PAST_UNMATCHED,Da,TRACKER_SAYS_BILLED_NOT_FOUND,,,,
Orange Romania SA,ORO-TEM-SUPPORT-50-12,718,final,2024-07-02,actual,1875.00,PO00049528,INVOICED_ACCOUNTING,Da,,BT.BIT 669,ron,2024-07-02,0
Orange Romania SA,ORO-TEM-SUPPORT-50-12,719,final,2024-08-01,actual,1875.00,PO00049528,INVOICED_ACCOUNTING,Da,,BT.BIT 688,ron,2024-08-01,0
Orange Romania SA,ORO-TEM-SUPPORT-50-12,720,final,2024-09-02,actual,1875.00,PO00049528,INVOICED_ACCOUNTING,Da,,BT.BIT 704,ron,2024-09-02,0
Orange Romania SA,ORO-TEM-SUPPORT-50-12,721,final,2024-10-04,actual,1875.00,PO00049528,INVOICED_ACCOUNTING,Da,,BT.BIT 718,ron,2024-10-03,1
Orange Romania SA,ORO-TEM-DEV-494,767,final,2024-10-04,actual,37050.00,PO00062653,INVOICED_ACCOUNTING,Da,,BT.BIT 724,ron,2024-10-04,0
Orange Romania SA,ORO-TEM-DEV-100,768,final,2024-10-04,actual,18375.00,PO00062657,INVOICED_ACCOUNTING,Da,,BT.BIT 726,ron,2024-10-04,0
Orange Romania SA,PHISH-P-L-YY-A-15000,769,final,2024-10-04,actual,28600.00,Anexa 4 PO00062656,INVOICED_ACCOUNTING,Da,,BT.BIT 725,ron,2024-10-04,0
Orange Romania SA,ORO-TEM-L-10000,770,final,2024-10-04,actual,25900.00,Anexa 4 PO00062656,INVOICED_ACCOUNTING,Da,,BT.BIT 725,ron,2024-10-04,0
Orange Romania SA,ORO-TEM-SUPPORT-50-12,722,final,2024-11-05,actual,1875.00,PO00049528,INVOICED_ACCOUNTING,Da,,BT.BIT 744,ron,2024-11-02,3
Orange Romania SA,ORO-TEM-DEV-200,776,final,2024-11-05,actual,1200.00,PO00063654,INVOICED_ACCOUNTING,Da,,BT.BIT 749,ron,2024-11-05,0
Orange Romania SA,ORO-TEM-SUPPORT-50-12,723,final,2024-12-07,actual,1875.00,PO00049528,INVOICED_ACCOUNTING,Da,,BT.BIT 766,ron,2024-12-03,4
Orange Romania SA,CYBEREDU-RUN-EX-1,858,final,2024-12-20,actual,13434.00,PO00093408,INVOICED_ACCOUNTING,Da,,B.CYB 13,ron,2024-12-19,1
Orange Romania SA,CYBEREDU-RUN-EX-1,859,final,2024-12-21,actual,34200.00,PO00094270,INVOICED_ACCOUNTING,Da,,B.CYB 14,ron,2024-12-20,1
Orange Romania SA,RED-PEN-B-I-B-20,1220,final,2024-12-27,actual,5400.00,28.11.2024,INVOICED_ACCOUNTING,Da,,BT.BIT 787,ron,2024-12-27,0
Orange Romania SA,ORO-TEM-SUPPORT-50-12,724,final,2025-01-08,actual,1875.00,PO00049528,INVOICED_ACCOUNTING,Da,,BT.BIT 797,ron,2025-01-15,7
Orange Romania SA,CYBEREDU-RUN-EX-1,860,final,2025-01-08,actual,12000.00,,INVOICED_ACCOUNTING,Da,,B.CYB 19,ron,2025-01-13,5
Orange Romania SA,ORO-TEM-SUPPORT-50-12,725,final,2025-02-09,actual,1875.00,PO00049528,INVOICED_ACCOUNTING,Da,,BT.BIT 818,ron,2025-02-03,6
Orange Romania SA,BLUE-INTEGRATION,1219,final,2025-02-18,actual,18500.00,28.11.2024,INVOICED_ACCOUNTING,Da,,BT.BIT 823,ron,2025-02-11,7
Orange Romania SA,ORO-TEM-SUPPORT-50-12,726,final,2025-03-13,actual,1875.00,PO00049528,INVOICED_ACCOUNTING,Da,,BT.BIT 858,ron,2025-04-02,20
Orange Romania SA,ORO-TEM-SUPPORT-50-12,727,final,2025-04-14,actual,1875.00,PO00112619,INVOICED_ACCOUNTING,Da,,BT.BIT 865,ron,2025-04-13,1
Orange Romania SA,BLUE-IR-5,1223,final,2025-04-30,actual,9000.00,30.04.2025,INVOICED_ACCOUNTING,Da,,BT.BIT 875,ron,2025-04-30,0
Orange Romania SA,RED-PEN-B-E-B-25,1224,final,2025-04-30,actual,15000.00,30.04.2025,PAST_UNMATCHED,Da,TRACKER_SAYS_BILLED_NOT_FOUND,,,,
Orange Romania SA,RED-PEN-B-I-B-15,1225,final,2025-04-30,actual,9000.00,30.04.2025,INVOICED_ACCOUNTING,Da,,BT.R.BIT 964,ron,2025-10-15,168
Orange Romania SA,ORO-TEM-SUPPORT-50-12,728,final,2025-05-16,actual,1875.00,PO00112619,INVOICED_ACCOUNTING,Da,,BT.BIT 887,ron,2025-05-13,3
Orange Romania SA,CONSULTANCY-MISC-32,1144,final,2025-05-30,actual,4500.00,27.05.2025,INVOICED_ACCOUNTING,Da,,BT.BIT 896,ron,2025-05-27,3
Orange Romania SA,BLUE-IR-OC-6,1145,final,2025-06-03,actual,1333.00,27.05.2025,INVOICED_ACCOUNTING,Da,,BT.BIT 898,ron,2025-06-03,0
Orange Romania SA,PHISH-P-L-MM-F-350-12,1170,final,2025-06-03,actual,500.00,27.05.2025,INVOICED_ACCOUNTING,Da,,BT.BIT 898,ron,2025-06-03,0
Orange Romania SA,CONSULTANCY-MISC-8,1195,final,2025-06-03,actual,500.00,27.05.2025,INVOICED_ACCOUNTING,Da,,BT.BIT 899,ron,2025-06-03,0
Orange Romania SA,BLUE-IR-OC-6,1146,final,2025-06-16,actual,1333.00,27.05.2025,INVOICED_ACCOUNTING,Da,,BT.BIT 899,ron,2025-06-03,13
Orange Romania SA,PHISH-P-L-MM-F-350-12,1171,final,2025-06-16,actual,500.00,27.05.2025,INVOICED_ACCOUNTING,Da,,BT.BIT 896,ron,2025-05-27,20
Orange Romania SA,ORO-TEM-SUPPORT-50-12,729,final,2025-06-17,actual,1875.00,PO00112619,INVOICED_ACCOUNTING,Da,,BT.BIT 911,ron,2025-06-16,1
Orange Romania SA,CONSULTANCY-MISC-40,1082,final,2025-06-18,actual,8900.00,13.06.2025,INVOICED_ACCOUNTING,Da,,BT.BIT 921,ron,2025-06-18,0
Orange Romania SA,RED-PEN-B-E-B-25,1083,final,2025-06-18,actual,15000.00,13.06.2025,INVOICED_ACCOUNTING,Da,,BT.BIT 1010,ron,2026-01-12,208
Orange Romania SA,CYBEREDU-OP-U-3,984,final,2025-07-02,actual,125000.00,PO00124670,INVOICED_ACCOUNTING,Da,,BT.BIT 926,ron,2025-07-01,1
Orange Romania SA,PHISH-P-L-MM-F-250-12,1084,final,2025-07-10,actual,500.00,13.06.2025,PAST_UNMATCHED,Da,TRACKER_SAYS_BILLED_NOT_FOUND,,,,
Orange Romania SA,BLUE-IR-OC-6,1096,final,2025-07-10,actual,1000.00,13.06.2025,PAST_UNMATCHED,Da,TRACKER_SAYS_BILLED_NOT_FOUND,,,,
Orange Romania SA,BLUE-IR-OC-6,1147,final,2025-07-10,actual,1333.00,27.05.2025,INVOICED_ACCOUNTING,Da,,BT.BIT 948,ron,2025-07-21,11
Orange Romania SA,PHISH-P-L-MM-F-350-12,1172,final,2025-07-10,actual,500.00,27.05.2025,INVOICED_ACCOUNTING,Da,,BT.BIT 945,ron,2025-07-02,8
Orange Romania SA,CONSULTANCY-MISC-8,1196,final,2025-07-10,actual,500.00,27.05.2025,PAST_UNMATCHED,Da,TRACKER_SAYS_BILLED_NOT_FOUND,,,,
Orange Romania SA,ORO-TEM-SUPPORT-50-12,730,final,2025-07-19,actual,1875.00,PO00112619,INVOICED_ACCOUNTING,Da,,BT.BIT 936,ron,2025-07-02,17
Orange Romania SA,PHISH-P-L-MM-F-250-12,1085,final,2025-08-04,actual,500.00,13.06.2025,PAST_UNMATCHED,Da,TRACKER_SAYS_BILLED_NOT_FOUND,,,,
Orange Romania SA,BLUE-IR-OC-6,1097,final,2025-08-04,actual,1000.00,13.06.2025,PAST_UNMATCHED,Da,TRACKER_SAYS_BILLED_NOT_FOUND,,,,
Orange Romania SA,BLUE-IR-OC-6,1148,final,2025-08-04,actual,1333.00,27.05.2025,INVOICED_ACCOUNTING,Da,,BT.BIT 974,ron,2025-08-04,0
Orange Romania SA,PHISH-P-L-MM-F-350-12,1173,final,2025-08-04,actual,500.00,27.05.2025,INVOICED_ACCOUNTING,Da,,BT.BIT 973,ron,2025-08-04,0
Orange Romania SA,CONSULTANCY-MISC-8,1197,final,2025-08-04,actual,500.00,27.05.2025,PAST_UNMATCHED,Da,TRACKER_SAYS_BILLED_NOT_FOUND,,,,
Orange Romania SA,ORO-TEM-SUPPORT-50-12,731,final,2025-08-20,actual,1875.00,PO00112619,INVOICED_ACCOUNTING,Da,,BT.BIT 964,ron,2025-08-04,16
Orange Romania SA,PHISH-P-L-MM-F-250-12,1086,final,2025-09-05,actual,500.00,13.06.2025,PAST_UNMATCHED,Da,TRACKER_SAYS_BILLED_NOT_FOUND,,,,
Orange Romania SA,BLUE-IR-OC-6,1098,final,2025-09-05,actual,1000.00,13.06.2025,PAST_UNMATCHED,Da,TRACKER_SAYS_BILLED_NOT_FOUND,,,,
Orange Romania SA,BLUE-IR-OC-6,1149,final,2025-09-05,actual,1333.00,27.05.2025,INVOICED_ACCOUNTING,Da,,BT.R.BIT 15,ron,2025-09-02,3
Orange Romania SA,PHISH-P-L-MM-F-350-12,1174,final,2025-09-05,actual,500.00,27.05.2025,INVOICED_ACCOUNTING,Da,,BT.R.BIT 14,ron,2025-09-02,3
Orange Romania SA,CONSULTANCY-MISC-8,1198,final,2025-09-05,actual,500.00,27.05.2025,PAST_UNMATCHED,Da,TRACKER_SAYS_BILLED_NOT_FOUND,,,,
Orange Romania SA,ORO-TEM-SUPPORT-50-12,732,final,2025-09-21,actual,1875.00,PO00112619,INVOICED_ACCOUNTING,Da,,BT.R.BIT 13,ron,2025-09-02,19
Orange Romania SA,CYBEREDU-OP-U-7,869,final,2025-10-08,actual,528100.00,CONTRACT DE SUBCONTRACTARE NR. 25/B2B/21675/32311 din 21 august 2025,INVOICED_ACCOUNTING,Da,,BT. BIT 991,ron,2025-10-07,1
Orange Romania SA,RED-PEN-B-E-B-9,1229,final,2025-10-13,actual,5400.00,04.09.2025,INVOICED_ACCOUNTING,Da,,BT.R.BIT 962,ron,2025-10-13,0
Orange Romania SA,ORO-TEM-DEV-100,771,final,2025-10-15,actual,37000.00,,INVOICED_ACCOUNTING,Da,,BT.R.BIT 963,ron,2025-10-15,0
Orange Romania SA,ORO-TEM-L-10000,773,final,2025-10-15,actual,32000.00,,INVOICED_ACCOUNTING,Da,,BT.R.BIT 964,ron,2025-10-15,0
Orange Romania SA,PHISH-P-L-MM-F-250-12,1087,final,2025-10-20,actual,500.00,13.06.2025,INVOICED_ACCOUNTING,Da,,BT.R.BIT 964,ron,2025-10-15,5
Orange Romania SA,BLUE-IR-OC-6,1099,final,2025-10-20,actual,1000.00,13.06.2025,INVOICED_ACCOUNTING,Da,,BT.R.BIT 41,ron,2025-10-20,0
Orange Romania SA,BLUE-IR-OC-6,1150,final,2025-10-20,actual,1333.00,27.05.2025,INVOICED_ACCOUNTING,Da,,BT.R.BIT 42,ron,2025-10-20,0
Orange Romania SA,PHISH-P-L-MM-F-350-12,1175,final,2025-10-20,actual,500.00,27.05.2025,INVOICED_ACCOUNTING,Da,,BT.R.BIT 964,ron,2025-10-15,5
Orange Romania SA,CONSULTANCY-MISC-8,1199,final,2025-10-20,actual,500.00,27.05.2025,INVOICED_ACCOUNTING,Da,,BT.R.BIT 964,ron,2025-10-15,5
Orange Romania SA,ORO-TEM-SUPPORT-50-12,733,final,2025-10-23,actual,1875.00,PO00112619,INVOICED_ACCOUNTING,Da,,BT.R.BIT 40,ron,2025-10-20,3
Orange Romania SA,ORO-TEM-SUPPORT-50-12,734,final,2025-11-24,actual,1875.00,PO00112619,INVOICED_ACCOUNTING,Da,,BT.R.BIT 67,ron,2025-11-26,2
Orange Romania SA,PHISH-P-L-MM-F-250-12,1088,final,2025-11-26,actual,500.00,13.06.2025,PAST_UNMATCHED,Da,TRACKER_SAYS_BILLED_NOT_FOUND,,,,
Orange Romania SA,BLUE-IR-OC-6,1100,final,2025-11-26,actual,1000.00,13.06.2025,INVOICED_ACCOUNTING,Da,,BT.R.BIT 68,ron,2025-11-26,0
Orange Romania SA,BLUE-IR-OC-6,1151,final,2025-11-26,actual,1333.00,27.05.2025,INVOICED_ACCOUNTING,Da,,BT.R.BIT 69,ron,2025-11-26,0
Orange Romania SA,PHISH-P-L-MM-F-350-12,1176,final,2025-11-26,actual,500.00,27.05.2025,PAST_UNMATCHED,Da,TRACKER_SAYS_BILLED_NOT_FOUND,,,,
Orange Romania SA,CONSULTANCY-MISC-8,1200,final,2025-11-26,actual,500.00,27.05.2025,PAST_UNMATCHED,Da,TRACKER_SAYS_BILLED_NOT_FOUND,,,,
Orange Romania SA,RED-PEN-B-E-B-9,1230,final,2025-12-02,actual,5400.00,19.11.2025,INVOICED_ACCOUNTING,Da,,BT.BIT 1002,ron,2025-12-03,1
Orange Romania SA,PHISH-P-L-MM-F-250-12,1089,final,2025-12-23,actual,500.00,13.06.2025,INVOICED_ACCOUNTING,Da,,B.CYB 26,ron,2026-01-05,13
Orange Romania SA,BLUE-IR-OC-6,1101,final,2025-12-23,actual,1000.00,13.06.2025,INVOICED_ACCOUNTING,Da,,BT.R.BIT 95,ron,2025-12-23,0
Orange Romania SA,BLUE-IR-OC-6,1152,final,2025-12-23,actual,1333.00,27.05.2025,INVOICED_ACCOUNTING,Da,,BT.R.BIT 96,ron,2025-12-23,0
Orange Romania SA,PHISH-P-L-MM-F-350-12,1177,final,2025-12-23,actual,500.00,27.05.2025,INVOICED_ACCOUNTING,Da,,B.CYB 27,ron,2026-01-09,17
Orange Romania SA,CONSULTANCY-MISC-8,1201,final,2025-12-23,actual,500.00,27.05.2025,PAST_UNMATCHED,Da,TRACKER_SAYS_BILLED_NOT_FOUND,,,,
Orange Romania SA,ORO-TEM-SUPPORT-50-12,735,final,2025-12-26,actual,1875.00,PO00112619,INVOICED_ACCOUNTING,Da,,BT.BIT 1012,ron,2026-01-21,26
Orange Romania SA,PHISH-P-L-MM-F-250-12,1090,final,2026-01-20,actual,500.00,13.06.2025,INVOICED_ACCOUNTING,Da,,BT.BIT 1011,ron,2026-01-20,0
Orange Romania SA,BLUE-IR-OC-6,1102,final,2026-01-20,actual,1000.00,13.06.2025,INVOICED_ACCOUNTING,Da,,BT.R.BIT 122,ron,2026-01-20,0
Orange Romania SA,BLUE-IR-OC-6,1153,final,2026-01-20,actual,1333.00,27.05.2025,INVOICED_ACCOUNTING,Da,,BT.R.BIT 123,ron,2026-01-20,0
Orange Romania SA,PHISH-P-L-MM-F-350-12,1178,final,2026-01-20,actual,500.00,27.05.2025,INVOICED_ACCOUNTING,Da,,BT.BIT 1010,ron,2026-01-12,8
Orange Romania SA,CONSULTANCY-MISC-8,1202,final,2026-01-20,actual,500.00,27.05.2025,INVOICED_ACCOUNTING,Da,,BT.BIT 1010,ron,2026-01-12,8
Orange Romania SA,ORO-TEM-SUPPORT-50-12,736,final,2026-01-27,actual,1875.00,PO00112619,INVOICED_ACCOUNTING,Da,,BT.BIT 1012,ron,2026-01-21,6
Orange Romania SA,PHISH-P-L-MM-F-250-12,1091,final,2026-02-13,actual,500.00,13.06.2025,PAST_UNMATCHED,Da,TRACKER_SAYS_BILLED_NOT_FOUND,,,,
Orange Romania SA,BLUE-IR-OC-6,1103,final,2026-02-13,actual,1000.00,13.06.2025,INVOICED_ACCOUNTING,Da,,BT.R.BIT 150,ron,2026-02-13,0
Orange Romania SA,BLUE-IR-OC-6,1154,final,2026-02-13,actual,1333.00,27.05.2025,INVOICED_ACCOUNTING,Da,,BT.R.BIT 151,ron,2026-02-13,0
Orange Romania SA,PHISH-P-L-MM-F-350-12,1179,final,2026-02-13,actual,500.00,27.05.2025,PAST_UNMATCHED,Da,TRACKER_SAYS_BILLED_NOT_FOUND,,,,
Orange Romania SA,CONSULTANCY-MISC-8,1203,final,2026-02-13,actual,500.00,27.05.2025,PAST_UNMATCHED,Da,TRACKER_SAYS_BILLED_NOT_FOUND,,,,
Orange Romania SA,ORO-TEM-SUPPORT-50-12,737,final,2026-02-28,actual,1875.00,PO00112619,INVOICED_ACCOUNTING,Da,,BT.R.BIT 149,ron,2026-02-13,15
Orange Romania SA,ORO-TEM-SUPPORT-50-12,738,final,2026-03-11,actual,1875.00,PO00112619,PAST_UNMATCHED,Da,TRACKER_SAYS_BILLED_NOT_FOUND,,,,
Orange Romania SA,PHISH-P-L-YY-F-<410>-<12>,1221,final,2026-03-11,actual,5400.00,18.02.2026,INVOICED_ACCOUNTING,Da,,BT.BIT 1039,ron,2026-03-11,0
Orange Romania SA,PHISH-P-L-MM-F-250-12,1092,final,2026-03-20,actual,500.00,13.06.2025,INVOICED_ACCOUNTING,Da,,BT.BIT 1045,ron,2026-03-18,2
Orange Romania SA,BLUE-IR-OC-6,1104,final,2026-03-20,actual,1000.00,13.06.2025,INVOICED_ACCOUNTING,Da,,BT.R.BIT 180,ron,2026-03-20,0
Orange Romania SA,BLUE-IR-OC-6,1155,final,2026-03-20,actual,1333.00,27.05.2025,INVOICED_ACCOUNTING,Da,,BT.R.BIT 181,ron,2026-03-20,0
Orange Romania SA,PHISH-P-L-MM-F-350-12,1180,final,2026-03-20,actual,500.00,27.05.2025,PAST_UNMATCHED,Da,TRACKER_SAYS_BILLED_NOT_FOUND,,,,
Orange Romania SA,CONSULTANCY-MISC-8,1204,final,2026-03-20,actual,500.00,27.05.2025,PAST_UNMATCHED,Da,TRACKER_SAYS_BILLED_NOT_FOUND,,,,
Orange Romania SA,ORO-TEM-SUPPORT-50-12,739,final,2026-03-22,actual,1875.00,PO00171558,INVOICED_ACCOUNTING,Da,,BT.R.BIT 179,ron,2026-03-20,2
Orange Romania SA,CYBEREDU-SM-Y-25-36,985,final,2026-03-27,actual,45000.00,PO00174870,INVOICED_ACCOUNTING,Da,,BT.BIT 1046,ron,2026-03-27,0
Orange Romania SA,ORO-TEM-SUPPORT-50-12,740,final,2026-04-02,actual,1875.00,PO00171558,INVOICED_ACCOUNTING,Da,,BT.R.BIT 237,ron,2026-05-25,53
Orange Romania SA,ORO-TEM-SUPPORT-50-12,741,final,2026-04-13,actual,1875.00,PO00171558,INVOICED_ACCOUNTING,Da,,BT.R.BIT 208,ron,2026-04-29,16
Orange Romania SA,PHISH-P-L-MM-F-250-12,1093,final,2026-04-29,actual,500.00,13.06.2025,PAST_UNMATCHED,Da,TRACKER_SAYS_BILLED_NOT_FOUND,,,,
Orange Romania SA,BLUE-IR-OC-6,1105,final,2026-04-29,actual,1000.00,13.06.2025,INVOICED_ACCOUNTING,Da,,BT.R.BIT 209,ron,2026-04-29,0
Orange Romania SA,BLUE-IR-OC-6,1156,final,2026-04-29,actual,1333.00,27.05.2025,INVOICED_ACCOUNTING,Da,,BT.R.BIT 210,ron,2026-04-29,0
Orange Romania SA,PHISH-P-L-MM-F-350-12,1181,final,2026-04-29,actual,500.00,27.05.2025,PAST_UNMATCHED,Da,TRACKER_SAYS_BILLED_NOT_FOUND,,,,
Orange Romania SA,CONSULTANCY-MISC-8,1205,final,2026-04-29,actual,500.00,27.05.2025,PAST_UNMATCHED,Da,TRACKER_SAYS_BILLED_NOT_FOUND,,,,
Orange Romania SA,PHISH-P-L-MM-F-250-12,1094,final,2026-05-25,actual,500.00,13.06.2025,PAST_UNMATCHED,Da,TRACKER_SAYS_BILLED_NOT_FOUND,,,,
Orange Romania SA,BLUE-IR-OC-6,1106,final,2026-05-25,actual,1000.00,13.06.2025,INVOICED_ACCOUNTING,Da,,BT.R.BIT 238,ron,2026-05-25,0
Orange Romania SA,BLUE-IR-OC-6,1157,final,2026-05-25,actual,1333.00,27.05.2025,INVOICED_ACCOUNTING,Da,,BT.R.BIT 239,ron,2026-05-25,0
Orange Romania SA,PHISH-P-L-MM-F-350-12,1182,final,2026-05-25,actual,500.00,27.05.2025,PAST_UNMATCHED,Da,TRACKER_SAYS_BILLED_NOT_FOUND,,,,
Orange Romania SA,CONSULTANCY-MISC-8,1206,final,2026-05-25,actual,500.00,27.05.2025,PAST_UNMATCHED,Da,TRACKER_SAYS_BILLED_NOT_FOUND,,,,
Orange Romania SA,PHISH-P-L-MM-F-250-12,1095,final,2026-06-19,actual,500.00,13.06.2025,INVOICED_ACCOUNTING,Da,,BT.R.BIT 297,ron,2026-07-18,29
Orange Romania SA,BLUE-IR-OC-6,1107,final,2026-06-19,actual,1000.00,13.06.2025,INVOICED_ACCOUNTING,Da,,BT.R.BIT 267,ron,2026-06-17,2
Orange Romania SA,BLUE-IR-OC-6,1158,final,2026-06-19,actual,990.00,25.05.2026,INVOICED_ACCOUNTING,Da,,BT.R.BIT 268,ron,2026-06-17,2
Orange Romania SA,PHISH-P-L-MM-F-350-12,1183,final,2026-06-19,actual,416.67,25.05.2026,INVOICED_ACCOUNTING,Da,,BT.BIT 1077,ron,2026-06-18,1
Orange Romania SA,CONSULTANCY-MISC-8,1207,final,2026-06-19,actual,1116.67,25.05.2026,INVOICED_ACCOUNTING,Da,,BT.BIT 1077,ron,2026-06-18,1
Orange Romania SA,ORO-TEM-SUPPORT-50-12,742,final,2026-07-01,estimated,1875.00,PO00171558,INVOICED_ACCOUNTING,Nu,TRACKER_FLAG_STALE_NOT_BILLED,BT.R.BIT 266,ron,2026-06-17,14
Orange Romania SA,BLUE-IR-OC-6,1159,final,2026-07-05,estimated,990.00,25.05.2026,PAST_UNMATCHED,Nu,,,,,
Orange Romania SA,PHISH-P-L-MM-F-350-12,1184,final,2026-07-05,estimated,416.67,25.05.2026,PAST_UNMATCHED,Nu,,,,,
Orange Romania SA,CONSULTANCY-MISC-8,1208,final,2026-07-05,estimated,1116.67,25.05.2026,PAST_UNMATCHED,Nu,,,,,
Orange Romania SA,PHISH-P-L-YY-A-15000,772,final,2026-07-20,estimated,16000.00,,INVOICED_ACCOUNTING,Nu,TRACKER_FLAG_STALE_NOT_BILLED,BT.R.BIT 296,ron,2026-07-18,2
Orange Romania SA,ORO-TEM-SUPPORT-50-12,743,final,2026-08-01,estimated,1875.00,PO00171558,INVOICED_ACCOUNTING,Nu,TRACKER_FLAG_STALE_NOT_BILLED,BT.R.BIT 295,ron,2026-07-18,14
Orange Romania SA,BLUE-IR-OC-6,1160,final,2026-08-05,estimated,990.00,25.05.2026,UPCOMING,Nu,,,,,
Orange Romania SA,PHISH-P-L-MM-F-350-12,1185,final,2026-08-05,estimated,416.67,25.05.2026,UPCOMING,Nu,,,,,
Orange Romania SA,CONSULTANCY-MISC-8,1209,final,2026-08-05,estimated,1116.67,25.05.2026,UPCOMING,Nu,,,,,
Orange Romania SA,ORO-TEM-SUPPORT-50-12,744,final,2026-09-01,estimated,1875.00,PO00171558,UPCOMING,Nu,,,,,
Orange Romania SA,BLUE-IR-OC-6,1161,final,2026-09-05,estimated,990.00,25.05.2026,UPCOMING,Nu,,,,,
Orange Romania SA,PHISH-P-L-MM-F-350-12,1186,final,2026-09-05,estimated,416.67,25.05.2026,UPCOMING,Nu,,,,,
Orange Romania SA,CONSULTANCY-MISC-8,1210,final,2026-09-05,estimated,1116.67,25.05.2026,UPCOMING,Nu,,,,,
Orange Romania SA,ORO-TEM-SUPPORT-50-12,745,final,2026-10-01,estimated,1875.00,PO00171558,UPCOMING,Nu,,,,,
Orange Romania SA,BLUE-IR-OC-6,1162,final,2026-10-05,estimated,990.00,25.05.2026,UPCOMING,Nu,,,,,
Orange Romania SA,PHISH-P-L-MM-F-350-12,1187,final,2026-10-05,estimated,416.67,25.05.2026,UPCOMING,Nu,,,,,
Orange Romania SA,CONSULTANCY-MISC-8,1211,final,2026-10-05,estimated,1116.67,25.05.2026,UPCOMING,Nu,,,,,
Orange Romania SA,ORO-TEM-DEV-100,774,final,2026-10-15,estimated,37000.00,,UPCOMING,Da,TRACKER_SAYS_BILLED_NOT_FOUND,,,,
Orange Romania SA,ORO-TEM-L-10000,775,final,2026-10-15,estimated,32000.00,,UPCOMING,Da,TRACKER_SAYS_BILLED_NOT_FOUND,,,,
Orange Romania SA,ORO-TEM-SUPPORT-50-12,746,final,2026-11-01,estimated,1875.00,PO00171558,UPCOMING,Nu,,,,,
Orange Romania SA,BLUE-IR-OC-6,1163,final,2026-11-05,estimated,990.00,25.05.2026,UPCOMING,Nu,,,,,
Orange Romania SA,PHISH-P-L-MM-F-350-12,1188,final,2026-11-05,estimated,416.67,25.05.2026,UPCOMING,Nu,,,,,
Orange Romania SA,CONSULTANCY-MISC-8,1212,final,2026-11-05,estimated,1116.67,25.05.2026,UPCOMING,Nu,,,,,
Orange Romania SA,ORO-TEM-SUPPORT-50-12,747,final,2026-12-01,estimated,1875.00,PO00171558,UPCOMING,Nu,,,,,
Orange Romania SA,BLUE-IR-OC-6,1164,final,2026-12-05,estimated,990.00,25.05.2026,UPCOMING,Nu,,,,,
Orange Romania SA,PHISH-P-L-MM-F-350-12,1189,final,2026-12-05,estimated,416.67,25.05.2026,UPCOMING,Nu,,,,,
Orange Romania SA,CONSULTANCY-MISC-8,1213,final,2026-12-05,estimated,1116.67,25.05.2026,UPCOMING,Nu,,,,,
Orange Romania SA,ORO-TEM-SUPPORT-50-12,748,final,2027-01-01,estimated,1875.00,PO00171558,UPCOMING,Nu,,,,,
Orange Romania SA,BLUE-IR-OC-6,1165,final,2027-01-05,estimated,990.00,25.05.2026,UPCOMING,Nu,,,,,
Orange Romania SA,PHISH-P-L-MM-F-350-12,1190,final,2027-01-05,estimated,416.67,25.05.2026,UPCOMING,Nu,,,,,
Orange Romania SA,CONSULTANCY-MISC-8,1214,final,2027-01-05,estimated,1116.67,25.05.2026,UPCOMING,Nu,,,,,
Orange Romania SA,ORO-TEM-SUPPORT-50-12,749,final,2027-02-01,estimated,1875.00,PO00171558,UPCOMING,Nu,,,,,
Orange Romania SA,BLUE-IR-OC-6,1166,final,2027-02-05,estimated,990.00,25.05.2026,UPCOMING,Nu,,,,,
Orange Romania SA,PHISH-P-L-MM-F-350-12,1191,final,2027-02-05,estimated,416.67,25.05.2026,UPCOMING,Nu,,,,,
Orange Romania SA,CONSULTANCY-MISC-8,1215,final,2027-02-05,estimated,1116.67,25.05.2026,UPCOMING,Nu,,,,,
Orange Romania SA,PHISH-P-L-YY-F-<410>-<12>,1222,final,2027-02-23,estimated,5400.00,18.02.2026,UPCOMING,Nu,,,,,
Orange Romania SA,ORO-TEM-SUPPORT-50-12,750,final,2027-03-01,estimated,1875.00,PO00171558,UPCOMING,Nu,,,,,
Orange Romania SA,BLUE-IR-OC-6,1167,final,2027-03-05,estimated,990.00,25.05.2026,UPCOMING,Nu,,,,,
Orange Romania SA,PHISH-P-L-MM-F-350-12,1192,final,2027-03-05,estimated,416.67,25.05.2026,UPCOMING,Nu,,,,,
Orange Romania SA,CONSULTANCY-MISC-8,1216,final,2027-03-05,estimated,1116.67,25.05.2026,UPCOMING,Nu,,,,,
Orange Romania SA,BLUE-IR-OC-6,1168,final,2027-04-05,estimated,990.00,25.05.2026,UPCOMING,Nu,,,,,
Orange Romania SA,PHISH-P-L-MM-F-350-12,1193,final,2027-04-05,estimated,416.67,25.05.2026,UPCOMING,Nu,,,,,
Orange Romania SA,CONSULTANCY-MISC-8,1217,final,2027-04-05,estimated,1116.67,25.05.2026,UPCOMING,Nu,,,,,
Orange Romania SA,BLUE-IR-OC-6,1169,final,2027-05-05,estimated,990.00,25.05.2026,UPCOMING,Nu,,,,,
Orange Romania SA,PHISH-P-L-MM-F-350-12,1194,final,2027-05-05,estimated,416.67,25.05.2026,UPCOMING,Nu,,,,,
Orange Romania SA,CONSULTANCY-MISC-8,1218,final,2027-05-05,estimated,1116.67,25.05.2026,UPCOMING,Nu,,,,,
Oveit Inc,RED-PEN-S-B-1,185,final,2022-05-12,actual,5500.00,215/18.03.2022,INVOICED_ACCOUNTING,Da,,BT.BIT 146,valuta,2022-05-12,0
"OVIDIU DEVELOPMENT S.A.,",RED-NIS-C-PEN-12,94,final,2022-12-21,actual,3000.00,Nr. RO80/48 din data de 22.09.2022,INVOICED_ACCOUNTING,Da,,436,ron,2022-12-21,0
"OVIDIU DEVELOPMENT S.A.,",RED-NIS-C-AUDIT-12,95,final,2022-12-21,actual,3000.00,Nr. RO80/48 din data de 22.09.2022,PAST_UNMATCHED,Da,TRACKER_SAYS_BILLED_NOT_FOUND,,,,
"OVIDIU DEVELOPMENT S.A.,",RED-NIS-C-PEN-12,96,final,2024-12-18,actual,3690.00,Nr. RO80 / 24 / 30.09.2024,INVOICED_ACCOUNTING,Da,,BT.BIT 777,ron,2024-12-18,0
"OVIDIU DEVELOPMENT S.A.,",RED-NIS-C-AUDIT-12,97,final,2024-12-18,actual,3200.00,Nr. RO80 / 24 / 30.09.2024,PAST_UNMATCHED,Da,TRACKER_SAYS_BILLED_NOT_FOUND,,,,
PF LAURA-LUCIA VAIDA,BLUE-IR-4,1591,avans,2026-06-24,actual,0.00,404/16.06.2026,PAST_UNMATCHED,Da,TRACKER_SAYS_BILLED_NOT_FOUND,,,,
PF LAURA-LUCIA VAIDA,BLUE-IR-4,1591,final,2026-06-24,estimated,2500.00,404/16.06.2026,INVOICED_ACCOUNTING,N/A,TRACKER_FLAG_STALE_NOT_BILLED,BT.BIT 1080,ron,2026-06-24,0
PLURIDIO S.R.L.,BLUE-MDR-I,1558,avans,2026-01-26,actual,1425.00,CONTRACT-CADRU DE PRESTARI SERVICII NR. 373/4.12.2025,INVOICED_ACCOUNTING,Da,,BT.BIT 1020,ron,2026-01-27,1
PLURIDIO S.R.L.,BLUE-MDR-I,1558,final,2026-01-26,estimated,0.00,CONTRACT-CADRU DE PRESTARI SERVICII NR. 373/4.12.2025,INVOICED_ACCOUNTING,Nu,TRACKER_FLAG_STALE_NOT_BILLED,BT.BIT 1016,ron,2026-01-26,0
PLURIDIO S.R.L.,CONSULTANCY-MISC-20,1557,avans,2026-02-04,actual,1500.00,CONTRACT-CADRU DE PRESTARI SERVICII NR. 373/4.12.2025,INVOICED_ACCOUNTING,Da,,BT.BIT 1026,ron,2026-02-04,0
PLURIDIO S.R.L.,BLUE-MDR-C-65,1559,final,2026-02-05,estimated,1463.00,CONTRACT-CADRU DE PRESTARI SERVICII NR. 373/4.12.2025,INVOICED_ACCOUNTING,Da,,BT.BIT 1031,ron,2026-02-17,12
PLURIDIO S.R.L.,CONSULTANCY-MISC-20,1557,final,2026-02-16,actual,1500.00,CONTRACT-CADRU DE PRESTARI SERVICII NR. 373/4.12.2025,INVOICED_ACCOUNTING,Da,,BT.BIT 1019,ron,2026-01-27,20
PLURIDIO S.R.L.,BLUE-MDR-C-65,1560,final,2026-03-20,actual,1463.00,CONTRACT-CADRU DE PRESTARI SERVICII NR. 373/4.12.2025,INVOICED_ACCOUNTING,Da,,BT.R.BIT 182,ron,2026-03-20,0
PLURIDIO S.R.L.,BLUE-MDR-C-65,1561,final,2026-04-29,actual,1463.00,CONTRACT-CADRU DE PRESTARI SERVICII NR. 373/4.12.2025,INVOICED_ACCOUNTING,Da,,BT.R.BIT 211,ron,2026-04-29,0
PLURIDIO S.R.L.,BLUE-MDR-C-65,1562,final,2026-05-25,actual,1463.00,CONTRACT-CADRU DE PRESTARI SERVICII NR. 373/4.12.2025,INVOICED_ACCOUNTING,Da,,BT.R.BIT 240,ron,2026-05-25,0
PLURIDIO S.R.L.,BLUE-MDR-C-65,1563,final,2026-06-05,estimated,1463.00,CONTRACT-CADRU DE PRESTARI SERVICII NR. 373/4.12.2025,INVOICED_ACCOUNTING,Nu,TRACKER_FLAG_STALE_NOT_BILLED,BT.BIT 1072,ron,2026-06-02,3
PLURIDIO S.R.L.,BLUE-MDR-C-65,1564,final,2026-07-05,estimated,1463.00,CONTRACT-CADRU DE PRESTARI SERVICII NR. 373/4.12.2025,INVOICED_ACCOUNTING,Nu,TRACKER_FLAG_STALE_NOT_BILLED,BT.R.BIT 298,ron,2026-07-18,13
PLURIDIO S.R.L.,BLUE-MDR-C-65,1565,final,2026-08-05,estimated,1463.00,CONTRACT-CADRU DE PRESTARI SERVICII NR. 373/4.12.2025,INVOICED_ACCOUNTING,Nu,TRACKER_FLAG_STALE_NOT_BILLED,BT.BIT 1017,ron,2026-01-26,191
PLURIDIO S.R.L.,BLUE-MDR-C-65,1566,final,2026-09-05,estimated,1463.00,CONTRACT-CADRU DE PRESTARI SERVICII NR. 373/4.12.2025,INVOICED_ACCOUNTING,Nu,TRACKER_FLAG_STALE_NOT_BILLED,BT.BIT 1018,ron,2026-01-26,222
PLURIDIO S.R.L.,BLUE-MDR-C-65,1567,final,2026-10-05,estimated,1463.00,CONTRACT-CADRU DE PRESTARI SERVICII NR. 373/4.12.2025,INVOICED_ACCOUNTING,Nu,TRACKER_FLAG_STALE_NOT_BILLED,BT.R.BIT 269,ron,2026-06-17,110
PLURIDIO S.R.L.,BLUE-MDR-C-65,1568,final,2026-11-05,estimated,1463.00,CONTRACT-CADRU DE PRESTARI SERVICII NR. 373/4.12.2025,UPCOMING,Nu,,,,,
PLURIDIO S.R.L.,BLUE-MDR-C-65,1569,final,2026-12-05,estimated,1463.00,CONTRACT-CADRU DE PRESTARI SERVICII NR. 373/4.12.2025,UPCOMING,Nu,,,,,
PLURIDIO S.R.L.,BLUE-MDR-C-65,1570,final,2027-01-05,estimated,1463.00,CONTRACT-CADRU DE PRESTARI SERVICII NR. 373/4.12.2025,UPCOMING,Nu,,,,,
PREMIER ENERGY FURNIZARE SA,RED-NIS-C-PEN-58,87,final,2024-12-18,actual,6090.00,Nr. 314/ 21.10.2024,INVOICED_ACCOUNTING,Da,,BT.BIT 781,ron,2024-12-18,0
PREMIER ENERGY FURNIZARE SA,RED-NIS-C-AUDIT-58,88,final,2024-12-18,actual,3000.00,Nr. 314/ 21.10.2024,PAST_UNMATCHED,Da,TRACKER_SAYS_BILLED_NOT_FOUND,,,,
PREMIER ENERGY FURNIZARE SA,RED-PEN-B-E-B-15,89,final,2026-06-19,actual,7200.00,CONTRACT-CADRU DE PRESTARI SERVICII NR. 390 DIN 2.2.2026,INVOICED_ACCOUNTING,Da,,BT.BIT 1078,ron,2026-06-19,0
PRIMONET RO SRL,BLUE-MDR-C-5,1441,avans,2025-04-11,actual,1200.00,332/3.3.2025,INVOICED_ACCOUNTING,Da,,BT.BIT 863,ron,2025-04-11,0
PRIMONET RO SRL,BLUE-MDR-C-5,1441,final,2025-04-16,estimated,,332/3.3.2025,PAST_UNMATCHED,Nu,,,,,
PRIMONET RO SRL,BLUE-MDR-C-5,1442,final,2025-05-15,actual,500.00,332/3.3.2025,INVOICED_ACCOUNTING,Da,,BT.BIT 895,ron,2025-05-16,1
PRIMONET RO SRL,BLUE-MDR-C-5,1443,final,2025-06-16,actual,500.00,332/3.3.2025,INVOICED_ACCOUNTING,Da,,BT.BIT 919,ron,2025-06-16,0
PRIMONET RO SRL,BLUE-MDR-C-5,1444,final,2025-07-10,actual,500.00,332/3.3.2025,INVOICED_ACCOUNTING,Da,,BT.BIT 944,ron,2025-07-02,8
PRIMONET RO SRL,BLUE-MDR-C-5,1445,final,2025-08-04,actual,500.00,332/3.3.2025,INVOICED_ACCOUNTING,Da,,BT.BIT 972,ron,2025-08-04,0
PRIMONET RO SRL,BLUE-MDR-C-5,1446,final,2025-09-05,actual,500.00,332/3.3.2025,INVOICED_ACCOUNTING,Da,,BT.R.BIT 23,ron,2025-09-02,3
PRIMONET RO SRL,BLUE-MDR-C-5,1447,final,2025-10-20,actual,500.00,332/3.3.2025,INVOICED_ACCOUNTING,Da,,BT.R.BIT 50,ron,2025-10-20,0
PRIMONET RO SRL,BLUE-MDR-C-5,1448,final,2025-11-26,actual,500.00,332/3.3.2025,INVOICED_ACCOUNTING,Da,,BT.R.BIT 77,ron,2025-11-26,0
PRIMONET RO SRL,BLUE-MDR-C-5,1449,final,2025-12-23,actual,500.00,332/3.3.2025,INVOICED_ACCOUNTING,Da,,BT.R.BIT 104,ron,2025-12-23,0
PRIMONET RO SRL,BLUE-MDR-C-5,1450,final,2026-01-20,actual,500.00,332/3.3.2025,INVOICED_ACCOUNTING,Da,,BT.R.BIT 131,ron,2026-01-20,0
PRIMONET RO SRL,BLUE-MDR-C-5,1451,final,2026-02-13,actual,500.00,332/3.3.2025,INVOICED_ACCOUNTING,Da,,BT.R.BIT 159,ron,2026-02-13,0
PRIMONET RO SRL,BLUE-MDR-C-5,1452,final,2026-03-20,actual,500.00,332/3.3.2025,INVOICED_ACCOUNTING,Da,,BT.R.BIT 183,ron,2026-03-20,0
PRIMONET RO SRL,BLUE-MDR-C-5,1453,final,2026-04-29,actual,500.00,332/3.3.2025,INVOICED_ACCOUNTING,Da,,BT.R.BIT 212,ron,2026-04-29,0
PRIMONET RO SRL,BLUE-MDR-C-5,1454,final,2026-05-25,actual,500.00,332/3.3.2025,INVOICED_ACCOUNTING,Da,,BT.R.BIT 241,ron,2026-05-25,0
PRIMONET RO SRL,BLUE-MDR-C-5,1455,final,2026-06-19,actual,500.00,332/3.3.2025,INVOICED_ACCOUNTING,Da,,BT.R.BIT 270,ron,2026-06-17,2
PRIMONET RO SRL,BLUE-MDR-C-5,1456,final,2026-07-05,estimated,500.00,332/3.3.2025,INVOICED_ACCOUNTING,Nu,TRACKER_FLAG_STALE_NOT_BILLED,BT.R.BIT 299,ron,2026-07-18,13
PRIMONET RO SRL,BLUE-MDR-C-5,1457,final,2026-08-05,estimated,500.00,332/3.3.2025,UPCOMING,Nu,,,,,
PRIMONET RO SRL,BLUE-MDR-C-5,1458,final,2026-09-05,estimated,500.00,332/3.3.2025,UPCOMING,Nu,,,,,
PRIMONET RO SRL,BLUE-MDR-C-5,1459,final,2026-10-05,estimated,500.00,332/3.3.2025,UPCOMING,Nu,,,,,
PRIMONET RO SRL,BLUE-MDR-C-5,1460,final,2026-11-05,estimated,500.00,332/3.3.2025,UPCOMING,Nu,,,,,
PRIMONET RO SRL,BLUE-MDR-C-5,1461,final,2026-12-05,estimated,500.00,332/3.3.2025,UPCOMING,Nu,,,,,
PRIMONET RO SRL,BLUE-MDR-C-5,1462,final,2027-01-05,estimated,500.00,332/3.3.2025,UPCOMING,Nu,,,,,
PRIMONET RO SRL,BLUE-MDR-C-5,1463,final,2027-02-05,estimated,500.00,332/3.3.2025,UPCOMING,Nu,,,,,
PRIMONET RO SRL,BLUE-MDR-C-5,1464,final,2027-03-05,estimated,500.00,332/3.3.2025,UPCOMING,Nu,,,,,
PRO TV S.R.L.,CONSULTANCY-MISC-8,1326,final,2024-12-10,actual,3600.00,COMANDA FERMA 053/08.11.2024,INVOICED_ACCOUNTING,Da,,BT.BIT 772,ron,2024-12-10,0
PRO TV S.R.L.,CONSULTANCY-MISC-8,1327,final,2025-04-16,actual,3600.00,COMANDA FERMA 011/01.04.2025,INVOICED_ACCOUNTING,Da,,BT.BIT 867,ron,2025-04-16,0
PRO TV S.R.L.,CONSULTANCY-MISC-23,1328,final,2025-08-12,actual,11500.00,COMANDA FERMA /22.7.2025,INVOICED_ACCOUNTING,Da,,BT.BIT 975,ron,2025-08-12,0
PRO TV S.R.L.,CONSULTANCY-MISC-6,1329,final,2025-10-30,actual,3600.00,COMANDA FERMA CC_FIT 201PO0102881 /22.10.2025,PAST_UNMATCHED,Da,TRACKER_SAYS_BILLED_NOT_FOUND,,,,
PRO TV S.R.L.,RED-PEN-B-E-B-7,1330,final,2025-11-24,actual,3640.00,Comanda ferma CC_FIT 201PO0103125,INVOICED_ACCOUNTING,Da,,BT.R.BIT 972,ron,2025-11-24,0
PRO TV S.R.L.,CONSULTANCY-MISC-23,1333,final,2025-12-04,actual,1800.00,Comanda CC_FIT 201PO0103808,INVOICED_ACCOUNTING,Da,,BT.BIT 1003,ron,2025-12-04,0
PRO TV S.R.L.,CONSULTANCY-MISC-5,1331,final,2026-03-31,actual,2872.00,ACT ADITIONAL NR. 1 DIN 13.10.2025,PAST_UNMATCHED,Da,TRACKER_SAYS_BILLED_NOT_FOUND,,,,
PRO TV S.R.L.,CONSULTANCY-MISC-56,1332,final,2026-12-31,estimated,42128.00,ACT ADITIONAL NR. 2 DIN 16.3.2026 CONTRACT DE PRESTARI SERVICII NR. 351/11.8.2025,INVOICED_ACCOUNTING,Nu,TRACKER_FLAG_STALE_NOT_BILLED,BT.BIT 1052,ron,2026-03-31,275
Pvolve LLC,BLUE-MDR-C-5,1414,final,2025-05-30,actual,2207.00,NO. 322/17.12.2024,INVOICED_ACCOUNTING,Da,,BT.BIT 238,valuta,2025-05-30,0
Pvolve LLC,BLUE-MDR-C-6,1415,final,2025-06-16,actual,1095.00,NO. 322/17.12.2024,INVOICED_ACCOUNTING,Da,,BT.BIT 241,valuta,2025-06-16,0
Pvolve LLC,BLUE-MDR-C-7,1416,final,2025-07-10,actual,1095.00,NO. 322/17.12.2024,INVOICED_ACCOUNTING,Da,,BT.BIT 245,valuta,2025-07-02,8
Pvolve LLC,BLUE-MDR-C-8,1417,final,2025-08-04,actual,1095.00,NO. 322/17.12.2024,INVOICED_ACCOUNTING,Da,,BT.BIT 248,valuta,2025-08-04,0
Pvolve LLC,BLUE-MDR-C-9,1418,final,2025-09-05,actual,1095.00,NO. 322/17.12.2024,INVOICED_ACCOUNTING,Da,,BT.R.BIT 3,valuta,2025-09-02,3
Pvolve LLC,BLUE-MDR-C-10,1419,final,2025-10-20,actual,1095.00,NO. 322/17.12.2024,INVOICED_ACCOUNTING,Da,,BT.R.BIT 30,valuta,2025-10-20,0
Pvolve LLC,BLUE-MDR-C-11,1420,final,2025-11-26,actual,1095.00,NO. 322/17.12.2024,INVOICED_ACCOUNTING,Da,,BT.R.BIT 57,valuta,2025-11-26,0
Pvolve LLC,BLUE-MDR-C-12,1421,final,2025-12-23,actual,1095.00,NO. 322/17.12.2024,INVOICED_ACCOUNTING,Da,,BT.R.BIT 85,valuta,2025-12-23,0
Pvolve LLC,BLUE-MDR-C-13,1422,final,2026-01-20,actual,1095.00,NO. 322/17.12.2024,INVOICED_ACCOUNTING,Da,,BT.R.BIT 112,valuta,2026-01-20,0
Pvolve LLC,BLUE-MDR-C-14,1423,final,2026-02-13,actual,1095.00,NO. 322/17.12.2024,INVOICED_ACCOUNTING,Da,,BT.R.BIT 139,valuta,2026-02-13,0
Pvolve LLC,BLUE-MDR-C-15,1424,final,2026-03-20,actual,1095.00,NO. 322/17.12.2024,INVOICED_ACCOUNTING,Da,,BT.R.BIT 184,valuta,2026-03-20,0
Pvolve LLC,BLUE-MDR-C-16,1425,final,2026-04-29,actual,1095.00,NO. 322/17.12.2024,INVOICED_ACCOUNTING,Da,,BT.R.BIT 213,valuta,2026-04-29,0
Pvolve LLC,BLUE-MDR-C-16,1426,final,2026-06-08,actual,1095.00,NO. 322/17.12.2024,INVOICED_ACCOUNTING,Da,,BT.R.BIT 242,valuta,2026-05-25,14
Pvolve LLC,BLUE-MDR-C-16,1427,final,2026-06-19,actual,1095.00,NO. 322/17.12.2024,INVOICED_ACCOUNTING,Da,,BT.R.BIT 271,valuta,2026-06-17,2
Pvolve LLC,BLUE-MDR-C-7,1428,final,2026-07-05,estimated,1095.00,NO. 322/17.12.2024,INVOICED_ACCOUNTING,Nu,TRACKER_FLAG_STALE_NOT_BILLED,BT.R.BIT 300,valuta,2026-07-18,13
Pvolve LLC,BLUE-MDR-C-8,1429,final,2026-08-05,estimated,1095.00,NO. 322/17.12.2024,UPCOMING,Nu,,,,,
Pvolve LLC,BLUE-MDR-C-9,1430,final,2026-09-05,estimated,1095.00,NO. 322/17.12.2024,UPCOMING,Nu,,,,,
Pvolve LLC,BLUE-MDR-C-10,1431,final,2026-10-05,estimated,1095.00,NO. 322/17.12.2024,UPCOMING,Nu,,,,,
Pvolve LLC,BLUE-MDR-C-11,1432,final,2026-11-05,estimated,1095.00,NO. 322/17.12.2024,UPCOMING,Nu,,,,,
Pvolve LLC,BLUE-MDR-C-12,1433,final,2026-12-05,estimated,1095.00,NO. 322/17.12.2024,UPCOMING,Nu,,,,,
Pvolve LLC,BLUE-MDR-C-13,1434,final,2027-01-05,estimated,1095.00,NO. 322/17.12.2024,UPCOMING,Nu,,,,,
Pvolve LLC,BLUE-MDR-C-14,1435,final,2027-02-05,estimated,1095.00,NO. 322/17.12.2024,UPCOMING,Nu,,,,,
Pvolve LLC,BLUE-MDR-C-15,1436,final,2027-03-05,estimated,1095.00,NO. 322/17.12.2024,UPCOMING,Nu,,,,,
Pvolve LLC,BLUE-MDR-C-16,1437,final,2027-04-05,estimated,1095.00,NO. 322/17.12.2024,UPCOMING,Nu,,,,,
Quantic Lab SRL,RED-PEN-B-E-B-50,201,avans,2020-04-09,actual,960.00,V55/08.04.2020,INVOICED_ACCOUNTING,Da,,BT.BIT 188,ron,2020-04-09,0
Quantic Lab SRL,RED-PEN-B-E-B-50,201,final,2020-04-21,actual,1440.00,V55/08.04.2020,INVOICED_ACCOUNTING,Da,,BT.BIT 191,ron,2020-04-21,0
Quantic Lab SRL,RED-PEN-B-E-B-50,202,avans,2022-06-09,actual,1700.00,225/06.06.2022,INVOICED_ACCOUNTING,Da,,BT.BIT 355,ron,2022-06-09,0
Quantic Lab SRL,RED-PEN-B-E-B-50,202,final,2022-08-03,actual,2550.00,225/06.06.2022,INVOICED_ACCOUNTING,Da,,BT.BIT 378,ron,2022-08-03,0
Quantic Lab SRL,RED-PEN-B-E-B-50,203,avans,2024-12-18,actual,3900.00,ACT ADITIONAL NR. 1 DIN 11.12.2024,INVOICED_ACCOUNTING,Da,,BT.BIT 774,ron,2024-12-18,0
Quantic Lab SRL,RED-PEN-B-E-B-50,203,final,2025-01-23,actual,3900.00,ACT ADITIONAL NR. 1 DIN 11.12.2024,PAST_UNMATCHED,Da,TRACKER_SAYS_BILLED_NOT_FOUND,,,,
Quantic Lab SRL,RED-PEN-B-E-B-50,204,avans,2026-04-14,actual,4500.00,ACT ADITIONAL NR. 2 DIN 7.4.2026,INVOICED_ACCOUNTING,Da,,BT.BIT 1063,ron,2026-04-14,0
Quantic Lab SRL,RED-PEN-B-E-B-50,204,final,2026-04-27,actual,4500.00,ACT ADITIONAL NR. 2 DIN 7.4.2026,PAST_UNMATCHED,Da,TRACKER_SAYS_BILLED_NOT_FOUND,,,,
Quanto Masernet GmbH.,RED-PEN-S-B-1,3,final,2020-12-22,actual,2000.00,NR. 1 DIN 10.12.2020,PAST_UNMATCHED,Da,TRACKER_SAYS_BILLED_NOT_FOUND,,,,
Quanto Masernet GmbH.,RED-PEN-S-B-1,5,final,2021-08-02,actual,4462.00,NR. 2 DIN 02.08.2021,PAST_UNMATCHED,Da,TRACKER_SAYS_BILLED_NOT_FOUND,,,,
Quanto Masernet GmbH.,RED-VA-E-S-50,6,final,2021-09-01,actual,690.00,NR. 2 DIN 02.08.2021,PAST_UNMATCHED,Da,TRACKER_SAYS_BILLED_NOT_FOUND,,,,
Quanto Masernet GmbH.,RED-VA-E-S-50,7,final,2021-10-04,actual,690.00,NR. 2 DIN 02.08.2021,PAST_UNMATCHED,Da,TRACKER_SAYS_BILLED_NOT_FOUND,,,,
Quanto Masernet GmbH.,RED-VA-E-S-50,8,final,2021-11-01,actual,690.00,NR. 2 DIN 02.08.2021,PAST_UNMATCHED,Da,TRACKER_SAYS_BILLED_NOT_FOUND,,,,
Quanto Masernet GmbH.,RED-VA-E-S-50,9,final,2021-12-02,actual,690.00,NR. 2 DIN 02.08.2021,PAST_UNMATCHED,Da,TRACKER_SAYS_BILLED_NOT_FOUND,,,,
Quanto Masernet GmbH.,RED-VA-E-S-50,10,final,2022-01-04,actual,690.00,NR. 2 DIN 02.08.2021,PAST_UNMATCHED,Da,TRACKER_SAYS_BILLED_NOT_FOUND,,,,
Quanto Masernet GmbH.,RED-VA-E-S-50,11,final,2022-02-03,actual,690.00,NR. 2 DIN 02.08.2021,PAST_UNMATCHED,Da,TRACKER_SAYS_BILLED_NOT_FOUND,,,,
Quanto Masernet GmbH.,RED-VA-E-S-50,12,final,2022-03-03,actual,690.00,NR. 2 DIN 02.08.2021,PAST_UNMATCHED,Da,TRACKER_SAYS_BILLED_NOT_FOUND,,,,
Quanto Masernet GmbH.,RED-VA-E-S-50,13,final,2022-04-06,actual,690.00,NR. 2 DIN 02.08.2021,PAST_UNMATCHED,Da,TRACKER_SAYS_BILLED_NOT_FOUND,,,,
Quanto Masernet GmbH.,RED-VA-E-S-50,14,final,2022-05-09,actual,690.00,NR. 2 DIN 02.08.2021,PAST_UNMATCHED,Da,TRACKER_SAYS_BILLED_NOT_FOUND,,,,
Quanto Masernet GmbH.,RED-VA-E-S-50,15,final,2022-06-09,actual,690.00,NR. 2 DIN 02.08.2021,PAST_UNMATCHED,Da,TRACKER_SAYS_BILLED_NOT_FOUND,,,,
Quanto Masernet GmbH.,RED-VA-E-S-50,16,final,2022-07-12,actual,690.00,NR. 2 DIN 02.08.2021,PAST_UNMATCHED,Da,TRACKER_SAYS_BILLED_NOT_FOUND,,,,
Quanto Masernet GmbH.,RED-VA-E-S-50,17,final,2022-08-08,actual,690.00,NR. 2 DIN 02.08.2021,PAST_UNMATCHED,Da,TRACKER_SAYS_BILLED_NOT_FOUND,,,,
Quanto Masernet GmbH.,RED-PEN-S-B-1,4,avans,2024-12-10,actual,2860.00,176/08.12.2020,INVOICED_ACCOUNTING,Da,,BT.BIT 87,valuta,2020-12-22,1449
Quanto Masernet GmbH.,RED-PEN-S-B-1,4,final,2024-12-19,actual,4290.00,176/08.12.2020,PAST_UNMATCHED,Da,TRACKER_SAYS_BILLED_NOT_FOUND,,,,
QUANTOPAY LTD,RED-PEN-S-B-1,144,final,2022-02-28,actual,9500.00,01/2021,INVOICED_ACCOUNTING,Da,,BT.BIT 136,valuta,2022-02-28,0
QUANTOPAY LTD,RED-PEN-S-B-1,145,final,2022-11-23,actual,9500.00,01/2021,INVOICED_ACCOUNTING,Da,,BT.BIT 162,valuta,2022-11-23,0
QUANTOPAY LTD,RED-PEN-B-I-B-100,146,final,2022-11-23,actual,4500.00,01/2021,INVOICED_ACCOUNTING,Da,,BT.BIT 162,valuta,2022-11-23,0
QUEHENBERGER LOGISTICS ROU SRL,RED-PEN-B-E-B-11,1438,avans,2025-02-18,actual,3300.00,327/4.2.2025,INVOICED_ACCOUNTING,Da,,BT.BIT 824,ron,2025-02-18,0
QUEHENBERGER LOGISTICS ROU SRL,RED-PEN-B-E-B-11,1438,final,2025-03-04,actual,6600.00,327/4.2.2025,INVOICED_ACCOUNTING,Da,,BT.BIT 846,ron,2025-03-14,10
R.T.C. RADIOLOGY THERAPEUTIC CENTER SRL,RED-NIS-C-PEN-200,115,final,2022-12-14,actual,1800.00,262/28.11.2022,INVOICED_ACCOUNTING,Da,,425,ron,2022-12-14,0
R.T.C. RADIOLOGY THERAPEUTIC CENTER SRL,RED-NIS-C-PEN-200,116,final,2022-12-14,actual,1150.00,262/28.11.2022,PAST_UNMATCHED,Da,TRACKER_SAYS_BILLED_NOT_FOUND,,,,
R.T.C. RADIOLOGY THERAPEUTIC CENTER SRL,RED-NIS-C-PEN-200,117,final,2022-12-14,actual,1800.00,103/28.11.2022,INVOICED_ACCOUNTING,Da,,424,ron,2022-12-14,0
R.T.C. RADIOLOGY THERAPEUTIC CENTER SRL,RED-NIS-C-PEN-200,118,final,2022-12-14,actual,1150.00,103/28.11.2022,PAST_UNMATCHED,Da,TRACKER_SAYS_BILLED_NOT_FOUND,,,,
RADIOTHERAPY CENTER CLUJ SRL,RED-NIS-C-PEN-200,113,final,2022-12-14,actual,1800.00,711/28.11.2022,INVOICED_ACCOUNTING,Da,,427,ron,2022-12-14,0
RADIOTHERAPY CENTER CLUJ SRL,RED-NIS-C-PEN-200,114,final,2022-12-14,actual,1150.00,711/28.11.2022,PAST_UNMATCHED,Da,TRACKER_SAYS_BILLED_NOT_FOUND,,,,
RESTART ENERGY DEMOCRACY SRL,RED-PEN-S-WB-1,124,avans,2019-08-19,actual,5400.00,147/14.08.2019,INVOICED_ACCOUNTING,Da,,BT.BIT 131,ron,2019-08-19,0
RESTART ENERGY DEMOCRACY SRL,RED-PEN-S-WB-1,124,final,2019-10-04,actual,8100.00,147/14.08.2019,PAST_UNMATCHED,Da,TRACKER_SAYS_BILLED_NOT_FOUND,,,,
RESTART ENERGY DEMOCRACY SRL,RED-PEN-S-WB-1,125,avans,2021-06-18,actual,8000.00,193/09.06.2021,INVOICED_ACCOUNTING,Da,,BT.BIT 274,ron,2021-06-18,0
RESTART ENERGY DEMOCRACY SRL,RED-PEN-S-WB-1,125,final,2021-07-26,actual,8000.00,193/09.06.2021,PAST_UNMATCHED,Da,TRACKER_SAYS_BILLED_NOT_FOUND,,,,
RESTART ENERGY DEMOCRACY SRL,RED-PEN-S-WB-2,126,avans,2021-08-16,actual,3938.00,NR. 1 DIN 04.08.2021,INVOICED_ACCOUNTING,Da,,BT.BIT 284,ron,2021-08-16,0
RESTART ENERGY DEMOCRACY SRL,RED-PEN-S-WB-2,126,final,2021-08-30,actual,3938.00,NR. 1 DIN 04.08.2021,PAST_UNMATCHED,Da,TRACKER_SAYS_BILLED_NOT_FOUND,,,,
RESTART ENERGY ONE S.A.,RED-PEN-S-G-1,123,final,2022-12-20,actual,4050.00,248/12.12.2022,INVOICED_ACCOUNTING,Da,,433,ron,2022-12-20,0
ROBITE S.A.,RED-PEN-B-E-B-5,1572,avans,2026-02-20,actual,1500.00,CONTRACT-CADRU DE PRESTĂRI SERVICII NR. 393/20.2.2026,INVOICED_ACCOUNTING,Da,,BT.BIT 1033,ron,2026-02-20,0
ROBITE S.A.,RED-PEN-B-E-B-5,1572,final,2026-03-04,actual,1500.00,CONTRACT-CADRU DE PRESTĂRI SERVICII NR. 393/20.2.2026,PAST_UNMATCHED,Da,TRACKER_SAYS_BILLED_NOT_FOUND,,,,
ROMANIAN FRANCHISE SYSTEMS SRL,RED-PEN-S-WB-1,780,avans,2023-01-20,actual,4190.00,252/16.01.2023,INVOICED_ACCOUNTING,Da,,449,ron,2023-01-20,0
ROMANIAN FRANCHISE SYSTEMS SRL,RED-PEN-S-WB-1,780,final,2023-03-20,actual,6285.00,252/16.01.2023,PAST_UNMATCHED,Da,TRACKER_SAYS_BILLED_NOT_FOUND,,,,
SAMSUNG ELECTRONICS ROMANIA S.R.L.,CONSULTANCY-MISC-8,1576,final,2026-04-02,actual,11500.00,SAMSUNG ROMANIA CONTRACT GENERAL DE ACHIZITII DE BUNURI SI PRESTARI DE SERVICII („CONTRACT”) Nr. 25/11.03.2026,INVOICED_ACCOUNTING,Da,,BT.BIT 1060,ron,2026-04-02,0
SAMSUNG ELECTRONICS ROMANIA S.R.L.,CONSULTANCY-MISC-6,1577,final,2026-05-22,actual,3825.00,SAMSUNG ROMANIA CONTRACT GENERAL DE ACHIZITII DE BUNURI SI PRESTARI DE SERVICII („CONTRACT”) Nr. 25/11.03.2026,INVOICED_ACCOUNTING,Da,,BT.BIT1070,ron,2026-05-22,0
SAMSUNG ELECTRONICS ROMANIA S.R.L.,CONSULTANCY-MISC-3,1578,final,2026-05-22,actual,2040.00,SAMSUNG ROMANIA CONTRACT GENERAL DE ACHIZITII DE BUNURI SI PRESTARI DE SERVICII („CONTRACT”) Nr. 25/11.03.2026,INVOICED_ACCOUNTING,Da,,BT.BIT1070,ron,2026-05-22,0
SAMSUNG ELECTRONICS ROMANIA S.R.L.,CONSULTANCY-MISC-17,1579,final,2026-05-22,actual,4250.00,SAMSUNG ROMANIA CONTRACT GENERAL DE ACHIZITII DE BUNURI SI PRESTARI DE SERVICII („CONTRACT”) Nr. 25/11.03.2026,INVOICED_ACCOUNTING,Da,,BT.BIT1070,ron,2026-05-22,0
SAMSUNG ELECTRONICS ROMANIA S.R.L.,CONSULTANCY-MISC-1,1580,final,2026-06-19,actual,3000.00,SAMSUNG ROMANIA CONTRACT GENERAL DE ACHIZITII DE BUNURI SI PRESTARI DE SERVICII („CONTRACT”) Nr. 25/11.03.2026,INVOICED_ACCOUNTING,Da,,BT.BIT 1051,ron,2026-03-31,80
SAMSUNG ELECTRONICS ROMANIA S.R.L.,CONSULTANCY-MISC-1,1581,final,2026-09-30,estimated,3000.00,SAMSUNG ROMANIA CONTRACT GENERAL DE ACHIZITII DE BUNURI SI PRESTARI DE SERVICII („CONTRACT”) Nr. 25/11.03.2026,INVOICED_ACCOUNTING,Nu,TRACKER_FLAG_STALE_NOT_BILLED,BT.BIT 1059,ron,2026-03-31,183
SELGROS CASH & CARRY S.R.L,PHISH-T-FM-FM-2500-12,628,final,2022-12-21,actual,8000.00,235/15.11.2022,INVOICED_ACCOUNTING,Da,,439,ron,2022-12-21,0
SELGROS CASH & CARRY S.R.L,PHISH-P-L-FM-F-2500-12,629,final,2022-12-21,actual,8100.00,235/15.11.2022,PAST_UNMATCHED,Da,TRACKER_SAYS_BILLED_NOT_FOUND,,,,
SELGROS CASH & CARRY S.R.L,BLUE-IR-OC-5,632,final,2023-03-01,actual,250.00,234/15.11.2022,INVOICED_ACCOUNTING,Da,,BT.BIT 459,ron,2023-03-01,0
SELGROS CASH & CARRY S.R.L,BLUE-IR-OC-5,633,final,2023-03-01,actual,250.00,234/15.11.2022,INVOICED_ACCOUNTING,Da,,BT.BIT 937,ron,2025-07-02,854
SELGROS CASH & CARRY S.R.L,BLUE-IR-OC-5,634,final,2023-03-01,actual,250.00,234/15.11.2022,INVOICED_ACCOUNTING,Da,,BT.BIT 965,ron,2025-08-04,887
SELGROS CASH & CARRY S.R.L,CONSULTANCY-MISC-10,644,final,2023-03-01,actual,500.00,234/15.11.2022,INVOICED_ACCOUNTING,Da,,BT.BIT 460,ron,2023-03-01,0
SELGROS CASH & CARRY S.R.L,CONSULTANCY-MISC-10,645,final,2023-03-01,actual,500.00,234/15.11.2022,INVOICED_ACCOUNTING,Da,,BT.BIT 889,ron,2025-05-13,804
SELGROS CASH & CARRY S.R.L,CONSULTANCY-MISC-10,646,final,2023-03-01,actual,500.00,234/15.11.2022,INVOICED_ACCOUNTING,Da,,BT.BIT 913,ron,2025-06-16,838
SELGROS CASH & CARRY S.R.L,BLUE-IR-OC-5,635,final,2023-04-10,actual,250.00,234/15.11.2022,INVOICED_ACCOUNTING,Da,,BT.BIT 467,ron,2023-04-10,0
SELGROS CASH & CARRY S.R.L,BLUE-IR-OC-5,636,final,2023-04-10,actual,250.00,234/15.11.2022,INVOICED_ACCOUNTING,Da,,BT.BIT 888,ron,2025-05-13,764
SELGROS CASH & CARRY S.R.L,BLUE-IR-OC-5,637,final,2023-04-10,actual,250.00,234/15.11.2022,INVOICED_ACCOUNTING,Da,,BT.BIT 912,ron,2025-06-16,798
SELGROS CASH & CARRY S.R.L,CONSULTANCY-MISC-10,647,final,2023-04-10,actual,500.00,234/15.11.2022,INVOICED_ACCOUNTING,Da,,BT.BIT 468,ron,2023-04-10,0
SELGROS CASH & CARRY S.R.L,CONSULTANCY-MISC-10,648,final,2023-04-10,actual,500.00,234/15.11.2022,INVOICED_ACCOUNTING,Da,,BT.BIT 836,ron,2025-03-06,696
SELGROS CASH & CARRY S.R.L,CONSULTANCY-MISC-10,649,final,2023-04-10,actual,500.00,234/15.11.2022,INVOICED_ACCOUNTING,Da,,BT.BIT 860,ron,2025-04-02,723
SELGROS CASH & CARRY S.R.L,BLUE-IR-OC-5,638,final,2023-05-03,actual,250.00,234/15.11.2022,INVOICED_ACCOUNTING,Da,,BT.BIT 473,ron,2023-05-03,0
SELGROS CASH & CARRY S.R.L,BLUE-IR-OC-5,639,final,2023-05-03,actual,250.00,234/15.11.2022,INVOICED_ACCOUNTING,Da,,BT.BIT 835,ron,2025-03-06,673
SELGROS CASH & CARRY S.R.L,BLUE-IR-OC-5,640,final,2023-05-03,actual,250.00,234/15.11.2022,INVOICED_ACCOUNTING,Da,,BT.BIT 859,ron,2025-04-02,700
SELGROS CASH & CARRY S.R.L,CONSULTANCY-MISC-10,650,final,2023-05-03,actual,500.00,234/15.11.2022,INVOICED_ACCOUNTING,Da,,BT.BIT 474,ron,2023-05-03,0
SELGROS CASH & CARRY S.R.L,CONSULTANCY-MISC-10,651,final,2023-05-03,actual,500.00,234/15.11.2022,INVOICED_ACCOUNTING,Da,,BT.BIT 799,ron,2025-01-15,623
SELGROS CASH & CARRY S.R.L,CONSULTANCY-MISC-10,652,final,2023-05-03,actual,500.00,234/15.11.2022,INVOICED_ACCOUNTING,Da,,BT.BIT 820,ron,2025-02-03,642
SELGROS CASH & CARRY S.R.L,BLUE-IR-OC-5,641,final,2023-10-02,actual,250.00,234/15.11.2022,INVOICED_ACCOUNTING,Da,,BT.BIT 798,ron,2025-01-15,471
SELGROS CASH & CARRY S.R.L,BLUE-IR-OC-5,642,final,2023-10-02,actual,250.00,234/15.11.2022,INVOICED_ACCOUNTING,Da,,BT.BIT 819,ron,2025-02-03,490
SELGROS CASH & CARRY S.R.L,CONSULTANCY-MISC-10,653,final,2023-10-02,actual,500.00,234/15.11.2022,INVOICED_ACCOUNTING,Da,,BT.BIT 543,ron,2023-10-02,0
SELGROS CASH & CARRY S.R.L,CONSULTANCY-MISC-10,654,final,2023-10-02,actual,500.00,234/15.11.2022,INVOICED_ACCOUNTING,Da,,BT.BIT 544,ron,2023-10-02,0
SELGROS CASH & CARRY S.R.L,PHISH-P-L-FM-F-2500-12,881,final,2023-11-23,actual,12399.00,"1 x Phish Enterprise Administrat complet pentru 2.500 de angajați 1 x Asistență de bază, capacitatea detaliată și taxele suplimentare sunt descrise în Anexa C",INVOICED_ACCOUNTING,Da,,BT.BIT 562,ron,2023-11-29,6
SELGROS CASH & CARRY S.R.L,BLUE-IR-OC-5,643,final,2023-12-08,actual,250.00,234/15.11.2022,INVOICED_ACCOUNTING,Da,,BT.BIT 573,ron,2023-12-11,3
SELGROS CASH & CARRY S.R.L,CONSULTANCY-MISC-10,655,final,2023-12-08,actual,500.00,234/15.11.2022,INVOICED_ACCOUNTING,Da,,BT.BIT 574,ron,2023-12-11,3
SELGROS CASH & CARRY S.R.L,BLUE-IR-OC-5,656,final,2024-01-01,actual,250.00,234/15.11.2023,INVOICED_ACCOUNTING,Da,,BT.BIT 588,ron,2024-01-11,10
SELGROS CASH & CARRY S.R.L,CONSULTANCY-MISC-10,668,final,2024-01-01,actual,500.00,234/15.11.2023,INVOICED_ACCOUNTING,Da,,BT.BIT 589,ron,2024-01-11,10
SELGROS CASH & CARRY S.R.L,BLUE-IR-OC-5,657,final,2024-02-01,actual,250.00,234/15.11.2023,INVOICED_ACCOUNTING,Da,,BT.BIT 605,ron,2024-02-12,11
SELGROS CASH & CARRY S.R.L,CONSULTANCY-MISC-10,669,final,2024-02-01,actual,500.00,234/15.11.2023,INVOICED_ACCOUNTING,Da,,BT.BIT 606,ron,2024-02-12,11
SELGROS CASH & CARRY S.R.L,BLUE-IR-OC-5,658,final,2024-03-01,actual,250.00,234/15.11.2023,INVOICED_ACCOUNTING,Da,,BT.BIT 615,ron,2024-03-01,0
SELGROS CASH & CARRY S.R.L,CONSULTANCY-MISC-10,670,final,2024-03-01,actual,500.00,234/15.11.2023,INVOICED_ACCOUNTING,Da,,BT.BIT 616,ron,2024-03-01,0
SELGROS CASH & CARRY S.R.L,BLUE-IR-OC-5,659,final,2024-04-01,actual,250.00,234/15.11.2023,INVOICED_ACCOUNTING,Da,,BT.BIT 629,ron,2024-04-09,8
SELGROS CASH & CARRY S.R.L,CONSULTANCY-MISC-10,671,final,2024-04-01,actual,500.00,234/15.11.2023,INVOICED_ACCOUNTING,Da,,BT.BIT 630,ron,2024-04-09,8
SELGROS CASH & CARRY S.R.L,RED-PEN-B-I-BP-200,631,avans,2024-04-26,actual,0.00,234/15.11.2022,INVOICED_ACCOUNTING,Da,,BT.BIT 938,ron,2025-07-02,432
SELGROS CASH & CARRY S.R.L,RED-PEN-B-I-BP-200,631,final,2024-04-26,actual,9000.00,234/15.11.2022,INVOICED_ACCOUNTING,Da,,BT.BIT 635,ron,2024-04-26,0
SELGROS CASH & CARRY S.R.L,BLUE-IR-OC-5,660,final,2024-05-01,actual,250.00,234/15.11.2023,INVOICED_ACCOUNTING,Da,,BT.BIT 642,ron,2024-05-14,13
SELGROS CASH & CARRY S.R.L,CONSULTANCY-MISC-10,672,final,2024-05-01,actual,500.00,234/15.11.2023,INVOICED_ACCOUNTING,Da,,BT.BIT 643,ron,2024-05-14,13
SELGROS CASH & CARRY S.R.L,BLUE-IR-OC-5,661,final,2024-06-01,actual,250.00,234/15.11.2023,INVOICED_ACCOUNTING,Da,,BT.BIT 655,ron,2024-06-06,5
SELGROS CASH & CARRY S.R.L,CONSULTANCY-MISC-10,673,final,2024-06-01,actual,500.00,234/15.11.2023,INVOICED_ACCOUNTING,Da,,BT.BIT 656,ron,2024-06-06,5
SELGROS CASH & CARRY S.R.L,RED-AUDIT-A-20,630,final,2024-06-12,estimated,14500.00,234/15.11.2022,INVOICED_ACCOUNTING,Nu,TRACKER_FLAG_STALE_NOT_BILLED,BT.BIT 698,ron,2024-08-21,70
SELGROS CASH & CARRY S.R.L,BLUE-IR-OC-5,662,final,2024-07-01,actual,250.00,234/15.11.2023,INVOICED_ACCOUNTING,Da,,BT.BIT 670,ron,2024-07-02,1
SELGROS CASH & CARRY S.R.L,CONSULTANCY-MISC-10,674,final,2024-07-01,actual,500.00,234/15.11.2023,INVOICED_ACCOUNTING,Da,,BT.BIT 671,ron,2024-07-02,1
SELGROS CASH & CARRY S.R.L,BLUE-IR-OC-5,663,final,2024-08-01,actual,250.00,234/15.11.2023,INVOICED_ACCOUNTING,Da,,BT.BIT 689,ron,2024-08-01,0
SELGROS CASH & CARRY S.R.L,CONSULTANCY-MISC-10,675,final,2024-08-01,actual,500.00,234/15.11.2023,INVOICED_ACCOUNTING,Da,,BT.BIT 690,ron,2024-08-01,0
SELGROS CASH & CARRY S.R.L,BLUE-IR-10,1231,final,2024-08-21,actual,4680.00,15.05.2024,PAST_UNMATCHED,Da,TRACKER_SAYS_BILLED_NOT_FOUND,,,,
SELGROS CASH & CARRY S.R.L,BLUE-IR-OC-5,664,final,2024-09-01,actual,250.00,234/15.11.2023,INVOICED_ACCOUNTING,Da,,BT.BIT 705,ron,2024-09-02,1
SELGROS CASH & CARRY S.R.L,CONSULTANCY-MISC-10,676,final,2024-09-01,actual,500.00,234/15.11.2023,INVOICED_ACCOUNTING,Da,,BT.BIT 706,ron,2024-09-02,1
SELGROS CASH & CARRY S.R.L,BLUE-IR-OC-5,665,final,2024-10-01,actual,250.00,234/15.11.2023,INVOICED_ACCOUNTING,Da,,BT.BIT 719,ron,2024-10-03,2
SELGROS CASH & CARRY S.R.L,CONSULTANCY-MISC-10,677,final,2024-10-01,actual,500.00,234/15.11.2023,INVOICED_ACCOUNTING,Da,,BT.BIT 720,ron,2024-10-03,2
SELGROS CASH & CARRY S.R.L,BLUE-IR-OC-5,666,final,2024-11-01,actual,250.00,234/15.11.2023,INVOICED_ACCOUNTING,Da,,BT.BIT 745,ron,2024-11-02,1
SELGROS CASH & CARRY S.R.L,CONSULTANCY-MISC-10,678,final,2024-11-01,actual,500.00,234/15.11.2023,INVOICED_ACCOUNTING,Da,,BT.BIT 746,ron,2024-11-02,1
SELGROS CASH & CARRY S.R.L,BLUE-IR-OC-5,667,final,2024-12-01,actual,250.00,234/15.11.2023,INVOICED_ACCOUNTING,Da,,BT.BIT 767,ron,2024-12-03,2
SELGROS CASH & CARRY S.R.L,CONSULTANCY-MISC-10,679,final,2024-12-01,actual,500.00,234/15.11.2023,INVOICED_ACCOUNTING,Da,,BT.BIT 768,ron,2024-12-03,2
SELGROS CASH & CARRY S.R.L,BLUE-IR-OC-5,882,final,2025-01-02,actual,250.00,contract cadru cu diverse servicii de securitate,PAST_UNMATCHED,Da,TRACKER_SAYS_BILLED_NOT_FOUND,,,,
SELGROS CASH & CARRY S.R.L,BLUE-IR-OC-5,883,final,2025-02-02,actual,250.00,contract cadru cu diverse servicii de securitate,PAST_UNMATCHED,Da,TRACKER_SAYS_BILLED_NOT_FOUND,,,,
SELGROS CASH & CARRY S.R.L,CONSULTANCY-MISC-10,906,final,2025-02-05,actual,500.00,contract cadru cu diverse servicii de securitate,PAST_UNMATCHED,Da,TRACKER_SAYS_BILLED_NOT_FOUND,,,,
SELGROS CASH & CARRY S.R.L,BLUE-IR-OC-5,884,final,2025-03-02,actual,250.00,contract cadru cu diverse servicii de securitate,PAST_UNMATCHED,Da,TRACKER_SAYS_BILLED_NOT_FOUND,,,,
SELGROS CASH & CARRY S.R.L,CONSULTANCY-MISC-10,907,final,2025-03-05,actual,500.00,contract cadru cu diverse servicii de securitate,PAST_UNMATCHED,Da,TRACKER_SAYS_BILLED_NOT_FOUND,,,,
SELGROS CASH & CARRY S.R.L,BLUE-IR-OC-5,885,final,2025-04-02,actual,250.00,contract cadru cu diverse servicii de securitate,PAST_UNMATCHED,Da,TRACKER_SAYS_BILLED_NOT_FOUND,,,,
SELGROS CASH & CARRY S.R.L,CONSULTANCY-MISC-10,908,final,2025-04-05,actual,500.00,contract cadru cu diverse servicii de securitate,PAST_UNMATCHED,Da,TRACKER_SAYS_BILLED_NOT_FOUND,,,,
SELGROS CASH & CARRY S.R.L,CONSULTANCY-MISC-4,1232,final,2025-04-30,actual,405.00,20.3.2025,INVOICED_ACCOUNTING,Da,,BT.BIT 871,ron,2025-04-30,0
SELGROS CASH & CARRY S.R.L,CONSULTANCY-MISC-32,1233,final,2025-04-30,actual,2216.00,20.3.2025,INVOICED_ACCOUNTING,Da,,BT.BIT 871,ron,2025-04-30,0
SELGROS CASH & CARRY S.R.L,BLUE-IR-OC-5,886,final,2025-05-13,actual,250.00,contract cadru cu diverse servicii de securitate,PAST_UNMATCHED,Da,TRACKER_SAYS_BILLED_NOT_FOUND,,,,
SELGROS CASH & CARRY S.R.L,CONSULTANCY-MISC-10,909,final,2025-05-13,actual,500.00,contract cadru cu diverse servicii de securitate,PAST_UNMATCHED,Da,TRACKER_SAYS_BILLED_NOT_FOUND,,,,
SELGROS CASH & CARRY S.R.L,CONSULTANCY-MISC-32,1234,final,2025-05-30,actual,4353.00,20.3.2025,INVOICED_ACCOUNTING,Da,,BT.BIT 897,ron,2025-05-30,0
SELGROS CASH & CARRY S.R.L,BLUE-IR-OC-5,887,final,2025-06-16,actual,250.00,contract cadru cu diverse servicii de securitate,PAST_UNMATCHED,Da,TRACKER_SAYS_BILLED_NOT_FOUND,,,,
SELGROS CASH & CARRY S.R.L,CONSULTANCY-MISC-10,910,final,2025-06-16,actual,500.00,contract cadru cu diverse servicii de securitate,PAST_UNMATCHED,Da,TRACKER_SAYS_BILLED_NOT_FOUND,,,,
SELGROS CASH & CARRY S.R.L,CONSULTANCY-MISC-16,1235,final,2025-06-27,actual,1316.00,20.3.2025,INVOICED_ACCOUNTING,Da,,BT.BIT 923,ron,2025-06-27,0
SELGROS CASH & CARRY S.R.L,RED-PEN-B-E-B-11,1247,final,2025-06-27,actual,5500.00,11.6.2025,INVOICED_ACCOUNTING,Da,,BT.BIT 922,ron,2025-06-27,0
SELGROS CASH & CARRY S.R.L,BLUE-IR-OC-5,888,final,2025-07-10,actual,250.00,contract cadru cu diverse servicii de securitate,PAST_UNMATCHED,Da,TRACKER_SAYS_BILLED_NOT_FOUND,,,,
SELGROS CASH & CARRY S.R.L,CONSULTANCY-MISC-10,911,final,2025-07-10,actual,500.00,contract cadru cu diverse servicii de securitate,PAST_UNMATCHED,Da,TRACKER_SAYS_BILLED_NOT_FOUND,,,,
SELGROS CASH & CARRY S.R.L,CONSULTANCY-MISC-32,1236,final,2025-07-31,actual,2531.00,20.3.2025,INVOICED_ACCOUNTING,Da,,BT.BIT 954,ron,2025-07-31,0
SELGROS CASH & CARRY S.R.L,BLUE-IR-OC-5,889,final,2025-08-04,actual,250.00,contract cadru cu diverse servicii de securitate,PAST_UNMATCHED,Da,TRACKER_SAYS_BILLED_NOT_FOUND,,,,
SELGROS CASH & CARRY S.R.L,CONSULTANCY-MISC-10,912,final,2025-08-04,actual,500.00,contract cadru cu diverse servicii de securitate,INVOICED_ACCOUNTING,Da,,BT.BIT 966,ron,2025-08-04,0
SELGROS CASH & CARRY S.R.L,BLUE-IR-OC-5,890,final,2025-09-05,actual,250.00,contract cadru cu diverse servicii de securitate,INVOICED_ACCOUNTING,Da,,BT.R.BIT 16,ron,2025-09-02,3
SELGROS CASH & CARRY S.R.L,CONSULTANCY-MISC-10,913,final,2025-09-05,actual,500.00,contract cadru cu diverse servicii de securitate,INVOICED_ACCOUNTING,Da,,BT.R.BIT 17,ron,2025-09-02,3
SELGROS CASH & CARRY S.R.L,CONSULTANCY-MISC-21,1237,final,2025-09-30,actual,2900.00,20.3.2025,INVOICED_ACCOUNTING,Da,,BT. BIT 989,ron,2025-09-30,0
SELGROS CASH & CARRY S.R.L,BLUE-IR-OC-5,891,final,2025-10-20,actual,250.00,contract cadru cu diverse servicii de securitate,INVOICED_ACCOUNTING,Da,,BT.R.BIT 43,ron,2025-10-20,0
SELGROS CASH & CARRY S.R.L,CONSULTANCY-MISC-10,914,final,2025-10-20,actual,500.00,contract cadru cu diverse servicii de securitate,INVOICED_ACCOUNTING,Da,,BT.R.BIT 44,ron,2025-10-20,0
SELGROS CASH & CARRY S.R.L,BLUE-IR-OC-5,892,final,2025-11-26,actual,250.00,contract cadru cu diverse servicii de securitate,INVOICED_ACCOUNTING,Da,,BT.R.BIT 70,ron,2025-11-26,0
SELGROS CASH & CARRY S.R.L,CONSULTANCY-MISC-10,915,final,2025-11-26,actual,500.00,contract cadru cu diverse servicii de securitate,INVOICED_ACCOUNTING,Da,,BT.R.BIT 71,ron,2025-11-26,0
SELGROS CASH & CARRY S.R.L,CONSULTANCY-MISC-32,1238,final,2025-11-28,actual,2733.75,20.3.2025,INVOICED_ACCOUNTING,Da,,BT.BIT 1000,ron,2025-11-28,0
SELGROS CASH & CARRY S.R.L,CONSULTANCY-MISC-64,1239,final,2025-11-28,actual,3341.50,20.3.2025,INVOICED_ACCOUNTING,Da,,BT.BIT 1001,ron,2025-11-28,0
SELGROS CASH & CARRY S.R.L,BLUE-IR-OC-5,893,final,2025-12-23,actual,250.00,contract cadru cu diverse servicii de securitate,INVOICED_ACCOUNTING,Da,,BT.R.BIT 97,ron,2025-12-23,0
SELGROS CASH & CARRY S.R.L,CONSULTANCY-MISC-10,916,final,2025-12-23,actual,500.00,contract cadru cu diverse servicii de securitate,INVOICED_ACCOUNTING,Da,,BT.R.BIT 98,ron,2025-12-23,0
SELGROS CASH & CARRY S.R.L,CONSULTANCY-MISC-10,894,final,2026-01-20,actual,500.00,contract cadru cu diverse servicii de securitate,INVOICED_ACCOUNTING,Da,,BT.R.BIT 125,ron,2026-01-20,0
SELGROS CASH & CARRY S.R.L,BLUE-IR-OC-5,917,final,2026-01-20,actual,250.00,contract cadru cu diverse servicii de securitate,INVOICED_ACCOUNTING,Da,,BT.R.BIT 124,ron,2026-01-20,0
SELGROS CASH & CARRY S.R.L,CONSULTANCY-MISC-10,895,final,2026-02-13,actual,500.00,contract cadru cu diverse servicii de securitate,INVOICED_ACCOUNTING,Da,,BT.R.BIT 153,ron,2026-02-13,0
SELGROS CASH & CARRY S.R.L,BLUE-IR-OC-5,918,final,2026-02-13,actual,250.00,contract cadru cu diverse servicii de securitate,INVOICED_ACCOUNTING,Da,,BT.R.BIT 152,ron,2026-02-13,0
SELGROS CASH & CARRY S.R.L,CONSULTANCY-MISC-10,896,final,2026-03-20,actual,500.00,contract cadru cu diverse servicii de securitate,INVOICED_ACCOUNTING,Da,,BT.R.BIT 189,ron,2026-03-20,0
SELGROS CASH & CARRY S.R.L,BLUE-IR-OC-5,919,final,2026-03-20,actual,250.00,contract cadru cu diverse servicii de securitate,INVOICED_ACCOUNTING,Da,,BT.R.BIT 188,ron,2026-03-20,0
SELGROS CASH & CARRY S.R.L,CONSULTANCY-MISC-10,897,final,2026-04-29,actual,500.00,contract cadru cu diverse servicii de securitate,INVOICED_ACCOUNTING,Da,,BT.R.BIT 218,ron,2026-04-29,0
SELGROS CASH & CARRY S.R.L,BLUE-IR-OC-5,920,final,2026-04-29,actual,250.00,contract cadru cu diverse servicii de securitate,INVOICED_ACCOUNTING,Da,,BT.R.BIT 217,ron,2026-04-29,0
SELGROS CASH & CARRY S.R.L,CONSULTANCY-MISC-10,898,final,2026-05-25,actual,500.00,contract cadru cu diverse servicii de securitate,INVOICED_ACCOUNTING,Da,,BT.R.BIT 247,ron,2026-05-25,0
SELGROS CASH & CARRY S.R.L,BLUE-IR-OC-5,921,final,2026-05-25,actual,250.00,contract cadru cu diverse servicii de securitate,INVOICED_ACCOUNTING,Da,,BT.R.BIT 246,ron,2026-05-25,0
SELGROS CASH & CARRY S.R.L,CONSULTANCY-MISC-10,899,final,2026-06-19,actual,500.00,contract cadru cu diverse servicii de securitate,INVOICED_ACCOUNTING,Da,,BT.R.BIT 276,ron,2026-06-17,2
SELGROS CASH & CARRY S.R.L,BLUE-IR-OC-5,922,final,2026-06-19,actual,250.00,contract cadru cu diverse servicii de securitate,INVOICED_ACCOUNTING,Da,,BT.R.BIT 275,ron,2026-06-17,2
SELGROS CASH & CARRY S.R.L,CONSULTANCY-MISC-10,900,final,2026-07-05,estimated,500.00,contract cadru cu diverse servicii de securitate,INVOICED_ACCOUNTING,Nu,TRACKER_FLAG_STALE_NOT_BILLED,BT.R.BIT 305,ron,2026-07-18,13
SELGROS CASH & CARRY S.R.L,BLUE-IR-OC-5,923,final,2026-07-05,estimated,250.00,contract cadru cu diverse servicii de securitate,INVOICED_ACCOUNTING,Nu,TRACKER_FLAG_STALE_NOT_BILLED,BT.R.BIT 304,ron,2026-07-18,13
SELGROS CASH & CARRY S.R.L,CONSULTANCY-MISC-64,1240,final,2026-07-30,estimated,3341.50,20.3.2025,PAST_UNMATCHED,Nu,,,,,
SELGROS CASH & CARRY S.R.L,CONSULTANCY-MISC-32,1241,final,2026-07-30,estimated,3543.75,20.3.2025,PAST_UNMATCHED,Nu,,,,,
SELGROS CASH & CARRY S.R.L,CONSULTANCY-MISC-32,1242,final,2026-07-30,estimated,3341.00,20.3.2025,PAST_UNMATCHED,Nu,,,,,
SELGROS CASH & CARRY S.R.L,CONSULTANCY-MISC-10,901,final,2026-08-05,estimated,500.00,contract cadru cu diverse servicii de securitate,UPCOMING,Nu,,,,,
SELGROS CASH & CARRY S.R.L,BLUE-IR-OC-5,924,final,2026-08-05,estimated,250.00,contract cadru cu diverse servicii de securitate,UPCOMING,Nu,,,,,
SELGROS CASH & CARRY S.R.L,CONSULTANCY-MISC-16,1243,final,2026-08-30,estimated,2329.00,20.3.2025,UPCOMING,Nu,,,,,
SELGROS CASH & CARRY S.R.L,CONSULTANCY-MISC-10,902,final,2026-09-05,estimated,500.00,contract cadru cu diverse servicii de securitate,UPCOMING,Nu,,,,,
SELGROS CASH & CARRY S.R.L,BLUE-IR-OC-5,925,final,2026-09-05,estimated,250.00,contract cadru cu diverse servicii de securitate,UPCOMING,Nu,,,,,
SELGROS CASH & CARRY S.R.L,CONSULTANCY-MISC-16,1244,final,2026-09-30,estimated,1771.00,20.3.2025,UPCOMING,Nu,,,,,
SELGROS CASH & CARRY S.R.L,CONSULTANCY-MISC-10,903,final,2026-10-05,estimated,500.00,contract cadru cu diverse servicii de securitate,UPCOMING,Nu,,,,,
SELGROS CASH & CARRY S.R.L,BLUE-IR-OC-5,926,final,2026-10-05,estimated,250.00,contract cadru cu diverse servicii de securitate,UPCOMING,Nu,,,,,
SELGROS CASH & CARRY S.R.L,CONSULTANCY-MISC-16,1245,final,2026-10-30,estimated,1569.00,20.3.2025,UPCOMING,Nu,,,,,
SELGROS CASH & CARRY S.R.L,CONSULTANCY-MISC-10,904,final,2026-11-05,estimated,500.00,contract cadru cu diverse servicii de securitate,UPCOMING,Nu,,,,,
SELGROS CASH & CARRY S.R.L,BLUE-IR-OC-5,927,final,2026-11-05,estimated,250.00,contract cadru cu diverse servicii de securitate,UPCOMING,Nu,,,,,
SELGROS CASH & CARRY S.R.L,CONSULTANCY-MISC-16,1246,final,2026-11-30,estimated,911.00,20.3.2025,UPCOMING,Nu,,,,,
SELGROS CASH & CARRY S.R.L,CONSULTANCY-MISC-10,905,final,2026-12-05,estimated,500.00,contract cadru cu diverse servicii de securitate,UPCOMING,Nu,,,,,
SELGROS CASH & CARRY S.R.L,BLUE-IR-OC-5,928,final,2026-12-05,estimated,250.00,contract cadru cu diverse servicii de securitate,UPCOMING,Nu,,,,,
SEVIO SOLUTIONS S.R.L.,RED-PEN-S-B-1,790,avans,2023-05-22,actual,3300.00,265/18.05.2023,INVOICED_ACCOUNTING,Da,,BT.BIT 485,ron,2023-05-22,0
SEVIO SOLUTIONS S.R.L.,RED-PEN-S-B-1,790,final,2023-07-17,actual,4950.00,265/18.05.2023,PAST_UNMATCHED,Da,TRACKER_SAYS_BILLED_NOT_FOUND,,,,
S.C. SIEPCOFAR S.A.,RED-NIS-C-PEN-300,791,avans,2023-05-17,actual,0.00,264/04.05.2023,PAST_UNMATCHED,Da,TRACKER_SAYS_BILLED_NOT_FOUND,,,,
S.C. SIEPCOFAR S.A.,RED-NIS-C-AUDIT-300,792,avans,2023-05-17,actual,2734.00,264/04.05.2023,PAST_UNMATCHED,Da,TRACKER_SAYS_BILLED_NOT_FOUND,,,,
S.C. SIEPCOFAR S.A.,RED-NIS-C-PEN-300,791,final,2023-08-28,actual,3500.00,264/04.05.2023,PAST_UNMATCHED,Da,TRACKER_SAYS_BILLED_NOT_FOUND,,,,
S.C. SIEPCOFAR S.A.,RED-NIS-C-AUDIT-300,792,final,2023-08-28,actual,4100.00,264/04.05.2023,PAST_UNMATCHED,Da,TRACKER_SAYS_BILLED_NOT_FOUND,,,,
SILKWEB SA,RED-PEN-S-G-1,210,avans,2021-07-12,actual,2600.00,195/29.06.2021,INVOICED_ACCOUNTING,Da,,BT.BIT 279,ron,2021-07-12,0
SILKWEB SA,RED-PEN-S-G-1,210,final,2021-08-25,actual,3900.00,195/29.06.2021,INVOICED_ACCOUNTING,Da,,BT.BIT 294,ron,2021-10-04,40
SILKWEB SA,RED-C-M-MM-16,212,final,2021-10-04,actual,625.00,NR. 1 DIN 18.3.2022,PAST_UNMATCHED,Da,TRACKER_SAYS_BILLED_NOT_FOUND,,,,
SILKWEB SA,RED-C-M-MM-16,213,final,2021-11-01,actual,625.00,NR. 1 DIN 18.3.2022,INVOICED_ACCOUNTING,Da,,BT.BIT 301,ron,2021-11-01,0
SILKWEB SA,RED-C-M-MM-16,214,final,2021-12-02,actual,625.00,NR. 1 DIN 18.3.2022,INVOICED_ACCOUNTING,Da,,BT.BIT 306,ron,2021-12-02,0
SILKWEB SA,RED-C-M-MM-16,215,final,2022-01-04,actual,625.00,NR. 1 DIN 18.3.2022,INVOICED_ACCOUNTING,Da,,BT.BIT 316,ron,2022-01-04,0
SILKWEB SA,RED-C-M-MM-16,216,final,2022-02-03,actual,625.00,NR. 1 DIN 18.3.2022,INVOICED_ACCOUNTING,Da,,BT.BIT 322,ron,2022-02-03,0
SILKWEB SA,RED-C-M-MM-16,217,final,2022-03-03,actual,625.00,NR. 1 DIN 18.3.2022,INVOICED_ACCOUNTING,Da,,BT.BIT 326,ron,2022-03-03,0
SILKWEB SA,RED-C-M-MM-16,218,final,2022-04-06,actual,625.00,NR. 1 DIN 18.3.2022,INVOICED_ACCOUNTING,Da,,BT.BIT 338,ron,2022-04-06,0
SILKWEB SA,RED-C-M-MM-16,219,final,2022-05-09,actual,625.00,NR. 1 DIN 18.3.2022,INVOICED_ACCOUNTING,Da,,BT.BIT 344,ron,2022-05-09,0
SILKWEB SA,RED-C-M-MM-16,220,final,2022-06-09,actual,625.00,NR. 1 DIN 18.3.2022,INVOICED_ACCOUNTING,Da,,BT.BIT 356,ron,2022-06-09,0
SILKWEB SA,BLUE-MDR-I,230,final,2022-06-09,actual,3000.00,NR. 2 DIN 18.04.2022,INVOICED_ACCOUNTING,Da,,BT.BIT 358,ron,2022-06-09,0
SILKWEB SA,BLUE-MDR-C-60,231,final,2022-06-09,actual,950.00,NR. 2 DIN 18.04.2022,INVOICED_ACCOUNTING,Da,,BT.BIT 357,ron,2022-06-09,0
SILKWEB SA,RED-C-M-MM-16,221,final,2022-07-12,actual,625.00,NR. 1 DIN 18.3.2022,INVOICED_ACCOUNTING,Da,,BT.BIT 368,ron,2022-07-12,0
SILKWEB SA,BLUE-MDR-C-60,232,final,2022-07-12,actual,950.00,NR. 2 DIN 18.04.2022,INVOICED_ACCOUNTING,Da,,BT.BIT 369,ron,2022-07-12,0
SILKWEB SA,RED-C-M-MM-16,222,final,2022-08-08,actual,625.00,NR. 1 DIN 18.3.2022,INVOICED_ACCOUNTING,Da,,BT.BIT 380,ron,2022-08-08,0
SILKWEB SA,BLUE-MDR-C-60,233,final,2022-08-08,actual,950.00,NR. 2 DIN 18.04.2022,INVOICED_ACCOUNTING,Da,,BT.BIT 381,ron,2022-08-08,0
SILKWEB SA,RED-C-M-MM-16,223,final,2022-09-09,actual,625.00,NR. 1 DIN 18.3.2022,INVOICED_ACCOUNTING,Da,,BT.BIT 388,ron,2022-09-09,0
SILKWEB SA,BLUE-MDR-C-60,234,final,2022-09-09,actual,950.00,NR. 2 DIN 18.04.2022,INVOICED_ACCOUNTING,Da,,BT.BIT 389,ron,2022-09-09,0
SILKWEB SA,RED-C-M-MM-16,224,final,2022-10-03,actual,625.00,NR. 1 DIN 18.3.2022,INVOICED_ACCOUNTING,Da,,BT.BIT 398,ron,2022-10-03,0
SILKWEB SA,BLUE-MDR-C-60,235,final,2022-10-03,actual,950.00,NR. 2 DIN 18.04.2022,INVOICED_ACCOUNTING,Da,,BT.BIT 399,ron,2022-10-03,0
SILKWEB SA,RED-C-M-MM-16,225,final,2022-11-06,actual,625.00,NR. 1 DIN 18.3.2022,INVOICED_ACCOUNTING,Da,,410,ron,2022-11-06,0
SILKWEB SA,BLUE-MDR-C-60,236,final,2022-11-06,actual,950.00,NR. 2 DIN 18.04.2022,INVOICED_ACCOUNTING,Da,,411,ron,2022-11-06,0
SILKWEB SA,RED-C-M-MM-16,226,final,2022-12-09,actual,625.00,NR. 1 DIN 18.3.2022,INVOICED_ACCOUNTING,Da,,417,ron,2022-12-09,0
SILKWEB SA,BLUE-MDR-C-60,237,final,2022-12-09,actual,950.00,NR. 2 DIN 18.04.2022,INVOICED_ACCOUNTING,Da,,418,ron,2022-12-09,0
SILKWEB SA,RED-C-M-MM-16,227,final,2023-01-09,actual,625.00,NR. 1 DIN 18.3.2022,INVOICED_ACCOUNTING,Da,,444,ron,2023-01-09,0
SILKWEB SA,BLUE-MDR-C-60,238,final,2023-01-09,actual,950.00,NR. 2 DIN 18.04.2022,INVOICED_ACCOUNTING,Da,,445,ron,2023-01-09,0
SILKWEB SA,RED-C-M-MM-16,228,final,2023-02-07,actual,625.00,NR. 1 DIN 18.3.2022,INVOICED_ACCOUNTING,Da,,BT.BIT 449,ron,2023-02-07,0
SILKWEB SA,BLUE-MDR-C-60,239,final,2023-02-07,actual,950.00,NR. 2 DIN 18.04.2022,INVOICED_ACCOUNTING,Da,,BT.BIT 450,ron,2023-02-07,0
SILKWEB SA,RED-C-M-MM-16,229,final,2023-03-01,actual,625.00,NR. 1 DIN 18.3.2022,INVOICED_ACCOUNTING,Da,,BT.BIT 456,ron,2023-03-01,0
SILKWEB SA,BLUE-MDR-C-60,240,final,2023-03-01,actual,950.00,NR. 2 DIN 18.04.2022,INVOICED_ACCOUNTING,Da,,BT.BIT 455,ron,2023-03-01,0
SILKWEB SA,BLUE-MDR-C-100,241,final,2023-04-10,actual,1350.00,NR. 3 DIN 23.03.2023,INVOICED_ACCOUNTING,Da,,BT.BIT 463,ron,2023-04-10,0
SILKWEB SA,RED-C-M-MM-16,253,final,2023-04-10,actual,625.00,NR. 4 DIN 23.3.2023,INVOICED_ACCOUNTING,Da,,BT.BIT 464,ron,2023-04-10,0
SILKWEB SA,BLUE-MDR-C-100,242,final,2023-05-03,actual,1350.00,NR. 3 DIN 23.03.2023,INVOICED_ACCOUNTING,Da,,BT.BIT 470,ron,2023-05-03,0
SILKWEB SA,RED-C-M-MM-16,254,final,2023-05-03,actual,625.00,NR. 4 DIN 23.3.2023,INVOICED_ACCOUNTING,Da,,BT.BIT 469,ron,2023-05-03,0
SILKWEB SA,BLUE-MDR-C-100,243,final,2023-06-08,actual,1350.00,NR. 3 DIN 23.03.2023,INVOICED_ACCOUNTING,Da,,BT.BIT 487,ron,2023-06-08,0
SILKWEB SA,RED-C-M-MM-16,255,final,2023-06-08,actual,625.00,NR. 4 DIN 23.3.2023,INVOICED_ACCOUNTING,Da,,BT.BIT 486,ron,2023-06-08,0
SILKWEB SA,BLUE-MDR-C-100,244,final,2023-07-04,actual,1350.00,NR. 3 DIN 23.03.2023,INVOICED_ACCOUNTING,Da,,BT.BIT 497,ron,2023-07-04,0
SILKWEB SA,RED-C-M-MM-16,256,final,2023-07-04,actual,625.00,NR. 4 DIN 23.3.2023,INVOICED_ACCOUNTING,Da,,BT.BIT 496,ron,2023-07-04,0
SILKWEB SA,BLUE-MDR-C-100,245,final,2023-08-07,actual,1350.00,NR. 3 DIN 23.03.2023,INVOICED_ACCOUNTING,Da,,BT.BIT 514,ron,2023-08-07,0
SILKWEB SA,RED-C-M-MM-16,257,final,2023-08-07,actual,625.00,NR. 4 DIN 23.3.2023,INVOICED_ACCOUNTING,Da,,BT.BIT 513,ron,2023-08-07,0
SILKWEB SA,BLUE-MDR-C-100,246,final,2023-09-06,actual,1350.00,NR. 3 DIN 23.03.2023,INVOICED_ACCOUNTING,Da,,BT.BIT 529,ron,2023-09-05,1
SILKWEB SA,RED-C-M-MM-16,258,final,2023-09-06,actual,625.00,NR. 4 DIN 23.3.2023,INVOICED_ACCOUNTING,Da,,BT.BIT 528,ron,2023-09-05,1
SILKWEB SA,BLUE-MDR-C-100,247,final,2023-10-02,actual,1350.00,NR. 3 DIN 23.03.2023,INVOICED_ACCOUNTING,Da,,BT.BIT 539,ron,2023-10-02,0
SILKWEB SA,RED-C-M-MM-16,259,final,2023-10-02,actual,625.00,NR. 4 DIN 23.3.2023,INVOICED_ACCOUNTING,Da,,BT.BIT 538,ron,2023-10-02,0
SILKWEB SA,BLUE-MDR-C-100,248,final,2023-11-06,actual,1350.00,NR. 3 DIN 23.03.2023,INVOICED_ACCOUNTING,Da,,BT.BIT 556,ron,2023-11-06,0
SILKWEB SA,RED-C-M-MM-16,260,final,2023-11-06,actual,625.00,NR. 4 DIN 23.3.2023,INVOICED_ACCOUNTING,Da,,BT.BIT 555,ron,2023-11-06,0
SILKWEB SA,BLUE-MDR-C-100,249,final,2023-12-08,actual,1350.00,NR. 3 DIN 23.03.2023,INVOICED_ACCOUNTING,Da,,BT.BIT 569,ron,2023-12-11,3
SILKWEB SA,RED-C-M-MM-16,261,final,2023-12-08,actual,625.00,NR. 4 DIN 23.3.2023,INVOICED_ACCOUNTING,Da,,BT.BIT 568,ron,2023-12-11,3
SILKWEB SA,RED-C-M-MM-16,262,final,2024-01-09,actual,625.00,NR. 4 DIN 23.3.2023,INVOICED_ACCOUNTING,Da,,BT.BIT 583,ron,2024-01-11,2
SILKWEB SA,BLUE-MDR-C-100,250,final,2024-01-11,actual,1350.00,NR. 3 DIN 23.03.2023,INVOICED_ACCOUNTING,Da,,BT.BIT 584,ron,2024-01-11,0
SILKWEB SA,BLUE-MDR-C-100,251,final,2024-02-08,actual,1350.00,NR. 3 DIN 23.03.2023,INVOICED_ACCOUNTING,Da,,BT.BIT 601,ron,2024-02-12,4
SILKWEB SA,RED-C-M-MM-16,263,final,2024-02-10,actual,625.00,NR. 4 DIN 23.3.2023,INVOICED_ACCOUNTING,Da,,BT.BIT 600,ron,2024-02-12,2
SILKWEB SA,BLUE-MDR-C-100,252,final,2024-03-13,actual,1350.00,NR. 3 DIN 23.03.2023,INVOICED_ACCOUNTING,Da,,BT.BIT 611,ron,2024-03-01,12
SILKWEB SA,RED-C-M-MM-16,264,final,2024-03-13,actual,625.00,NR. 4 DIN 23.3.2023,INVOICED_ACCOUNTING,Da,,BT.BIT 610,ron,2024-03-01,12
SILKWEB SA,BLUE-MDR-C-100,265,final,2024-04-14,actual,1350.00,NR. 5 DIN 25.03.2024,INVOICED_ACCOUNTING,Da,,BT.BIT 625,ron,2024-04-09,5
SILKWEB SA,RED-C-M-MM-16,277,final,2024-04-14,actual,625.00,NR. 6 DIN 25.3.2024,INVOICED_ACCOUNTING,Da,,BT.BIT 624,ron,2024-04-09,5
SILKWEB SA,BLUE-MDR-C-100,266,final,2024-05-16,actual,1350.00,NR. 5 DIN 25.03.2024,INVOICED_ACCOUNTING,Da,,BT.BIT 638,ron,2024-05-14,2
SILKWEB SA,RED-C-M-MM-16,278,final,2024-05-16,actual,625.00,NR. 6 DIN 25.3.2024,INVOICED_ACCOUNTING,Da,,BT.BIT 637,ron,2024-05-14,2
SILKWEB SA,BLUE-MDR-C-100,267,final,2024-06-06,actual,1350.00,NR. 5 DIN 25.03.2024,INVOICED_ACCOUNTING,Da,,BT.BIT 651,ron,2024-06-06,0
SILKWEB SA,RED-C-M-MM-16,279,final,2024-06-06,actual,625.00,NR. 6 DIN 25.3.2024,INVOICED_ACCOUNTING,Da,,BT.BIT 650,ron,2024-06-06,0
SILKWEB SA,BLUE-MDR-C-100,268,final,2024-07-02,actual,1350.00,NR. 5 DIN 25.03.2024,INVOICED_ACCOUNTING,Da,,BT.BIT 666,ron,2024-07-02,0
SILKWEB SA,RED-C-M-MM-16,280,final,2024-07-02,actual,625.00,NR. 6 DIN 25.3.2024,INVOICED_ACCOUNTING,Da,,BT.BIT 665,ron,2024-07-02,0
SILKWEB SA,BLUE-MDR-C-100,269,final,2024-08-01,actual,1350.00,NR. 5 DIN 25.03.2024,INVOICED_ACCOUNTING,Da,,BT.BIT 685,ron,2024-08-01,0
SILKWEB SA,RED-C-M-MM-16,281,final,2024-08-01,actual,625.00,NR. 6 DIN 25.3.2024,INVOICED_ACCOUNTING,Da,,BT.BIT 684,ron,2024-08-01,0
SILKWEB SA,BLUE-MDR-C-100,270,final,2024-09-02,actual,1350.00,NR. 5 DIN 25.03.2024,INVOICED_ACCOUNTING,Da,,BT.BIT 701,ron,2024-09-02,0
SILKWEB SA,RED-C-M-MM-16,282,final,2024-09-02,actual,625.00,NR. 6 DIN 25.3.2024,INVOICED_ACCOUNTING,Da,,BT.BIT 700,ron,2024-09-02,0
SILKWEB SA,BLUE-MDR-C-100,271,final,2024-10-04,actual,1350.00,NR. 5 DIN 25.03.2024,INVOICED_ACCOUNTING,Da,,BT.BIT 715,ron,2024-10-03,1
SILKWEB SA,RED-C-M-MM-16,283,final,2024-10-04,actual,625.00,NR. 6 DIN 25.3.2024,INVOICED_ACCOUNTING,Da,,BT.BIT 714,ron,2024-10-03,1
SILKWEB SA,BLUE-MDR-C-100,272,final,2024-11-05,actual,1350.00,NR. 5 DIN 25.03.2024,INVOICED_ACCOUNTING,Da,,BT.BIT 741,ron,2024-11-02,3
SILKWEB SA,RED-C-M-MM-16,284,final,2024-11-05,actual,625.00,NR. 6 DIN 25.3.2024,INVOICED_ACCOUNTING,Da,,BT.BIT 740,ron,2024-11-02,3
SILKWEB SA,BLUE-MDR-C-100,273,final,2024-12-07,actual,1350.00,NR. 5 DIN 25.03.2024,INVOICED_ACCOUNTING,Da,,BT.BIT 763,ron,2024-12-03,4
SILKWEB SA,RED-C-M-MM-16,285,final,2024-12-07,actual,625.00,NR. 6 DIN 25.3.2024,INVOICED_ACCOUNTING,Da,,BT.BIT 762,ron,2024-12-03,4
SILKWEB SA,RED-C-M-MM-16,286,final,2025-01-05,actual,625.00,NR. 6 DIN 25.3.2024,INVOICED_ACCOUNTING,Da,,BT.BIT 793,ron,2025-01-15,10
SILKWEB SA,BLUE-MDR-C-100,274,final,2025-01-08,actual,1350.00,NR. 5 DIN 25.03.2024,INVOICED_ACCOUNTING,Da,,BT.BIT 794,ron,2025-01-15,7
SILKWEB SA,RED-C-M-MM-16,287,final,2025-02-05,actual,625.00,NR. 6 DIN 25.3.2024,INVOICED_ACCOUNTING,Da,,BT.BIT 814,ron,2025-02-03,2
SILKWEB SA,BLUE-MDR-C-100,275,final,2025-02-09,actual,1350.00,NR. 5 DIN 25.03.2024,INVOICED_ACCOUNTING,Da,,BT.BIT 815,ron,2025-02-03,6
SILKWEB SA,RED-C-M-MM-16,288,final,2025-03-05,actual,625.00,NR. 6 DIN 25.3.2024,INVOICED_ACCOUNTING,Da,,BT.BIT 831,ron,2025-03-06,1
SILKWEB SA,BLUE-MDR-C-100,276,final,2025-03-13,actual,1350.00,NR. 5 DIN 25.03.2024,INVOICED_ACCOUNTING,Da,,BT.BIT 832,ron,2025-03-06,7
SILKWEB SA,RED-C-M-MM-16,289,final,2025-04-05,actual,625.00,NR. 7 DIN 25.3.2025,INVOICED_ACCOUNTING,Da,,BT.BIT 854,ron,2025-04-02,3
SILKWEB SA,BLUE-MDR-C-100,313,final,2025-04-05,actual,1350.00,NR. 10 DIN 9.3.2038,INVOICED_ACCOUNTING,Da,,BT.BIT 855,ron,2025-04-02,3
SILKWEB SA,RED-C-M-MM-16,290,final,2025-05-13,actual,625.00,NR. 7 DIN 25.3.2025,INVOICED_ACCOUNTING,Da,,BT.BIT 883,ron,2025-05-13,0
SILKWEB SA,BLUE-MDR-C-100,314,final,2025-05-13,actual,1350.00,NR. 8 DIN 25.03.2025,INVOICED_ACCOUNTING,Da,,BT.BIT 884,ron,2025-05-13,0
SILKWEB SA,RED-C-M-MM-16,291,final,2025-06-16,actual,625.00,NR. 7 DIN 25.3.2025,INVOICED_ACCOUNTING,Da,,BT.BIT 908,ron,2025-06-16,0
SILKWEB SA,BLUE-MDR-C-100,315,final,2025-06-16,actual,1350.00,NR. 8 DIN 25.03.2025,INVOICED_ACCOUNTING,Da,,BT.BIT 909,ron,2025-06-16,0
SILKWEB SA,RED-C-M-MM-16,292,final,2025-07-10,actual,625.00,NR. 7 DIN 25.3.2025,INVOICED_ACCOUNTING,Da,,BT.BIT 932,ron,2025-07-02,8
SILKWEB SA,BLUE-MDR-C-100,316,final,2025-07-10,actual,1350.00,NR. 8 DIN 25.03.2025,INVOICED_ACCOUNTING,Da,,BT.BIT 933,ron,2025-07-02,8
SILKWEB SA,RED-C-M-MM-16,293,final,2025-08-04,actual,625.00,NR. 7 DIN 25.3.2025,INVOICED_ACCOUNTING,Da,,BT.BIT 960,ron,2025-08-04,0
SILKWEB SA,BLUE-MDR-C-100,317,final,2025-08-04,actual,1350.00,NR. 8 DIN 25.03.2025,INVOICED_ACCOUNTING,Da,,BT.BIT 961,ron,2025-08-04,0
SILKWEB SA,RED-C-M-MM-16,294,final,2025-09-05,actual,625.00,NR. 7 DIN 25.3.2025,INVOICED_ACCOUNTING,Da,,BT.R.BIT 9,ron,2025-09-02,3
SILKWEB SA,BLUE-MDR-C-100,318,final,2025-09-05,actual,1350.00,NR. 8 DIN 25.03.2025,INVOICED_ACCOUNTING,Da,,BT.R.BIT 10,ron,2025-09-02,3
SILKWEB SA,RED-C-M-MM-16,295,final,2025-10-20,actual,625.00,NR. 7 DIN 25.3.2025,INVOICED_ACCOUNTING,Da,,BT.R.BIT 36,ron,2025-10-20,0
SILKWEB SA,BLUE-MDR-C-100,319,final,2025-10-20,actual,1350.00,NR. 8 DIN 25.03.2025,INVOICED_ACCOUNTING,Da,,BT.R.BIT 37,ron,2025-10-20,0
SILKWEB SA,RED-C-M-MM-16,296,final,2025-11-26,actual,625.00,NR. 7 DIN 25.3.2025,INVOICED_ACCOUNTING,Da,,BT.R.BIT 63,ron,2025-11-26,0
SILKWEB SA,BLUE-MDR-C-100,320,final,2025-11-26,actual,1350.00,NR. 8 DIN 25.03.2025,INVOICED_ACCOUNTING,Da,,BT.R.BIT 64,ron,2025-11-26,0
SILKWEB SA,RED-C-M-MM-16,297,final,2025-12-23,actual,625.00,NR. 7 DIN 25.3.2025,INVOICED_ACCOUNTING,Da,,BT.R.BIT 91,ron,2025-12-23,0
SILKWEB SA,BLUE-MDR-C-100,321,final,2025-12-23,actual,1350.00,NR. 8 DIN 25.03.2025,INVOICED_ACCOUNTING,Da,,BT.R.BIT 92,ron,2025-12-23,0
SILKWEB SA,RED-C-M-MM-16,298,final,2026-01-20,actual,625.00,NR. 7 DIN 25.3.2025,INVOICED_ACCOUNTING,Da,,BT.R.BIT 118,ron,2026-01-20,0
SILKWEB SA,BLUE-MDR-C-100,322,final,2026-01-20,actual,1350.00,NR. 8 DIN 25.03.2025,INVOICED_ACCOUNTING,Da,,BT.R.BIT 119,ron,2026-01-20,0
SILKWEB SA,RED-C-M-MM-16,299,final,2026-02-13,actual,625.00,NR. 7 DIN 25.3.2025,INVOICED_ACCOUNTING,Da,,BT.R.BIT 145,ron,2026-02-13,0
SILKWEB SA,BLUE-MDR-C-100,323,final,2026-02-13,actual,1350.00,NR. 8 DIN 25.03.2025,INVOICED_ACCOUNTING,Da,,BT.R.BIT 146,ron,2026-02-13,0
SILKWEB SA,RED-PEN-S-W-<1>,211,avans,2026-03-12,actual,4200.00,Nr. 11 din 9.3.2026,INVOICED_ACCOUNTING,Da,,BT.BIT 1042,ron,2026-03-17,5
SILKWEB SA,RED-C-M-MM-16,300,final,2026-03-20,actual,625.00,NR. 7 DIN 25.3.2025,INVOICED_ACCOUNTING,Da,,BT.R.BIT 190,ron,2026-03-20,0
SILKWEB SA,BLUE-MDR-C-100,324,final,2026-03-20,actual,1350.00,NR. 8 DIN 25.03.2025,INVOICED_ACCOUNTING,Da,,BT.R.BIT 191,ron,2026-03-20,0
SILKWEB SA,RED-PEN-S-W-<1>,211,final,2026-03-27,actual,4200.00,Nr. 11 din 9.3.2026,PAST_UNMATCHED,Da,TRACKER_SAYS_BILLED_NOT_FOUND,,,,
SILKWEB SA,RED-C-M-MM-16,301,final,2026-04-29,actual,625.00,NR. 10 DIN 9.3.2026,INVOICED_ACCOUNTING,Da,,BT.R.BIT 219,ron,2026-04-29,0
SILKWEB SA,BLUE-MDR-C-100,325,final,2026-04-29,actual,1350.00,NR. 9 DIN 9.03.2026,INVOICED_ACCOUNTING,Da,,BT.R.BIT 220,ron,2026-04-29,0
SILKWEB SA,RED-C-M-MM-16,302,final,2026-05-25,actual,625.00,NR. 10 DIN 9.3.2027,INVOICED_ACCOUNTING,Da,,BT.R.BIT 248,ron,2026-05-25,0
SILKWEB SA,BLUE-MDR-C-100,326,final,2026-05-25,actual,1350.00,NR. 9 DIN 9.03.2026,INVOICED_ACCOUNTING,Da,,BT.R.BIT 249,ron,2026-05-25,0
SILKWEB SA,RED-C-M-MM-16,303,final,2026-06-19,actual,625.00,NR. 10 DIN 9.3.2028,INVOICED_ACCOUNTING,Da,,BT.R.BIT 277,ron,2026-06-17,2
SILKWEB SA,BLUE-MDR-C-100,327,final,2026-06-19,actual,1350.00,NR. 9 DIN 9.03.2026,INVOICED_ACCOUNTING,Da,,BT.R.BIT 278,ron,2026-06-17,2
SILKWEB SA,RED-C-M-MM-16,304,final,2026-07-05,estimated,625.00,NR. 10 DIN 9.3.2029,INVOICED_ACCOUNTING,Nu,TRACKER_FLAG_STALE_NOT_BILLED,BT.R.BIT 306,ron,2026-07-18,13
SILKWEB SA,BLUE-MDR-C-100,328,final,2026-07-05,estimated,1350.00,NR. 9 DIN 9.03.2026,INVOICED_ACCOUNTING,Nu,TRACKER_FLAG_STALE_NOT_BILLED,BT.R.BIT 307,ron,2026-07-18,13
SILKWEB SA,RED-C-M-MM-16,305,final,2026-08-05,estimated,625.00,NR. 10 DIN 9.3.2030,UPCOMING,Nu,,,,,
SILKWEB SA,BLUE-MDR-C-100,329,final,2026-08-05,estimated,1350.00,NR. 9 DIN 9.03.2026,UPCOMING,Nu,,,,,
SILKWEB SA,RED-C-M-MM-16,306,final,2026-09-05,estimated,625.00,NR. 10 DIN 9.3.2031,UPCOMING,Nu,,,,,
SILKWEB SA,BLUE-MDR-C-100,330,final,2026-09-05,estimated,1350.00,NR. 9 DIN 9.03.2026,UPCOMING,Nu,,,,,
SILKWEB SA,RED-C-M-MM-16,307,final,2026-10-05,estimated,625.00,NR. 10 DIN 9.3.2032,UPCOMING,Nu,,,,,
SILKWEB SA,BLUE-MDR-C-100,331,final,2026-10-05,estimated,1350.00,NR. 9 DIN 9.03.2026,UPCOMING,Nu,,,,,
SILKWEB SA,RED-C-M-MM-16,308,final,2026-11-05,estimated,625.00,NR. 10 DIN 9.3.2033,UPCOMING,Nu,,,,,
SILKWEB SA,BLUE-MDR-C-100,332,final,2026-11-05,estimated,1350.00,NR. 9 DIN 9.03.2026,UPCOMING,Nu,,,,,
SILKWEB SA,RED-C-M-MM-16,309,final,2026-12-05,estimated,625.00,NR. 10 DIN 9.3.2034,UPCOMING,Nu,,,,,
SILKWEB SA,BLUE-MDR-C-100,333,final,2026-12-05,estimated,1350.00,NR. 9 DIN 9.03.2026,UPCOMING,Nu,,,,,
SILKWEB SA,RED-C-M-MM-16,310,final,2027-01-05,estimated,625.00,NR. 10 DIN 9.3.2035,UPCOMING,Nu,,,,,
SILKWEB SA,BLUE-MDR-C-100,334,final,2027-01-05,estimated,1350.00,NR. 9 DIN 9.03.2026,UPCOMING,Nu,,,,,
SILKWEB SA,RED-C-M-MM-16,311,final,2027-02-05,estimated,625.00,NR. 10 DIN 9.3.2036,UPCOMING,Nu,,,,,
SILKWEB SA,BLUE-MDR-C-100,335,final,2027-02-05,estimated,1350.00,NR. 9 DIN 9.03.2026,UPCOMING,Nu,,,,,
SILKWEB SA,RED-C-M-MM-16,312,final,2027-03-05,estimated,625.00,NR. 10 DIN 9.3.2037,UPCOMING,Nu,,,,,
SILKWEB SA,BLUE-MDR-C-100,336,final,2027-03-05,estimated,1350.00,NR. 9 DIN 9.03.2026,UPCOMING,Nu,,,,,
SNGN ROMGAZ SA - FILIALA DE INMAGAZINARE GAZE NATURALE DEPOGAZ PLOIESTI SRL,RED-NIS-C-PEN-500,777,final,2023-05-19,actual,10000.00,250/23.12.2022,PAST_UNMATCHED,Da,TRACKER_SAYS_BILLED_NOT_FOUND,,,,
Spektr ApS,RED-PEN-B-E-B-5,1325,avans,2024-10-30,actual,2880.00,Nr. 24.10.2024,INVOICED_ACCOUNTING,Da,,BT.BIT 209,valuta,2024-10-30,0
Spektr ApS,RED-PEN-B-E-B-5,1325,final,2024-11-22,actual,4320.00,Nr. 24.10.2024,INVOICED_ACCOUNTING,Da,,BT.BIT 212,valuta,2024-11-22,0
SPRING FARM SRL,RED-NIS-C-PEN-100,839,avans,2023-05-12,actual,650.00,179/20.04.2023,INVOICED_ACCOUNTING,Da,,BT.BIT 479,ron,2023-05-12,0
SPRING FARM SRL,RED-NIS-C-AUDIT-100,840,avans,2023-05-12,actual,350.00,179/20.04.2023,PAST_UNMATCHED,Da,TRACKER_SAYS_BILLED_NOT_FOUND,,,,
SPRING FARM SRL,RED-NIS-C-PEN-100,839,final,2023-08-31,actual,975.00,179/20.04.2023,INVOICED_ACCOUNTING,Da,,BT.BIT 525,ron,2023-08-31,0
SPRING FARM SRL,RED-NIS-C-AUDIT-100,840,final,2023-08-31,actual,525.00,179/20.04.2023,INVOICED_ACCOUNTING,Da,,BT.BIT 507,ron,2023-07-10,52
Stillfront Group AB,RED-PEN-B-E-B-5,1334,avans,2024-12-23,actual,0.00,NO. 320/16.12.2024,PAST_UNMATCHED,Da,TRACKER_SAYS_BILLED_NOT_FOUND,,,,
Stillfront Group AB,RED-PEN-B-E-B-5,1334,final,2025-01-23,actual,6000.00,NO. 320/16.12.2024,PAST_UNMATCHED,Da,TRACKER_SAYS_BILLED_NOT_FOUND,,,,
Stillfront Group AB,RED-PEN-B-E-B-12,1335,final,2025-04-28,actual,7200.00,NO. 320/16.12.2024,PAST_UNMATCHED,Da,TRACKER_SAYS_BILLED_NOT_FOUND,,,,
Stillfront Group AB,RED-PEN-B-E-B-16,1336,final,2025-06-23,actual,9600.00,NO. 320/16.12.2024,PAST_UNMATCHED,Da,TRACKER_SAYS_BILLED_NOT_FOUND,,,,
TECHNOSOFT S.A.,RED-PEN-B-E-B-5,1337,avans,2025-02-10,actual,2222.00,NO. 323/20.12.2024,INVOICED_ACCOUNTING,Da,,BT.BIT 225,valuta,2025-02-10,0
TECHNOSOFT S.A.,RED-PEN-B-I-B-50,1338,avans,2025-02-10,actual,1144.00,NO. 323/20.12.2024,PAST_UNMATCHED,Da,TRACKER_SAYS_BILLED_NOT_FOUND,,,,
TECHNOSOFT S.A.,RED-PEN-B-E-B-5,1337,final,2025-02-21,actual,5555.00,NO. 323/20.12.2024,INVOICED_ACCOUNTING,Da,,BT.BIT 226,valuta,2025-02-21,0
TECHNOSOFT S.A.,RED-PEN-B-I-B-50,1338,final,2025-02-21,actual,2860.00,NO. 323/20.12.2024,PAST_UNMATCHED,Da,TRACKER_SAYS_BILLED_NOT_FOUND,,,,
Telio Nederland B.V.,RED-PEN-B-E-B-5,1305,avans,2024-06-27,actual,4537.50,SERVICES AGREEMENT,INVOICED_ACCOUNTING,Da,,BT.BIT 193,valuta,2024-06-27,0
Telio Nederland B.V.,RED-PEN-B-E-B-5,1305,final,2024-07-17,actual,4537.50,SERVICES AGREEMENT,INVOICED_ACCOUNTING,Da,,BT.BIT 196,valuta,2024-07-17,0
Telio Nederland B.V.,RED-PEN-B-I-B-20,1306,avans,2025-09-15,actual,8250.00,No. 295/5.06.2024,INVOICED_ACCOUNTING,Da,,BT.BIT 251,valuta,2025-09-16,1
Telio Nederland B.V.,RED-PEN-B-E-B-12,1307,avans,2025-09-22,actual,3300.00,No. 295/5.06.2024,INVOICED_ACCOUNTING,Da,,BT.BIT 252,valuta,2025-09-22,0
Telio Nederland B.V.,RED-PEN-B-I-B-20,1306,final,2025-09-29,actual,8250.00,No. 295/5.06.2024,INVOICED_ACCOUNTING,Da,,BT.BIT 255,valuta,2025-09-29,0
Telio Nederland B.V.,RED-PEN-B-E-B-12,1307,final,2025-09-29,actual,3300.00,No. 295/5.06.2024,INVOICED_ACCOUNTING,Da,,BT.BIT 254,valuta,2025-09-29,0
"The Brief, Inc.",RED-PEN-B-E-B-5,1313,avans,,none,1750.00,NR. 303/9.07.2024,UNMATCHED_NO_DATE,Nu,,,,,
"The Brief, Inc.",RED-PEN-B-E-B-5,1313,final,2025-11-24,actual,1750.00,NR. 303/9.07.2024,INVOICED_ACCOUNTING,Da,,BT.R.BIT 261,valuta,2025-11-24,0
"The Brief, Inc.",RED-PEN-B-E-B-5,1314,avans,2026-07-29,estimated,1750.00,NR. 303/9.07.2024,INVOICED_ACCOUNTING,Nu,TRACKER_FLAG_STALE_NOT_BILLED,BT.BIT 200,valuta,2026-04-30,90
"The Brief, Inc.",RED-PEN-B-E-B-5,1314,final,2026-08-20,estimated,1750.00,NR. 303/9.07.2024,UPCOMING,Nu,,,,,
There’s An AI For That SRL,RED-PEN-B-E-B-5,1029,avans,2024-05-07,actual,2925.00,NR. 292 DIN 29.4.2024,PAST_UNMATCHED,Da,TRACKER_SAYS_BILLED_NOT_FOUND,,,,
There’s An AI For That SRL,RED-PEN-B-E-B-5,1029,final,2024-05-31,actual,3025.00,NR. 292 DIN 29.4.2024,PAST_UNMATCHED,Da,TRACKER_SAYS_BILLED_NOT_FOUND,,,,
Think Huge Ltd,RED-PEN-B-I-B-26,1550,avans,2025-10-08,actual,5547.00,FRAMEWORK SERVICE AGREEMENT NO. 363/26.9.2025,INVOICED_ACCOUNTING,Da,,BT.BIT 257,valuta,2025-10-08,0
Think Huge Ltd,RED-PEN-B-I-B-26,1550,final,2025-10-30,actual,5547.00,FRAMEWORK SERVICE AGREEMENT NO. 363/26.9.2025,INVOICED_ACCOUNTING,Da,,BT.R.BIT 260,valuta,2025-10-30,0
Think Huge Ltd,RED-PEN-B-I-B-3,1551,final,2025-12-19,actual,1300.00,FRAMEWORK SERVICE AGREEMENT NO. 363/26.9.2025,INVOICED_ACCOUNTING,Da,,BT.R.BIT 62,valuta,2025-12-19,0
Ticketing Nation S.R.L.,RED-PEN-B-E-B-5,1315,avans,2024-10-07,actual,3600.00,NR. 311/24.09.2024,INVOICED_ACCOUNTING,Da,,BT.BIT 728,ron,2024-10-07,0
Ticketing Nation S.R.L.,RED-PEN-B-E-B-5,1315,final,2024-11-07,actual,5400.00,NR. 311/24.09.2024,INVOICED_ACCOUNTING,Da,,BT.BIT 731,ron,2024-10-26,12
TIMESAFE SRL,RED-PEN-S-G-2,170,avans,,none,1620.00,NR. 1 DIN 24.08.2022,UNMATCHED_NO_DATE,N/A,,,,,
TIMESAFE SRL,RED-PEN-S-G-10,169,avans,2021-09-14,actual,3000.00,201/13.09.2021,INVOICED_ACCOUNTING,Da,,BT.BIT 290,ron,2021-09-14,0
TIMESAFE SRL,RED-PEN-S-G-10,169,final,2021-10-25,actual,4500.00,201/13.09.2021,INVOICED_ACCOUNTING,Da,,414,ron,2022-11-23,394
TIMESAFE SRL,RED-PEN-S-G-2,170,final,2022-11-23,actual,2430.00,NR. 1 DIN 24.08.2022,PAST_UNMATCHED,Da,TRACKER_SAYS_BILLED_NOT_FOUND,,,,
TIMESAFE SRL,RED-PEN-S-G-2,171,final,2024-02-05,actual,6600.00,act aditional nr 2 din 30.01.2024,INVOICED_ACCOUNTING,Da,,BT.BIT 598,ron,2024-02-05,0
TIMESAFE SRL,RED-PEN-S-G-2,172,final,2024-12-19,actual,7150.00,act aditional nr 3 din 13.12.2024,INVOICED_ACCOUNTING,Da,,BT.BIT 782,ron,2024-12-19,0
TIMESAFE SRL,RED-PEN-S-G-2,173,final,2026-02-11,actual,14000.00,act aditional nr. 4 din 3.2.2026,INVOICED_ACCOUNTING,Da,,BT.BIT 1027,ron,2026-02-11,0
TIMESAFE SRL,RED-PEN-S-G-2,174,final,2026-04-21,actual,9000.00,act adtional nr. 5 din 24.3.2026,INVOICED_ACCOUNTING,Da,,BT.BIT 1064,ron,2026-04-21,0
"TMK HYDROENERGY POWER S.R.L.,",RED-NIS-C-PEN-4,98,final,2022-12-21,actual,3500.00,Nr. RO90/31 din data de 30.09.2022,INVOICED_ACCOUNTING,Da,,438,ron,2022-12-21,0
"TMK HYDROENERGY POWER S.R.L.,",RED-NIS-C-AUDIT-4,99,final,2022-12-21,actual,3500.00,Nr. RO90/31 din data de 30.09.2022,PAST_UNMATCHED,Da,TRACKER_SAYS_BILLED_NOT_FOUND,,,,
"TMK HYDROENERGY POWER S.R.L.,",RED-NIS-C-PEN-4,100,final,2024-12-18,actual,3690.00,Nr. RO90 /38 / 30.09.2024,INVOICED_ACCOUNTING,Da,,BT.BIT 778,ron,2024-12-18,0
"TMK HYDROENERGY POWER S.R.L.,",RED-NIS-C-AUDIT-4,101,final,2024-12-18,actual,3200.00,Nr. RO90 /38 / 30.09.2024,PAST_UNMATCHED,Da,TRACKER_SAYS_BILLED_NOT_FOUND,,,,
"TOMIS TEAM S.A.,",RED-NIS-C-PEN-12,90,final,2022-12-21,actual,3000.00,,INVOICED_ACCOUNTING,Da,,435,ron,2022-12-21,0
"TOMIS TEAM S.A.,",RED-NIS-C-AUDIT-12,91,final,2022-12-21,actual,3000.00,Nr. RO60/50 din data de 22.09.2022,PAST_UNMATCHED,Da,TRACKER_SAYS_BILLED_NOT_FOUND,,,,
"TOMIS TEAM S.A.,",RED-NIS-C-PEN-12,92,final,2024-12-18,actual,3690.00,Nr. RO60 /60 / 30.09.2024,INVOICED_ACCOUNTING,Da,,BT.BIT 779,ron,2024-12-18,0
"TOMIS TEAM S.A.,",RED-NIS-C-AUDIT-12,93,final,2024-12-18,actual,3200.00,Nr. RO60 /60 / 30.09.2024,PAST_UNMATCHED,Da,TRACKER_SAYS_BILLED_NOT_FOUND,,,,
TOTEM COMMUNICATION SRL,RED-PEN-B-E-B-8,1571,avans,2026-02-04,actual,2600.00,CONTRACT-CADRU DE PRESTARI SERVICII Nr. 372/2.12.2025,INVOICED_ACCOUNTING,Da,,BT.BIT 1025,ron,2026-02-04,0
TOTEM COMMUNICATION SRL,RED-PEN-B-E-B-8,1571,final,2026-02-11,actual,2600.00,CONTRACT-CADRU DE PRESTARI SERVICII Nr. 372/2.12.2025,PAST_UNMATCHED,Da,TRACKER_SAYS_BILLED_NOT_FOUND,,,,
TRANSCENT CONSULTING SRL,RED-PEN-S-B-1,182,final,2022-04-04,actual,5500.00,ACT ADITIONAL NR.1 DIN 04.04.2022,INVOICED_ACCOUNTING,Da,,BT.BIT 336,ron,2022-04-04,0
TypingDNA SRL,RED-PEN-B-E-B-30,1308,avans,2024-07-15,actual,2750.00,No. 300/18.6.2024,INVOICED_ACCOUNTING,Da,,BT.BIT 679,ron,2024-07-15,0
TypingDNA SRL,RED-PEN-B-E-B-30,1308,final,2024-08-08,actual,2750.00,No. 300/18.6.2024,INVOICED_ACCOUNTING,Da,,BT.BIT 694,ron,2024-08-07,1
UN International Computing Centre,CYBEREDU-RUN-EX-2,110,final,2022-11-21,actual,3356.00,PO 202927692,INVOICED_ACCOUNTING,Da,,BT.BIT 161,valuta,2022-11-21,0
United Media Services SRL,BLUE-MDR-I,558,final,2020-11-22,actual,7000.00,ACT ADITIONAL NR. 1 DIN 03.11.2021,PAST_UNMATCHED,Da,TRACKER_SAYS_BILLED_NOT_FOUND,,,,
United Media Services SRL,RED-PEN-B-I-BP-50,557,avans,2020-12-14,actual,6000.00,177/08.12.2020,INVOICED_ACCOUNTING,Da,,BT.BIT 246,ron,2020-12-14,0
United Media Services SRL,BLUE-MDR-C-100,559,final,2022-02-03,actual,350.00,ACT ADITIONAL NR. 1 DIN 03.11.2021,INVOICED_ACCOUNTING,Da,,BT.BIT 324,ron,2022-02-03,0
United Media Services SRL,BLUE-MDR-C-100,560,final,2022-03-03,actual,350.00,ACT ADITIONAL NR. 1 DIN 03.11.2021,INVOICED_ACCOUNTING,Da,,BT.BIT 328,ron,2022-03-03,0
United Media Services SRL,BLUE-MDR-C-100,561,final,2022-04-06,actual,350.00,ACT ADITIONAL NR. 1 DIN 03.11.2021,INVOICED_ACCOUNTING,Da,,BT.BIT 340,ron,2022-04-06,0
United Media Services SRL,BLUE-MDR-C-100,562,final,2022-05-09,actual,350.00,ACT ADITIONAL NR. 1 DIN 03.11.2021,INVOICED_ACCOUNTING,Da,,BT.BIT 346,ron,2022-05-09,0
United Media Services SRL,BLUE-MDR-C-100,563,final,2022-06-09,actual,350.00,ACT ADITIONAL NR. 1 DIN 03.11.2021,INVOICED_ACCOUNTING,Da,,BT.BIT 360,ron,2022-06-09,0
United Media Services SRL,BLUE-MDR-C-100,564,final,2022-07-12,actual,350.00,ACT ADITIONAL NR. 1 DIN 03.11.2021,INVOICED_ACCOUNTING,Da,,BT.BIT 371,ron,2022-07-12,0
United Media Services SRL,BLUE-MDR-C-100,565,final,2022-08-08,actual,350.00,ACT ADITIONAL NR. 1 DIN 03.11.2021,INVOICED_ACCOUNTING,Da,,BT.BIT 383,ron,2022-08-08,0
United Media Services SRL,BLUE-MDR-C-100,566,final,2022-09-09,actual,350.00,ACT ADITIONAL NR. 1 DIN 03.11.2021,INVOICED_ACCOUNTING,Da,,BT.BIT 390,ron,2022-09-09,0
United Media Services SRL,BLUE-MDR-C-100,567,final,2022-10-03,actual,350.00,ACT ADITIONAL NR. 1 DIN 03.11.2021,INVOICED_ACCOUNTING,Da,,BT.BIT 400,ron,2022-10-03,0
United Media Services SRL,BLUE-MDR-C-100,568,final,2022-11-06,actual,350.00,ACT ADITIONAL NR. 1 DIN 03.11.2021,INVOICED_ACCOUNTING,Da,,412,ron,2022-11-06,0
United Media Services SRL,BLUE-MDR-C-100,569,final,2022-12-09,actual,350.00,ACT ADITIONAL NR. 1 DIN 03.11.2021,INVOICED_ACCOUNTING,Da,,419,ron,2022-12-09,0
United Media Services SRL,BLUE-MDR-C-100,570,final,2023-01-09,actual,350.00,ACT ADITIONAL NR. 1 DIN 03.11.2021,INVOICED_ACCOUNTING,Da,,446,ron,2023-01-09,0
United Media Services SRL,BLUE-MDR-C-100,571,final,2023-02-07,actual,350.00,ACT ADITIONAL NR. 1 DIN 03.11.2021,INVOICED_ACCOUNTING,Da,,BT.BIT 451,ron,2023-02-07,0
United Media Services SRL,BLUE-MDR-C-100,572,final,2023-03-01,actual,350.00,ACT ADITIONAL NR. 1 DIN 03.11.2021,INVOICED_ACCOUNTING,Da,,BT.BIT 457,ron,2023-03-01,0
United Media Services SRL,BLUE-MDR-C-100,573,final,2023-04-10,actual,350.00,ACT ADITIONAL NR. 1 DIN 03.11.2021,INVOICED_ACCOUNTING,Da,,BT.BIT 465,ron,2023-04-10,0
United Media Services SRL,BLUE-MDR-C-100,574,final,2023-05-03,actual,350.00,ACT ADITIONAL NR. 1 DIN 03.11.2021,INVOICED_ACCOUNTING,Da,,BT.BIT 471,ron,2023-05-03,0
United Media Services SRL,BLUE-MDR-C-100,575,final,2023-06-08,actual,350.00,ACT ADITIONAL NR. 1 DIN 03.11.2021,INVOICED_ACCOUNTING,Da,,BT.BIT 488,ron,2023-06-08,0
United Media Services SRL,BLUE-MDR-C-100,576,final,2023-07-04,actual,350.00,ACT ADITIONAL NR. 1 DIN 03.11.2021,INVOICED_ACCOUNTING,Da,,BT.BIT 498,ron,2023-07-04,0
United Media Services SRL,BLUE-MDR-C-100,577,final,2023-08-07,actual,350.00,ACT ADITIONAL NR. 1 DIN 03.11.2021,INVOICED_ACCOUNTING,Da,,BT.BIT 515,ron,2023-08-07,0
United Media Services SRL,BLUE-MDR-C-100,578,final,2023-09-06,actual,350.00,ACT ADITIONAL NR. 1 DIN 03.11.2021,INVOICED_ACCOUNTING,Da,,BT.BIT 530,ron,2023-09-05,1
United Media Services SRL,BLUE-MDR-C-100,579,final,2023-10-02,actual,350.00,ACT ADITIONAL NR. 1 DIN 03.11.2021,INVOICED_ACCOUNTING,Da,,BT.BIT 540,ron,2023-10-02,0
United Media Services SRL,BLUE-MDR-C-100,580,final,2023-11-07,actual,350.00,ACT ADITIONAL NR. 1 DIN 03.11.2021,INVOICED_ACCOUNTING,Da,,BT.BIT 557,ron,2023-11-06,1
United Media Services SRL,BLUE-MDR-C-100,581,final,2023-12-08,actual,350.00,ACT ADITIONAL NR. 1 DIN 03.11.2021,INVOICED_ACCOUNTING,Da,,BT.BIT 570,ron,2023-12-11,3
United Media Services SRL,BLUE-MDR-C-100,582,final,2024-01-11,actual,350.00,ACT ADITIONAL NR. 1 DIN 03.11.2021,INVOICED_ACCOUNTING,Da,,BT.BIT 585,ron,2024-01-11,0
United Media Services SRL,BLUE-MDR-C-100,583,final,2024-02-12,actual,350.00,ACT ADITIONAL NR. 1 DIN 03.11.2021,INVOICED_ACCOUNTING,Da,,BT.BIT 602,ron,2024-02-12,0
United Media Services SRL,BLUE-MDR-C-100,584,final,2024-03-01,actual,350.00,ACT ADITIONAL NR. 1 DIN 03.11.2021,INVOICED_ACCOUNTING,Da,,BT.BIT 612,ron,2024-03-01,0
United Media Services SRL,BLUE-MDR-C-100,585,final,2024-04-09,actual,350.00,ACT ADITIONAL NR. 1 DIN 03.11.2021,INVOICED_ACCOUNTING,Da,,BT.BIT 626,ron,2024-04-09,0
United Media Services SRL,BLUE-MDR-C-100,586,final,2024-05-14,actual,350.00,ACT ADITIONAL NR. 1 DIN 03.11.2021,INVOICED_ACCOUNTING,Da,,BT.BIT 639,ron,2024-05-14,0
United Media Services SRL,BLUE-MDR-C-100,587,final,2024-06-06,actual,350.00,ACT ADITIONAL NR. 1 DIN 03.11.2021,INVOICED_ACCOUNTING,Da,,BT.BIT 652,ron,2024-06-06,0
United Media Services SRL,BLUE-MDR-C-100,588,final,2024-07-02,actual,350.00,ACT ADITIONAL NR. 1 DIN 03.11.2021,INVOICED_ACCOUNTING,Da,,BT.BIT 667,ron,2024-07-02,0
United Media Services SRL,BLUE-MDR-C-100,589,final,2024-08-01,actual,350.00,ACT ADITIONAL NR. 1 DIN 03.11.2021,INVOICED_ACCOUNTING,Da,,BT.BIT 686,ron,2024-08-01,0
United Media Services SRL,BLUE-MDR-C-100,590,final,2024-09-02,actual,350.00,ACT ADITIONAL NR. 1 DIN 03.11.2021,INVOICED_ACCOUNTING,Da,,BT.BIT 702,ron,2024-09-02,0
United Media Services SRL,BLUE-MDR-C-100,591,final,2024-10-04,actual,350.00,ACT ADITIONAL NR. 1 DIN 03.11.2021,INVOICED_ACCOUNTING,Da,,BT.BIT 716,ron,2024-10-03,1
United Media Services SRL,BLUE-MDR-C-100,592,final,2024-11-05,actual,350.00,ACT ADITIONAL NR. 1 DIN 03.11.2021,INVOICED_ACCOUNTING,Da,,BT.BIT 742,ron,2024-11-02,3
United Media Services SRL,BLUE-MDR-C-100,593,final,2024-12-07,actual,350.00,ACT ADITIONAL NR. 1 DIN 03.11.2021,INVOICED_ACCOUNTING,Da,,BT.BIT 764,ron,2024-12-03,4
United Media Services SRL,BLUE-MDR-C-100,594,final,2025-01-02,actual,350.00,ACT ADITIONAL NR. 1 DIN 03.11.2021,INVOICED_ACCOUNTING,Da,,BT.BIT 795,ron,2025-01-15,13
United Media Services SRL,BLUE-MDR-C-100,595,final,2025-02-02,actual,350.00,ACT ADITIONAL NR. 1 DIN 03.11.2021,INVOICED_ACCOUNTING,Da,,BT.BIT 816,ron,2025-02-03,1
United Media Services SRL,BLUE-MDR-C-100,596,final,2025-03-02,actual,350.00,ACT ADITIONAL NR. 1 DIN 03.11.2021,INVOICED_ACCOUNTING,Da,,BT.BIT 833,ron,2025-03-06,4
United Media Services SRL,BLUE-MDR-C-100,597,final,2025-04-02,actual,350.00,ACT ADITIONAL NR. 1 DIN 03.11.2021,INVOICED_ACCOUNTING,Da,,BT.BIT 856,ron,2025-04-02,0
United Media Services SRL,BLUE-MDR-C-100,598,final,2025-05-02,actual,350.00,ACT ADITIONAL NR. 1 DIN 03.11.2021,INVOICED_ACCOUNTING,Da,,BT.BIT 885,ron,2025-05-13,11
United Media Services SRL,BLUE-MDR-C-100,599,final,2025-06-02,actual,350.00,ACT ADITIONAL NR. 1 DIN 03.11.2021,INVOICED_ACCOUNTING,Da,,BT.BIT 910,ron,2025-06-16,14
United Media Services SRL,BLUE-MDR-C-100,600,final,2025-07-02,actual,350.00,ACT ADITIONAL NR. 1 DIN 03.11.2021,INVOICED_ACCOUNTING,Da,,BT.BIT 934,ron,2025-07-02,0
United Media Services SRL,RED-VA-I-S-100,601,final,2025-07-23,actual,4550.00,CONTRACT-CADRU DE PRESTARI SERVICII NR. 346/7.7.2025,INVOICED_ACCOUNTING,Da,,BT.BIT 950,ron,2025-07-23,0
United Media Services SRL,PHISH-T-FM-FM-100-12,626,final,2025-07-23,actual,6000.00,CONTRACT-CADRU DE PRESTARI SERVICII NR. 346/7.7.2025,INVOICED_ACCOUNTING,Da,,BT.BIT 951,ron,2025-07-23,0
United Media Services SRL,BLUE-MDR-C-119,602,final,2025-08-04,actual,1250.00,CONTRACT-CADRU DE PRESTARI SERVICII NR. 346/7.7.2025,INVOICED_ACCOUNTING,Da,,BT.BIT 962,ron,2025-08-04,0
United Media Services SRL,BLUE-MDR-C-119,603,final,2025-09-05,actual,1250.00,CONTRACT-CADRU DE PRESTARI SERVICII NR. 346/7.7.2025,INVOICED_ACCOUNTING,Da,,BT.R.BIT 11,ron,2025-09-02,3
United Media Services SRL,BLUE-MDR-C-119,604,final,2025-10-20,actual,1250.00,CONTRACT-CADRU DE PRESTARI SERVICII NR. 346/7.7.2025,INVOICED_ACCOUNTING,Da,,BT.R.BIT 38,ron,2025-10-20,0
United Media Services SRL,BLUE-MDR-C-119,605,final,2025-11-26,actual,1250.00,CONTRACT-CADRU DE PRESTARI SERVICII NR. 346/7.7.2025,INVOICED_ACCOUNTING,Da,,BT.R.BIT 65,ron,2025-11-26,0
United Media Services SRL,BLUE-MDR-C-119,606,final,2025-12-23,actual,1250.00,CONTRACT-CADRU DE PRESTARI SERVICII NR. 346/7.7.2025,INVOICED_ACCOUNTING,Da,,BT.R.BIT 93,ron,2025-12-23,0
United Media Services SRL,BLUE-MDR-C-119,607,final,2026-01-20,actual,1250.00,CONTRACT-CADRU DE PRESTARI SERVICII NR. 346/7.7.2025,INVOICED_ACCOUNTING,Da,,BT.R.BIT 120,ron,2026-01-20,0
United Media Services SRL,BLUE-MDR-C-119,608,final,2026-02-13,actual,1250.00,CONTRACT-CADRU DE PRESTARI SERVICII NR. 346/7.7.2025,INVOICED_ACCOUNTING,Da,,BT.R.BIT 147,ron,2026-02-13,0
United Media Services SRL,BLUE-MDR-C-119,609,final,2026-03-20,actual,1250.00,CONTRACT-CADRU DE PRESTARI SERVICII NR. 346/7.7.2025,INVOICED_ACCOUNTING,Da,,BT.R.BIT 192,ron,2026-03-20,0
United Media Services SRL,BLUE-MDR-C-119,610,final,2026-04-29,actual,1250.00,CONTRACT-CADRU DE PRESTARI SERVICII NR. 346/7.7.2025,INVOICED_ACCOUNTING,Da,,BT.R.BIT 221,ron,2026-04-29,0
United Media Services SRL,BLUE-MDR-C-119,611,final,2026-05-25,actual,1250.00,CONTRACT-CADRU DE PRESTARI SERVICII NR. 346/7.7.2025,INVOICED_ACCOUNTING,Da,,BT.R.BIT 250,ron,2026-05-25,0
United Media Services SRL,BLUE-MDR-C-119,612,final,2026-06-20,actual,1250.00,CONTRACT-CADRU DE PRESTARI SERVICII NR. 346/7.7.2025,INVOICED_ACCOUNTING,Da,,BT.R.BIT 279,ron,2026-06-17,3
United Media Services SRL,BLUE-MDR-C-119,613,final,2026-07-05,estimated,1250.00,CONTRACT-CADRU DE PRESTARI SERVICII NR. 346/7.7.2025,INVOICED_ACCOUNTING,Nu,TRACKER_FLAG_STALE_NOT_BILLED,BT.R.BIT 308,ron,2026-07-18,13
United Media Services SRL,BLUE-MDR-C-119,614,final,2026-08-05,estimated,1250.00,CONTRACT-CADRU DE PRESTARI SERVICII NR. 346/7.7.2025,UPCOMING,Nu,,,,,
United Media Services SRL,BLUE-MDR-C-119,615,final,2026-09-05,estimated,1250.00,CONTRACT-CADRU DE PRESTARI SERVICII NR. 346/7.7.2025,UPCOMING,Nu,,,,,
United Media Services SRL,BLUE-MDR-C-119,616,final,2026-10-05,estimated,1250.00,CONTRACT-CADRU DE PRESTARI SERVICII NR. 346/7.7.2025,UPCOMING,Nu,,,,,
United Media Services SRL,BLUE-MDR-C-119,617,final,2026-11-05,estimated,1250.00,CONTRACT-CADRU DE PRESTARI SERVICII NR. 346/7.7.2025,UPCOMING,Nu,,,,,
United Media Services SRL,BLUE-MDR-C-119,618,final,2026-12-05,estimated,1250.00,CONTRACT-CADRU DE PRESTARI SERVICII NR. 346/7.7.2025,UPCOMING,Nu,,,,,
United Media Services SRL,BLUE-MDR-C-119,619,final,2027-01-05,estimated,1250.00,CONTRACT-CADRU DE PRESTARI SERVICII NR. 346/7.7.2025,UPCOMING,Nu,,,,,
United Media Services SRL,BLUE-MDR-C-119,620,final,2027-02-05,estimated,1250.00,CONTRACT-CADRU DE PRESTARI SERVICII NR. 346/7.7.2025,UPCOMING,Nu,,,,,
United Media Services SRL,BLUE-MDR-C-119,621,final,2027-03-05,estimated,1250.00,CONTRACT-CADRU DE PRESTARI SERVICII NR. 346/7.7.2025,UPCOMING,Nu,,,,,
United Media Services SRL,BLUE-MDR-C-119,622,final,2027-04-05,estimated,1250.00,CONTRACT-CADRU DE PRESTARI SERVICII NR. 346/7.7.2025,UPCOMING,Nu,,,,,
United Media Services SRL,BLUE-MDR-C-119,623,final,2027-05-05,estimated,1250.00,CONTRACT-CADRU DE PRESTARI SERVICII NR. 346/7.7.2025,UPCOMING,Nu,,,,,
United Media Services SRL,BLUE-MDR-C-119,624,final,2027-06-05,estimated,1250.00,CONTRACT-CADRU DE PRESTARI SERVICII NR. 346/7.7.2025,UPCOMING,Nu,,,,,
United Media Services SRL,BLUE-MDR-C-119,625,final,2027-07-05,estimated,1250.00,CONTRACT-CADRU DE PRESTARI SERVICII NR. 346/7.7.2025,UPCOMING,Nu,,,,,
United Nations Development Programme,CYBEREDU-RUN-EX-2,1584,final,2026-05-25,actual,8419.00,PO 10540721 din 8.5.2026,INVOICED_ACCOUNTING,Da,,BT.BIT 203,valuta,2026-05-21,4
United Nations Development Programme,CYBEREDU-RUN-EX-2,1585,final,2026-05-25,actual,4150.00,PO 10541584 din 11.05.2026,PAST_UNMATCHED,Da,TRACKER_SAYS_BILLED_NOT_FOUND,,,,
Universitatea de Vest Timisoara,CYBEREDU-SM-Y-50-24,865,final,2023-10-02,actual,24000.00,4783.2023.07.18,INVOICED_ACCOUNTING,Da,,BT.BIT 545,ron,2023-10-02,0
SC VALORIS CENTER SRL,RED-VA-I-S-25,156,avans,,none,2500.00,188/20.04.2021,INVOICED_ACCOUNTING,N/A,TRACKER_FLAG_STALE_NOT_BILLED,BT.BIT 354,ron,2022-06-09,0
SC VALORIS CENTER SRL,RED-VA-I-S-25,157,avans,,none,2500.00,act aditional nr 1 09.06.2022,UNMATCHED_NO_DATE,N/A,,,,,
SC VALORIS CENTER SRL,RED-VA-I-S-25,158,avans,,none,2500.00,act aditional nr 2 16.06.2023,UNMATCHED_NO_DATE,N/A,,,,,
SC VALORIS CENTER SRL,RED-VA-I-S-25,160,avans,,none,2500.00,act aditional nr 4 21.07.2024,UNMATCHED_NO_DATE,Nu,,,,,
SC VALORIS CENTER SRL,RED-VA-I-S-25,156,final,2021-05-04,actual,0.00,188/20.04.2021,INVOICED_ACCOUNTING,Da,,BT.BIT 267,ron,2021-05-04,0
SC VALORIS CENTER SRL,RED-VA-I-S-25,157,final,2022-06-09,actual,0.00,act aditional nr 1 09.06.2022,PAST_UNMATCHED,Da,TRACKER_SAYS_BILLED_NOT_FOUND,,,,
SC VALORIS CENTER SRL,RED-VA-I-S-25,158,final,2023-06-30,actual,0.00,act aditional nr 2 16.06.2023,INVOICED_ACCOUNTING,Da,,BT.BIT 492,ron,2023-06-30,0
SC VALORIS CENTER SRL,RED-VA-I-S-25,159,avans,2024-07-15,actual,2500.00,act aditional nr 3 9.07.2024,INVOICED_ACCOUNTING,Da,,BT.BIT 678,ron,2024-07-15,0
SC VALORIS CENTER SRL,RED-VA-I-S-25,159,final,2024-07-31,actual,0.00,act aditional nr 3 9.07.2024,PAST_UNMATCHED,Da,TRACKER_SAYS_BILLED_NOT_FOUND,,,,
SC VALORIS CENTER SRL,RED-VA-I-S-25,160,final,2025-07-23,actual,0.00,act aditional nr 4 21.07.2024,INVOICED_ACCOUNTING,Da,,BT.BIT 949,ron,2025-07-23,0
VIG MANAGEMENT SERVICE SRL,RED-PEN-B-E-B-108,1589,final,2026-08-30,estimated,34998.00,NR. 401/21.05.2026,UPCOMING,Nu,,,,,
VOLTA X SOLAR SYSTEMS S.R.L.,RED-PEN-B-E-B-5,1575,avans,2026-03-04,actual,1625.00,CONTRACT-CADRU DE PRESTĂRI SERVICII Nr. 392/11.2.2026,INVOICED_ACCOUNTING,Da,,BT.BIT 1036,ron,2026-03-04,0
VOLTA X SOLAR SYSTEMS S.R.L.,RED-PEN-B-E-B-5,1575,final,2026-03-16,actual,1625.00,CONTRACT-CADRU DE PRESTĂRI SERVICII Nr. 392/11.2.2026,PAST_UNMATCHED,Da,TRACKER_SAYS_BILLED_NOT_FOUND,,,,
VONQ B.V.,RED-PEN-B-E-B-5,875,final,2023-11-17,actual,8250.00,203/05/11/2021,INVOICED_ACCOUNTING,Da,,BT.BIT 119,valuta,2021-11-11,736
VONQ B.V.,RED-PEN-B-E-B-5,876,final,2024-12-16,actual,8250.00,203/05/11/2021,INVOICED_ACCOUNTING,Da,,BT.BIT 216,valuta,2024-12-16,0
VONQ B.V.,RED-PEN-B-E-B-15,877,final,2025-12-04,actual,12375.00,Addendum 3 17.11.2025,INVOICED_ACCOUNTING,Da,,BT.R.BIT 60,valuta,2025-12-04,0
WAC Malta Ltd.,RED-PEN-B-E-B-35,1586,avans,2026-05-18,actual,15488.00,FRAMEWORK SERVICE AGREEMENT NO. 396/24.3.2026,INVOICED_ACCOUNTING,Da,,BT.BIT 202,valuta,2026-05-18,0
WAC Malta Ltd.,RED-PEN-B-E-B-35,1586,final,2026-06-30,actual,15488.00,FRAMEWORK SERVICE AGREEMENT NO. 396/24.3.2026,INVOICED_ACCOUNTING,Da,,BT.BIT 205,valuta,2026-06-30,0
Waydev Inc,RED-PEN-S-WB-1,481,avans,2020-07-08,actual,4000.00,165/08.07.2020,INVOICED_ACCOUNTING,Da,,BT.BIT 72,valuta,2020-07-08,0
Waydev Inc,BLUE-IR-20,482,avans,2020-07-08,actual,4000.00,165/08.07.2020,PAST_UNMATCHED,Da,TRACKER_SAYS_BILLED_NOT_FOUND,,,,
Waydev Inc,RED-PEN-S-WB-1,481,final,2020-08-13,actual,3000.00,165/08.07.2020,INVOICED_ACCOUNTING,Da,,BT.BIT 77,valuta,2020-08-13,0
Waydev Inc,BLUE-IR-20,482,final,2020-08-13,actual,5000.00,165/08.07.2020,INVOICED_ACCOUNTING,Da,,BT.BIT 81,valuta,2020-09-01,19
Waydev Inc,BLUE-MDR-I,483,final,2021-02-19,actual,3300.00,182/15.02.2021,INVOICED_ACCOUNTING,Da,,BT.BIT 91,valuta,2021-02-19,0
Waydev Inc,BLUE-MDR-C-50,484,final,2021-05-04,actual,610.00,182/15.02.2021,INVOICED_ACCOUNTING,Da,,BT.BIT 97,valuta,2021-05-04,0
Waydev Inc,BLUE-MDR-C-50,485,final,2021-06-07,actual,610.00,182/15.02.2021,INVOICED_ACCOUNTING,Da,,BT.BIT 100,valuta,2021-06-07,0
Waydev Inc,BLUE-MDR-C-50,486,final,2021-07-06,actual,610.00,182/15.02.2021,INVOICED_ACCOUNTING,Da,,BT.BIT 101,valuta,2021-07-02,4
Waydev Inc,BLUE-MDR-C-50,487,final,2021-08-02,actual,610.00,182/15.02.2021,INVOICED_ACCOUNTING,Da,,BT.BIT 105,valuta,2021-08-02,0
Waydev Inc,BLUE-MDR-C-50,488,final,2021-09-01,actual,610.00,182/15.02.2021,INVOICED_ACCOUNTING,Da,,BT.BIT 108,valuta,2021-09-01,0
Waydev Inc,BLUE-MDR-C-50,489,final,2021-10-14,actual,610.00,182/15.02.2021,INVOICED_ACCOUNTING,Da,,BT.BIT 111,valuta,2021-10-14,0
Waydev Inc,BLUE-MDR-C-50,490,final,2021-11-01,actual,610.00,182/15.02.2021,INVOICED_ACCOUNTING,Da,,BT.BIT 116,valuta,2021-11-01,0
Waydev Inc,BLUE-MDR-C-50,491,final,2021-12-02,actual,610.00,182/15.02.2021,INVOICED_ACCOUNTING,Da,,BT.BIT 120,valuta,2021-12-02,0
Waydev Inc,BLUE-MDR-C-50,492,final,2021-12-16,actual,610.00,182/15.02.2021,INVOICED_ACCOUNTING,Da,,BT.BIT 95,valuta,2021-04-06,254
Waydev Inc,BLUE-MDR-C-50,493,final,2022-01-04,actual,610.00,182/15.02.2021,INVOICED_ACCOUNTING,Da,,BT.BIT 129,valuta,2022-01-04,0
Waydev Inc,BLUE-MDR-C-50,494,final,2022-02-03,actual,610.00,182/15.02.2021,INVOICED_ACCOUNTING,Da,,BT.BIT 133,valuta,2022-02-03,0
Waydev Inc,BLUE-MDR-C-50,495,final,2022-03-03,actual,610.00,182/15.02.2021,INVOICED_ACCOUNTING,Da,,BT.BIT 137,valuta,2022-03-03,0
Waydev Inc,BLUE-MDR-C-50,496,final,2022-04-06,actual,610.00,182/15.02.2021,INVOICED_ACCOUNTING,Da,,BT.BIT 140,valuta,2022-04-06,0
Waydev Inc,BLUE-MDR-C-50,497,final,2022-05-09,actual,610.00,182/15.02.2021,INVOICED_ACCOUNTING,Da,,BT.BIT 143,valuta,2022-05-09,0
Waydev Inc,BLUE-MDR-C-50,498,final,2022-06-09,actual,610.00,182/15.02.2021,INVOICED_ACCOUNTING,Da,,BT.BIT 147,valuta,2022-06-09,0
Waydev Inc,BLUE-MDR-C-50,499,final,2022-07-12,actual,610.00,182/15.02.2021,INVOICED_ACCOUNTING,Da,,BT.BIT 150,valuta,2022-07-12,0
Waydev Inc,BLUE-MDR-C-50,500,final,2022-08-03,actual,610.00,182/15.02.2021,INVOICED_ACCOUNTING,Da,,BT.BIT 153,valuta,2022-08-03,0
Waydev Inc,BLUE-MDR-C-50,501,final,2022-08-08,actual,610.00,182/15.02.2021,INVOICED_ACCOUNTING,Da,,BT.BIT 154,valuta,2022-08-08,0
Waydev Inc,BLUE-MDR-C-50,502,final,2022-09-09,actual,610.00,182/15.02.2021,INVOICED_ACCOUNTING,Da,,BT.BIT 156,valuta,2022-09-09,0
Waydev Inc,BLUE-MDR-C-50,503,final,2022-10-03,actual,610.00,182/15.02.2021,INVOICED_ACCOUNTING,Da,,BT.BIT 158,valuta,2022-10-03,0
Waydev Inc,BLUE-MDR-C-50,504,final,2022-11-06,actual,610.00,182/15.02.2021,INVOICED_ACCOUNTING,Da,,BT.BIT 160,valuta,2022-11-06,0
Waydev Inc,BLUE-MDR-C-50,505,final,2022-12-09,actual,610.00,182/15.02.2021,INVOICED_ACCOUNTING,Da,,BT.BIT 163,valuta,2022-12-09,0
Waydev Inc,BLUE-MDR-C-50,506,final,2023-01-09,actual,610.00,182/15.02.2021,INVOICED_ACCOUNTING,Da,,BT.BIT 164,valuta,2023-01-09,0
Waydev Inc,BLUE-MDR-C-50,507,final,2023-01-11,actual,610.00,182/15.02.2021,INVOICED_ACCOUNTING,Da,,BT.BIT 173,valuta,2023-06-26,166
Waydev Inc,BLUE-MDR-C-50,508,final,2023-02-07,actual,610.00,182/15.02.2021,INVOICED_ACCOUNTING,Da,,BT.BIT 166,valuta,2023-02-07,0
Waydev Inc,BLUE-MDR-C-50,509,final,2023-03-01,actual,610.00,182/15.02.2021,INVOICED_ACCOUNTING,Da,,BT.BIT 168,valuta,2023-03-01,0
Waydev Inc,BLUE-MDR-C-50,510,final,2023-04-10,actual,610.00,182/15.02.2021,INVOICED_ACCOUNTING,Da,,BT.BIT 169,valuta,2023-04-10,0
Waydev Inc,BLUE-MDR-C-50,511,final,2023-05-03,actual,610.00,182/15.02.2021,INVOICED_ACCOUNTING,Da,,BT.BIT 170,valuta,2023-05-03,0
Waydev Inc,RED-PEN-S-WB-1,555,avans,2023-05-15,actual,2750.00,NR. 1 DIN 18.04.2023,INVOICED_ACCOUNTING,Da,,BT.BIT 171,valuta,2023-05-15,0
Waydev Inc,BLUE-MDR-C-50,512,final,2023-06-08,actual,610.00,182/15.02.2021,INVOICED_ACCOUNTING,Da,,BT.BIT 172,valuta,2023-06-08,0
Waydev Inc,RED-PEN-S-WB-1,555,final,2023-06-26,actual,2750.00,NR. 1 DIN 18.04.2023,PAST_UNMATCHED,Da,TRACKER_SAYS_BILLED_NOT_FOUND,,,,
Waydev Inc,BLUE-MDR-C-50,513,final,2023-07-04,actual,610.00,182/15.02.2021,INVOICED_ACCOUNTING,Da,,BT.BIT 174,valuta,2023-07-04,0
Waydev Inc,BLUE-MDR-C-50,514,final,2023-08-07,actual,610.00,182/15.02.2021,INVOICED_ACCOUNTING,Da,,BT.BIT 175,valuta,2023-08-07,0
Waydev Inc,BLUE-MDR-C-50,515,final,2023-09-06,actual,610.00,182/15.02.2021,INVOICED_ACCOUNTING,Da,,BT.BIT 176,valuta,2023-09-05,1
Waydev Inc,BLUE-MDR-C-50,516,final,2023-10-02,actual,610.00,182/15.02.2021,INVOICED_ACCOUNTING,Da,,BT.BIT 177,valuta,2023-10-02,0
Waydev Inc,BLUE-MDR-C-50,517,final,2023-11-07,actual,610.00,182/15.02.2021,INVOICED_ACCOUNTING,Da,,BT.BIT 180,valuta,2023-11-06,1
Waydev Inc,BLUE-MDR-C-50,518,final,2023-12-08,actual,610.00,182/15.02.2021,INVOICED_ACCOUNTING,Da,,BT.BIT 182,valuta,2023-12-11,3
Waydev Inc,BLUE-MDR-C-50,519,final,2024-01-01,actual,610.00,182/15.02.2021,INVOICED_ACCOUNTING,Da,,BT.BIT 184,valuta,2024-01-11,10
Waydev Inc,BLUE-MDR-C-50,520,final,2024-02-01,actual,610.00,182/15.02.2021,INVOICED_ACCOUNTING,Da,,BT.BIT 185,valuta,2024-02-12,11
Waydev Inc,BLUE-MDR-C-50,521,final,2024-03-01,actual,610.00,182/15.02.2021,INVOICED_ACCOUNTING,Da,,BT.BIT 186,valuta,2024-03-01,0
Waydev Inc,BLUE-MDR-C-50,522,final,2024-04-01,actual,610.00,182/15.02.2021,INVOICED_ACCOUNTING,Da,,BT.BIT 188,valuta,2024-04-09,8
Waydev Inc,BLUE-MDR-C-50,523,final,2024-05-01,actual,610.00,182/15.02.2021,INVOICED_ACCOUNTING,Da,,BT.BIT 190,valuta,2024-05-14,13
Waydev Inc,BLUE-MDR-C-50,524,final,2024-06-01,actual,610.00,182/15.02.2021,INVOICED_ACCOUNTING,Da,,BT.BIT 192,valuta,2024-06-06,5
Waydev Inc,BLUE-MDR-C-50,525,final,2024-07-01,actual,610.00,182/15.02.2021,INVOICED_ACCOUNTING,Da,,BT.BIT 194,valuta,2024-07-02,1
Waydev Inc,RED-PEN-S-WB-1,556,avans,2024-07-31,actual,6187.50,NR. 2 DIN 16.07.2024,INVOICED_ACCOUNTING,Da,,BT.BIT 198,valuta,2024-07-31,0
Waydev Inc,BLUE-MDR-C-50,526,final,2024-08-01,actual,610.00,182/15.02.2021,INVOICED_ACCOUNTING,Da,,BT.BIT 199,valuta,2024-08-01,0
Waydev Inc,RED-PEN-S-WB-1,556,final,2024-08-08,actual,6187.50,NR. 2 DIN 16.07.2024,INVOICED_ACCOUNTING,Da,,BT.BIT 203,valuta,2024-08-07,1
Waydev Inc,BLUE-MDR-C-50,527,final,2024-09-01,actual,610.00,182/15.02.2021,INVOICED_ACCOUNTING,Da,,BT.BIT 205,valuta,2024-09-02,1
Waydev Inc,BLUE-MDR-C-50,528,final,2024-10-01,actual,610.00,182/15.02.2021,INVOICED_ACCOUNTING,Da,,BT.BIT 207,valuta,2024-10-03,2
Waydev Inc,BLUE-MDR-C-50,529,final,2024-11-01,actual,610.00,182/15.02.2021,INVOICED_ACCOUNTING,Da,,BT.BIT 210,valuta,2024-11-02,1
Waydev Inc,BLUE-MDR-C-50,530,final,2024-12-01,actual,610.00,182/15.02.2021,INVOICED_ACCOUNTING,Da,,BT.BIT 205,valuta,2024-09-02,90
Waydev Inc,BLUE-MDR-C-50,531,final,2025-01-01,actual,610.00,182/15.02.2021,INVOICED_ACCOUNTING,Da,,BT.BIT 220,valuta,2025-01-15,14
Waydev Inc,BLUE-MDR-C-50,532,final,2025-02-01,actual,610.00,182/15.02.2021,INVOICED_ACCOUNTING,Da,,BT.BIT 223,valuta,2025-02-03,2
Waydev Inc,BLUE-MDR-C-50,533,final,2025-03-01,actual,610.00,182/15.02.2021,INVOICED_ACCOUNTING,Da,,BT.BIT 227,valuta,2025-03-06,5
Waydev Inc,BLUE-MDR-C-50,534,final,2025-04-01,actual,610.00,182/15.02.2021,INVOICED_ACCOUNTING,Da,,BT.BIT 229,valuta,2025-04-02,1
Waydev Inc,BLUE-MDR-C-50,535,final,2025-05-01,actual,610.00,182/15.02.2021,INVOICED_ACCOUNTING,Da,,BT.BIT 236,valuta,2025-05-13,12
Waydev Inc,BLUE-MDR-C-50,536,final,2025-06-01,actual,610.00,182/15.02.2021,INVOICED_ACCOUNTING,Da,,BT.BIT 239,valuta,2025-06-16,15
Waydev Inc,BLUE-MDR-C-50,537,final,2025-07-10,actual,610.00,182/15.02.2021,INVOICED_ACCOUNTING,Da,,BT.BIT 243,valuta,2025-07-02,8
Waydev Inc,BLUE-MDR-C-50,538,final,2025-08-04,actual,610.00,182/15.02.2021,INVOICED_ACCOUNTING,Da,,BT.BIT 246,valuta,2025-08-04,0
Waydev Inc,BLUE-MDR-C-50,539,final,2025-09-05,actual,610.00,182/15.02.2021,INVOICED_ACCOUNTING,Da,,BT.BIT 199,valuta,2024-08-01,400
Waydev Inc,BLUE-MDR-C-50,540,final,2025-10-20,actual,610.00,182/15.02.2021,INVOICED_ACCOUNTING,Da,,BT.BIT 194,valuta,2024-07-02,475
Waydev Inc,BLUE-MDR-C-50,541,final,2025-11-26,actual,610.00,182/15.02.2021,INVOICED_ACCOUNTING,Da,,BT.R.BIT 55,valuta,2025-11-26,0
Waydev Inc,BLUE-MDR-C-50,542,final,2026-01-20,actual,610.00,182/15.02.2021,INVOICED_ACCOUNTING,Da,,BT.R.BIT 110,valuta,2026-01-20,0
WHITE IMAGE LOYALTY SRL,RED-PEN-B-E-B-10,1553,avans,2025-10-28,actual,2950.00,CONTRACT-CADRU DE PRESTARI SERVICII NR. 367/14.10.2025,INVOICED_ACCOUNTING,Da,,BT.R.BIT 969,ron,2025-10-28,0
WHITE IMAGE LOYALTY SRL,RED-PEN-B-E-B-10,1553,final,2025-11-17,actual,2950.00,CONTRACT-CADRU DE PRESTARI SERVICII NR. 367/14.10.2025,PAST_UNMATCHED,Da,TRACKER_SAYS_BILLED_NOT_FOUND,,,,
"WINSIDER SEMINARS & SOLUTIONS, INC.",CYBEREDU-UNR,848,final,2023-05-02,actual,6500.00,115/22.03.2023,PAST_UNMATCHED,Da,TRACKER_SAYS_BILLED_NOT_FOUND,,,,
WPCODEBOX S.R.L.,RED-PEN-B-I-B-1,166,final,2022-08-01,actual,2250.00,228/6.7.2022,INVOICED_ACCOUNTING,Da,,BT.BIT 374,ron,2022-08-01,0
XOOMWORKS DEVELOPMENT RO S.R.L,CYBEREDU-DEV-T-2,849,avans,2022-02-09,actual,3750.00,104/04.02.2022,INVOICED_ACCOUNTING,Da,,B.CYB 2,ron,2022-02-09,0
XOOMWORKS DEVELOPMENT RO S.R.L,CYBEREDU-DEV-T-2,849,final,2022-04-29,actual,3750.00,104/04.02.2022,PAST_UNMATCHED,Da,TRACKER_SAYS_BILLED_NOT_FOUND,,,,
Zamfirescu Racoti Vasile & Partners,BLUE-MDR-C-103,948,avans,,none,1632.00,nr. 284/29.01.2024,INVOICED_ACCOUNTING,N/A,TRACKER_FLAG_STALE_NOT_BILLED,BT.BIT 597,ron,2024-02-01,0
Zamfirescu Racoti Vasile & Partners,BLUE-MDR-C-103,948,final,2024-02-01,actual,1632.00,nr. 284/29.01.2024,PAST_UNMATCHED,Da,TRACKER_SAYS_BILLED_NOT_FOUND,,,,
Zamfirescu Racoti Vasile & Partners,BLUE-MDR-C-103,949,final,2024-03-14,actual,1150.00,nr. 284/29.01.2024,INVOICED_ACCOUNTING,Da,,BT.BIT 617,ron,2024-03-14,0
Zamfirescu Racoti Vasile & Partners,BLUE-MDR-C-103,950,final,2024-04-09,actual,1150.00,nr. 284/29.01.2024,INVOICED_ACCOUNTING,Da,,BT.BIT 631,ron,2024-04-09,0
Zamfirescu Racoti Vasile & Partners,BLUE-MDR-C-103,951,final,2024-05-14,actual,1150.00,nr. 284/29.01.2024,INVOICED_ACCOUNTING,Da,,BT.BIT 644,ron,2024-05-14,0
Zamfirescu Racoti Vasile & Partners,BLUE-MDR-C-103,952,final,2024-06-06,actual,1150.00,nr. 284/29.01.2024,INVOICED_ACCOUNTING,Da,,BT.BIT 657,ron,2024-06-06,0
Zamfirescu Racoti Vasile & Partners,BLUE-MDR-C-103,953,final,2024-07-02,actual,1150.00,nr. 284/29.01.2024,INVOICED_ACCOUNTING,Da,,BT.BIT 672,ron,2024-07-02,0
Zamfirescu Racoti Vasile & Partners,BLUE-MDR-C-103,954,final,2024-08-01,actual,1150.00,nr. 284/29.01.2024,INVOICED_ACCOUNTING,Da,,BT.BIT 691,ron,2024-08-01,0
Zamfirescu Racoti Vasile & Partners,BLUE-MDR-C-103,955,final,2024-09-02,actual,1150.00,nr. 284/29.01.2024,INVOICED_ACCOUNTING,Da,,BT.BIT 707,ron,2024-09-02,0
Zamfirescu Racoti Vasile & Partners,BLUE-MDR-C-103,956,final,2024-10-04,actual,1150.00,nr. 284/29.01.2024,INVOICED_ACCOUNTING,Da,,BT.BIT 721,ron,2024-10-03,1
Zamfirescu Racoti Vasile & Partners,BLUE-MDR-C-103,957,final,2024-11-05,actual,1150.00,nr. 284/29.01.2024,INVOICED_ACCOUNTING,Da,,BT.BIT 747,ron,2024-11-02,3
Zamfirescu Racoti Vasile & Partners,BLUE-MDR-C-103,958,final,2024-12-07,actual,1150.00,nr. 284/29.01.2024,INVOICED_ACCOUNTING,Da,,BT.BIT 769,ron,2024-12-03,4
Zamfirescu Racoti Vasile & Partners,BLUE-MDR-C-103,959,final,2025-01-05,actual,1150.00,nr. 284/29.01.2024,INVOICED_ACCOUNTING,Da,,BT.BIT 801,ron,2025-01-15,10
Zamfirescu Racoti Vasile & Partners,BLUE-MDR-C-103,960,final,2025-02-05,actual,1150.00,"Act aditional Nr. 1 din 8.1.2025, nr. 284/29.01.2024",INVOICED_ACCOUNTING,Da,,BT.BIT 821,ron,2025-02-03,2
Zamfirescu Racoti Vasile & Partners,BLUE-MDR-C-103,961,final,2025-03-05,actual,1150.00,"Act aditional Nr. 1 din 8.1.2025, nr. 284/29.01.2024",INVOICED_ACCOUNTING,Da,,BT.BIT 837,ron,2025-03-06,1
Zamfirescu Racoti Vasile & Partners,BLUE-MDR-C-103,962,final,2025-04-05,actual,1150.00,"Act aditional Nr. 1 din 8.1.2025, nr. 284/29.01.2024",INVOICED_ACCOUNTING,Da,,BT.BIT 861,ron,2025-04-02,3
Zamfirescu Racoti Vasile & Partners,BLUE-MDR-C-103,963,final,2025-05-05,actual,1150.00,"Act aditional Nr. 1 din 8.1.2025, nr. 284/29.01.2024",INVOICED_ACCOUNTING,Da,,BT.BIT 890,ron,2025-05-13,8
Zamfirescu Racoti Vasile & Partners,BLUE-MDR-C-103,964,final,2025-06-16,actual,1150.00,"Act aditional Nr. 1 din 8.1.2025, nr. 284/29.01.2024",INVOICED_ACCOUNTING,Da,,BT.BIT 914,ron,2025-06-16,0
Zamfirescu Racoti Vasile & Partners,BLUE-MDR-C-103,965,final,2025-07-10,actual,1150.00,"Act aditional Nr. 1 din 8.1.2025, nr. 284/29.01.2024",INVOICED_ACCOUNTING,Da,,BT.BIT 939,ron,2025-07-02,8
Zamfirescu Racoti Vasile & Partners,BLUE-MDR-C-103,966,final,2025-08-04,actual,1150.00,"Act aditional Nr. 1 din 8.1.2025, nr. 284/29.01.2024",INVOICED_ACCOUNTING,Da,,BT.BIT 967,ron,2025-08-04,0
Zamfirescu Racoti Vasile & Partners,BLUE-MDR-C-103,967,final,2025-09-05,actual,1150.00,"Act aditional Nr. 1 din 8.1.2025, nr. 284/29.01.2024",INVOICED_ACCOUNTING,Da,,BT.R.BIT 18,ron,2025-09-02,3
Zamfirescu Racoti Vasile & Partners,BLUE-MDR-C-103,968,final,2025-10-20,actual,1150.00,"Act aditional Nr. 1 din 8.1.2025, nr. 284/29.01.2024",INVOICED_ACCOUNTING,Da,,BT.R.BIT 45,ron,2025-10-20,0
Zamfirescu Racoti Vasile & Partners,BLUE-MDR-C-103,969,final,2025-11-26,actual,1150.00,"Act aditional Nr. 1 din 8.1.2025, nr. 284/29.01.2024",INVOICED_ACCOUNTING,Da,,BT.R.BIT 72,ron,2025-11-26,0
Zamfirescu Racoti Vasile & Partners,BLUE-MDR-C-103,970,final,2025-12-23,actual,1150.00,"Act aditional Nr. 1 din 8.1.2025, nr. 284/29.01.2024",INVOICED_ACCOUNTING,Da,,BT.R.BIT 99,ron,2025-12-23,0
Zamfirescu Racoti Vasile & Partners,BLUE-MDR-C-103,971,final,2026-01-20,actual,1150.00,"Act aditional Nr. 1 din 8.1.2025, nr. 284/29.01.2024",INVOICED_ACCOUNTING,Da,,BT.R.BIT 126,ron,2026-01-20,0
Zamfirescu Racoti Vasile & Partners,BLUE-MDR-C-103,972,final,2026-02-13,actual,1150.00,"Act aditional Nr. 1 din 8.1.2025, nr. 284/29.01.2024",INVOICED_ACCOUNTING,Da,,BT.R.BIT 154,ron,2026-02-13,0
Zamfirescu Racoti Vasile & Partners,BLUE-MDR-C-103,973,final,2026-03-20,actual,1150.00,"Act aditional Nr. 1 din 8.1.2025, nr. 284/29.01.2024",INVOICED_ACCOUNTING,Da,,BT.R.BIT 187,ron,2026-03-20,0
Zamfirescu Racoti Vasile & Partners,BLUE-MDR-C-103,974,final,2026-04-29,actual,1150.00,"Act aditional Nr. 1 din 8.1.2025, nr. 284/29.01.2024",INVOICED_ACCOUNTING,Da,,BT.R.BIT 216,ron,2026-04-29,0
Zamfirescu Racoti Vasile & Partners,BLUE-MDR-C-103,975,final,2026-05-25,actual,1150.00,"Act aditional Nr. 1 din 8.1.2025, nr. 284/29.01.2024",INVOICED_ACCOUNTING,Da,,BT.R.BIT 245,ron,2026-05-25,0
Zamfirescu Racoti Vasile & Partners,BLUE-MDR-C-103,976,final,2026-06-19,actual,1150.00,"Act aditional Nr. 1 din 8.1.2025, nr. 284/29.01.2024",INVOICED_ACCOUNTING,Da,,BT.R.BIT 274,ron,2026-06-17,2
Zamfirescu Racoti Vasile & Partners,BLUE-MDR-C-103,977,final,2026-07-05,estimated,1150.00,"Act aditional Nr. 1 din 8.1.2025, nr. 284/29.01.2024",INVOICED_ACCOUNTING,Nu,TRACKER_FLAG_STALE_NOT_BILLED,BT.R.BIT 303,ron,2026-07-18,13
Zamfirescu Racoti Vasile & Partners,BLUE-MDR-C-103,978,final,2026-08-05,estimated,1150.00,"Act aditional Nr. 1 din 8.1.2025, nr. 284/29.01.2024",UPCOMING,Nu,,,,,
Zamfirescu Racoti Vasile & Partners,BLUE-MDR-C-103,979,final,2026-09-05,estimated,1150.00,"Act aditional Nr. 1 din 8.1.2025, nr. 284/29.01.2024",UPCOMING,Nu,,,,,
Zamfirescu Racoti Vasile & Partners,BLUE-MDR-C-103,980,final,2026-10-05,estimated,1150.00,"Act aditional Nr. 1 din 8.1.2025, nr. 284/29.01.2024",UPCOMING,Nu,,,,,
Zamfirescu Racoti Vasile & Partners,BLUE-MDR-C-103,981,final,2026-11-05,estimated,1150.00,"Act aditional Nr. 1 din 8.1.2025, nr. 284/29.01.2024",UPCOMING,Nu,,,,,
Zamfirescu Racoti Vasile & Partners,BLUE-MDR-C-103,982,final,2026-12-05,estimated,1150.00,"Act aditional Nr. 1 din 8.1.2025, nr. 284/29.01.2024",UPCOMING,Nu,,,,,
Zamfirescu Racoti Vasile & Partners,BLUE-MDR-C-103,983,final,2027-01-05,estimated,1150.00,"Act aditional Nr. 1 din 8.1.2025, nr. 284/29.01.2024",UPCOMING,Nu,,,,,
Zipper,RED-PEN-S-WB-1,354,avans,2023-12-12,actual,3630.00,NR. 277/11.12.2023,PAST_UNMATCHED,Da,TRACKER_SAYS_BILLED_NOT_FOUND,,,,
Zipper,RED-PEN-S-WB-1,355,avans,2023-12-12,actual,3630.00,NR. 277/11.12.2023,PAST_UNMATCHED,Da,TRACKER_SAYS_BILLED_NOT_FOUND,,,,
Zipper,RED-PEN-S-WB-1,354,final,2023-12-22,actual,0.00,NR. 277/11.12.2023,PAST_UNMATCHED,Da,TRACKER_SAYS_BILLED_NOT_FOUND,,,,
Zipper,RED-PEN-S-WB-1,355,final,2023-12-22,actual,0.00,NR. 277/11.12.2023,PAST_UNMATCHED,Da,TRACKER_SAYS_BILLED_NOT_FOUND,,,,
ZIPPER SERVICES SRL,RED-PEN-S-WB-1,337,avans,2017-12-20,actual,4000.00,NR.109 DIN 07.12.2017,INVOICED_ACCOUNTING,Da,,BT.BIT 35,ron,2017-12-20,0
ZIPPER SERVICES SRL,RED-PEN-S-WB-1,337,final,2018-01-18,actual,4750.00,NR.109 DIN 07.12.2017,PAST_UNMATCHED,Da,TRACKER_SAYS_BILLED_NOT_FOUND,,,,
ZIPPER SERVICES SRL,RED-PEN-S-WB-1,338,final,2018-03-07,actual,6500.00,NR. 1 DIN 16.02.2018,INVOICED_ACCOUNTING,Da,,BT.BIT 41,ron,2018-03-07,0
ZIPPER SERVICES SRL,RED-GDPR-10,339,avans,2018-04-04,actual,1200.00,120 DIN 22.03.2018,INVOICED_ACCOUNTING,Da,,BT.BIT 46,ron,2018-04-04,0
ZIPPER SERVICES SRL,RED-GDPR-3,341,avans,2018-05-28,actual,800.00,NR.44 DIN 04.05.2018,INVOICED_ACCOUNTING,Da,,BT.BIT 52,ron,2018-05-28,0
ZIPPER SERVICES SRL,RED-GDPR-10,339,final,2018-06-22,actual,3600.00,120 DIN 22.03.2018,INVOICED_ACCOUNTING,Da,,BT.BIT 55,ron,2018-06-05,17
ZIPPER SERVICES SRL,RED-GDPR-10,342,final,2018-07-31,actual,4500.00,Nr 2 din 16.03.2018 ctr NR.108/07.12.2017,INVOICED_ACCOUNTING,Da,,BT.BIT 64,ron,2018-08-01,1
ZIPPER SERVICES SRL,RED-GDPR-3,341,final,2018-09-03,actual,800.00,NR.44 DIN 04.05.2018,PAST_UNMATCHED,Da,TRACKER_SAYS_BILLED_NOT_FOUND,,,,
ZIPPER SERVICES SRL,RED-GDPR-10,344,final,2018-09-03,actual,500.00,Nr. 4 Din 08.08.2018 ctr NR.108/07.12.2017,INVOICED_ACCOUNTING,Da,,BT.BIT 65,ron,2018-09-03,0
ZIPPER SERVICES SRL,RED-GDPR-5,345,avans,2019-02-28,actual,1350.00,NR.142/18.02.2019,INVOICED_ACCOUNTING,Da,,BT.BIT 94,ron,2019-02-28,0
ZIPPER SERVICES SRL,RED-GDPR-5,345,final,2019-06-10,actual,1350.00,NR.142/18.02.2019,PAST_UNMATCHED,Da,TRACKER_SAYS_BILLED_NOT_FOUND,,,,
ZIPPER SERVICES SRL,RED-GDPR-2,343,final,2019-07-20,actual,1000.00,NR.3 DIN 25.06.2018 ctr NR.108/07.12.2017,INVOICED_ACCOUNTING,Da,,BT.BIT 63,ron,2018-07-20,365
ZIPPER SERVICES SRL,RED-PEN-S-WB-1,346,final,2020-04-30,actual,9500.00,Nr. 161/22.04.2020,INVOICED_ACCOUNTING,Da,,BT.BIT 194,ron,2020-04-30,0
ZIPPER SERVICES SRL,PHISH-P-L-MM-S-200-12,347,final,2021-09-16,actual,1245.00,Nr. 200/01.09.2021,INVOICED_ACCOUNTING,Da,,BT.BIT 291,ron,2021-09-16,0
ZIPPER SERVICES SRL,PHISH-P-L-MM-S-200-12,348,final,2021-12-02,actual,1245.00,Nr. 200/01.09.2022,INVOICED_ACCOUNTING,Da,,BT.BIT 308,ron,2021-12-02,0
ZIPPER SERVICES SRL,PHISH-P-L-MM-S-200-12,349,final,2022-03-03,actual,1245.00,Nr. 200/01.09.2023,INVOICED_ACCOUNTING,Da,,BT.BIT 329,ron,2022-03-03,0
ZIPPER SERVICES SRL,PHISH-P-L-MM-S-200-12,350,final,2022-06-09,actual,1245.00,Nr. 200/01.09.2024,INVOICED_ACCOUNTING,Da,,BT.BIT 362,ron,2022-06-09,0
ZIPPER SERVICES SRL,PHISH-P-L-MM-S-200-12,351,final,2022-09-09,actual,1245.00,Nr. 200/01.09.2025,INVOICED_ACCOUNTING,Da,,BT.BIT 392,ron,2022-09-09,0
ZIPPER SERVICES SRL,PHISH-P-L-MM-S-200-12,352,final,2022-12-09,actual,1245.00,Nr. 200/01.09.2026,INVOICED_ACCOUNTING,Da,,420,ron,2022-12-09,0
ZIPPER SERVICES SRL,PHISH-P-L-MM-S-200-12,353,final,2024-07-17,actual,1245.00,Nr. 200/01.09.2026,INVOICED_ACCOUNTING,Da,,BT.BIT 682,ron,2024-07-17,0
ZIPPER SERVICES SRL,PHISH-P-L-MM-S-200-12,356,final,2024-07-17,actual,1245.00,Nr. 200/01.09.2026,INVOICED_ACCOUNTING,Da,,BT.BIT 500,ron,2023-07-04,379
ZIPPER SERVICES SRL,RED-NIS-C-PEN-10,357,avans,2024-12-23,actual,2400.00,NR. 318/25.11.2024,INVOICED_ACCOUNTING,Da,,BT.BIT 786,ron,2024-12-23,0
ZIPPER SERVICES SRL,RED-NIS-C-PEN-10,357,final,2025-01-31,actual,3600.00,NR. 318/25.11.2024,PAST_UNMATCHED,Da,TRACKER_SAYS_BILLED_NOT_FOUND,,,,
ZIPPER SERVICES SRL,PHISH-P-L-YY-F-<110>-<36>,1552,final,2025-10-23,actual,22400.00,Contract de prestari servicii nr. BSS365/8.10.2025,INVOICED_ACCOUNTING,Da,,BT.R.BIT 967,ron,2025-10-23,0
ZIPPER SERVICES SRL,RED-NIS-C-PEN-10,358,final,2025-10-27,actual,6000.00,"Act aditional nr. 1, din 14.10.2025 la contractul cu NR. 318/25.11.2024",INVOICED_ACCOUNTING,Da,,BT.BIT_ 973,ron,2025-11-04,8
ZIPPER SERVICES SRL,RED-PEN-S-WB-1,1592,final,2026-07-27,actual,9600.00,CONTRACT DE PRESTARI SERVICII NR. 318/25.11.2024,INVOICED_ACCOUNTING,Da,,BT.BIT 1084,ron,2026-07-27,0
ZITEC COM SRL,CYBEREDU-UNR,177,final,2022-05-16,actual,5000.00,218/24.03.2022,INVOICED_ACCOUNTING,Da,,BT.BIT 350,ron,2022-05-16,0
ZITEC COM SRL,CYBEREDU-UNR,178,final,2023-08-02,actual,1500.00,116/27.03.2023,INVOICED_ACCOUNTING,Da,,B.CYB 10,ron,2023-08-02,0
Zone Consulting It SRL,BLUE-IR-50,127,final,2021-07-02,actual,7500.00,196/29.06.2021,INVOICED_ACCOUNTING,Da,,BT.BIT 278,ron,2021-07-02,0
Zone Consulting It SRL,BLUE-IR-25,128,final,2022-11-23,actual,2500.00,Anexa nr 3,INVOICED_ACCOUNTING,Da,,416,ron,2022-11-23,0